# Copyright (c) 2023 NVIDIA CORPORATION & AFFILIATES. All rights reserved.
#
# Licensed under the NVIDIA Source Code License [see LICENSE for details].

# File units = meters
mtllib nema_2-prong_socket_tray.mtl
g NEMA 2-Prong Socket Tray
v -0.0217031 0.0123561 0 
v -0.0217 0.0125 0 
v -0.0217 0.0125 -0.003 
v -0.0217126 0.0122124 0 
v -0.0217031 0.0123561 -0.003 
v -0.0217282 0.0120693 0 
v -0.0217126 0.0122124 -0.003 
v -0.0217501 0.011927 0 
v -0.0217282 0.0120693 -0.003 
v -0.0217782 0.0117857 0 
v -0.0217501 0.011927 -0.003 
v -0.0218124 0.0116459 0 
v -0.0217782 0.0117857 -0.003 
v -0.0218527 0.0115077 0 
v -0.0218124 0.0116459 -0.003 
v -0.021899 0.0113713 0 
v -0.0218527 0.0115077 -0.003 
v -0.0219512 0.0112371 0 
v -0.021899 0.0113713 -0.003 
v -0.0220092 0.0111054 0 
v -0.0219512 0.0112371 -0.003 
v -0.0220729 0.0109762 0 
v -0.0220092 0.0111054 -0.003 
v -0.0221421 0.01085 0 
v -0.0220729 0.0109762 -0.003 
v -0.0222168 0.0107269 0 
v -0.0221421 0.01085 -0.003 
v -0.0222968 0.0106072 0 
v -0.0222168 0.0107269 -0.003 
v -0.0223819 0.0104911 0 
v -0.0222968 0.0106072 -0.003 
v -0.0224721 0.0103788 0 
v -0.0223819 0.0104911 -0.003 
v -0.022567 0.0102706 0 
v -0.0224721 0.0103788 -0.003 
v -0.0226665 0.0101665 0 
v -0.022567 0.0102706 -0.003 
v -0.0227706 0.010067 0 
v -0.0226665 0.0101665 -0.003 
v -0.0228788 0.00997205 0 
v -0.0227706 0.010067 -0.003 
v -0.0229911 0.00988193 0 
v -0.0228788 0.00997205 -0.003 
v -0.0231072 0.0097968 0 
v -0.0229911 0.00988193 -0.003 
v -0.0232269 0.00971681 0 
v -0.0231072 0.0097968 -0.003 
v -0.02335 0.00964212 0 
v -0.0232269 0.00971681 -0.003 
v -0.0234762 0.00957286 0 
v -0.02335 0.00964212 -0.003 
v -0.0236054 0.00950918 0 
v -0.0234762 0.00957286 -0.003 
v -0.0237371 0.0094512 0 
v -0.0236054 0.00950918 -0.003 
v -0.0238713 0.00939901 0 
v -0.0237371 0.0094512 -0.003 
v -0.0240077 0.00935273 0 
v -0.0238713 0.00939901 -0.003 
v -0.0241459 0.00931244 0 
v -0.0240077 0.00935273 -0.003 
v -0.0242857 0.00927822 0 
v -0.0241459 0.00931244 -0.003 
v -0.024427 0.00925013 0 
v -0.0242857 0.00927822 -0.003 
v -0.0245693 0.00922823 0 
v -0.024427 0.00925013 -0.003 
v -0.0247124 0.00921256 0 
v -0.0245693 0.00922823 -0.003 
v -0.0248561 0.00920314 0 
v -0.0247124 0.00921256 -0.003 
v -0.025 0.0092 0 
v -0.0248561 0.00920314 -0.003 
v -0.0251439 0.00920314 0 
v -0.025 0.0092 -0.003 
v -0.0252876 0.00921256 0 
v -0.0251439 0.00920314 -0.003 
v -0.0254307 0.00922823 0 
v -0.0252876 0.00921256 -0.003 
v -0.025573 0.00925013 0 
v -0.0254307 0.00922823 -0.003 
v -0.0257143 0.00927822 0 
v -0.025573 0.00925013 -0.003 
v -0.0258541 0.00931244 0 
v -0.0257143 0.00927822 -0.003 
v -0.0259923 0.00935273 0 
v -0.0258541 0.00931244 -0.003 
v -0.0261287 0.00939901 0 
v -0.0259923 0.00935273 -0.003 
v -0.0262629 0.0094512 0 
v -0.0261287 0.00939901 -0.003 
v -0.0263946 0.00950918 0 
v -0.0262629 0.0094512 -0.003 
v -0.0265238 0.00957286 0 
v -0.0263946 0.00950918 -0.003 
v -0.02665 0.00964212 0 
v -0.0265238 0.00957286 -0.003 
v -0.0267731 0.00971681 0 
v -0.02665 0.00964212 -0.003 
v -0.0268928 0.0097968 0 
v -0.0267731 0.00971681 -0.003 
v -0.0270089 0.00988193 0 
v -0.0268928 0.0097968 -0.003 
v -0.0271212 0.00997205 0 
v -0.0270089 0.00988193 -0.003 
v -0.0272294 0.010067 0 
v -0.0271212 0.00997205 -0.003 
v -0.0273335 0.0101665 0 
v -0.0272294 0.010067 -0.003 
v -0.027433 0.0102706 0 
v -0.0273335 0.0101665 -0.003 
v -0.0275279 0.0103788 0 
v -0.027433 0.0102706 -0.003 
v -0.0276181 0.0104911 0 
v -0.0275279 0.0103788 -0.003 
v -0.0277032 0.0106072 0 
v -0.0276181 0.0104911 -0.003 
v -0.0277832 0.0107269 0 
v -0.0277032 0.0106072 -0.003 
v -0.0278579 0.01085 0 
v -0.0277832 0.0107269 -0.003 
v -0.0279271 0.0109762 0 
v -0.0278579 0.01085 -0.003 
v -0.0279908 0.0111054 0 
v -0.0279271 0.0109762 -0.003 
v -0.0280488 0.0112371 0 
v -0.0279908 0.0111054 -0.003 
v -0.028101 0.0113713 0 
v -0.0280488 0.0112371 -0.003 
v -0.0281473 0.0115077 0 
v -0.028101 0.0113713 -0.003 
v -0.0281876 0.0116459 0 
v -0.0281473 0.0115077 -0.003 
v -0.0282218 0.0117857 0 
v -0.0281876 0.0116459 -0.003 
v -0.0282499 0.011927 0 
v -0.0282218 0.0117857 -0.003 
v -0.0282718 0.0120693 0 
v -0.0282499 0.011927 -0.003 
v -0.0282874 0.0122124 0 
v -0.0282718 0.0120693 -0.003 
v -0.0282969 0.0123561 0 
v -0.0282874 0.0122124 -0.003 
v -0.0283 0.0125 0 
v -0.0282969 0.0123561 -0.003 
v -0.0282969 0.0126439 0 
v -0.0283 0.0125 -0.003 
v -0.0282874 0.0127876 0 
v -0.0282969 0.0126439 -0.003 
v -0.0282718 0.0129307 0 
v -0.0282874 0.0127876 -0.003 
v -0.0282499 0.013073 0 
v -0.0282718 0.0129307 -0.003 
v -0.0282218 0.0132143 0 
v -0.0282499 0.013073 -0.003 
v -0.0281876 0.0133541 0 
v -0.0282218 0.0132143 -0.003 
v -0.0281473 0.0134923 0 
v -0.0281876 0.0133541 -0.003 
v -0.028101 0.0136287 0 
v -0.0281473 0.0134923 -0.003 
v -0.0280488 0.0137629 0 
v -0.028101 0.0136287 -0.003 
v -0.0279908 0.0138946 0 
v -0.0280488 0.0137629 -0.003 
v -0.0279271 0.0140238 0 
v -0.0279908 0.0138946 -0.003 
v -0.0278579 0.01415 0 
v -0.0279271 0.0140238 -0.003 
v -0.0277832 0.0142731 0 
v -0.0278579 0.01415 -0.003 
v -0.0277032 0.0143928 0 
v -0.0277832 0.0142731 -0.003 
v -0.0276181 0.0145089 0 
v -0.0277032 0.0143928 -0.003 
v -0.0275279 0.0146212 0 
v -0.0276181 0.0145089 -0.003 
v -0.027433 0.0147294 0 
v -0.0275279 0.0146212 -0.003 
v -0.0273335 0.0148335 0 
v -0.027433 0.0147294 -0.003 
v -0.0272294 0.014933 0 
v -0.0273335 0.0148335 -0.003 
v -0.0271212 0.0150279 0 
v -0.0272294 0.014933 -0.003 
v -0.0270089 0.0151181 0 
v -0.0271212 0.0150279 -0.003 
v -0.0268928 0.0152032 0 
v -0.0270089 0.0151181 -0.003 
v -0.0267731 0.0152832 0 
v -0.0268928 0.0152032 -0.003 
v -0.02665 0.0153579 0 
v -0.0267731 0.0152832 -0.003 
v -0.0265238 0.0154271 0 
v -0.02665 0.0153579 -0.003 
v -0.0263946 0.0154908 0 
v -0.0265238 0.0154271 -0.003 
v -0.0262629 0.0155488 0 
v -0.0263946 0.0154908 -0.003 
v -0.0261287 0.015601 0 
v -0.0262629 0.0155488 -0.003 
v -0.0259923 0.0156473 0 
v -0.0261287 0.015601 -0.003 
v -0.0258541 0.0156876 0 
v -0.0259923 0.0156473 -0.003 
v -0.0257143 0.0157218 0 
v -0.0258541 0.0156876 -0.003 
v -0.025573 0.0157499 0 
v -0.0257143 0.0157218 -0.003 
v -0.0254307 0.0157718 0 
v -0.025573 0.0157499 -0.003 
v -0.0252876 0.0157874 0 
v -0.0254307 0.0157718 -0.003 
v -0.0251439 0.0157969 0 
v -0.0252876 0.0157874 -0.003 
v -0.025 0.0158 0 
v -0.0251439 0.0157969 -0.003 
v -0.0248561 0.0157969 0 
v -0.025 0.0158 -0.003 
v -0.0247124 0.0157874 0 
v -0.0248561 0.0157969 -0.003 
v -0.0245693 0.0157718 0 
v -0.0247124 0.0157874 -0.003 
v -0.024427 0.0157499 0 
v -0.0245693 0.0157718 -0.003 
v -0.0242857 0.0157218 0 
v -0.024427 0.0157499 -0.003 
v -0.0241459 0.0156876 0 
v -0.0242857 0.0157218 -0.003 
v -0.0240077 0.0156473 0 
v -0.0241459 0.0156876 -0.003 
v -0.0238713 0.015601 0 
v -0.0240077 0.0156473 -0.003 
v -0.0237371 0.0155488 0 
v -0.0238713 0.015601 -0.003 
v -0.0236054 0.0154908 0 
v -0.0237371 0.0155488 -0.003 
v -0.0234762 0.0154271 0 
v -0.0236054 0.0154908 -0.003 
v -0.02335 0.0153579 0 
v -0.0234762 0.0154271 -0.003 
v -0.0232269 0.0152832 0 
v -0.02335 0.0153579 -0.003 
v -0.0231072 0.0152032 0 
v -0.0232269 0.0152832 -0.003 
v -0.0229911 0.0151181 0 
v -0.0231072 0.0152032 -0.003 
v -0.0228788 0.0150279 0 
v -0.0229911 0.0151181 -0.003 
v -0.0227706 0.014933 0 
v -0.0228788 0.0150279 -0.003 
v -0.0226665 0.0148335 0 
v -0.0227706 0.014933 -0.003 
v -0.022567 0.0147294 0 
v -0.0226665 0.0148335 -0.003 
v -0.0224721 0.0146212 0 
v -0.022567 0.0147294 -0.003 
v -0.0223819 0.0145089 0 
v -0.0224721 0.0146212 -0.003 
v -0.0222968 0.0143928 0 
v -0.0223819 0.0145089 -0.003 
v -0.0222168 0.0142731 0 
v -0.0222968 0.0143928 -0.003 
v -0.0221421 0.01415 0 
v -0.0222168 0.0142731 -0.003 
v -0.0220729 0.0140238 0 
v -0.0221421 0.01415 -0.003 
v -0.0220092 0.0138946 0 
v -0.0220729 0.0140238 -0.003 
v -0.0219512 0.0137629 0 
v -0.0220092 0.0138946 -0.003 
v -0.021899 0.0136287 0 
v -0.0219512 0.0137629 -0.003 
v -0.0218527 0.0134923 0 
v -0.021899 0.0136287 -0.003 
v -0.0218124 0.0133541 0 
v -0.0218527 0.0134923 -0.003 
v -0.0217782 0.0132143 0 
v -0.0218124 0.0133541 -0.003 
v -0.0217501 0.013073 0 
v -0.0217782 0.0132143 -0.003 
v -0.0217282 0.0129307 0 
v -0.0217501 0.013073 -0.003 
v -0.0217126 0.0127876 0 
v -0.0217282 0.0129307 -0.003 
v -0.0217031 0.0126439 0 
v -0.0217126 0.0127876 -0.003 
v -0.0217031 0.0126439 -0.003 
v -0.0248561 -0.00920314 -0.003 
v -0.025 -0.0092 -0.003 
v -0.0251439 -0.00920314 -0.003 
v -0.0237371 -0.0094512 -0.003 
v -0.0238713 -0.00939901 -0.003 
v -0.0252876 -0.00921256 -0.003 
v -0.0240077 -0.00935273 -0.003 
v -0.035 0.02 -0.003 
v -0.0245693 -0.00922823 -0.003 
v -0.0247124 -0.00921256 -0.003 
v -0.0242857 -0.00927822 -0.003 
v -0.024427 -0.00925013 -0.003 
v -0.0236054 -0.00950918 -0.003 
v 0.035 0.02 -0.003 
v 0.025 0.0158 -0.003 
v 0.0248561 0.0157969 -0.003 
v 0.0252876 0.0157874 -0.003 
v 0.0251439 0.0157969 -0.003 
v -0.0257143 -0.00927822 -0.003 
v -0.0258541 -0.00931244 -0.003 
v -0.0254307 -0.00922823 -0.003 
v -0.025573 -0.00925013 -0.003 
v -0.0241459 -0.00931244 -0.003 
v -0.0234762 -0.00957286 -0.003 
v -0.0232269 -0.00971681 -0.003 
v -0.02335 -0.00964212 -0.003 
v 0.0217126 0.0127876 -0.003 
v 0.0217031 0.0126439 -0.003 
v -0.0231072 -0.0097968 -0.003 
v -0.0259923 -0.00935273 -0.003 
v 0.0245693 0.0157718 -0.003 
v 0.024427 0.0157499 -0.003 
v 0.0247124 0.0157874 -0.003 
v 0.0254307 0.00922823 -0.003 
v 0.0282718 -0.0120693 -0.003 
v 0.0282499 -0.011927 -0.003 
v 0.0226665 0.0148335 -0.003 
v 0.0217 0.0125 -0.003 
v 0.0217501 0.013073 -0.003 
v 0.0217282 0.0129307 -0.003 
v 0.0254307 0.0157718 -0.003 
v 0.0257143 0.00927822 -0.003 
v 0.035 -0.02 -0.003 
v 0.0251439 0.00920314 -0.003 
v 0.0252876 0.00921256 -0.003 
v 0.0245693 0.00922823 -0.003 
v 0.0247124 0.00921256 -0.003 
v -0.0217031 -0.0123561 -0.003 
v 0.0217126 -0.0122124 -0.003 
v 0.0217031 -0.0123561 -0.003 
v 0.0223819 0.0104911 -0.003 
v 0.0262629 -0.0094512 -0.003 
v 0.0261287 -0.00939901 -0.003 
v 0.0257143 0.0157218 -0.003 
v 0.025573 0.0157499 -0.003 
v 0.0262629 0.0155488 -0.003 
v 0.0261287 0.015601 -0.003 
v 0.0282874 -0.0122124 -0.003 
v 0.025 0.0092 -0.003 
v 0.024427 0.00925013 -0.003 
v 0.0241459 0.00931244 -0.003 
v 0.0242857 0.00927822 -0.003 
v 0.0226665 -0.0101665 -0.003 
v -0.0223819 -0.0104911 -0.003 
v -0.0217 -0.0125 -0.003 
v 0.0259923 -0.00935273 -0.003 
v 0.0218124 0.0133541 -0.003 
v 0.0217782 0.0132143 -0.003 
v 0.0259923 0.0156473 -0.003 
v 0.0258541 0.0156876 -0.003 
v 0.0263946 0.0154908 -0.003 
v 0.0267731 0.0152832 -0.003 
v 0.02665 0.0153579 -0.003 
v 0.027433 0.0147294 -0.003 
v 0.0273335 0.0148335 -0.003 
v 0.025573 0.00925013 -0.003 
v 0.0248561 0.00920314 -0.003 
v -0.0262629 -0.0094512 -0.003 
v -0.0263946 -0.00950918 -0.003 
v -0.0261287 -0.00939901 -0.003 
v -0.022567 -0.0102706 -0.003 
v -0.0226665 -0.0101665 -0.003 
v -0.0217126 -0.0122124 -0.003 
v 0.0217 -0.0125 -0.003 
v 0.0217501 -0.011927 -0.003 
v 0.0217282 -0.0120693 -0.003 
v 0.0248561 -0.00920314 -0.003 
v 0.0247124 -0.00921256 -0.003 
v 0.0251439 -0.00920314 -0.003 
v 0.025 -0.0092 -0.003 
v 0.0257143 -0.00927822 -0.003 
v 0.025573 -0.00925013 -0.003 
v 0.0263946 -0.00950918 -0.003 
v 0.0222168 0.0142731 -0.003 
v 0.0221421 0.01415 -0.003 
v 0.0223819 0.0145089 -0.003 
v 0.0222968 0.0143928 -0.003 
v 0.022567 0.0147294 -0.003 
v 0.0237371 0.0155488 -0.003 
v 0.0236054 0.0154908 -0.003 
v 0.0240077 0.0156473 -0.003 
v 0.0238713 0.015601 -0.003 
v 0.0242857 0.0157218 -0.003 
v 0.0241459 0.0156876 -0.003 
v 0.0265238 0.0154271 -0.003 
v 0.0268928 0.0152032 -0.003 
v 0.0271212 0.0150279 -0.003 
v 0.0270089 0.0151181 -0.003 
v 0.0272294 0.014933 -0.003 
v 0.0283 0.0125 -0.003 
v 0.0282969 0.0126439 -0.003 
v 0.0282874 0.0122124 -0.003 
v 0.0282969 0.0123561 -0.003 
v 0.0283 -0.0125 -0.003 
v 0.0282969 -0.0123561 -0.003 
v 0.0282874 -0.0127876 -0.003 
v 0.0282969 -0.0126439 -0.003 
v 0.0282218 -0.0117857 -0.003 
v -0.035 -0.02 -0.003 
v -0.024427 -0.0157499 -0.003 
v -0.0242857 -0.0157218 -0.003 
v -0.02665 -0.00964212 -0.003 
v -0.0267731 -0.00971681 -0.003 
v -0.0228788 -0.00997205 -0.003 
v -0.0229911 -0.00988193 -0.003 
v -0.0227706 -0.010067 -0.003 
v -0.0217282 -0.0120693 -0.003 
v 0.0242857 -0.00927822 -0.003 
v 0.0241459 -0.00931244 -0.003 
v 0.0245693 -0.00922823 -0.003 
v 0.024427 -0.00925013 -0.003 
v 0.0254307 -0.00922823 -0.003 
v 0.0252876 -0.00921256 -0.003 
v 0.0258541 -0.00931244 -0.003 
v 0.0265238 -0.00957286 -0.003 
v 0.0268928 -0.0097968 -0.003 
v 0.0267731 -0.00971681 -0.003 
v 0.0220729 0.0140238 -0.003 
v 0.0220092 0.0138946 -0.003 
v 0.0224721 0.0146212 -0.003 
v 0.0234762 0.0154271 -0.003 
v 0.0276181 0.0145089 -0.003 
v 0.0275279 0.0146212 -0.003 
v 0.0282874 0.0127876 -0.003 
v 0.0282718 0.0129307 -0.003 
v 0.0282218 0.0117857 -0.003 
v 0.0282499 0.011927 -0.003 
v 0.0280488 0.0112371 -0.003 
v 0.028101 0.0113713 -0.003 
v 0.0277832 0.0107269 -0.003 
v 0.0278579 0.01085 -0.003 
v 0.0276181 0.0104911 -0.003 
v 0.0277032 0.0106072 -0.003 
v 0.0262629 0.0094512 -0.003 
v 0.0263946 0.00950918 -0.003 
v 0.0258541 0.00931244 -0.003 
v 0.0259923 0.00935273 -0.003 
v 0.0282218 -0.0132143 -0.003 
v 0.0282499 -0.013073 -0.003 
v 0.0238713 0.00939901 -0.003 
v 0.0240077 0.00935273 -0.003 
v 0.025573 -0.0157499 -0.003 
v 0.0257143 -0.0157218 -0.003 
v 0.0223819 -0.0145089 -0.003 
v -0.0265238 -0.00957286 -0.003 
v -0.0224721 -0.0103788 -0.003 
v -0.0217501 -0.011927 -0.003 
v 0.0218124 -0.0116459 -0.003 
v 0.0217782 -0.0117857 -0.003 
v 0.02665 -0.00964212 -0.003 
v 0.021899 0.0136287 -0.003 
v 0.0218527 0.0134923 -0.003 
v 0.0219512 0.0137629 -0.003 
v 0.02335 0.0153579 -0.003 
v 0.0232269 0.0152832 -0.003 
v 0.0282718 0.0120693 -0.003 
v 0.0281473 0.0115077 -0.003 
v 0.0281876 0.0116459 -0.003 
v 0.0279271 0.0109762 -0.003 
v 0.0279908 0.0111054 -0.003 
v 0.02665 0.00964212 -0.003 
v 0.0267731 0.00971681 -0.003 
v 0.0265238 0.00957286 -0.003 
v 0.0261287 0.00939901 -0.003 
v 0.0282718 -0.0129307 -0.003 
v 0.0237371 0.0094512 -0.003 
v 0.02335 0.00964212 -0.003 
v 0.0234762 0.00957286 -0.003 
v 0.0231072 0.0097968 -0.003 
v 0.0232269 0.00971681 -0.003 
v 0.0277832 -0.0142731 -0.003 
v 0.0278579 -0.01415 -0.003 
v 0.0276181 -0.0145089 -0.003 
v 0.0277032 -0.0143928 -0.003 
v 0.0263946 -0.0154908 -0.003 
v 0.0265238 -0.0154271 -0.003 
v 0.0259923 -0.0156473 -0.003 
v 0.0261287 -0.015601 -0.003 
v 0.0258541 -0.0156876 -0.003 
v -0.0222968 -0.0143928 -0.003 
v -0.0222168 -0.0142731 -0.003 
v -0.0236054 -0.0154908 -0.003 
v -0.0234762 -0.0154271 -0.003 
v -0.0240077 -0.0156473 -0.003 
v -0.0238713 -0.015601 -0.003 
v -0.0241459 -0.0156876 -0.003 
v -0.0217782 -0.0117857 -0.003 
v -0.021899 -0.0113713 -0.003 
v 0.0222168 -0.0107269 -0.003 
v 0.0221421 -0.01085 -0.003 
v 0.0223819 -0.0104911 -0.003 
v 0.0222968 -0.0106072 -0.003 
v 0.022567 -0.0102706 -0.003 
v 0.0232269 -0.00971681 -0.003 
v 0.0237371 -0.0094512 -0.003 
v 0.0236054 -0.00950918 -0.003 
v 0.0240077 -0.00935273 -0.003 
v 0.0238713 -0.00939901 -0.003 
v 0.027433 -0.0102706 -0.003 
v 0.0273335 -0.0101665 -0.003 
v 0.0231072 0.0152032 -0.003 
v 0.0277832 0.0142731 -0.003 
v 0.0277032 0.0143928 -0.003 
v 0.0279271 0.0140238 -0.003 
v 0.0278579 0.01415 -0.003 
v 0.028101 0.0136287 -0.003 
v 0.0280488 0.0137629 -0.003 
v 0.0282499 0.013073 -0.003 
v 0.0282218 0.0132143 -0.003 
v 0.0270089 0.00988193 -0.003 
v 0.0271212 0.00997205 -0.003 
v 0.0268928 0.0097968 -0.003 
v 0.0236054 0.00950918 -0.003 
v 0.0281876 -0.0116459 -0.003 
v 0.0227706 0.010067 -0.003 
v 0.0228788 0.00997205 -0.003 
v 0.022567 0.0102706 -0.003 
v 0.0226665 0.0101665 -0.003 
v 0.0281473 -0.0134923 -0.003 
v 0.0281876 -0.0133541 -0.003 
v 0.0280488 -0.0137629 -0.003 
v 0.028101 -0.0136287 -0.003 
v 0.0279271 -0.0140238 -0.003 
v 0.0279908 -0.0138946 -0.003 
v 0.0267731 -0.0152832 -0.003 
v 0.0268928 -0.0152032 -0.003 
v 0.0262629 -0.0155488 -0.003 
v 0.0248561 -0.0157969 -0.003 
v 0.025 -0.0158 -0.003 
v 0.0238713 -0.015601 -0.003 
v 0.0240077 -0.0156473 -0.003 
v -0.0217126 -0.0127876 -0.003 
v 0.0217501 -0.013073 -0.003 
v 0.0217782 -0.0132143 -0.003 
v 0.0217031 -0.0126439 -0.003 
v -0.0217031 -0.0126439 -0.003 
v -0.0218527 -0.0134923 -0.003 
v -0.0218124 -0.0133541 -0.003 
v -0.0219512 -0.0137629 -0.003 
v -0.021899 -0.0136287 -0.003 
v -0.0220729 -0.0140238 -0.003 
v -0.0220092 -0.0138946 -0.003 
v -0.0221421 -0.01415 -0.003 
v -0.0232269 -0.0152832 -0.003 
v -0.0231072 -0.0152032 -0.003 
v -0.0237371 -0.0155488 -0.003 
v -0.02335 -0.0153579 -0.003 
v -0.025 -0.0158 -0.003 
v -0.0248561 -0.0157969 -0.003 
v -0.0252876 -0.0157874 -0.003 
v -0.0251439 -0.0157969 -0.003 
v -0.0261287 -0.015601 -0.003 
v -0.0259923 -0.0156473 -0.003 
v -0.0272294 -0.014933 -0.003 
v -0.0271212 -0.0150279 -0.003 
v -0.0275279 -0.0103788 -0.003 
v -0.0276181 -0.0104911 -0.003 
v -0.0218124 -0.0116459 -0.003 
v -0.0218527 -0.0115077 -0.003 
v 0.0220729 -0.0109762 -0.003 
v 0.0220092 -0.0111054 -0.003 
v 0.0224721 -0.0103788 -0.003 
v 0.02335 -0.00964212 -0.003 
v 0.0271212 -0.00997205 -0.003 
v 0.0270089 -0.00988193 -0.003 
v 0.0272294 -0.010067 -0.003 
v 0.0229911 0.0151181 -0.003 
v 0.0279908 0.0138946 -0.003 
v 0.0281876 0.0133541 -0.003 
v 0.0281473 0.0134923 -0.003 
v 0.027433 0.0102706 -0.003 
v 0.0275279 0.0103788 -0.003 
v 0.0272294 0.010067 -0.003 
v 0.0273335 0.0101665 -0.003 
v 0.0229911 0.00988193 -0.003 
v 0.0270089 -0.0151181 -0.003 
v 0.0271212 -0.0150279 -0.003 
v 0.02665 -0.0153579 -0.003 
v 0.0252876 -0.0157874 -0.003 
v 0.0254307 -0.0157718 -0.003 
v 0.0251439 -0.0157969 -0.003 
v 0.0245693 -0.0157718 -0.003 
v 0.0247124 -0.0157874 -0.003 
v 0.0237371 -0.0155488 -0.003 
v 0.0241459 -0.0156876 -0.003 
v 0.02335 -0.0153579 -0.003 
v 0.0234762 -0.0154271 -0.003 
v 0.0231072 -0.0152032 -0.003 
v 0.0232269 -0.0152832 -0.003 
v 0.0227706 -0.014933 -0.003 
v 0.0228788 -0.0150279 -0.003 
v -0.0217782 -0.0132143 -0.003 
v 0.0218527 -0.0134923 -0.003 
v 0.021899 -0.0136287 -0.003 
v 0.0218124 -0.0133541 -0.003 
v 0.0217126 -0.0127876 -0.003 
v 0.0217282 -0.0129307 -0.003 
v -0.022567 -0.0147294 -0.003 
v -0.0224721 -0.0146212 -0.003 
v -0.0229911 -0.0151181 -0.003 
v -0.0228788 -0.0150279 -0.003 
v -0.0247124 -0.0157874 -0.003 
v -0.0245693 -0.0157718 -0.003 
v -0.0262629 -0.0155488 -0.003 
v -0.02665 -0.0153579 -0.003 
v -0.0265238 -0.0154271 -0.003 
v -0.0268928 -0.0152032 -0.003 
v -0.0267731 -0.0152832 -0.003 
v -0.0273335 -0.0148335 -0.003 
v 0.0217501 0.011927 -0.003 
v 0.0217782 0.0117857 -0.003 
v 0.0217031 0.0123561 -0.003 
v -0.0282874 -0.0122124 -0.003 
v -0.0282969 -0.0123561 -0.003 
v -0.0282499 -0.011927 -0.003 
v -0.0282718 -0.0120693 -0.003 
v -0.0277832 -0.0107269 -0.003 
v -0.0278579 -0.01085 -0.003 
v -0.0277032 -0.0106072 -0.003 
v -0.0268928 -0.0097968 -0.003 
v -0.0270089 -0.00988193 -0.003 
v -0.0222168 -0.0107269 -0.003 
v -0.0222968 -0.0106072 -0.003 
v -0.0220729 -0.0109762 -0.003 
v -0.0221421 -0.01085 -0.003 
v -0.0219512 -0.0112371 -0.003 
v 0.021899 -0.0113713 -0.003 
v 0.0218527 -0.0115077 -0.003 
v 0.0219512 -0.0112371 -0.003 
v 0.0234762 -0.00957286 -0.003 
v 0.0276181 -0.0104911 -0.003 
v 0.0275279 -0.0103788 -0.003 
v 0.028101 -0.0113713 -0.003 
v 0.0280488 -0.0112371 -0.003 
v 0.0228788 0.0150279 -0.003 
v 0.0227706 0.014933 -0.003 
v 0.027433 -0.0147294 -0.003 
v 0.0275279 -0.0146212 -0.003 
v 0.0272294 -0.014933 -0.003 
v 0.0273335 -0.0148335 -0.003 
v 0.0242857 -0.0157218 -0.003 
v 0.024427 -0.0157499 -0.003 
v 0.0236054 -0.0154908 -0.003 
v 0.0226665 -0.0148335 -0.003 
v 0.0229911 -0.0151181 -0.003 
v 0.0220092 -0.0138946 -0.003 
v 0.0220729 -0.0140238 -0.003 
v 0.0219512 -0.0137629 -0.003 
v -0.0217501 -0.013073 -0.003 
v -0.0223819 -0.0145089 -0.003 
v -0.0227706 -0.014933 -0.003 
v -0.0226665 -0.0148335 -0.003 
v -0.0254307 -0.0157718 -0.003 
v -0.0257143 -0.0157218 -0.003 
v -0.025573 -0.0157499 -0.003 
v -0.0263946 -0.0154908 -0.003 
v -0.027433 -0.0147294 -0.003 
v 0.0218527 0.0115077 -0.003 
v 0.021899 0.0113713 -0.003 
v 0.0218124 0.0116459 -0.003 
v 0.0217126 0.0122124 -0.003 
v 0.0217282 0.0120693 -0.003 
v -0.0281876 -0.0116459 -0.003 
v -0.0282218 -0.0117857 -0.003 
v -0.028101 -0.0113713 -0.003 
v -0.0279271 -0.0109762 -0.003 
v -0.0279908 -0.0111054 -0.003 
v -0.0273335 -0.0101665 -0.003 
v -0.027433 -0.0102706 -0.003 
v -0.0271212 -0.00997205 -0.003 
v -0.0220092 -0.0111054 -0.003 
v 0.0279908 -0.0111054 -0.003 
v 0.0279271 -0.0109762 -0.003 
v 0.0224721 -0.0146212 -0.003 
v -0.0217282 -0.0129307 -0.003 
v -0.0258541 -0.0156876 -0.003 
v -0.0270089 -0.0151181 -0.003 
v -0.0281473 -0.0134923 -0.003 
v -0.028101 -0.0136287 -0.003 
v -0.0282218 -0.0132143 -0.003 
v -0.0281876 -0.0133541 -0.003 
v 0.0220092 0.0111054 -0.003 
v 0.0220729 0.0109762 -0.003 
v 0.0219512 0.0112371 -0.003 
v -0.0281473 -0.0115077 -0.003 
v -0.0280488 -0.0112371 -0.003 
v -0.0272294 -0.010067 -0.003 
v 0.0231072 -0.0097968 -0.003 
v 0.0229911 -0.00988193 -0.003 
v 0.0277832 -0.0107269 -0.003 
v 0.0277032 -0.0106072 -0.003 
v 0.0278579 -0.01085 -0.003 
v 0.0281473 -0.0115077 -0.003 
v 0.0224721 0.0103788 -0.003 
v 0.022567 -0.0147294 -0.003 
v 0.0221421 -0.01415 -0.003 
v -0.0276181 -0.0145089 -0.003 
v -0.0275279 -0.0146212 -0.003 
v -0.0279908 -0.0138946 -0.003 
v -0.0279271 -0.0140238 -0.003 
v -0.0280488 -0.0137629 -0.003 
v -0.0282499 -0.013073 -0.003 
v -0.0282874 -0.0127876 -0.003 
v -0.0282718 -0.0129307 -0.003 
v 0.0228788 -0.00997205 -0.003 
v 0.0227706 -0.010067 -0.003 
v 0.0222168 -0.0142731 -0.003 
v 0.0222968 -0.0143928 -0.003 
v -0.0283 -0.0125 -0.003 
v -0.0282969 -0.0126439 -0.003 
v 0.0221421 0.01085 -0.003 
v -0.0278579 -0.01415 -0.003 
v 0.0222168 0.0107269 -0.003 
v 0.0222968 0.0106072 -0.003 
v -0.0277832 -0.0142731 -0.003 
v -0.0277032 -0.0143928 -0.003 
v 0.035 0.02 0 
v 0.035 -1.54074e-33 0 
v 0.035 -0.02 0 
v -0.02085 -0.02 0 
v -0.035 -0.02 0 
v -0.035 -1.54074e-33 0 
v -0.035 0.02 0 
v -0.02085 0.02 0 
v 0.0282969 -0.0126439 0 
v 0.0283 -0.0125 0 
v 0.0282874 -0.0127876 0 
v 0.0282718 -0.0129307 0 
v 0.0282499 -0.013073 0 
v 0.0282218 -0.0132143 0 
v 0.0281876 -0.0133541 0 
v 0.0281473 -0.0134923 0 
v 0.028101 -0.0136287 0 
v 0.0280488 -0.0137629 0 
v 0.0279908 -0.0138946 0 
v 0.0279271 -0.0140238 0 
v 0.0278579 -0.01415 0 
v 0.0277832 -0.0142731 0 
v 0.0277032 -0.0143928 0 
v 0.0276181 -0.0145089 0 
v 0.0275279 -0.0146212 0 
v 0.027433 -0.0147294 0 
v 0.0273335 -0.0148335 0 
v 0.0272294 -0.014933 0 
v 0.0271212 -0.0150279 0 
v 0.0270089 -0.0151181 0 
v 0.0268928 -0.0152032 0 
v 0.0267731 -0.0152832 0 
v 0.02665 -0.0153579 0 
v 0.0265238 -0.0154271 0 
v 0.0263946 -0.0154908 0 
v 0.0262629 -0.0155488 0 
v 0.0261287 -0.015601 0 
v 0.0259923 -0.0156473 0 
v 0.0258541 -0.0156876 0 
v 0.0257143 -0.0157218 0 
v 0.025573 -0.0157499 0 
v 0.0254307 -0.0157718 0 
v 0.0252876 -0.0157874 0 
v 0.0251439 -0.0157969 0 
v 0.025 -0.0158 0 
v 0.0248561 -0.0157969 0 
v 0.0247124 -0.0157874 0 
v 0.0245693 -0.0157718 0 
v 0.024427 -0.0157499 0 
v 0.0242857 -0.0157218 0 
v 0.0241459 -0.0156876 0 
v 0.0240077 -0.0156473 0 
v 0.0238713 -0.015601 0 
v 0.0237371 -0.0155488 0 
v 0.0236054 -0.0154908 0 
v 0.0234762 -0.0154271 0 
v 0.02335 -0.0153579 0 
v 0.0232269 -0.0152832 0 
v 0.0231072 -0.0152032 0 
v 0.0229911 -0.0151181 0 
v 0.0228788 -0.0150279 0 
v 0.0227706 -0.014933 0 
v 0.0226665 -0.0148335 0 
v 0.022567 -0.0147294 0 
v 0.0224721 -0.0146212 0 
v 0.0223819 -0.0145089 0 
v 0.0222968 -0.0143928 0 
v 0.0222168 -0.0142731 0 
v 0.0221421 -0.01415 0 
v 0.0220729 -0.0140238 0 
v 0.0220092 -0.0138946 0 
v 0.0219512 -0.0137629 0 
v 0.021899 -0.0136287 0 
v 0.0218527 -0.0134923 0 
v 0.0218124 -0.0133541 0 
v 0.0217782 -0.0132143 0 
v 0.0217501 -0.013073 0 
v 0.0217282 -0.0129307 0 
v 0.0217126 -0.0127876 0 
v 0.0217031 -0.0126439 0 
v 0.0217 -0.0125 0 
v 0.0217031 -0.0123561 0 
v 0.0217126 -0.0122124 0 
v 0.0217282 -0.0120693 0 
v 0.0217501 -0.011927 0 
v 0.0217782 -0.0117857 0 
v 0.0218124 -0.0116459 0 
v 0.0218527 -0.0115077 0 
v 0.021899 -0.0113713 0 
v 0.0219512 -0.0112371 0 
v 0.0220092 -0.0111054 0 
v 0.0220729 -0.0109762 0 
v 0.0221421 -0.01085 0 
v 0.0222168 -0.0107269 0 
v 0.0222968 -0.0106072 0 
v 0.0223819 -0.0104911 0 
v 0.0224721 -0.0103788 0 
v 0.022567 -0.0102706 0 
v 0.0226665 -0.0101665 0 
v 0.0227706 -0.010067 0 
v 0.0228788 -0.00997205 0 
v 0.0229911 -0.00988193 0 
v 0.0231072 -0.0097968 0 
v 0.0232269 -0.00971681 0 
v 0.02335 -0.00964212 0 
v 0.0234762 -0.00957286 0 
v 0.0236054 -0.00950918 0 
v 0.0237371 -0.0094512 0 
v 0.0238713 -0.00939901 0 
v 0.0240077 -0.00935273 0 
v 0.0241459 -0.00931244 0 
v 0.0242857 -0.00927822 0 
v 0.024427 -0.00925013 0 
v 0.0245693 -0.00922823 0 
v 0.0247124 -0.00921256 0 
v 0.0248561 -0.00920314 0 
v 0.025 -0.0092 0 
v 0.0251439 -0.00920314 0 
v 0.0252876 -0.00921256 0 
v 0.0254307 -0.00922823 0 
v 0.025573 -0.00925013 0 
v 0.0257143 -0.00927822 0 
v 0.0258541 -0.00931244 0 
v 0.0259923 -0.00935273 0 
v 0.0261287 -0.00939901 0 
v 0.0262629 -0.0094512 0 
v 0.0263946 -0.00950918 0 
v 0.0265238 -0.00957286 0 
v 0.02665 -0.00964212 0 
v 0.0267731 -0.00971681 0 
v 0.0268928 -0.0097968 0 
v 0.0270089 -0.00988193 0 
v 0.0271212 -0.00997205 0 
v 0.0272294 -0.010067 0 
v 0.0273335 -0.0101665 0 
v 0.027433 -0.0102706 0 
v 0.0275279 -0.0103788 0 
v 0.0276181 -0.0104911 0 
v 0.0277032 -0.0106072 0 
v 0.0277832 -0.0107269 0 
v 0.0278579 -0.01085 0 
v 0.0279271 -0.0109762 0 
v 0.0279908 -0.0111054 0 
v 0.0280488 -0.0112371 0 
v 0.028101 -0.0113713 0 
v 0.0281473 -0.0115077 0 
v 0.0281876 -0.0116459 0 
v 0.0282218 -0.0117857 0 
v 0.0282499 -0.011927 0 
v 0.0282718 -0.0120693 0 
v 0.0282874 -0.0122124 0 
v 0.0282969 -0.0123561 0 
v -0.0217031 -0.0126439 0 
v -0.0217 -0.0125 0 
v -0.0217126 -0.0127876 0 
v -0.0217282 -0.0129307 0 
v -0.0217501 -0.013073 0 
v -0.0217782 -0.0132143 0 
v -0.0218124 -0.0133541 0 
v -0.0218527 -0.0134923 0 
v -0.021899 -0.0136287 0 
v -0.0219512 -0.0137629 0 
v -0.0220092 -0.0138946 0 
v -0.0220729 -0.0140238 0 
v -0.0221421 -0.01415 0 
v -0.0222168 -0.0142731 0 
v -0.0222968 -0.0143928 0 
v -0.0223819 -0.0145089 0 
v -0.0224721 -0.0146212 0 
v -0.022567 -0.0147294 0 
v -0.0226665 -0.0148335 0 
v -0.0227706 -0.014933 0 
v -0.0228788 -0.0150279 0 
v -0.0229911 -0.0151181 0 
v -0.0231072 -0.0152032 0 
v -0.0232269 -0.0152832 0 
v -0.02335 -0.0153579 0 
v -0.0234762 -0.0154271 0 
v -0.0236054 -0.0154908 0 
v -0.0237371 -0.0155488 0 
v -0.0238713 -0.015601 0 
v -0.0240077 -0.0156473 0 
v -0.0241459 -0.0156876 0 
v -0.0242857 -0.0157218 0 
v -0.024427 -0.0157499 0 
v -0.0245693 -0.0157718 0 
v -0.0247124 -0.0157874 0 
v -0.0248561 -0.0157969 0 
v -0.025 -0.0158 0 
v -0.0251439 -0.0157969 0 
v -0.0252876 -0.0157874 0 
v -0.0254307 -0.0157718 0 
v -0.025573 -0.0157499 0 
v -0.0257143 -0.0157218 0 
v -0.0258541 -0.0156876 0 
v -0.0259923 -0.0156473 0 
v -0.0261287 -0.015601 0 
v -0.0262629 -0.0155488 0 
v -0.0263946 -0.0154908 0 
v -0.0265238 -0.0154271 0 
v -0.02665 -0.0153579 0 
v -0.0267731 -0.0152832 0 
v -0.0268928 -0.0152032 0 
v -0.0270089 -0.0151181 0 
v -0.0271212 -0.0150279 0 
v -0.0272294 -0.014933 0 
v -0.0273335 -0.0148335 0 
v -0.027433 -0.0147294 0 
v -0.0275279 -0.0146212 0 
v -0.0276181 -0.0145089 0 
v -0.0277032 -0.0143928 0 
v -0.0277832 -0.0142731 0 
v -0.0278579 -0.01415 0 
v -0.0279271 -0.0140238 0 
v -0.0279908 -0.0138946 0 
v -0.0280488 -0.0137629 0 
v -0.028101 -0.0136287 0 
v -0.0281473 -0.0134923 0 
v -0.0281876 -0.0133541 0 
v -0.0282218 -0.0132143 0 
v -0.0282499 -0.013073 0 
v -0.0282718 -0.0129307 0 
v -0.0282874 -0.0127876 0 
v -0.0282969 -0.0126439 0 
v -0.0283 -0.0125 0 
v -0.0282969 -0.0123561 0 
v -0.0282874 -0.0122124 0 
v -0.0282718 -0.0120693 0 
v -0.0282499 -0.011927 0 
v -0.0282218 -0.0117857 0 
v -0.0281876 -0.0116459 0 
v -0.0281473 -0.0115077 0 
v -0.028101 -0.0113713 0 
v -0.0280488 -0.0112371 0 
v -0.0279908 -0.0111054 0 
v -0.0279271 -0.0109762 0 
v -0.0278579 -0.01085 0 
v -0.0277832 -0.0107269 0 
v -0.0277032 -0.0106072 0 
v -0.0276181 -0.0104911 0 
v -0.0275279 -0.0103788 0 
v -0.027433 -0.0102706 0 
v -0.0273335 -0.0101665 0 
v -0.0272294 -0.010067 0 
v -0.0271212 -0.00997205 0 
v -0.0270089 -0.00988193 0 
v -0.0268928 -0.0097968 0 
v -0.0267731 -0.00971681 0 
v -0.02665 -0.00964212 0 
v -0.0265238 -0.00957286 0 
v -0.0263946 -0.00950918 0 
v -0.0262629 -0.0094512 0 
v -0.0261287 -0.00939901 0 
v -0.0259923 -0.00935273 0 
v -0.0258541 -0.00931244 0 
v -0.0257143 -0.00927822 0 
v -0.025573 -0.00925013 0 
v -0.0254307 -0.00922823 0 
v -0.0252876 -0.00921256 0 
v -0.0251439 -0.00920314 0 
v -0.025 -0.0092 0 
v -0.0248561 -0.00920314 0 
v -0.0247124 -0.00921256 0 
v -0.0245693 -0.00922823 0 
v -0.024427 -0.00925013 0 
v -0.0242857 -0.00927822 0 
v -0.0241459 -0.00931244 0 
v -0.0240077 -0.00935273 0 
v -0.0238713 -0.00939901 0 
v -0.0237371 -0.0094512 0 
v -0.0236054 -0.00950918 0 
v -0.0234762 -0.00957286 0 
v -0.02335 -0.00964212 0 
v -0.0232269 -0.00971681 0 
v -0.0231072 -0.0097968 0 
v -0.0229911 -0.00988193 0 
v -0.0228788 -0.00997205 0 
v -0.0227706 -0.010067 0 
v -0.0226665 -0.0101665 0 
v -0.022567 -0.0102706 0 
v -0.0224721 -0.0103788 0 
v -0.0223819 -0.0104911 0 
v -0.0222968 -0.0106072 0 
v -0.0222168 -0.0107269 0 
v -0.0221421 -0.01085 0 
v -0.0220729 -0.0109762 0 
v -0.0220092 -0.0111054 0 
v -0.0219512 -0.0112371 0 
v -0.021899 -0.0113713 0 
v -0.0218527 -0.0115077 0 
v -0.0218124 -0.0116459 0 
v -0.0217782 -0.0117857 0 
v -0.0217501 -0.011927 0 
v -0.0217282 -0.0120693 0 
v -0.0217126 -0.0122124 0 
v -0.0217031 -0.0123561 0 
v 0.0282969 0.0123561 0 
v 0.0283 0.0125 0 
v 0.0282874 0.0122124 0 
v 0.0282718 0.0120693 0 
v 0.0282499 0.011927 0 
v 0.0282218 0.0117857 0 
v 0.0281876 0.0116459 0 
v 0.0281473 0.0115077 0 
v 0.028101 0.0113713 0 
v 0.0280488 0.0112371 0 
v 0.0279908 0.0111054 0 
v 0.0279271 0.0109762 0 
v 0.0278579 0.01085 0 
v 0.0277832 0.0107269 0 
v 0.0277032 0.0106072 0 
v 0.0276181 0.0104911 0 
v 0.0275279 0.0103788 0 
v 0.027433 0.0102706 0 
v 0.0273335 0.0101665 0 
v 0.0272294 0.010067 0 
v 0.0271212 0.00997205 0 
v 0.0270089 0.00988193 0 
v 0.0268928 0.0097968 0 
v 0.0267731 0.00971681 0 
v 0.02665 0.00964212 0 
v 0.0265238 0.00957286 0 
v 0.0263946 0.00950918 0 
v 0.0262629 0.0094512 0 
v 0.0261287 0.00939901 0 
v 0.0259923 0.00935273 0 
v 0.0258541 0.00931244 0 
v 0.0257143 0.00927822 0 
v 0.025573 0.00925013 0 
v 0.0254307 0.00922823 0 
v 0.0252876 0.00921256 0 
v 0.0251439 0.00920314 0 
v 0.025 0.0092 0 
v 0.0248561 0.00920314 0 
v 0.0247124 0.00921256 0 
v 0.0245693 0.00922823 0 
v 0.024427 0.00925013 0 
v 0.0242857 0.00927822 0 
v 0.0241459 0.00931244 0 
v 0.0240077 0.00935273 0 
v 0.0238713 0.00939901 0 
v 0.0237371 0.0094512 0 
v 0.0236054 0.00950918 0 
v 0.0234762 0.00957286 0 
v 0.02335 0.00964212 0 
v 0.0232269 0.00971681 0 
v 0.0231072 0.0097968 0 
v 0.0229911 0.00988193 0 
v 0.0228788 0.00997205 0 
v 0.0227706 0.010067 0 
v 0.0226665 0.0101665 0 
v 0.022567 0.0102706 0 
v 0.0224721 0.0103788 0 
v 0.0223819 0.0104911 0 
v 0.0222968 0.0106072 0 
v 0.0222168 0.0107269 0 
v 0.0221421 0.01085 0 
v 0.0220729 0.0109762 0 
v 0.0220092 0.0111054 0 
v 0.0219512 0.0112371 0 
v 0.021899 0.0113713 0 
v 0.0218527 0.0115077 0 
v 0.0218124 0.0116459 0 
v 0.0217782 0.0117857 0 
v 0.0217501 0.011927 0 
v 0.0217282 0.0120693 0 
v 0.0217126 0.0122124 0 
v 0.0217031 0.0123561 0 
v 0.0217 0.0125 0 
v 0.0217031 0.0126439 0 
v 0.0217126 0.0127876 0 
v 0.0217282 0.0129307 0 
v 0.0217501 0.013073 0 
v 0.0217782 0.0132143 0 
v 0.0218124 0.0133541 0 
v 0.0218527 0.0134923 0 
v 0.021899 0.0136287 0 
v 0.0219512 0.0137629 0 
v 0.0220092 0.0138946 0 
v 0.0220729 0.0140238 0 
v 0.0221421 0.01415 0 
v 0.0222168 0.0142731 0 
v 0.0222968 0.0143928 0 
v 0.0223819 0.0145089 0 
v 0.0224721 0.0146212 0 
v 0.022567 0.0147294 0 
v 0.0226665 0.0148335 0 
v 0.0227706 0.014933 0 
v 0.0228788 0.0150279 0 
v 0.0229911 0.0151181 0 
v 0.0231072 0.0152032 0 
v 0.0232269 0.0152832 0 
v 0.02335 0.0153579 0 
v 0.0234762 0.0154271 0 
v 0.0236054 0.0154908 0 
v 0.0237371 0.0155488 0 
v 0.0238713 0.015601 0 
v 0.0240077 0.0156473 0 
v 0.0241459 0.0156876 0 
v 0.0242857 0.0157218 0 
v 0.024427 0.0157499 0 
v 0.0245693 0.0157718 0 
v 0.0247124 0.0157874 0 
v 0.0248561 0.0157969 0 
v 0.025 0.0158 0 
v 0.0251439 0.0157969 0 
v 0.0252876 0.0157874 0 
v 0.0254307 0.0157718 0 
v 0.025573 0.0157499 0 
v 0.0257143 0.0157218 0 
v 0.0258541 0.0156876 0 
v 0.0259923 0.0156473 0 
v 0.0261287 0.015601 0 
v 0.0262629 0.0155488 0 
v 0.0263946 0.0154908 0 
v 0.0265238 0.0154271 0 
v 0.02665 0.0153579 0 
v 0.0267731 0.0152832 0 
v 0.0268928 0.0152032 0 
v 0.0270089 0.0151181 0 
v 0.0271212 0.0150279 0 
v 0.0272294 0.014933 0 
v 0.0273335 0.0148335 0 
v 0.027433 0.0147294 0 
v 0.0275279 0.0146212 0 
v 0.0276181 0.0145089 0 
v 0.0277032 0.0143928 0 
v 0.0277832 0.0142731 0 
v 0.0278579 0.01415 0 
v 0.0279271 0.0140238 0 
v 0.0279908 0.0138946 0 
v 0.0280488 0.0137629 0 
v 0.028101 0.0136287 0 
v 0.0281473 0.0134923 0 
v 0.0281876 0.0133541 0 
v 0.0282218 0.0132143 0 
v 0.0282499 0.013073 0 
v 0.0282718 0.0129307 0 
v 0.0282874 0.0127876 0 
v 0.0282969 0.0126439 0 
v 0.0195051 0.0122637 0 
v 0.0195203 0.0120279 0 
v 0.019581 0.0115593 0 
v 0.0196265 0.0113274 0 
v 0.0195 0.0125 0 
v 0.0196818 0.0139024 0 
v 0.0196265 0.0136726 0 
v 0.0198218 0.0106463 0 
v 0.0199062 0.0104256 0 
v 0.0195456 0.011793 0 
v 0.0195051 0.0127363 0 
v 0.0195456 0.013207 0 
v 0.0195203 0.0129721 0 
v 0.019581 0.0134407 0 
v 0.0198218 0.0143537 0 
v 0.0197469 0.0141295 0 
v 0.02 0.015 0 
v -0.0195456 0.011793 0 
v -0.0195203 0.0120279 0 
v -0.0195051 0.0122637 0 
v -0.0195456 0.013207 0 
v -0.0196818 0.0110976 0 
v -0.0196265 0.0113274 0 
v 0.0197469 0.0108705 0 
v 0.0196818 0.0110976 0 
v -0.0195051 0.0127363 0 
v -0.0195203 0.0129721 0 
v -0.0195 0.0125 0 
v -0.019581 0.0115593 0 
v -0.0198218 0.0106463 0 
v -0.0197469 0.0108705 0 
v 0.02 -1.54074e-33 0 
v 0.02 0.0102087 0 
v -0.019581 0.0134407 0 
v 0.02 0.0147913 0 
v 0.0199062 0.0145744 0 
v -0.0197469 0.0141295 0 
v -0.0198218 0.0143537 0 
v -0.0196265 0.0136726 0 
v -0.0196818 0.0139024 0 
v -0.0199062 0.0145744 0 
v -0.02 0.0102087 0 
v -0.0199062 0.0104256 0 
v -0.02 0.0147913 0 
v -0.02 0.015 0 
v -0.02 -1.54074e-33 0 
v 0.0195203 -0.0120279 0 
v 0.0195051 -0.0122637 0 
v 0.0195 -0.0125 0 
v 0.0195051 -0.0127363 0 
v 0.0195203 -0.0129721 0 
v 0.0196818 -0.0139024 0 
v 0.0197469 -0.0141295 0 
v 0.02 -0.0102087 0 
v 0.019581 -0.0115593 0 
v 0.0195456 -0.011793 0 
v 0.0195456 -0.013207 0 
v 0.019581 -0.0134407 0 
v 0.0196265 -0.0136726 0 
v 0.0198218 -0.0143537 0 
v 0.0199062 -0.0145744 0 
v 0.0196818 -0.0110976 0 
v 0.0196265 -0.0113274 0 
v 0.02 -0.0147913 0 
v 0.0199062 -0.0104256 0 
v 0.0198218 -0.0106463 0 
v 0.0197469 -0.0108705 0 
v -0.02 -0.0147913 0 
v -0.019581 -0.0115593 0 
v -0.0196265 -0.0113274 0 
v -0.0195456 -0.011793 0 
v -0.0195456 -0.013207 0 
v -0.0195203 -0.0129721 0 
v -0.0196818 -0.0139024 0 
v -0.0196265 -0.0136726 0 
v 0.02 -0.015 0 
v -0.0195 -0.0125 0 
v -0.0195051 -0.0122637 0 
v -0.0195051 -0.0127363 0 
v -0.0197469 -0.0141295 0 
v -0.0197469 -0.0108705 0 
v -0.0198218 -0.0106463 0 
v -0.0196818 -0.0110976 0 
v -0.019581 -0.0134407 0 
v -0.0199062 -0.0145744 0 
v -0.0198218 -0.0143537 0 
v -0.0199062 -0.0104256 0 
v -0.02 -0.0102087 0 
v -0.0195203 -0.0120279 0 
v -0.02 -0.015 0 
v -0.02085 -1.54074e-33 0 
v 0.02 0.015 0.0285 
v 0.02 0.0147913 0.0285 
v 0.02 0.0102087 0.0285 
v 0.02 -0.0102087 0.0285 
v -0.02 -0.0102087 0.0285 
v -0.02 0.0102087 0.0285 
v -0.02 0.015 0.0285 
v -0.02 0.0147913 0.0285 
v 0.02 -0.0147913 0.0285 
v 0.02 -0.015 0.0285 
v -0.02 -0.015 0.0285 
v -0.02 -0.0147913 0.0285 
v -0.0199062 0.0145744 0.0285 
v -0.0198218 0.0143537 0.0285 
v -0.0197469 0.0141295 0.0285 
v -0.0196818 0.0139024 0.0285 
v -0.0196265 0.0136726 0.0285 
v -0.019581 0.0134407 0.0285 
v -0.0195456 0.013207 0.0285 
v -0.0195203 0.0129721 0.0285 
v -0.0195051 0.0127363 0.0285 
v -0.0195 0.0125 0.0285 
v -0.0195051 0.0122637 0.0285 
v -0.0195203 0.0120279 0.0285 
v -0.0195456 0.011793 0.0285 
v -0.019581 0.0115593 0.0285 
v -0.0196265 0.0113274 0.0285 
v -0.0196818 0.0110976 0.0285 
v -0.0197469 0.0108705 0.0285 
v -0.0198218 0.0106463 0.0285 
v -0.0199062 0.0104256 0.0285 
v -0.0199062 -0.0104256 0.0285 
v -0.0198218 -0.0106463 0.0285 
v -0.0197469 -0.0108705 0.0285 
v -0.0196818 -0.0110976 0.0285 
v -0.0196265 -0.0113274 0.0285 
v -0.019581 -0.0115593 0.0285 
v -0.0195456 -0.011793 0.0285 
v -0.0195203 -0.0120279 0.0285 
v -0.0195051 -0.0122637 0.0285 
v -0.0195 -0.0125 0.0285 
v -0.0195051 -0.0127363 0.0285 
v -0.0195203 -0.0129721 0.0285 
v -0.0195456 -0.013207 0.0285 
v -0.019581 -0.0134407 0.0285 
v -0.0196265 -0.0136726 0.0285 
v -0.0196818 -0.0139024 0.0285 
v -0.0197469 -0.0141295 0.0285 
v -0.0198218 -0.0143537 0.0285 
v -0.0199062 -0.0145744 0.0285 
v 0.0199062 -0.0145744 0.0285 
v 0.0198218 -0.0143537 0.0285 
v 0.0197469 -0.0141295 0.0285 
v 0.0196818 -0.0139024 0.0285 
v 0.0196265 -0.0136726 0.0285 
v 0.019581 -0.0134407 0.0285 
v 0.0195456 -0.013207 0.0285 
v 0.0195203 -0.0129721 0.0285 
v 0.0195051 -0.0127363 0.0285 
v 0.0195 -0.0125 0.0285 
v 0.0195051 -0.0122637 0.0285 
v 0.0195203 -0.0120279 0.0285 
v 0.0195456 -0.011793 0.0285 
v 0.019581 -0.0115593 0.0285 
v 0.0196265 -0.0113274 0.0285 
v 0.0196818 -0.0110976 0.0285 
v 0.0197469 -0.0108705 0.0285 
v 0.0198218 -0.0106463 0.0285 
v 0.0199062 -0.0104256 0.0285 
v 0.0199062 0.0104256 0.0285 
v 0.0198218 0.0106463 0.0285 
v 0.0197469 0.0108705 0.0285 
v 0.0196818 0.0110976 0.0285 
v 0.0196265 0.0113274 0.0285 
v 0.019581 0.0115593 0.0285 
v 0.0195456 0.011793 0.0285 
v 0.0195203 0.0120279 0.0285 
v 0.0195051 0.0122637 0.0285 
v 0.0195 0.0125 0.0285 
v 0.0195051 0.0127363 0.0285 
v 0.0195203 0.0129721 0.0285 
v 0.0195456 0.013207 0.0285 
v 0.019581 0.0134407 0.0285 
v 0.0196265 0.0136726 0.0285 
v 0.0196818 0.0139024 0.0285 
v 0.0197469 0.0141295 0.0285 
v 0.0198218 0.0143537 0.0285 
v 0.0199062 0.0145744 0.0285 
v 0.0135 0.0085 0.0285 
v 0.0135 -0.0085 0.0285 
v -0.0135 -0.0085 0.0285 
v -0.0135 0.0085 0.0285 
v -0.0135 -0.0085 0.025 
v 0.0135 -0.0085 0.025 
v -0.0135 0.0085 0.025 
v 0.0135 0.0085 0.025 
v -0.0115 0.006 0.025 
v -0.0115 -0.006 0.025 
v 0.0115 -0.006 0.025 
v 0.0115 0.006 0.025 
v 0.0115 0.006 0 
v 0.0115 -0.006 0 
v -0.0115 0.006 0 
v -0.0115 -0.006 0 
vn -0.999048 0.0436194 0 
vn -1 2.44929e-16 0 
vn -0.996195 0.0871557 0 
vn -0.999048 0.0436194 0 
vn -0.991445 0.130526 0 
vn -0.996195 0.0871557 0 
vn -0.984808 0.173648 0 
vn -0.991445 0.130526 0 
vn -0.976296 0.21644 0 
vn -0.984808 0.173648 0 
vn -0.965926 0.258819 0 
vn -0.976296 0.21644 0 
vn -0.953717 0.300706 0 
vn -0.965926 0.258819 0 
vn -0.939693 0.34202 0 
vn -0.953717 0.300706 0 
vn -0.92388 0.382683 0 
vn -0.939693 0.34202 0 
vn -0.906308 0.422618 0 
vn -0.92388 0.382683 0 
vn -0.887011 0.461749 0 
vn -0.906308 0.422618 0 
vn -0.866025 0.5 0 
vn -0.887011 0.461749 0 
vn -0.843391 0.5373 0 
vn -0.866025 0.5 0 
vn -0.819152 0.573576 0 
vn -0.843391 0.5373 0 
vn -0.793353 0.608761 0 
vn -0.819152 0.573576 0 
vn -0.766044 0.642788 0 
vn -0.793353 0.608761 0 
vn -0.737277 0.67559 0 
vn -0.766044 0.642788 0 
vn -0.707107 0.707107 0 
vn -0.737277 0.67559 0 
vn -0.67559 0.737277 0 
vn -0.707107 0.707107 0 
vn -0.642788 0.766044 0 
vn -0.67559 0.737277 0 
vn -0.608761 0.793353 0 
vn -0.642788 0.766044 0 
vn -0.573576 0.819152 0 
vn -0.608761 0.793353 0 
vn -0.5373 0.843391 0 
vn -0.573576 0.819152 0 
vn -0.5 0.866025 0 
vn -0.5373 0.843391 0 
vn -0.461749 0.887011 0 
vn -0.5 0.866025 0 
vn -0.422618 0.906308 0 
vn -0.461749 0.887011 0 
vn -0.382683 0.92388 0 
vn -0.422618 0.906308 0 
vn -0.34202 0.939693 0 
vn -0.382683 0.92388 0 
vn -0.300706 0.953717 0 
vn -0.34202 0.939693 0 
vn -0.258819 0.965926 0 
vn -0.300706 0.953717 0 
vn -0.21644 0.976296 0 
vn -0.258819 0.965926 0 
vn -0.173648 0.984808 0 
vn -0.21644 0.976296 0 
vn -0.130526 0.991445 0 
vn -0.173648 0.984808 0 
vn -0.0871557 0.996195 0 
vn -0.130526 0.991445 0 
vn -0.0436194 0.999048 0 
vn -0.0871557 0.996195 0 
vn 1.83697e-16 1 0 
vn -0.0436194 0.999048 0 
vn 0.0436194 0.999048 0 
vn 1.83697e-16 1 0 
vn 0.0871557 0.996195 0 
vn 0.0436194 0.999048 0 
vn 0.130526 0.991445 0 
vn 0.0871557 0.996195 0 
vn 0.173648 0.984808 0 
vn 0.130526 0.991445 0 
vn 0.21644 0.976296 0 
vn 0.173648 0.984808 0 
vn 0.258819 0.965926 0 
vn 0.21644 0.976296 0 
vn 0.300706 0.953717 0 
vn 0.258819 0.965926 0 
vn 0.34202 0.939693 0 
vn 0.300706 0.953717 0 
vn 0.382683 0.92388 0 
vn 0.34202 0.939693 0 
vn 0.422618 0.906308 0 
vn 0.382683 0.92388 0 
vn 0.461749 0.887011 0 
vn 0.422618 0.906308 0 
vn 0.5 0.866025 0 
vn 0.461749 0.887011 0 
vn 0.5373 0.843391 0 
vn 0.5 0.866025 0 
vn 0.573576 0.819152 0 
vn 0.5373 0.843391 0 
vn 0.608761 0.793353 0 
vn 0.573576 0.819152 0 
vn 0.642788 0.766044 0 
vn 0.608761 0.793353 0 
vn 0.67559 0.737277 0 
vn 0.642788 0.766044 0 
vn 0.707107 0.707107 0 
vn 0.67559 0.737277 0 
vn 0.737277 0.67559 0 
vn 0.707107 0.707107 0 
vn 0.766044 0.642788 0 
vn 0.737277 0.67559 0 
vn 0.793353 0.608761 0 
vn 0.766044 0.642788 0 
vn 0.819152 0.573576 0 
vn 0.793353 0.608761 0 
vn 0.843391 0.5373 0 
vn 0.819152 0.573576 0 
vn 0.866025 0.5 0 
vn 0.843391 0.5373 0 
vn 0.887011 0.461749 0 
vn 0.866025 0.5 0 
vn 0.906308 0.422618 0 
vn 0.887011 0.461749 0 
vn 0.92388 0.382683 0 
vn 0.906308 0.422618 0 
vn 0.939693 0.34202 0 
vn 0.92388 0.382683 0 
vn 0.953717 0.300706 0 
vn 0.939693 0.34202 0 
vn 0.965926 0.258819 0 
vn 0.953717 0.300706 0 
vn 0.976296 0.21644 0 
vn 0.965926 0.258819 0 
vn 0.984808 0.173648 0 
vn 0.976296 0.21644 0 
vn 0.991445 0.130526 0 
vn 0.984808 0.173648 0 
vn 0.996195 0.0871557 0 
vn 0.991445 0.130526 0 
vn 0.999048 0.0436194 0 
vn 0.996195 0.0871557 0 
vn 1 -5.66554e-16 0 
vn 0.999048 0.0436194 0 
vn 0.999048 -0.0436194 0 
vn 1 -5.66554e-16 0 
vn 0.996195 -0.0871557 0 
vn 0.999048 -0.0436194 0 
vn 0.991445 -0.130526 0 
vn 0.996195 -0.0871557 0 
vn 0.984808 -0.173648 0 
vn 0.991445 -0.130526 0 
vn 0.976296 -0.21644 0 
vn 0.984808 -0.173648 0 
vn 0.965926 -0.258819 0 
vn 0.976296 -0.21644 0 
vn 0.953717 -0.300706 0 
vn 0.965926 -0.258819 0 
vn 0.939693 -0.34202 0 
vn 0.953717 -0.300706 0 
vn 0.92388 -0.382683 0 
vn 0.939693 -0.34202 0 
vn 0.906308 -0.422618 0 
vn 0.92388 -0.382683 0 
vn 0.887011 -0.461749 0 
vn 0.906308 -0.422618 0 
vn 0.866025 -0.5 0 
vn 0.887011 -0.461749 0 
vn 0.843391 -0.5373 0 
vn 0.866025 -0.5 0 
vn 0.819152 -0.573576 0 
vn 0.843391 -0.5373 0 
vn 0.793353 -0.608761 0 
vn 0.819152 -0.573576 0 
vn 0.766044 -0.642788 0 
vn 0.793353 -0.608761 0 
vn 0.737277 -0.67559 0 
vn 0.766044 -0.642788 0 
vn 0.707107 -0.707107 0 
vn 0.737277 -0.67559 0 
vn 0.67559 -0.737277 0 
vn 0.707107 -0.707107 0 
vn 0.642788 -0.766044 0 
vn 0.67559 -0.737277 0 
vn 0.608761 -0.793353 0 
vn 0.642788 -0.766044 0 
vn 0.573576 -0.819152 0 
vn 0.608761 -0.793353 0 
vn 0.5373 -0.843391 0 
vn 0.573576 -0.819152 0 
vn 0.5 -0.866025 0 
vn 0.5373 -0.843391 0 
vn 0.461749 -0.887011 0 
vn 0.5 -0.866025 0 
vn 0.422618 -0.906308 0 
vn 0.461749 -0.887011 0 
vn 0.382683 -0.92388 0 
vn 0.422618 -0.906308 0 
vn 0.34202 -0.939693 0 
vn 0.382683 -0.92388 0 
vn 0.300706 -0.953717 0 
vn 0.34202 -0.939693 0 
vn 0.258819 -0.965926 0 
vn 0.300706 -0.953717 0 
vn 0.21644 -0.976296 0 
vn 0.258819 -0.965926 0 
vn 0.173648 -0.984808 0 
vn 0.21644 -0.976296 0 
vn 0.130526 -0.991445 0 
vn 0.173648 -0.984808 0 
vn 0.0871557 -0.996195 0 
vn 0.130526 -0.991445 0 
vn 0.0436194 -0.999048 0 
vn 0.0871557 -0.996195 0 
vn -6.12323e-17 -1 0 
vn 0.0436194 -0.999048 0 
vn -0.0436194 -0.999048 0 
vn -6.12323e-17 -1 0 
vn -0.0871557 -0.996195 0 
vn -0.0436194 -0.999048 0 
vn -0.130526 -0.991445 0 
vn -0.0871557 -0.996195 0 
vn -0.173648 -0.984808 0 
vn -0.130526 -0.991445 0 
vn -0.21644 -0.976296 0 
vn -0.173648 -0.984808 0 
vn -0.258819 -0.965926 0 
vn -0.21644 -0.976296 0 
vn -0.300706 -0.953717 0 
vn -0.258819 -0.965926 0 
vn -0.34202 -0.939693 0 
vn -0.300706 -0.953717 0 
vn -0.382683 -0.92388 0 
vn -0.34202 -0.939693 0 
vn -0.422618 -0.906308 0 
vn -0.382683 -0.92388 0 
vn -0.461749 -0.887011 0 
vn -0.422618 -0.906308 0 
vn -0.5 -0.866025 0 
vn -0.461749 -0.887011 0 
vn -0.5373 -0.843391 0 
vn -0.5 -0.866025 0 
vn -0.573576 -0.819152 0 
vn -0.5373 -0.843391 0 
vn -0.608761 -0.793353 0 
vn -0.573576 -0.819152 0 
vn -0.642788 -0.766044 0 
vn -0.608761 -0.793353 0 
vn -0.67559 -0.737277 0 
vn -0.642788 -0.766044 0 
vn -0.707107 -0.707107 0 
vn -0.67559 -0.737277 0 
vn -0.737277 -0.67559 0 
vn -0.707107 -0.707107 0 
vn -0.766044 -0.642788 0 
vn -0.737277 -0.67559 0 
vn -0.793353 -0.608761 0 
vn -0.766044 -0.642788 0 
vn -0.819152 -0.573576 0 
vn -0.793353 -0.608761 0 
vn -0.843391 -0.5373 0 
vn -0.819152 -0.573576 0 
vn -0.866025 -0.5 0 
vn -0.843391 -0.5373 0 
vn -0.887011 -0.461749 0 
vn -0.866025 -0.5 0 
vn -0.906308 -0.422618 0 
vn -0.887011 -0.461749 0 
vn -0.92388 -0.382683 0 
vn -0.906308 -0.422618 0 
vn -0.939693 -0.34202 0 
vn -0.92388 -0.382683 0 
vn -0.953717 -0.300706 0 
vn -0.939693 -0.34202 0 
vn -0.965926 -0.258819 0 
vn -0.953717 -0.300706 0 
vn -0.976296 -0.21644 0 
vn -0.965926 -0.258819 0 
vn -0.984808 -0.173648 0 
vn -0.976296 -0.21644 0 
vn -0.991445 -0.130526 0 
vn -0.984808 -0.173648 0 
vn -0.996195 -0.0871557 0 
vn -0.991445 -0.130526 0 
vn -0.999048 -0.0436194 0 
vn -0.996195 -0.0871557 0 
vn 0 0 -1 
vn 1 -3.46945e-16 0 
vn 0 -1 0 
vn -1 3.46945e-16 0 
vn 0 1 0 
vn -0.999048 0.0436194 0 
vn -1 2.44929e-16 0 
vn -0.996195 0.0871557 0 
vn -0.999048 0.0436194 0 
vn -0.991445 0.130526 0 
vn -0.996195 0.0871557 0 
vn -0.984808 0.173648 0 
vn -0.991445 0.130526 0 
vn -0.976296 0.21644 0 
vn -0.984808 0.173648 0 
vn -0.965926 0.258819 0 
vn -0.976296 0.21644 0 
vn -0.953717 0.300706 0 
vn -0.965926 0.258819 0 
vn -0.939693 0.34202 0 
vn -0.953717 0.300706 0 
vn -0.92388 0.382683 0 
vn -0.939693 0.34202 0 
vn -0.906308 0.422618 0 
vn -0.92388 0.382683 0 
vn -0.887011 0.461749 0 
vn -0.906308 0.422618 0 
vn -0.866025 0.5 0 
vn -0.887011 0.461749 0 
vn -0.843391 0.5373 0 
vn -0.866025 0.5 0 
vn -0.819152 0.573576 0 
vn -0.843391 0.5373 0 
vn -0.793353 0.608761 0 
vn -0.819152 0.573576 0 
vn -0.766044 0.642788 0 
vn -0.793353 0.608761 0 
vn -0.737277 0.67559 0 
vn -0.766044 0.642788 0 
vn -0.707107 0.707107 0 
vn -0.737277 0.67559 0 
vn -0.67559 0.737277 0 
vn -0.707107 0.707107 0 
vn -0.642788 0.766044 0 
vn -0.67559 0.737277 0 
vn -0.608761 0.793353 0 
vn -0.642788 0.766044 0 
vn -0.573576 0.819152 0 
vn -0.608761 0.793353 0 
vn -0.5373 0.843391 0 
vn -0.573576 0.819152 0 
vn -0.5 0.866025 0 
vn -0.5373 0.843391 0 
vn -0.461749 0.887011 0 
vn -0.5 0.866025 0 
vn -0.422618 0.906308 0 
vn -0.461749 0.887011 0 
vn -0.382683 0.92388 0 
vn -0.422618 0.906308 0 
vn -0.34202 0.939693 0 
vn -0.382683 0.92388 0 
vn -0.300706 0.953717 0 
vn -0.34202 0.939693 0 
vn -0.258819 0.965926 0 
vn -0.300706 0.953717 0 
vn -0.21644 0.976296 0 
vn -0.258819 0.965926 0 
vn -0.173648 0.984808 0 
vn -0.21644 0.976296 0 
vn -0.130526 0.991445 0 
vn -0.173648 0.984808 0 
vn -0.0871557 0.996195 0 
vn -0.130526 0.991445 0 
vn -0.0436194 0.999048 0 
vn -0.0871557 0.996195 0 
vn 1.83697e-16 1 0 
vn -0.0436194 0.999048 0 
vn 0.0436194 0.999048 0 
vn 1.83697e-16 1 0 
vn 0.0871557 0.996195 0 
vn 0.0436194 0.999048 0 
vn 0.130526 0.991445 0 
vn 0.0871557 0.996195 0 
vn 0.173648 0.984808 0 
vn 0.130526 0.991445 0 
vn 0.21644 0.976296 0 
vn 0.173648 0.984808 0 
vn 0.258819 0.965926 0 
vn 0.21644 0.976296 0 
vn 0.300706 0.953717 0 
vn 0.258819 0.965926 0 
vn 0.34202 0.939693 0 
vn 0.300706 0.953717 0 
vn 0.382683 0.92388 0 
vn 0.34202 0.939693 0 
vn 0.422618 0.906308 0 
vn 0.382683 0.92388 0 
vn 0.461749 0.887011 0 
vn 0.422618 0.906308 0 
vn 0.5 0.866025 0 
vn 0.461749 0.887011 0 
vn 0.5373 0.843391 0 
vn 0.5 0.866025 0 
vn 0.573576 0.819152 0 
vn 0.5373 0.843391 0 
vn 0.608761 0.793353 0 
vn 0.573576 0.819152 0 
vn 0.642788 0.766044 0 
vn 0.608761 0.793353 0 
vn 0.67559 0.737277 0 
vn 0.642788 0.766044 0 
vn 0.707107 0.707107 0 
vn 0.67559 0.737277 0 
vn 0.737277 0.67559 0 
vn 0.707107 0.707107 0 
vn 0.766044 0.642788 0 
vn 0.737277 0.67559 0 
vn 0.793353 0.608761 0 
vn 0.766044 0.642788 0 
vn 0.819152 0.573576 0 
vn 0.793353 0.608761 0 
vn 0.843391 0.5373 0 
vn 0.819152 0.573576 0 
vn 0.866025 0.5 0 
vn 0.843391 0.5373 0 
vn 0.887011 0.461749 0 
vn 0.866025 0.5 0 
vn 0.906308 0.422618 0 
vn 0.887011 0.461749 0 
vn 0.92388 0.382683 0 
vn 0.906308 0.422618 0 
vn 0.939693 0.34202 0 
vn 0.92388 0.382683 0 
vn 0.953717 0.300706 0 
vn 0.939693 0.34202 0 
vn 0.965926 0.258819 0 
vn 0.953717 0.300706 0 
vn 0.976296 0.21644 0 
vn 0.965926 0.258819 0 
vn 0.984808 0.173648 0 
vn 0.976296 0.21644 0 
vn 0.991445 0.130526 0 
vn 0.984808 0.173648 0 
vn 0.996195 0.0871557 0 
vn 0.991445 0.130526 0 
vn 0.999048 0.0436194 0 
vn 0.996195 0.0871557 0 
vn 1 -5.66554e-16 0 
vn 0.999048 0.0436194 0 
vn 0.999048 -0.0436194 0 
vn 1 -5.66554e-16 0 
vn 0.996195 -0.0871557 0 
vn 0.999048 -0.0436194 0 
vn 0.991445 -0.130526 0 
vn 0.996195 -0.0871557 0 
vn 0.984808 -0.173648 0 
vn 0.991445 -0.130526 0 
vn 0.976296 -0.21644 0 
vn 0.984808 -0.173648 0 
vn 0.965926 -0.258819 0 
vn 0.976296 -0.21644 0 
vn 0.953717 -0.300706 0 
vn 0.965926 -0.258819 0 
vn 0.939693 -0.34202 0 
vn 0.953717 -0.300706 0 
vn 0.92388 -0.382683 0 
vn 0.939693 -0.34202 0 
vn 0.906308 -0.422618 0 
vn 0.92388 -0.382683 0 
vn 0.887011 -0.461749 0 
vn 0.906308 -0.422618 0 
vn 0.866025 -0.5 0 
vn 0.887011 -0.461749 0 
vn 0.843391 -0.5373 0 
vn 0.866025 -0.5 0 
vn 0.819152 -0.573576 0 
vn 0.843391 -0.5373 0 
vn 0.793353 -0.608761 0 
vn 0.819152 -0.573576 0 
vn 0.766044 -0.642788 0 
vn 0.793353 -0.608761 0 
vn 0.737277 -0.67559 0 
vn 0.766044 -0.642788 0 
vn 0.707107 -0.707107 0 
vn 0.737277 -0.67559 0 
vn 0.67559 -0.737277 0 
vn 0.707107 -0.707107 0 
vn 0.642788 -0.766044 0 
vn 0.67559 -0.737277 0 
vn 0.608761 -0.793353 0 
vn 0.642788 -0.766044 0 
vn 0.573576 -0.819152 0 
vn 0.608761 -0.793353 0 
vn 0.5373 -0.843391 0 
vn 0.573576 -0.819152 0 
vn 0.5 -0.866025 0 
vn 0.5373 -0.843391 0 
vn 0.461749 -0.887011 0 
vn 0.5 -0.866025 0 
vn 0.422618 -0.906308 0 
vn 0.461749 -0.887011 0 
vn 0.382683 -0.92388 0 
vn 0.422618 -0.906308 0 
vn 0.34202 -0.939693 0 
vn 0.382683 -0.92388 0 
vn 0.300706 -0.953717 0 
vn 0.34202 -0.939693 0 
vn 0.258819 -0.965926 0 
vn 0.300706 -0.953717 0 
vn 0.21644 -0.976296 0 
vn 0.258819 -0.965926 0 
vn 0.173648 -0.984808 0 
vn 0.21644 -0.976296 0 
vn 0.130526 -0.991445 0 
vn 0.173648 -0.984808 0 
vn 0.0871557 -0.996195 0 
vn 0.130526 -0.991445 0 
vn 0.0436194 -0.999048 0 
vn 0.0871557 -0.996195 0 
vn -6.12323e-17 -1 0 
vn 0.0436194 -0.999048 0 
vn -0.0436194 -0.999048 0 
vn -6.12323e-17 -1 0 
vn -0.0871557 -0.996195 0 
vn -0.0436194 -0.999048 0 
vn -0.130526 -0.991445 0 
vn -0.0871557 -0.996195 0 
vn -0.173648 -0.984808 0 
vn -0.130526 -0.991445 0 
vn -0.21644 -0.976296 0 
vn -0.173648 -0.984808 0 
vn -0.258819 -0.965926 0 
vn -0.21644 -0.976296 0 
vn -0.300706 -0.953717 0 
vn -0.258819 -0.965926 0 
vn -0.34202 -0.939693 0 
vn -0.300706 -0.953717 0 
vn -0.382683 -0.92388 0 
vn -0.34202 -0.939693 0 
vn -0.422618 -0.906308 0 
vn -0.382683 -0.92388 0 
vn -0.461749 -0.887011 0 
vn -0.422618 -0.906308 0 
vn -0.5 -0.866025 0 
vn -0.461749 -0.887011 0 
vn -0.5373 -0.843391 0 
vn -0.5 -0.866025 0 
vn -0.573576 -0.819152 0 
vn -0.5373 -0.843391 0 
vn -0.608761 -0.793353 0 
vn -0.573576 -0.819152 0 
vn -0.642788 -0.766044 0 
vn -0.608761 -0.793353 0 
vn -0.67559 -0.737277 0 
vn -0.642788 -0.766044 0 
vn -0.707107 -0.707107 0 
vn -0.67559 -0.737277 0 
vn -0.737277 -0.67559 0 
vn -0.707107 -0.707107 0 
vn -0.766044 -0.642788 0 
vn -0.737277 -0.67559 0 
vn -0.793353 -0.608761 0 
vn -0.766044 -0.642788 0 
vn -0.819152 -0.573576 0 
vn -0.793353 -0.608761 0 
vn -0.843391 -0.5373 0 
vn -0.819152 -0.573576 0 
vn -0.866025 -0.5 0 
vn -0.843391 -0.5373 0 
vn -0.887011 -0.461749 0 
vn -0.866025 -0.5 0 
vn -0.906308 -0.422618 0 
vn -0.887011 -0.461749 0 
vn -0.92388 -0.382683 0 
vn -0.906308 -0.422618 0 
vn -0.939693 -0.34202 0 
vn -0.92388 -0.382683 0 
vn -0.953717 -0.300706 0 
vn -0.939693 -0.34202 0 
vn -0.965926 -0.258819 0 
vn -0.953717 -0.300706 0 
vn -0.976296 -0.21644 0 
vn -0.965926 -0.258819 0 
vn -0.984808 -0.173648 0 
vn -0.976296 -0.21644 0 
vn -0.991445 -0.130526 0 
vn -0.984808 -0.173648 0 
vn -0.996195 -0.0871557 0 
vn -0.991445 -0.130526 0 
vn -0.999048 -0.0436194 0 
vn -0.996195 -0.0871557 0 
vn -0.999048 0.0436194 0 
vn -1 2.44929e-16 0 
vn -0.996195 0.0871557 0 
vn -0.999048 0.0436194 0 
vn -0.991445 0.130526 0 
vn -0.996195 0.0871557 0 
vn -0.984808 0.173648 0 
vn -0.991445 0.130526 0 
vn -0.976296 0.21644 0 
vn -0.984808 0.173648 0 
vn -0.965926 0.258819 0 
vn -0.976296 0.21644 0 
vn -0.953717 0.300706 0 
vn -0.965926 0.258819 0 
vn -0.939693 0.34202 0 
vn -0.953717 0.300706 0 
vn -0.92388 0.382683 0 
vn -0.939693 0.34202 0 
vn -0.906308 0.422618 0 
vn -0.92388 0.382683 0 
vn -0.887011 0.461749 0 
vn -0.906308 0.422618 0 
vn -0.866025 0.5 0 
vn -0.887011 0.461749 0 
vn -0.843391 0.5373 0 
vn -0.866025 0.5 0 
vn -0.819152 0.573576 0 
vn -0.843391 0.5373 0 
vn -0.793353 0.608761 0 
vn -0.819152 0.573576 0 
vn -0.766044 0.642788 0 
vn -0.793353 0.608761 0 
vn -0.737277 0.67559 0 
vn -0.766044 0.642788 0 
vn -0.707107 0.707107 0 
vn -0.737277 0.67559 0 
vn -0.67559 0.737277 0 
vn -0.707107 0.707107 0 
vn -0.642788 0.766044 0 
vn -0.67559 0.737277 0 
vn -0.608761 0.793353 0 
vn -0.642788 0.766044 0 
vn -0.573576 0.819152 0 
vn -0.608761 0.793353 0 
vn -0.5373 0.843391 0 
vn -0.573576 0.819152 0 
vn -0.5 0.866025 0 
vn -0.5373 0.843391 0 
vn -0.461749 0.887011 0 
vn -0.5 0.866025 0 
vn -0.422618 0.906308 0 
vn -0.461749 0.887011 0 
vn -0.382683 0.92388 0 
vn -0.422618 0.906308 0 
vn -0.34202 0.939693 0 
vn -0.382683 0.92388 0 
vn -0.300706 0.953717 0 
vn -0.34202 0.939693 0 
vn -0.258819 0.965926 0 
vn -0.300706 0.953717 0 
vn -0.21644 0.976296 0 
vn -0.258819 0.965926 0 
vn -0.173648 0.984808 0 
vn -0.21644 0.976296 0 
vn -0.130526 0.991445 0 
vn -0.173648 0.984808 0 
vn -0.0871557 0.996195 0 
vn -0.130526 0.991445 0 
vn -0.0436194 0.999048 0 
vn -0.0871557 0.996195 0 
vn 1.83697e-16 1 0 
vn -0.0436194 0.999048 0 
vn 0.0436194 0.999048 0 
vn 1.83697e-16 1 0 
vn 0.0871557 0.996195 0 
vn 0.0436194 0.999048 0 
vn 0.130526 0.991445 0 
vn 0.0871557 0.996195 0 
vn 0.173648 0.984808 0 
vn 0.130526 0.991445 0 
vn 0.21644 0.976296 0 
vn 0.173648 0.984808 0 
vn 0.258819 0.965926 0 
vn 0.21644 0.976296 0 
vn 0.300706 0.953717 0 
vn 0.258819 0.965926 0 
vn 0.34202 0.939693 0 
vn 0.300706 0.953717 0 
vn 0.382683 0.92388 0 
vn 0.34202 0.939693 0 
vn 0.422618 0.906308 0 
vn 0.382683 0.92388 0 
vn 0.461749 0.887011 0 
vn 0.422618 0.906308 0 
vn 0.5 0.866025 0 
vn 0.461749 0.887011 0 
vn 0.5373 0.843391 0 
vn 0.5 0.866025 0 
vn 0.573576 0.819152 0 
vn 0.5373 0.843391 0 
vn 0.608761 0.793353 0 
vn 0.573576 0.819152 0 
vn 0.642788 0.766044 0 
vn 0.608761 0.793353 0 
vn 0.67559 0.737277 0 
vn 0.642788 0.766044 0 
vn 0.707107 0.707107 0 
vn 0.67559 0.737277 0 
vn 0.737277 0.67559 0 
vn 0.707107 0.707107 0 
vn 0.766044 0.642788 0 
vn 0.737277 0.67559 0 
vn 0.793353 0.608761 0 
vn 0.766044 0.642788 0 
vn 0.819152 0.573576 0 
vn 0.793353 0.608761 0 
vn 0.843391 0.5373 0 
vn 0.819152 0.573576 0 
vn 0.866025 0.5 0 
vn 0.843391 0.5373 0 
vn 0.887011 0.461749 0 
vn 0.866025 0.5 0 
vn 0.906308 0.422618 0 
vn 0.887011 0.461749 0 
vn 0.92388 0.382683 0 
vn 0.906308 0.422618 0 
vn 0.939693 0.34202 0 
vn 0.92388 0.382683 0 
vn 0.953717 0.300706 0 
vn 0.939693 0.34202 0 
vn 0.965926 0.258819 0 
vn 0.953717 0.300706 0 
vn 0.976296 0.21644 0 
vn 0.965926 0.258819 0 
vn 0.984808 0.173648 0 
vn 0.976296 0.21644 0 
vn 0.991445 0.130526 0 
vn 0.984808 0.173648 0 
vn 0.996195 0.0871557 0 
vn 0.991445 0.130526 0 
vn 0.999048 0.0436194 0 
vn 0.996195 0.0871557 0 
vn 1 -5.66554e-16 0 
vn 0.999048 0.0436194 0 
vn 0.999048 -0.0436194 0 
vn 1 -5.66554e-16 0 
vn 0.996195 -0.0871557 0 
vn 0.999048 -0.0436194 0 
vn 0.991445 -0.130526 0 
vn 0.996195 -0.0871557 0 
vn 0.984808 -0.173648 0 
vn 0.991445 -0.130526 0 
vn 0.976296 -0.21644 0 
vn 0.984808 -0.173648 0 
vn 0.965926 -0.258819 0 
vn 0.976296 -0.21644 0 
vn 0.953717 -0.300706 0 
vn 0.965926 -0.258819 0 
vn 0.939693 -0.34202 0 
vn 0.953717 -0.300706 0 
vn 0.92388 -0.382683 0 
vn 0.939693 -0.34202 0 
vn 0.906308 -0.422618 0 
vn 0.92388 -0.382683 0 
vn 0.887011 -0.461749 0 
vn 0.906308 -0.422618 0 
vn 0.866025 -0.5 0 
vn 0.887011 -0.461749 0 
vn 0.843391 -0.5373 0 
vn 0.866025 -0.5 0 
vn 0.819152 -0.573576 0 
vn 0.843391 -0.5373 0 
vn 0.793353 -0.608761 0 
vn 0.819152 -0.573576 0 
vn 0.766044 -0.642788 0 
vn 0.793353 -0.608761 0 
vn 0.737277 -0.67559 0 
vn 0.766044 -0.642788 0 
vn 0.707107 -0.707107 0 
vn 0.737277 -0.67559 0 
vn 0.67559 -0.737277 0 
vn 0.707107 -0.707107 0 
vn 0.642788 -0.766044 0 
vn 0.67559 -0.737277 0 
vn 0.608761 -0.793353 0 
vn 0.642788 -0.766044 0 
vn 0.573576 -0.819152 0 
vn 0.608761 -0.793353 0 
vn 0.5373 -0.843391 0 
vn 0.573576 -0.819152 0 
vn 0.5 -0.866025 0 
vn 0.5373 -0.843391 0 
vn 0.461749 -0.887011 0 
vn 0.5 -0.866025 0 
vn 0.422618 -0.906308 0 
vn 0.461749 -0.887011 0 
vn 0.382683 -0.92388 0 
vn 0.422618 -0.906308 0 
vn 0.34202 -0.939693 0 
vn 0.382683 -0.92388 0 
vn 0.300706 -0.953717 0 
vn 0.34202 -0.939693 0 
vn 0.258819 -0.965926 0 
vn 0.300706 -0.953717 0 
vn 0.21644 -0.976296 0 
vn 0.258819 -0.965926 0 
vn 0.173648 -0.984808 0 
vn 0.21644 -0.976296 0 
vn 0.130526 -0.991445 0 
vn 0.173648 -0.984808 0 
vn 0.0871557 -0.996195 0 
vn 0.130526 -0.991445 0 
vn 0.0436194 -0.999048 0 
vn 0.0871557 -0.996195 0 
vn -6.12323e-17 -1 0 
vn 0.0436194 -0.999048 0 
vn -0.0436194 -0.999048 0 
vn -6.12323e-17 -1 0 
vn -0.0871557 -0.996195 0 
vn -0.0436194 -0.999048 0 
vn -0.130526 -0.991445 0 
vn -0.0871557 -0.996195 0 
vn -0.173648 -0.984808 0 
vn -0.130526 -0.991445 0 
vn -0.21644 -0.976296 0 
vn -0.173648 -0.984808 0 
vn -0.258819 -0.965926 0 
vn -0.21644 -0.976296 0 
vn -0.300706 -0.953717 0 
vn -0.258819 -0.965926 0 
vn -0.34202 -0.939693 0 
vn -0.300706 -0.953717 0 
vn -0.382683 -0.92388 0 
vn -0.34202 -0.939693 0 
vn -0.422618 -0.906308 0 
vn -0.382683 -0.92388 0 
vn -0.461749 -0.887011 0 
vn -0.422618 -0.906308 0 
vn -0.5 -0.866025 0 
vn -0.461749 -0.887011 0 
vn -0.5373 -0.843391 0 
vn -0.5 -0.866025 0 
vn -0.573576 -0.819152 0 
vn -0.5373 -0.843391 0 
vn -0.608761 -0.793353 0 
vn -0.573576 -0.819152 0 
vn -0.642788 -0.766044 0 
vn -0.608761 -0.793353 0 
vn -0.67559 -0.737277 0 
vn -0.642788 -0.766044 0 
vn -0.707107 -0.707107 0 
vn -0.67559 -0.737277 0 
vn -0.737277 -0.67559 0 
vn -0.707107 -0.707107 0 
vn -0.766044 -0.642788 0 
vn -0.737277 -0.67559 0 
vn -0.793353 -0.608761 0 
vn -0.766044 -0.642788 0 
vn -0.819152 -0.573576 0 
vn -0.793353 -0.608761 0 
vn -0.843391 -0.5373 0 
vn -0.819152 -0.573576 0 
vn -0.866025 -0.5 0 
vn -0.843391 -0.5373 0 
vn -0.887011 -0.461749 0 
vn -0.866025 -0.5 0 
vn -0.906308 -0.422618 0 
vn -0.887011 -0.461749 0 
vn -0.92388 -0.382683 0 
vn -0.906308 -0.422618 0 
vn -0.939693 -0.34202 0 
vn -0.92388 -0.382683 0 
vn -0.953717 -0.300706 0 
vn -0.939693 -0.34202 0 
vn -0.965926 -0.258819 0 
vn -0.953717 -0.300706 0 
vn -0.976296 -0.21644 0 
vn -0.965926 -0.258819 0 
vn -0.984808 -0.173648 0 
vn -0.976296 -0.21644 0 
vn -0.991445 -0.130526 0 
vn -0.984808 -0.173648 0 
vn -0.996195 -0.0871557 0 
vn -0.991445 -0.130526 0 
vn -0.999048 -0.0436194 0 
vn -0.996195 -0.0871557 0 
vn -0.999048 0.0436194 0 
vn -1 2.44929e-16 0 
vn -0.996195 0.0871557 0 
vn -0.999048 0.0436194 0 
vn -0.991445 0.130526 0 
vn -0.996195 0.0871557 0 
vn -0.984808 0.173648 0 
vn -0.991445 0.130526 0 
vn -0.976296 0.21644 0 
vn -0.984808 0.173648 0 
vn -0.965926 0.258819 0 
vn -0.976296 0.21644 0 
vn -0.953717 0.300706 0 
vn -0.965926 0.258819 0 
vn -0.939693 0.34202 0 
vn -0.953717 0.300706 0 
vn -0.92388 0.382683 0 
vn -0.939693 0.34202 0 
vn -0.906308 0.422618 0 
vn -0.92388 0.382683 0 
vn -0.887011 0.461749 0 
vn -0.906308 0.422618 0 
vn -0.866025 0.5 0 
vn -0.887011 0.461749 0 
vn -0.843391 0.5373 0 
vn -0.866025 0.5 0 
vn -0.819152 0.573576 0 
vn -0.843391 0.5373 0 
vn -0.793353 0.608761 0 
vn -0.819152 0.573576 0 
vn -0.766044 0.642788 0 
vn -0.793353 0.608761 0 
vn -0.737277 0.67559 0 
vn -0.766044 0.642788 0 
vn -0.707107 0.707107 0 
vn -0.737277 0.67559 0 
vn -0.67559 0.737277 0 
vn -0.707107 0.707107 0 
vn -0.642788 0.766044 0 
vn -0.67559 0.737277 0 
vn -0.608761 0.793353 0 
vn -0.642788 0.766044 0 
vn -0.573576 0.819152 0 
vn -0.608761 0.793353 0 
vn -0.5373 0.843391 0 
vn -0.573576 0.819152 0 
vn -0.5 0.866025 0 
vn -0.5373 0.843391 0 
vn -0.461749 0.887011 0 
vn -0.5 0.866025 0 
vn -0.422618 0.906308 0 
vn -0.461749 0.887011 0 
vn -0.382683 0.92388 0 
vn -0.422618 0.906308 0 
vn -0.34202 0.939693 0 
vn -0.382683 0.92388 0 
vn -0.300706 0.953717 0 
vn -0.34202 0.939693 0 
vn -0.258819 0.965926 0 
vn -0.300706 0.953717 0 
vn -0.21644 0.976296 0 
vn -0.258819 0.965926 0 
vn -0.173648 0.984808 0 
vn -0.21644 0.976296 0 
vn -0.130526 0.991445 0 
vn -0.173648 0.984808 0 
vn -0.0871557 0.996195 0 
vn -0.130526 0.991445 0 
vn -0.0436194 0.999048 0 
vn -0.0871557 0.996195 0 
vn 1.83697e-16 1 0 
vn -0.0436194 0.999048 0 
vn 0.0436194 0.999048 0 
vn 1.83697e-16 1 0 
vn 0.0871557 0.996195 0 
vn 0.0436194 0.999048 0 
vn 0.130526 0.991445 0 
vn 0.0871557 0.996195 0 
vn 0.173648 0.984808 0 
vn 0.130526 0.991445 0 
vn 0.21644 0.976296 0 
vn 0.173648 0.984808 0 
vn 0.258819 0.965926 0 
vn 0.21644 0.976296 0 
vn 0.300706 0.953717 0 
vn 0.258819 0.965926 0 
vn 0.34202 0.939693 0 
vn 0.300706 0.953717 0 
vn 0.382683 0.92388 0 
vn 0.34202 0.939693 0 
vn 0.422618 0.906308 0 
vn 0.382683 0.92388 0 
vn 0.461749 0.887011 0 
vn 0.422618 0.906308 0 
vn 0.5 0.866025 0 
vn 0.461749 0.887011 0 
vn 0.5373 0.843391 0 
vn 0.5 0.866025 0 
vn 0.573576 0.819152 0 
vn 0.5373 0.843391 0 
vn 0.608761 0.793353 0 
vn 0.573576 0.819152 0 
vn 0.642788 0.766044 0 
vn 0.608761 0.793353 0 
vn 0.67559 0.737277 0 
vn 0.642788 0.766044 0 
vn 0.707107 0.707107 0 
vn 0.67559 0.737277 0 
vn 0.737277 0.67559 0 
vn 0.707107 0.707107 0 
vn 0.766044 0.642788 0 
vn 0.737277 0.67559 0 
vn 0.793353 0.608761 0 
vn 0.766044 0.642788 0 
vn 0.819152 0.573576 0 
vn 0.793353 0.608761 0 
vn 0.843391 0.5373 0 
vn 0.819152 0.573576 0 
vn 0.866025 0.5 0 
vn 0.843391 0.5373 0 
vn 0.887011 0.461749 0 
vn 0.866025 0.5 0 
vn 0.906308 0.422618 0 
vn 0.887011 0.461749 0 
vn 0.92388 0.382683 0 
vn 0.906308 0.422618 0 
vn 0.939693 0.34202 0 
vn 0.92388 0.382683 0 
vn 0.953717 0.300706 0 
vn 0.939693 0.34202 0 
vn 0.965926 0.258819 0 
vn 0.953717 0.300706 0 
vn 0.976296 0.21644 0 
vn 0.965926 0.258819 0 
vn 0.984808 0.173648 0 
vn 0.976296 0.21644 0 
vn 0.991445 0.130526 0 
vn 0.984808 0.173648 0 
vn 0.996195 0.0871557 0 
vn 0.991445 0.130526 0 
vn 0.999048 0.0436194 0 
vn 0.996195 0.0871557 0 
vn 1 -5.66554e-16 0 
vn 0.999048 0.0436194 0 
vn 0.999048 -0.0436194 0 
vn 1 -5.66554e-16 0 
vn 0.996195 -0.0871557 0 
vn 0.999048 -0.0436194 0 
vn 0.991445 -0.130526 0 
vn 0.996195 -0.0871557 0 
vn 0.984808 -0.173648 0 
vn 0.991445 -0.130526 0 
vn 0.976296 -0.21644 0 
vn 0.984808 -0.173648 0 
vn 0.965926 -0.258819 0 
vn 0.976296 -0.21644 0 
vn 0.953717 -0.300706 0 
vn 0.965926 -0.258819 0 
vn 0.939693 -0.34202 0 
vn 0.953717 -0.300706 0 
vn 0.92388 -0.382683 0 
vn 0.939693 -0.34202 0 
vn 0.906308 -0.422618 0 
vn 0.92388 -0.382683 0 
vn 0.887011 -0.461749 0 
vn 0.906308 -0.422618 0 
vn 0.866025 -0.5 0 
vn 0.887011 -0.461749 0 
vn 0.843391 -0.5373 0 
vn 0.866025 -0.5 0 
vn 0.819152 -0.573576 0 
vn 0.843391 -0.5373 0 
vn 0.793353 -0.608761 0 
vn 0.819152 -0.573576 0 
vn 0.766044 -0.642788 0 
vn 0.793353 -0.608761 0 
vn 0.737277 -0.67559 0 
vn 0.766044 -0.642788 0 
vn 0.707107 -0.707107 0 
vn 0.737277 -0.67559 0 
vn 0.67559 -0.737277 0 
vn 0.707107 -0.707107 0 
vn 0.642788 -0.766044 0 
vn 0.67559 -0.737277 0 
vn 0.608761 -0.793353 0 
vn 0.642788 -0.766044 0 
vn 0.573576 -0.819152 0 
vn 0.608761 -0.793353 0 
vn 0.5373 -0.843391 0 
vn 0.573576 -0.819152 0 
vn 0.5 -0.866025 0 
vn 0.5373 -0.843391 0 
vn 0.461749 -0.887011 0 
vn 0.5 -0.866025 0 
vn 0.422618 -0.906308 0 
vn 0.461749 -0.887011 0 
vn 0.382683 -0.92388 0 
vn 0.422618 -0.906308 0 
vn 0.34202 -0.939693 0 
vn 0.382683 -0.92388 0 
vn 0.300706 -0.953717 0 
vn 0.34202 -0.939693 0 
vn 0.258819 -0.965926 0 
vn 0.300706 -0.953717 0 
vn 0.21644 -0.976296 0 
vn 0.258819 -0.965926 0 
vn 0.173648 -0.984808 0 
vn 0.21644 -0.976296 0 
vn 0.130526 -0.991445 0 
vn 0.173648 -0.984808 0 
vn 0.0871557 -0.996195 0 
vn 0.130526 -0.991445 0 
vn 0.0436194 -0.999048 0 
vn 0.0871557 -0.996195 0 
vn -6.12323e-17 -1 0 
vn 0.0436194 -0.999048 0 
vn -0.0436194 -0.999048 0 
vn -6.12323e-17 -1 0 
vn -0.0871557 -0.996195 0 
vn -0.0436194 -0.999048 0 
vn -0.130526 -0.991445 0 
vn -0.0871557 -0.996195 0 
vn -0.173648 -0.984808 0 
vn -0.130526 -0.991445 0 
vn -0.21644 -0.976296 0 
vn -0.173648 -0.984808 0 
vn -0.258819 -0.965926 0 
vn -0.21644 -0.976296 0 
vn -0.300706 -0.953717 0 
vn -0.258819 -0.965926 0 
vn -0.34202 -0.939693 0 
vn -0.300706 -0.953717 0 
vn -0.382683 -0.92388 0 
vn -0.34202 -0.939693 0 
vn -0.422618 -0.906308 0 
vn -0.382683 -0.92388 0 
vn -0.461749 -0.887011 0 
vn -0.422618 -0.906308 0 
vn -0.5 -0.866025 0 
vn -0.461749 -0.887011 0 
vn -0.5373 -0.843391 0 
vn -0.5 -0.866025 0 
vn -0.573576 -0.819152 0 
vn -0.5373 -0.843391 0 
vn -0.608761 -0.793353 0 
vn -0.573576 -0.819152 0 
vn -0.642788 -0.766044 0 
vn -0.608761 -0.793353 0 
vn -0.67559 -0.737277 0 
vn -0.642788 -0.766044 0 
vn -0.707107 -0.707107 0 
vn -0.67559 -0.737277 0 
vn -0.737277 -0.67559 0 
vn -0.707107 -0.707107 0 
vn -0.766044 -0.642788 0 
vn -0.737277 -0.67559 0 
vn -0.793353 -0.608761 0 
vn -0.766044 -0.642788 0 
vn -0.819152 -0.573576 0 
vn -0.793353 -0.608761 0 
vn -0.843391 -0.5373 0 
vn -0.819152 -0.573576 0 
vn -0.866025 -0.5 0 
vn -0.843391 -0.5373 0 
vn -0.887011 -0.461749 0 
vn -0.866025 -0.5 0 
vn -0.906308 -0.422618 0 
vn -0.887011 -0.461749 0 
vn -0.92388 -0.382683 0 
vn -0.906308 -0.422618 0 
vn -0.939693 -0.34202 0 
vn -0.92388 -0.382683 0 
vn -0.953717 -0.300706 0 
vn -0.939693 -0.34202 0 
vn -0.965926 -0.258819 0 
vn -0.953717 -0.300706 0 
vn -0.976296 -0.21644 0 
vn -0.965926 -0.258819 0 
vn -0.984808 -0.173648 0 
vn -0.976296 -0.21644 0 
vn -0.991445 -0.130526 0 
vn -0.984808 -0.173648 0 
vn -0.996195 -0.0871557 0 
vn -0.991445 -0.130526 0 
vn -0.999048 -0.0436194 0 
vn -0.996195 -0.0871557 0 
vn 0 0 1 
vn 1 2.31296e-16 0 
vn -1 -2.31296e-16 0 
vn 0 1 0 
vn 0 -1 0 
vn -0.926147 -0.377162 0 
vn -0.909091 -0.416598 0 
vn -0.941494 -0.337029 0 
vn -0.926147 -0.377162 0 
vn -0.955103 -0.296275 0 
vn -0.941494 -0.337029 0 
vn -0.966948 -0.254973 0 
vn -0.955103 -0.296275 0 
vn -0.977008 -0.213201 0 
vn -0.966948 -0.254973 0 
vn -0.985265 -0.171035 0 
vn -0.977008 -0.213201 0 
vn -0.991703 -0.128553 0 
vn -0.985265 -0.171035 0 
vn -0.996309 -0.0858342 0 
vn -0.991703 -0.128553 0 
vn -0.999077 -0.0429567 0 
vn -0.996309 -0.0858342 0 
vn -1 -6.43249e-16 0 
vn -0.999077 -0.0429567 0 
vn -0.999077 0.0429567 0 
vn -1 -6.43249e-16 0 
vn -0.996309 0.0858342 0 
vn -0.999077 0.0429567 0 
vn -0.991703 0.128553 0 
vn -0.996309 0.0858342 0 
vn -0.985265 0.171035 0 
vn -0.991703 0.128553 0 
vn -0.977008 0.213201 0 
vn -0.985265 0.171035 0 
vn -0.966948 0.254973 0 
vn -0.977008 0.213201 0 
vn -0.955103 0.296275 0 
vn -0.966948 0.254973 0 
vn -0.941494 0.337029 0 
vn -0.955103 0.296275 0 
vn -0.926147 0.377162 0 
vn -0.941494 0.337029 0 
vn -0.909091 0.416598 0 
vn -0.926147 0.377162 0 
vn -0.926147 -0.377162 0 
vn -0.909091 -0.416598 0 
vn -0.941494 -0.337029 0 
vn -0.926147 -0.377162 0 
vn -0.955103 -0.296275 0 
vn -0.941494 -0.337029 0 
vn -0.966948 -0.254973 0 
vn -0.955103 -0.296275 0 
vn -0.977008 -0.213201 0 
vn -0.966948 -0.254973 0 
vn -0.985265 -0.171035 0 
vn -0.977008 -0.213201 0 
vn -0.991703 -0.128553 0 
vn -0.985265 -0.171035 0 
vn -0.996309 -0.0858342 0 
vn -0.991703 -0.128553 0 
vn -0.999077 -0.0429567 0 
vn -0.996309 -0.0858342 0 
vn -1 2.44929e-16 0 
vn -0.999077 -0.0429567 0 
vn -0.999077 0.0429567 0 
vn -1 2.44929e-16 0 
vn -0.996309 0.0858342 0 
vn -0.999077 0.0429567 0 
vn -0.991703 0.128553 0 
vn -0.996309 0.0858342 0 
vn -0.985265 0.171035 0 
vn -0.991703 0.128553 0 
vn -0.977008 0.213201 0 
vn -0.985265 0.171035 0 
vn -0.966948 0.254973 0 
vn -0.977008 0.213201 0 
vn -0.955103 0.296275 0 
vn -0.966948 0.254973 0 
vn -0.941494 0.337029 0 
vn -0.955103 0.296275 0 
vn -0.926147 0.377162 0 
vn -0.941494 0.337029 0 
vn -0.909091 0.416598 0 
vn -0.926147 0.377162 0 
vn 0.926147 0.377162 0 
vn 0.909091 0.416598 0 
vn 0.941494 0.337029 0 
vn 0.926147 0.377162 0 
vn 0.955103 0.296275 0 
vn 0.941494 0.337029 0 
vn 0.966948 0.254973 0 
vn 0.955103 0.296275 0 
vn 0.977008 0.213201 0 
vn 0.966948 0.254973 0 
vn 0.985265 0.171035 0 
vn 0.977008 0.213201 0 
vn 0.991703 0.128553 0 
vn 0.985265 0.171035 0 
vn 0.996309 0.0858342 0 
vn 0.991703 0.128553 0 
vn 0.999077 0.0429567 0 
vn 0.996309 0.0858342 0 
vn 1 -1.22465e-16 0 
vn 0.999077 0.0429567 0 
vn 0.999077 -0.0429567 0 
vn 1 -1.22465e-16 0 
vn 0.996309 -0.0858342 0 
vn 0.999077 -0.0429567 0 
vn 0.991703 -0.128553 0 
vn 0.996309 -0.0858342 0 
vn 0.985265 -0.171035 0 
vn 0.991703 -0.128553 0 
vn 0.977008 -0.213201 0 
vn 0.985265 -0.171035 0 
vn 0.966948 -0.254973 0 
vn 0.977008 -0.213201 0 
vn 0.955103 -0.296275 0 
vn 0.966948 -0.254973 0 
vn 0.941494 -0.337029 0 
vn 0.955103 -0.296275 0 
vn 0.926147 -0.377162 0 
vn 0.941494 -0.337029 0 
vn 0.909091 -0.416598 0 
vn 0.926147 -0.377162 0 
vn 0.926147 0.377162 0 
vn 0.909091 0.416598 0 
vn 0.941494 0.337029 0 
vn 0.926147 0.377162 0 
vn 0.955103 0.296275 0 
vn 0.941494 0.337029 0 
vn 0.966948 0.254973 0 
vn 0.955103 0.296275 0 
vn 0.977008 0.213201 0 
vn 0.966948 0.254973 0 
vn 0.985265 0.171035 0 
vn 0.977008 0.213201 0 
vn 0.991703 0.128553 0 
vn 0.985265 0.171035 0 
vn 0.996309 0.0858342 0 
vn 0.991703 0.128553 0 
vn 0.999077 0.0429567 0 
vn 0.996309 0.0858342 0 
vn 1 -1.22465e-16 0 
vn 0.999077 0.0429567 0 
vn 0.999077 -0.0429567 0 
vn 1 -1.22465e-16 0 
vn 0.996309 -0.0858342 0 
vn 0.999077 -0.0429567 0 
vn 0.991703 -0.128553 0 
vn 0.996309 -0.0858342 0 
vn 0.985265 -0.171035 0 
vn 0.991703 -0.128553 0 
vn 0.977008 -0.213201 0 
vn 0.985265 -0.171035 0 
vn 0.966948 -0.254973 0 
vn 0.977008 -0.213201 0 
vn 0.955103 -0.296275 0 
vn 0.966948 -0.254973 0 
vn 0.941494 -0.337029 0 
vn 0.955103 -0.296275 0 
vn 0.926147 -0.377162 0 
vn 0.941494 -0.337029 0 
vn 0.909091 -0.416598 0 
vn 0.926147 -0.377162 0 
vn 0 0 1 
vn 0 1 0 
vn 1 0 0 
vn 0 -1 0 
vn -1 0 0 
vn 0 0 1 
vn 0 -1 0 
vn 1 2.89121e-16 0 
vn 0 1 0 
vn 0 0 1 
usemtl 0.615686_0.811765_0.929412_0.000000_0.000000
o mesh0
f 1//1 2//2 3//2 
f 4//3 1//1 5//4 
f 6//5 4//3 7//6 
f 8//7 6//5 9//8 
f 10//9 8//7 11//10 
f 12//11 10//9 13//12 
f 14//13 12//11 15//14 
f 16//15 14//13 17//16 
f 18//17 16//15 19//18 
f 20//19 18//17 21//20 
f 22//21 20//19 23//22 
f 24//23 22//21 25//24 
f 26//25 24//23 27//26 
f 28//27 26//25 29//28 
f 30//29 28//27 31//30 
f 32//31 30//29 33//32 
f 34//33 32//31 35//34 
f 36//35 34//33 37//36 
f 38//37 36//35 39//38 
f 40//39 38//37 41//40 
f 42//41 40//39 43//42 
f 44//43 42//41 45//44 
f 46//45 44//43 47//46 
f 48//47 46//45 49//48 
f 50//49 48//47 51//50 
f 52//51 50//49 53//52 
f 54//53 52//51 55//54 
f 56//55 54//53 57//56 
f 58//57 56//55 59//58 
f 60//59 58//57 61//60 
f 62//61 60//59 63//62 
f 64//63 62//61 65//64 
f 66//65 64//63 67//66 
f 68//67 66//65 69//68 
f 70//69 68//67 71//70 
f 72//71 70//69 73//72 
f 74//73 72//71 75//74 
f 76//75 74//73 77//76 
f 78//77 76//75 79//78 
f 80//79 78//77 81//80 
f 82//81 80//79 83//82 
f 84//83 82//81 85//84 
f 86//85 84//83 87//86 
f 88//87 86//85 89//88 
f 90//89 88//87 91//90 
f 92//91 90//89 93//92 
f 94//93 92//91 95//94 
f 96//95 94//93 97//96 
f 98//97 96//95 99//98 
f 100//99 98//97 101//100 
f 102//101 100//99 103//102 
f 104//103 102//101 105//104 
f 106//105 104//103 107//106 
f 108//107 106//105 109//108 
f 110//109 108//107 111//110 
f 112//111 110//109 113//112 
f 114//113 112//111 115//114 
f 116//115 114//113 117//116 
f 118//117 116//115 119//118 
f 120//119 118//117 121//120 
f 122//121 120//119 123//122 
f 124//123 122//121 125//124 
f 126//125 124//123 127//126 
f 128//127 126//125 129//128 
f 130//129 128//127 131//130 
f 132//131 130//129 133//132 
f 134//133 132//131 135//134 
f 136//135 134//133 137//136 
f 138//137 136//135 139//138 
f 140//139 138//137 141//140 
f 142//141 140//139 143//142 
f 144//143 142//141 145//144 
f 146//145 144//143 147//146 
f 148//147 146//145 149//148 
f 150//149 148//147 151//150 
f 152//151 150//149 153//152 
f 154//153 152//151 155//154 
f 156//155 154//153 157//156 
f 158//157 156//155 159//158 
f 160//159 158//157 161//160 
f 162//161 160//159 163//162 
f 164//163 162//161 165//164 
f 166//165 164//163 167//166 
f 168//167 166//165 169//168 
f 170//169 168//167 171//170 
f 172//171 170//169 173//172 
f 174//173 172//171 175//174 
f 176//175 174//173 177//176 
f 178//177 176//175 179//178 
f 180//179 178//177 181//180 
f 182//181 180//179 183//182 
f 184//183 182//181 185//184 
f 186//185 184//183 187//186 
f 188//187 186//185 189//188 
f 190//189 188//187 191//190 
f 192//191 190//189 193//192 
f 194//193 192//191 195//194 
f 196//195 194//193 197//196 
f 198//197 196//195 199//198 
f 200//199 198//197 201//200 
f 202//201 200//199 203//202 
f 204//203 202//201 205//204 
f 206//205 204//203 207//206 
f 208//207 206//205 209//208 
f 210//209 208//207 211//210 
f 212//211 210//209 213//212 
f 214//213 212//211 215//214 
f 216//215 214//213 217//216 
f 218//217 216//215 219//218 
f 220//219 218//217 221//220 
f 222//221 220//219 223//222 
f 224//223 222//221 225//224 
f 226//225 224//223 227//226 
f 228//227 226//225 229//228 
f 230//229 228//227 231//230 
f 232//231 230//229 233//232 
f 234//233 232//231 235//234 
f 236//235 234//233 237//236 
f 238//237 236//235 239//238 
f 240//239 238//237 241//240 
f 242//241 240//239 243//242 
f 244//243 242//241 245//244 
f 246//245 244//243 247//246 
f 248//247 246//245 249//248 
f 250//249 248//247 251//250 
f 252//251 250//249 253//252 
f 254//253 252//251 255//254 
f 256//255 254//253 257//256 
f 258//257 256//255 259//258 
f 260//259 258//257 261//260 
f 262//261 260//259 263//262 
f 264//263 262//261 265//264 
f 266//265 264//263 267//266 
f 268//267 266//265 269//268 
f 270//269 268//267 271//270 
f 272//271 270//269 273//272 
f 274//273 272//271 275//274 
f 276//275 274//273 277//276 
f 278//277 276//275 279//278 
f 280//279 278//277 281//280 
f 282//281 280//279 283//282 
f 284//283 282//281 285//284 
f 286//285 284//283 287//286 
f 2//2 286//285 288//285 
f 288//285 3//2 2//2 
f 287//286 288//285 286//285 
f 285//284 287//286 284//283 
f 283//282 285//284 282//281 
f 281//280 283//282 280//279 
f 279//278 281//280 278//277 
f 277//276 279//278 276//275 
f 275//274 277//276 274//273 
f 273//272 275//274 272//271 
f 271//270 273//272 270//269 
f 269//268 271//270 268//267 
f 267//266 269//268 266//265 
f 265//264 267//266 264//263 
f 263//262 265//264 262//261 
f 261//260 263//262 260//259 
f 259//258 261//260 258//257 
f 257//256 259//258 256//255 
f 255//254 257//256 254//253 
f 253//252 255//254 252//251 
f 251//250 253//252 250//249 
f 249//248 251//250 248//247 
f 247//246 249//248 246//245 
f 245//244 247//246 244//243 
f 243//242 245//244 242//241 
f 241//240 243//242 240//239 
f 239//238 241//240 238//237 
f 237//236 239//238 236//235 
f 235//234 237//236 234//233 
f 233//232 235//234 232//231 
f 231//230 233//232 230//229 
f 229//228 231//230 228//227 
f 227//226 229//228 226//225 
f 225//224 227//226 224//223 
f 223//222 225//224 222//221 
f 221//220 223//222 220//219 
f 219//218 221//220 218//217 
f 217//216 219//218 216//215 
f 215//214 217//216 214//213 
f 213//212 215//214 212//211 
f 211//210 213//212 210//209 
f 209//208 211//210 208//207 
f 207//206 209//208 206//205 
f 205//204 207//206 204//203 
f 203//202 205//204 202//201 
f 201//200 203//202 200//199 
f 199//198 201//200 198//197 
f 197//196 199//198 196//195 
f 195//194 197//196 194//193 
f 193//192 195//194 192//191 
f 191//190 193//192 190//189 
f 189//188 191//190 188//187 
f 187//186 189//188 186//185 
f 185//184 187//186 184//183 
f 183//182 185//184 182//181 
f 181//180 183//182 180//179 
f 179//178 181//180 178//177 
f 177//176 179//178 176//175 
f 175//174 177//176 174//173 
f 173//172 175//174 172//171 
f 171//170 173//172 170//169 
f 169//168 171//170 168//167 
f 167//166 169//168 166//165 
f 165//164 167//166 164//163 
f 163//162 165//164 162//161 
f 161//160 163//162 160//159 
f 159//158 161//160 158//157 
f 157//156 159//158 156//155 
f 155//154 157//156 154//153 
f 153//152 155//154 152//151 
f 151//150 153//152 150//149 
f 149//148 151//150 148//147 
f 147//146 149//148 146//145 
f 145//144 147//146 144//143 
f 143//142 145//144 142//141 
f 141//140 143//142 140//139 
f 139//138 141//140 138//137 
f 137//136 139//138 136//135 
f 135//134 137//136 134//133 
f 133//132 135//134 132//131 
f 131//130 133//132 130//129 
f 129//128 131//130 128//127 
f 127//126 129//128 126//125 
f 125//124 127//126 124//123 
f 123//122 125//124 122//121 
f 121//120 123//122 120//119 
f 119//118 121//120 118//117 
f 117//116 119//118 116//115 
f 115//114 117//116 114//113 
f 113//112 115//114 112//111 
f 111//110 113//112 110//109 
f 109//108 111//110 108//107 
f 107//106 109//108 106//105 
f 105//104 107//106 104//103 
f 103//102 105//104 102//101 
f 101//100 103//102 100//99 
f 99//98 101//100 98//97 
f 97//96 99//98 96//95 
f 95//94 97//96 94//93 
f 93//92 95//94 92//91 
f 91//90 93//92 90//89 
f 89//88 91//90 88//87 
f 87//86 89//88 86//85 
f 85//84 87//86 84//83 
f 83//82 85//84 82//81 
f 81//80 83//82 80//79 
f 79//78 81//80 78//77 
f 77//76 79//78 76//75 
f 75//74 77//76 74//73 
f 73//72 75//74 72//71 
f 71//70 73//72 70//69 
f 69//68 71//70 68//67 
f 67//66 69//68 66//65 
f 65//64 67//66 64//63 
f 63//62 65//64 62//61 
f 61//60 63//62 60//59 
f 59//58 61//60 58//57 
f 57//56 59//58 56//55 
f 55//54 57//56 54//53 
f 53//52 55//54 52//51 
f 51//50 53//52 50//49 
f 49//48 51//50 48//47 
f 47//46 49//48 46//45 
f 45//44 47//46 44//43 
f 43//42 45//44 42//41 
f 41//40 43//42 40//39 
f 39//38 41//40 38//37 
f 37//36 39//38 36//35 
f 35//34 37//36 34//33 
f 33//32 35//34 32//31 
f 31//30 33//32 30//29 
f 29//28 31//30 28//27 
f 27//26 29//28 26//25 
f 25//24 27//26 24//23 
f 23//22 25//24 22//21 
f 21//20 23//22 20//19 
f 19//18 21//20 18//17 
f 17//16 19//18 16//15 
f 15//14 17//16 14//13 
f 13//12 15//14 12//11 
f 11//10 13//12 10//9 
f 9//8 11//10 8//7 
f 7//6 9//8 6//5 
f 5//4 7//6 4//3 
f 3//2 5//4 1//1 
o mesh1
f 289//287 73//287 71//287 
f 289//287 290//287 75//287 
f 291//287 81//287 79//287 
f 75//287 73//287 289//287 
f 77//287 75//287 290//287 
f 291//287 83//287 81//287 
f 291//287 87//287 85//287 
f 290//287 291//287 77//287 
f 85//287 83//287 291//287 
f 63//287 292//287 293//287 
f 87//287 291//287 294//287 
f 79//287 77//287 291//287 
f 293//287 295//287 63//287 
f 296//287 221//287 219//287 
f 297//287 69//287 67//287 
f 71//287 69//287 289//287 
f 69//287 297//287 298//287 
f 63//287 299//287 300//287 
f 63//287 301//287 292//287 
f 219//287 217//287 296//287 
f 217//287 215//287 296//287 
f 302//287 303//287 304//287 
f 302//287 305//287 306//287 
f 87//287 307//287 308//287 
f 87//287 309//287 310//287 
f 67//287 65//287 297//287 
f 298//287 289//287 69//287 
f 63//287 311//287 299//287 
f 63//287 312//287 301//287 
f 63//287 313//287 314//287 
f 296//287 225//287 223//287 
f 288//287 315//287 316//287 
f 306//287 303//287 302//287 
f 317//287 55//287 53//287 
f 317//287 63//287 61//287 
f 310//287 307//287 87//287 
f 294//287 309//287 87//287 
f 295//287 311//287 63//287 
f 63//287 317//287 313//287 
f 318//287 91//287 89//287 
f 296//287 213//287 211//287 
f 223//287 221//287 296//287 
f 215//287 213//287 296//287 
f 316//287 3//287 288//287 
f 302//287 319//287 320//287 
f 304//287 321//287 302//287 
f 322//287 323//287 324//287 
f 317//287 57//287 55//287 
f 61//287 59//287 317//287 
f 65//287 63//287 297//287 
f 314//287 312//287 63//287 
f 318//287 93//287 91//287 
f 318//287 99//287 97//287 
f 318//287 103//287 101//287 
f 296//287 229//287 227//287 
f 325//287 233//287 231//287 
f 325//287 245//287 243//287 
f 288//287 287//287 315//287 
f 316//287 326//287 3//287 
f 287//287 327//287 328//287 
f 320//287 296//287 302//287 
f 302//287 329//287 305//287 
f 330//287 331//287 323//287 
f 324//287 332//287 333//287 
f 324//287 334//287 335//287 
f 59//287 57//287 317//287 
f 300//287 297//287 63//287 
f 318//287 95//287 93//287 
f 101//287 99//287 318//287 
f 318//287 109//287 107//287 
f 318//287 113//287 111//287 
f 336//287 337//287 338//287 
f 339//287 340//287 341//287 
f 227//287 225//287 296//287 
f 231//287 296//287 325//287 
f 231//287 229//287 296//287 
f 325//287 237//287 235//287 
f 325//287 247//287 245//287 
f 243//287 241//287 325//287 
f 325//287 255//287 253//287 
f 327//287 287//287 285//287 
f 328//287 315//287 287//287 
f 321//287 319//287 302//287 
f 302//287 342//287 343//287 
f 302//287 344//287 345//287 
f 331//287 346//287 323//287 
f 324//287 347//287 332//287 
f 324//287 348//287 334//287 
f 324//287 349//287 350//287 
f 351//287 29//287 27//287 
f 351//287 33//287 31//287 
f 352//287 49//287 47//287 
f 308//287 318//287 87//287 
f 97//287 95//287 318//287 
f 111//287 109//287 318//287 
f 107//287 105//287 318//287 
f 338//287 353//287 336//287 
f 341//287 354//287 339//287 
f 296//287 209//287 207//287 
f 211//287 209//287 296//287 
f 325//287 239//287 237//287 
f 235//287 233//287 325//287 
f 241//287 239//287 325//287 
f 253//287 251//287 325//287 
f 251//287 249//287 325//287 
f 325//287 261//287 259//287 
f 283//287 355//287 356//287 
f 343//287 329//287 302//287 
f 302//287 357//287 358//287 
f 302//287 359//287 344//287 
f 302//287 360//287 361//287 
f 302//287 362//287 363//287 
f 323//287 322//287 364//287 
f 324//287 365//287 347//287 
f 350//287 348//287 324//287 
f 351//287 17//287 15//287 
f 351//287 21//287 19//287 
f 351//287 25//287 23//287 
f 31//287 29//287 351//287 
f 47//287 351//287 352//287 
f 113//287 366//287 367//287 
f 113//287 318//287 368//287 
f 89//287 87//287 318//287 
f 51//287 369//287 370//287 
f 336//287 371//287 337//287 
f 338//287 372//287 353//287 
f 371//287 373//287 374//287 
f 339//287 375//287 376//287 
f 339//287 377//287 378//287 
f 339//287 379//287 380//287 
f 339//287 381//287 340//287 
f 296//287 195//287 193//287 
f 296//287 201//287 199//287 
f 296//287 205//287 203//287 
f 249//287 247//287 325//287 
f 259//287 257//287 325//287 
f 257//287 255//287 325//287 
f 355//287 283//287 281//287 
f 356//287 327//287 283//287 
f 275//287 382//287 383//287 
f 275//287 384//287 385//287 
f 275//287 325//287 386//287 
f 296//287 387//287 388//287 
f 296//287 389//287 390//287 
f 296//287 391//287 392//287 
f 358//287 342//287 302//287 
f 302//287 393//287 359//287 
f 302//287 394//287 360//287 
f 302//287 395//287 396//287 
f 363//287 397//287 302//287 
f 302//287 398//287 399//287 
f 302//287 400//287 401//287 
f 323//287 364//287 330//287 
f 335//287 365//287 324//287 
f 331//287 402//287 403//287 
f 331//287 404//287 405//287 
f 349//287 324//287 406//287 
f 407//287 408//287 409//287 
f 19//287 17//287 351//287 
f 27//287 25//287 351//287 
f 351//287 45//287 43//287 
f 352//287 51//287 49//287 
f 113//287 410//287 411//287 
f 368//287 366//287 113//287 
f 105//287 103//287 318//287 
f 51//287 412//287 413//287 
f 370//287 414//287 51//287 
f 373//287 371//287 415//287 
f 374//287 337//287 371//287 
f 339//287 416//287 417//287 
f 339//287 418//287 419//287 
f 378//287 375//287 339//287 
f 339//287 420//287 421//287 
f 339//287 422//287 379//287 
f 339//287 423//287 381//287 
f 339//287 424//287 425//287 
f 296//287 179//287 177//287 
f 296//287 197//287 195//287 
f 203//287 201//287 296//287 
f 355//287 279//287 277//287 
f 285//287 283//287 327//287 
f 275//287 426//287 427//287 
f 385//287 382//287 275//287 
f 386//287 428//287 275//287 
f 428//287 384//287 275//287 
f 390//287 387//287 296//287 
f 388//287 429//287 296//287 
f 320//287 391//287 296//287 
f 361//287 393//287 302//287 
f 397//287 395//287 302//287 
f 302//287 430//287 431//287 
f 302//287 432//287 433//287 
f 401//287 398//287 302//287 
f 302//287 434//287 435//287 
f 331//287 436//287 437//287 
f 331//287 438//287 439//287 
f 331//287 440//287 441//287 
f 331//287 442//287 443//287 
f 331//287 444//287 445//287 
f 324//287 333//287 322//287 
f 405//287 402//287 331//287 
f 331//287 446//287 447//287 
f 406//287 448//287 449//287 
f 331//287 450//287 451//287 
f 409//287 452//287 407//287 
f 23//287 21//287 351//287 
f 351//287 37//287 35//287 
f 351//287 41//287 39//287 
f 47//287 45//287 351//287 
f 113//287 453//287 410//287 
f 53//287 51//287 317//287 
f 414//287 412//287 51//287 
f 51//287 352//287 454//287 
f 455//287 456//287 457//287 
f 419//287 416//287 339//287 
f 421//287 377//287 339//287 
f 354//287 422//287 339//287 
f 425//287 458//287 339//287 
f 458//287 423//287 339//287 
f 296//287 151//287 149//287 
f 296//287 155//287 153//287 
f 296//287 173//287 171//287 
f 177//287 175//287 296//287 
f 199//287 197//287 296//287 
f 325//287 265//287 263//287 
f 325//287 269//287 267//287 
f 325//287 275//287 273//287 
f 281//287 279//287 355//287 
f 275//287 459//287 460//287 
f 427//287 461//287 275//287 
f 383//287 426//287 275//287 
f 296//287 462//287 463//287 
f 429//287 462//287 296//287 
f 345//287 357//287 302//287 
f 431//287 362//287 302//287 
f 399//287 432//287 302//287 
f 435//287 464//287 302//287 
f 302//287 465//287 466//287 
f 437//287 302//287 331//287 
f 437//287 465//287 302//287 
f 331//287 467//287 468//287 
f 441//287 438//287 331//287 
f 331//287 469//287 470//287 
f 443//287 471//287 331//287 
f 471//287 469//287 331//287 
f 445//287 472//287 331//287 
f 403//287 346//287 331//287 
f 447//287 473//287 331//287 
f 406//287 474//287 448//287 
f 406//287 475//287 476//287 
f 406//287 477//287 478//287 
f 331//287 479//287 480//287 
f 331//287 481//287 482//287 
f 331//287 483//287 484//287 
f 331//287 485//287 486//287 
f 451//287 487//287 331//287 
f 452//287 488//287 489//287 
f 452//287 490//287 491//287 
f 452//287 492//287 493//287 
f 409//287 494//287 452//287 
f 35//287 33//287 351//287 
f 43//287 41//287 351//287 
f 367//287 453//287 113//287 
f 454//287 369//287 51//287 
f 456//287 455//287 495//287 
f 457//287 373//287 455//287 
f 496//287 497//287 498//287 
f 496//287 499//287 500//287 
f 496//287 351//287 501//287 
f 13//287 339//287 502//287 
f 339//287 503//287 504//287 
f 339//287 505//287 506//287 
f 376//287 418//287 339//287 
f 339//287 507//287 508//287 
f 153//287 151//287 296//287 
f 296//287 159//287 157//287 
f 296//287 169//287 167//287 
f 175//287 173//287 296//287 
f 296//287 183//287 181//287 
f 296//287 191//287 189//287 
f 207//287 205//287 296//287 
f 267//287 265//287 325//287 
f 273//287 271//287 325//287 
f 460//287 355//287 275//287 
f 463//287 509//287 296//287 
f 396//287 394//287 302//287 
f 302//287 510//287 511//287 
f 302//287 512//287 513//287 
f 302//287 514//287 515//287 
f 302//287 516//287 517//287 
f 464//287 400//287 302//287 
f 466//287 434//287 302//287 
f 439//287 467//287 331//287 
f 331//287 518//287 519//287 
f 470//287 520//287 331//287 
f 520//287 518//287 331//287 
f 472//287 442//287 331//287 
f 473//287 404//287 331//287 
f 406//287 521//287 474//287 
f 478//287 475//287 406//287 
f 522//287 523//287 524//287 
f 522//287 525//287 526//287 
f 331//287 527//287 528//287 
f 331//287 529//287 530//287 
f 331//287 531//287 532//287 
f 482//287 479//287 331//287 
f 331//287 533//287 534//287 
f 331//287 535//287 483//287 
f 487//287 485//287 331//287 
f 331//287 536//287 537//287 
f 407//287 538//287 539//287 
f 540//287 541//287 542//287 
f 543//287 540//287 544//287 
f 452//287 545//287 546//287 
f 452//287 547//287 548//287 
f 452//287 549//287 550//287 
f 489//287 551//287 452//287 
f 551//287 549//287 452//287 
f 452//287 552//287 553//287 
f 452//287 554//287 490//287 
f 491//287 555//287 452//287 
f 494//287 492//287 452//287 
f 407//287 556//287 557//287 
f 407//287 558//287 559//287 
f 407//287 560//287 561//287 
f 407//287 562//287 563//287 
f 117//287 564//287 565//287 
f 39//287 37//287 351//287 
f 413//287 317//287 51//287 
f 456//287 566//287 567//287 
f 415//287 455//287 373//287 
f 496//287 568//287 569//287 
f 500//287 497//287 496//287 
f 501//287 570//287 496//287 
f 570//287 499//287 496//287 
f 339//287 571//287 502//287 
f 506//287 503//287 339//287 
f 380//287 420//287 339//287 
f 339//287 572//287 573//287 
f 508//287 574//287 339//287 
f 157//287 155//287 296//287 
f 296//287 163//287 161//287 
f 167//287 165//287 296//287 
f 181//287 179//287 296//287 
f 296//287 187//287 185//287 
f 193//287 191//287 296//287 
f 271//287 269//287 325//287 
f 461//287 459//287 275//287 
f 296//287 509//287 575//287 
f 392//287 389//287 296//287 
f 513//287 510//287 302//287 
f 515//287 576//287 302//287 
f 302//287 577//287 578//287 
f 433//287 516//287 302//287 
f 468//287 436//287 331//287 
f 331//287 579//287 580//287 
f 331//287 581//287 582//287 
f 330//287 444//287 331//287 
f 476//287 521//287 406//287 
f 477//287 406//287 522//287 
f 526//287 523//287 522//287 
f 524//287 583//287 522//287 
f 530//287 527//287 331//287 
f 480//287 531//287 331//287 
f 331//287 584//287 585//287 
f 331//287 586//287 533//287 
f 486//287 535//287 331//287 
f 331//287 587//287 588//287 
f 537//287 589//287 331//287 
f 589//287 587//287 331//287 
f 331//287 590//287 591//287 
f 407//287 592//287 538//287 
f 539//287 593//287 407//287 
f 407//287 594//287 595//287 
f 407//287 596//287 597//287 
f 407//287 598//287 599//287 
f 600//287 601//287 602//287 
f 542//287 603//287 540//287 
f 603//287 601//287 540//287 
f 540//287 604//287 605//287 
f 544//287 372//287 543//287 
f 544//287 353//287 372//287 
f 548//287 545//287 452//287 
f 452//287 606//287 607//287 
f 452//287 608//287 609//287 
f 452//287 555//287 552//287 
f 553//287 608//287 452//287 
f 493//287 554//287 452//287 
f 407//287 610//287 611//287 
f 559//287 556//287 407//287 
f 407//287 612//287 560//287 
f 407//287 613//287 614//287 
f 407//287 615//287 616//287 
f 407//287 617//287 562//287 
f 7//287 618//287 619//287 
f 620//287 7//287 5//287 
f 407//287 621//287 622//287 
f 407//287 623//287 624//287 
f 117//287 625//287 626//287 
f 565//287 627//287 117//287 
f 113//287 628//287 629//287 
f 411//287 628//287 113//287 
f 351//287 630//287 631//287 
f 351//287 632//287 633//287 
f 351//287 496//287 634//287 
f 495//287 566//287 456//287 
f 496//287 635//287 636//287 
f 569//287 637//287 496//287 
f 498//287 568//287 496//287 
f 339//287 638//287 571//287 
f 417//287 505//287 339//287 
f 574//287 572//287 339//287 
f 339//287 639//287 640//287 
f 339//287 641//287 642//287 
f 161//287 159//287 296//287 
f 171//287 169//287 296//287 
f 189//287 187//287 296//287 
f 277//287 275//287 355//287 
f 296//287 643//287 644//287 
f 576//287 512//287 302//287 
f 517//287 577//287 302//287 
f 580//287 440//287 331//287 
f 519//287 581//287 331//287 
f 406//287 449//287 349//287 
f 532//287 529//287 331//287 
f 331//287 645//287 646//287 
f 331//287 647//287 648//287 
f 534//287 584//287 331//287 
f 588//287 450//287 331//287 
f 591//287 536//287 331//287 
f 331//287 649//287 650//287 
f 407//287 593//287 649//287 
f 407//287 651//287 592//287 
f 597//287 594//287 407//287 
f 595//287 651//287 407//287 
f 407//287 652//287 598//287 
f 599//287 653//287 407//287 
f 600//287 654//287 655//287 
f 602//287 656//287 600//287 
f 605//287 541//287 540//287 
f 601//287 600//287 657//287 
f 550//287 547//287 452//287 
f 607//287 658//287 452//287 
f 658//287 488//287 452//287 
f 452//287 659//287 660//287 
f 611//287 408//287 407//287 
f 407//287 661//287 558//287 
f 407//287 662//287 663//287 
f 407//287 664//287 612//287 
f 616//287 613//287 407//287 
f 407//287 665//287 617//287 
f 13//287 666//287 667//287 
f 619//287 668//287 7//287 
f 668//287 666//287 7//287 
f 7//287 669//287 670//287 
f 5//287 326//287 620//287 
f 5//287 3//287 326//287 
f 624//287 621//287 407//287 
f 407//287 671//287 672//287 
f 407//287 117//287 673//287 
f 117//287 674//287 675//287 
f 627//287 625//287 117//287 
f 117//287 676//287 677//287 
f 15//287 13//287 351//287 
f 678//287 117//287 115//287 
f 633//287 630//287 351//287 
f 634//287 679//287 351//287 
f 636//287 456//287 496//287 
f 504//287 638//287 339//287 
f 640//287 507//287 339//287 
f 642//287 680//287 339//287 
f 680//287 681//287 339//287 
f 407//287 296//287 137//287 
f 165//287 163//287 296//287 
f 263//287 261//287 325//287 
f 575//287 643//287 296//287 
f 578//287 514//287 302//287 
f 582//287 579//287 331//287 
f 522//287 583//287 477//287 
f 646//287 481//287 331//287 
f 585//287 647//287 331//287 
f 649//287 331//287 407//287 
f 650//287 590//287 331//287 
f 407//287 452//287 682//287 
f 656//287 654//287 600//287 
f 543//287 604//287 540//287 
f 657//287 683//287 601//287 
f 546//287 600//287 452//287 
f 609//287 659//287 452//287 
f 557//287 610//287 407//287 
f 407//287 684//287 662//287 
f 614//287 664//287 407//287 
f 563//287 685//287 407//287 
f 407//287 686//287 687//287 
f 407//287 688//287 689//287 
f 13//287 690//287 691//287 
f 667//287 692//287 13//287 
f 670//287 618//287 7//287 
f 666//287 13//287 11//287 
f 672//287 623//287 407//287 
f 673//287 693//287 407//287 
f 675//287 694//287 117//287 
f 677//287 564//287 117//287 
f 117//287 678//287 695//287 
f 115//287 113//287 678//287 
f 679//287 632//287 351//287 
f 637//287 635//287 496//287 
f 13//287 696//287 697//287 
f 573//287 424//287 339//287 
f 339//287 698//287 699//287 
f 681//287 700//287 339//287 
f 339//287 522//287 701//287 
f 407//287 133//287 131//287 
f 137//287 135//287 407//287 
f 185//287 183//287 296//287 
f 511//287 430//287 302//287 
f 522//287 339//287 702//287 
f 648//287 645//287 331//287 
f 653//287 596//287 407//287 
f 682//287 703//287 407//287 
f 703//287 652//287 407//287 
f 655//287 704//287 600//287 
f 683//287 540//287 601//287 
f 660//287 606//287 452//287 
f 663//287 661//287 407//287 
f 685//287 615//287 407//287 
f 407//287 705//287 706//287 
f 407//287 707//287 708//287 
f 687//287 709//287 407//287 
f 407//287 710//287 688//287 
f 407//287 711//287 712//287 
f 692//287 690//287 13//287 
f 620//287 669//287 7//287 
f 11//287 9//287 666//287 
f 693//287 671//287 407//287 
f 626//287 674//287 117//287 
f 629//287 678//287 113//287 
f 567//287 496//287 456//287 
f 13//287 713//287 714//287 
f 502//287 696//287 13//287 
f 339//287 700//287 698//287 
f 699//287 639//287 339//287 
f 701//287 641//287 339//287 
f 407//287 127//287 125//287 
f 131//287 129//287 407//287 
f 129//287 127//287 407//287 
f 296//287 139//287 137//287 
f 296//287 143//287 141//287 
f 644//287 325//287 296//287 
f 702//287 525//287 522//287 
f 484//287 586//287 331//287 
f 600//287 715//287 716//287 
f 706//287 665//287 407//287 
f 709//287 707//287 407//287 
f 712//287 710//287 407//287 
f 407//287 717//287 718//287 
f 691//287 719//287 13//287 
f 9//287 7//287 666//287 
f 694//287 673//287 117//287 
f 631//287 352//287 351//287 
f 697//287 713//287 13//287 
f 141//287 139//287 296//287 
f 296//287 147//287 145//287 
f 704//287 715//287 600//287 
f 561//287 684//287 407//287 
f 708//287 720//287 407//287 
f 718//287 711//287 407//287 
f 13//287 721//287 722//287 
f 695//287 676//287 117//287 
f 125//287 123//287 407//287 
f 145//287 143//287 296//287 
f 528//287 446//287 331//287 
f 407//287 723//287 724//287 
f 689//287 686//287 407//287 
f 719//287 721//287 13//287 
f 714//287 351//287 13//287 
f 407//287 121//287 119//287 
f 135//287 133//287 407//287 
f 716//287 452//287 600//287 
f 720//287 723//287 407//287 
f 622//287 717//287 407//287 
f 123//287 121//287 407//287 
f 724//287 705//287 407//287 
f 119//287 117//287 407//287 
f 722//287 339//287 13//287 
f 149//287 147//287 296//287 
o mesh2
f 302//288 725//288 726//288 
f 726//288 331//288 302//288 
f 726//288 727//288 331//288 
o mesh3
f 331//289 727//289 728//289 
f 728//289 407//289 331//289 
f 728//289 729//289 407//289 
o mesh4
f 407//290 729//290 730//290 
f 730//290 296//290 407//290 
f 730//290 731//290 296//290 
o mesh5
f 302//291 296//291 732//291 
f 296//291 731//291 732//291 
f 732//291 725//291 302//291 
o mesh6
f 733//292 734//293 402//293 
f 735//294 733//292 405//295 
f 736//296 735//294 404//297 
f 737//298 736//296 473//299 
f 738//300 737//298 447//301 
f 739//302 738//300 446//303 
f 740//304 739//302 528//305 
f 741//306 740//304 527//307 
f 742//308 741//306 530//309 
f 743//310 742//308 529//311 
f 744//312 743//310 532//313 
f 745//314 744//312 531//315 
f 746//316 745//314 480//317 
f 747//318 746//316 479//319 
f 748//320 747//318 482//321 
f 749//322 748//320 481//323 
f 750//324 749//322 646//325 
f 751//326 750//324 645//327 
f 752//328 751//326 648//329 
f 753//330 752//328 647//331 
f 754//332 753//330 585//333 
f 755//334 754//332 584//335 
f 756//336 755//334 534//337 
f 757//338 756//336 533//339 
f 758//340 757//338 586//341 
f 759//342 758//340 484//343 
f 760//344 759//342 483//345 
f 761//346 760//344 535//347 
f 762//348 761//346 486//349 
f 763//350 762//348 485//351 
f 764//352 763//350 487//353 
f 765//354 764//352 451//355 
f 766//356 765//354 450//357 
f 767//358 766//356 588//359 
f 768//360 767//358 587//361 
f 769//362 768//360 589//363 
f 770//364 769//362 537//365 
f 771//366 770//364 536//367 
f 772//368 771//366 591//369 
f 773//370 772//368 590//371 
f 774//372 773//370 650//373 
f 775//374 774//372 649//375 
f 776//376 775//374 593//377 
f 777//378 776//376 539//379 
f 778//380 777//378 538//381 
f 779//382 778//380 592//383 
f 780//384 779//382 651//385 
f 781//386 780//384 595//387 
f 782//388 781//386 594//389 
f 783//390 782//388 597//391 
f 784//392 783//390 596//393 
f 785//394 784//392 653//395 
f 786//396 785//394 599//397 
f 787//398 786//396 598//399 
f 788//400 787//398 652//401 
f 789//402 788//400 703//403 
f 790//404 789//402 682//405 
f 791//406 790//404 452//407 
f 792//408 791//406 716//409 
f 793//410 792//408 715//411 
f 794//412 793//410 704//413 
f 795//414 794//412 655//415 
f 796//416 795//414 654//417 
f 797//418 796//416 656//419 
f 798//420 797//418 602//421 
f 799//422 798//420 601//423 
f 800//424 799//422 603//425 
f 801//426 800//424 542//427 
f 802//428 801//426 541//429 
f 803//430 802//428 605//431 
f 804//432 803//430 604//433 
f 805//434 804//432 543//435 
f 806//436 805//434 372//437 
f 807//438 806//436 338//439 
f 808//440 807//438 337//441 
f 809//442 808//440 374//443 
f 810//444 809//442 373//445 
f 811//446 810//444 457//447 
f 812//448 811//446 456//449 
f 813//450 812//448 636//451 
f 814//452 813//450 635//453 
f 815//454 814//452 637//455 
f 816//456 815//454 569//457 
f 817//458 816//456 568//459 
f 818//460 817//458 498//461 
f 819//462 818//460 497//463 
f 820//464 819//462 500//465 
f 821//466 820//464 499//467 
f 822//468 821//466 570//469 
f 823//470 822//468 501//471 
f 824//472 823//470 351//473 
f 825//474 824//472 714//475 
f 826//476 825//474 713//477 
f 827//478 826//476 697//479 
f 828//480 827//478 696//481 
f 829//482 828//480 502//483 
f 830//484 829//482 571//485 
f 831//486 830//484 638//487 
f 832//488 831//486 504//489 
f 833//490 832//488 503//491 
f 834//492 833//490 506//493 
f 835//494 834//492 505//495 
f 836//496 835//494 417//497 
f 837//498 836//496 416//499 
f 838//500 837//498 419//501 
f 839//502 838//500 418//503 
f 840//504 839//502 376//505 
f 841//506 840//504 375//507 
f 842//508 841//506 378//509 
f 843//510 842//508 377//511 
f 844//512 843//510 421//513 
f 845//514 844//512 420//515 
f 846//516 845//514 380//517 
f 847//518 846//516 379//519 
f 848//520 847//518 422//521 
f 849//522 848//520 354//523 
f 850//524 849//522 341//525 
f 851//526 850//524 340//527 
f 852//528 851//526 381//529 
f 853//530 852//528 423//531 
f 854//532 853//530 458//533 
f 855//534 854//532 425//535 
f 856//536 855//534 424//537 
f 857//538 856//536 573//539 
f 858//540 857//538 572//541 
f 859//542 858//540 574//543 
f 860//544 859//542 508//545 
f 861//546 860//544 507//547 
f 862//548 861//546 640//549 
f 863//550 862//548 639//551 
f 864//552 863//550 699//553 
f 865//554 864//552 698//555 
f 866//556 865//554 700//557 
f 867//558 866//556 681//559 
f 868//560 867//558 680//561 
f 869//562 868//560 642//563 
f 870//564 869//562 641//565 
f 871//566 870//564 701//567 
f 872//568 871//566 522//569 
f 873//570 872//568 406//571 
f 874//572 873//570 324//573 
f 875//574 874//572 323//575 
f 876//576 875//574 346//577 
f 734//293 876//576 403//576 
f 403//576 402//293 734//293 
f 346//577 403//576 876//576 
f 323//575 346//577 875//574 
f 324//573 323//575 874//572 
f 406//571 324//573 873//570 
f 522//569 406//571 872//568 
f 701//567 522//569 871//566 
f 641//565 701//567 870//564 
f 642//563 641//565 869//562 
f 680//561 642//563 868//560 
f 681//559 680//561 867//558 
f 700//557 681//559 866//556 
f 698//555 700//557 865//554 
f 699//553 698//555 864//552 
f 639//551 699//553 863//550 
f 640//549 639//551 862//548 
f 507//547 640//549 861//546 
f 508//545 507//547 860//544 
f 574//543 508//545 859//542 
f 572//541 574//543 858//540 
f 573//539 572//541 857//538 
f 424//537 573//539 856//536 
f 425//535 424//537 855//534 
f 458//533 425//535 854//532 
f 423//531 458//533 853//530 
f 381//529 423//531 852//528 
f 340//527 381//529 851//526 
f 341//525 340//527 850//524 
f 354//523 341//525 849//522 
f 422//521 354//523 848//520 
f 379//519 422//521 847//518 
f 380//517 379//519 846//516 
f 420//515 380//517 845//514 
f 421//513 420//515 844//512 
f 377//511 421//513 843//510 
f 378//509 377//511 842//508 
f 375//507 378//509 841//506 
f 376//505 375//507 840//504 
f 418//503 376//505 839//502 
f 419//501 418//503 838//500 
f 416//499 419//501 837//498 
f 417//497 416//499 836//496 
f 505//495 417//497 835//494 
f 506//493 505//495 834//492 
f 503//491 506//493 833//490 
f 504//489 503//491 832//488 
f 638//487 504//489 831//486 
f 571//485 638//487 830//484 
f 502//483 571//485 829//482 
f 696//481 502//483 828//480 
f 697//479 696//481 827//478 
f 713//477 697//479 826//476 
f 714//475 713//477 825//474 
f 351//473 714//475 824//472 
f 501//471 351//473 823//470 
f 570//469 501//471 822//468 
f 499//467 570//469 821//466 
f 500//465 499//467 820//464 
f 497//463 500//465 819//462 
f 498//461 497//463 818//460 
f 568//459 498//461 817//458 
f 569//457 568//459 816//456 
f 637//455 569//457 815//454 
f 635//453 637//455 814//452 
f 636//451 635//453 813//450 
f 456//449 636//451 812//448 
f 457//447 456//449 811//446 
f 373//445 457//447 810//444 
f 374//443 373//445 809//442 
f 337//441 374//443 808//440 
f 338//439 337//441 807//438 
f 372//437 338//439 806//436 
f 543//435 372//437 805//434 
f 604//433 543//435 804//432 
f 605//431 604//433 803//430 
f 541//429 605//431 802//428 
f 542//427 541//429 801//426 
f 603//425 542//427 800//424 
f 601//423 603//425 799//422 
f 602//421 601//423 798//420 
f 656//419 602//421 797//418 
f 654//417 656//419 796//416 
f 655//415 654//417 795//414 
f 704//413 655//415 794//412 
f 715//411 704//413 793//410 
f 716//409 715//411 792//408 
f 452//407 716//409 791//406 
f 682//405 452//407 790//404 
f 703//403 682//405 789//402 
f 652//401 703//403 788//400 
f 598//399 652//401 787//398 
f 599//397 598//399 786//396 
f 653//395 599//397 785//394 
f 596//393 653//395 784//392 
f 597//391 596//393 783//390 
f 594//389 597//391 782//388 
f 595//387 594//389 781//386 
f 651//385 595//387 780//384 
f 592//383 651//385 779//382 
f 538//381 592//383 778//380 
f 539//379 538//381 777//378 
f 593//377 539//379 776//376 
f 649//375 593//377 775//374 
f 650//373 649//375 774//372 
f 590//371 650//373 773//370 
f 591//369 590//371 772//368 
f 536//367 591//369 771//366 
f 537//365 536//367 770//364 
f 589//363 537//365 769//362 
f 587//361 589//363 768//360 
f 588//359 587//361 767//358 
f 450//357 588//359 766//356 
f 451//355 450//357 765//354 
f 487//353 451//355 764//352 
f 485//351 487//353 763//350 
f 486//349 485//351 762//348 
f 535//347 486//349 761//346 
f 483//345 535//347 760//344 
f 484//343 483//345 759//342 
f 586//341 484//343 758//340 
f 533//339 586//341 757//338 
f 534//337 533//339 756//336 
f 584//335 534//337 755//334 
f 585//333 584//335 754//332 
f 647//331 585//333 753//330 
f 648//329 647//331 752//328 
f 645//327 648//329 751//326 
f 646//325 645//327 750//324 
f 481//323 646//325 749//322 
f 482//321 481//323 748//320 
f 479//319 482//321 747//318 
f 480//317 479//319 746//316 
f 531//315 480//317 745//314 
f 532//313 531//315 744//312 
f 529//311 532//313 743//310 
f 530//309 529//311 742//308 
f 527//307 530//309 741//306 
f 528//305 527//307 740//304 
f 446//303 528//305 739//302 
f 447//301 446//303 738//300 
f 473//299 447//301 737//298 
f 404//297 473//299 736//296 
f 405//295 404//297 735//294 
f 402//293 405//295 733//292 
o mesh7
f 877//578 878//579 353//579 
f 879//580 877//578 544//581 
f 880//582 879//580 540//583 
f 881//584 880//582 683//585 
f 882//586 881//584 657//587 
f 883//588 882//586 600//589 
f 884//590 883//588 546//591 
f 885//592 884//590 545//593 
f 886//594 885//592 548//595 
f 887//596 886//594 547//597 
f 888//598 887//596 550//599 
f 889//600 888//598 549//601 
f 890//602 889//600 551//603 
f 891//604 890//602 489//605 
f 892//606 891//604 488//607 
f 893//608 892//606 658//609 
f 894//610 893//608 607//611 
f 895//612 894//610 606//613 
f 896//614 895//612 660//615 
f 897//616 896//614 659//617 
f 898//618 897//616 609//619 
f 899//620 898//618 608//621 
f 900//622 899//620 553//623 
f 901//624 900//622 552//625 
f 902//626 901//624 555//627 
f 903//628 902//626 491//629 
f 904//630 903//628 490//631 
f 905//632 904//630 554//633 
f 906//634 905//632 493//635 
f 907//636 906//634 492//637 
f 908//638 907//636 494//639 
f 909//640 908//638 409//641 
f 910//642 909//640 408//643 
f 911//644 910//642 611//645 
f 912//646 911//644 610//647 
f 913//648 912//646 557//649 
f 914//650 913//648 556//651 
f 915//652 914//650 559//653 
f 916//654 915//652 558//655 
f 917//656 916//654 661//657 
f 918//658 917//656 663//659 
f 919//660 918//658 662//661 
f 920//662 919//660 684//663 
f 921//664 920//662 561//665 
f 922//666 921//664 560//667 
f 923//668 922//666 612//669 
f 924//670 923//668 664//671 
f 925//672 924//670 614//673 
f 926//674 925//672 613//675 
f 927//676 926//674 616//677 
f 928//678 927//676 615//679 
f 929//680 928//678 685//681 
f 930//682 929//680 563//683 
f 931//684 930//682 562//685 
f 932//686 931//684 617//687 
f 933//688 932//686 665//689 
f 934//690 933//688 706//691 
f 935//692 934//690 705//693 
f 936//694 935//692 724//695 
f 937//696 936//694 723//697 
f 938//698 937//696 720//699 
f 939//700 938//698 708//701 
f 940//702 939//700 707//703 
f 941//704 940//702 709//705 
f 942//706 941//704 687//707 
f 943//708 942//706 686//709 
f 944//710 943//708 689//711 
f 945//712 944//710 688//713 
f 946//714 945//712 710//715 
f 947//716 946//714 712//717 
f 948//718 947//716 711//719 
f 949//720 948//718 718//721 
f 950//722 949//720 717//723 
f 951//724 950//722 622//725 
f 952//726 951//724 621//727 
f 953//728 952//726 624//729 
f 954//730 953//728 623//731 
f 955//732 954//730 672//733 
f 956//734 955//732 671//735 
f 957//736 956//734 693//737 
f 958//738 957//736 673//739 
f 959//740 958//738 694//741 
f 960//742 959//740 675//743 
f 961//744 960//742 674//745 
f 962//746 961//744 626//747 
f 963//748 962//746 625//749 
f 964//750 963//748 627//751 
f 965//752 964//750 565//753 
f 966//754 965//752 564//755 
f 967//756 966//754 677//757 
f 968//758 967//756 676//759 
f 969//760 968//758 695//761 
f 970//762 969//760 678//763 
f 971//764 970//762 629//765 
f 972//766 971//764 628//767 
f 973//768 972//766 411//769 
f 974//770 973//768 410//771 
f 975//772 974//770 453//773 
f 976//774 975//772 367//775 
f 977//776 976//774 366//777 
f 978//778 977//776 368//779 
f 979//780 978//778 318//781 
f 980//782 979//780 308//783 
f 981//784 980//782 307//785 
f 982//786 981//784 310//787 
f 983//788 982//786 309//789 
f 984//790 983//788 294//791 
f 985//792 984//790 291//793 
f 986//794 985//792 290//795 
f 987//796 986//794 289//797 
f 988//798 987//796 298//799 
f 989//800 988//798 297//801 
f 990//802 989//800 300//803 
f 991//804 990//802 299//805 
f 992//806 991//804 311//807 
f 993//808 992//806 295//809 
f 994//810 993//808 293//811 
f 995//812 994//810 292//813 
f 996//814 995//812 301//815 
f 997//816 996//814 312//817 
f 998//818 997//816 314//819 
f 999//820 998//818 313//821 
f 1000//822 999//820 317//823 
f 1001//824 1000//822 413//825 
f 1002//826 1001//824 412//827 
f 1003//828 1002//826 414//829 
f 1004//830 1003//828 370//831 
f 1005//832 1004//830 369//833 
f 1006//834 1005//832 454//835 
f 1007//836 1006//834 352//837 
f 1008//838 1007//836 631//839 
f 1009//840 1008//838 630//841 
f 1010//842 1009//840 633//843 
f 1011//844 1010//842 632//845 
f 1012//846 1011//844 679//847 
f 1013//848 1012//846 634//849 
f 1014//850 1013//848 496//851 
f 1015//852 1014//850 567//853 
f 1016//854 1015//852 566//855 
f 1017//856 1016//854 495//857 
f 1018//858 1017//856 455//859 
f 1019//860 1018//858 415//861 
f 1020//862 1019//860 371//863 
f 878//579 1020//862 336//862 
f 336//862 353//579 878//579 
f 371//863 336//862 1020//862 
f 415//861 371//863 1019//860 
f 455//859 415//861 1018//858 
f 495//857 455//859 1017//856 
f 566//855 495//857 1016//854 
f 567//853 566//855 1015//852 
f 496//851 567//853 1014//850 
f 634//849 496//851 1013//848 
f 679//847 634//849 1012//846 
f 632//845 679//847 1011//844 
f 633//843 632//845 1010//842 
f 630//841 633//843 1009//840 
f 631//839 630//841 1008//838 
f 352//837 631//839 1007//836 
f 454//835 352//837 1006//834 
f 369//833 454//835 1005//832 
f 370//831 369//833 1004//830 
f 414//829 370//831 1003//828 
f 412//827 414//829 1002//826 
f 413//825 412//827 1001//824 
f 317//823 413//825 1000//822 
f 313//821 317//823 999//820 
f 314//819 313//821 998//818 
f 312//817 314//819 997//816 
f 301//815 312//817 996//814 
f 292//813 301//815 995//812 
f 293//811 292//813 994//810 
f 295//809 293//811 993//808 
f 311//807 295//809 992//806 
f 299//805 311//807 991//804 
f 300//803 299//805 990//802 
f 297//801 300//803 989//800 
f 298//799 297//801 988//798 
f 289//797 298//799 987//796 
f 290//795 289//797 986//794 
f 291//793 290//795 985//792 
f 294//791 291//793 984//790 
f 309//789 294//791 983//788 
f 310//787 309//789 982//786 
f 307//785 310//787 981//784 
f 308//783 307//785 980//782 
f 318//781 308//783 979//780 
f 368//779 318//781 978//778 
f 366//777 368//779 977//776 
f 367//775 366//777 976//774 
f 453//773 367//775 975//772 
f 410//771 453//773 974//770 
f 411//769 410//771 973//768 
f 628//767 411//769 972//766 
f 629//765 628//767 971//764 
f 678//763 629//765 970//762 
f 695//761 678//763 969//760 
f 676//759 695//761 968//758 
f 677//757 676//759 967//756 
f 564//755 677//757 966//754 
f 565//753 564//755 965//752 
f 627//751 565//753 964//750 
f 625//749 627//751 963//748 
f 626//747 625//749 962//746 
f 674//745 626//747 961//744 
f 675//743 674//745 960//742 
f 694//741 675//743 959//740 
f 673//739 694//741 958//738 
f 693//737 673//739 957//736 
f 671//735 693//737 956//734 
f 672//733 671//735 955//732 
f 623//731 672//733 954//730 
f 624//729 623//731 953//728 
f 621//727 624//729 952//726 
f 622//725 621//727 951//724 
f 717//723 622//725 950//722 
f 718//721 717//723 949//720 
f 711//719 718//721 948//718 
f 712//717 711//719 947//716 
f 710//715 712//717 946//714 
f 688//713 710//715 945//712 
f 689//711 688//713 944//710 
f 686//709 689//711 943//708 
f 687//707 686//709 942//706 
f 709//705 687//707 941//704 
f 707//703 709//705 940//702 
f 708//701 707//703 939//700 
f 720//699 708//701 938//698 
f 723//697 720//699 937//696 
f 724//695 723//697 936//694 
f 705//693 724//695 935//692 
f 706//691 705//693 934//690 
f 665//689 706//691 933//688 
f 617//687 665//689 932//686 
f 562//685 617//687 931//684 
f 563//683 562//685 930//682 
f 685//681 563//683 929//680 
f 615//679 685//681 928//678 
f 616//677 615//679 927//676 
f 613//675 616//677 926//674 
f 614//673 613//675 925//672 
f 664//671 614//673 924//670 
f 612//669 664//671 923//668 
f 560//667 612//669 922//666 
f 561//665 560//667 921//664 
f 684//663 561//665 920//662 
f 662//661 684//663 919//660 
f 663//659 662//661 918//658 
f 661//657 663//659 917//656 
f 558//655 661//657 916//654 
f 559//653 558//655 915//652 
f 556//651 559//653 914//650 
f 557//649 556//651 913//648 
f 610//647 557//649 912//646 
f 611//645 610//647 911//644 
f 408//643 611//645 910//642 
f 409//641 408//643 909//640 
f 494//639 409//641 908//638 
f 492//637 494//639 907//636 
f 493//635 492//637 906//634 
f 554//633 493//635 905//632 
f 490//631 554//633 904//630 
f 491//629 490//631 903//628 
f 555//627 491//629 902//626 
f 552//625 555//627 901//624 
f 553//623 552//625 900//622 
f 608//621 553//623 899//620 
f 609//619 608//621 898//618 
f 659//617 609//619 897//616 
f 660//615 659//617 896//614 
f 606//613 660//615 895//612 
f 607//611 606//613 894//610 
f 658//609 607//611 893//608 
f 488//607 658//609 892//606 
f 489//605 488//607 891//604 
f 551//603 489//605 890//602 
f 549//601 551//603 889//600 
f 550//599 549//601 888//598 
f 547//597 550//599 887//596 
f 548//595 547//597 886//594 
f 545//593 548//595 885//592 
f 546//591 545//593 884//590 
f 600//589 546//591 883//588 
f 657//587 600//589 882//586 
f 683//585 657//587 881//584 
f 540//583 683//585 880//582 
f 544//581 540//583 879//580 
f 353//579 544//581 877//578 
o mesh8
f 1021//864 1022//865 398//865 
f 1023//866 1021//864 401//867 
f 1024//868 1023//866 400//869 
f 1025//870 1024//868 464//871 
f 1026//872 1025//870 435//873 
f 1027//874 1026//872 434//875 
f 1028//876 1027//874 466//877 
f 1029//878 1028//876 465//879 
f 1030//880 1029//878 437//881 
f 1031//882 1030//880 436//883 
f 1032//884 1031//882 468//885 
f 1033//886 1032//884 467//887 
f 1034//888 1033//886 439//889 
f 1035//890 1034//888 438//891 
f 1036//892 1035//890 441//893 
f 1037//894 1036//892 440//895 
f 1038//896 1037//894 580//897 
f 1039//898 1038//896 579//899 
f 1040//900 1039//898 582//901 
f 1041//902 1040//900 581//903 
f 1042//904 1041//902 519//905 
f 1043//906 1042//904 518//907 
f 1044//908 1043//906 520//909 
f 1045//910 1044//908 470//911 
f 1046//912 1045//910 469//913 
f 1047//914 1046//912 471//915 
f 1048//916 1047//914 443//917 
f 1049//918 1048//916 442//919 
f 1050//920 1049//918 472//921 
f 1051//922 1050//920 445//923 
f 1052//924 1051//922 444//925 
f 1053//926 1052//924 330//927 
f 1054//928 1053//926 364//929 
f 1055//930 1054//928 322//931 
f 1056//932 1055//930 333//933 
f 1057//934 1056//932 332//935 
f 1058//936 1057//934 347//937 
f 1059//938 1058//936 365//939 
f 1060//940 1059//938 335//941 
f 1061//942 1060//940 334//943 
f 1062//944 1061//942 348//945 
f 1063//946 1062//944 350//947 
f 1064//948 1063//946 349//949 
f 1065//950 1064//948 449//951 
f 1066//952 1065//950 448//953 
f 1067//954 1066//952 474//955 
f 1068//956 1067//954 521//957 
f 1069//958 1068//956 476//959 
f 1070//960 1069//958 475//961 
f 1071//962 1070//960 478//963 
f 1072//964 1071//962 477//965 
f 1073//966 1072//964 583//967 
f 1074//968 1073//966 524//969 
f 1075//970 1074//968 523//971 
f 1076//972 1075//970 526//973 
f 1077//974 1076//972 525//975 
f 1078//976 1077//974 702//977 
f 1079//978 1078//976 339//979 
f 1080//980 1079//978 722//981 
f 1081//982 1080//980 721//983 
f 1082//984 1081//982 719//985 
f 1083//986 1082//984 691//987 
f 1084//988 1083//986 690//989 
f 1085//990 1084//988 692//991 
f 1086//992 1085//990 667//993 
f 1087//994 1086//992 666//995 
f 1088//996 1087//994 668//997 
f 1089//998 1088//996 619//999 
f 1090//1000 1089//998 618//1001 
f 1091//1002 1090//1000 670//1003 
f 1092//1004 1091//1002 669//1005 
f 1093//1006 1092//1004 620//1007 
f 1094//1008 1093//1006 326//1009 
f 1095//1010 1094//1008 316//1011 
f 1096//1012 1095//1010 315//1013 
f 1097//1014 1096//1012 328//1015 
f 1098//1016 1097//1014 327//1017 
f 1099//1018 1098//1016 356//1019 
f 1100//1020 1099//1018 355//1021 
f 1101//1022 1100//1020 460//1023 
f 1102//1024 1101//1022 459//1025 
f 1103//1026 1102//1024 461//1027 
f 1104//1028 1103//1026 427//1029 
f 1105//1030 1104//1028 426//1031 
f 1106//1032 1105//1030 383//1033 
f 1107//1034 1106//1032 382//1035 
f 1108//1036 1107//1034 385//1037 
f 1109//1038 1108//1036 384//1039 
f 1110//1040 1109//1038 428//1041 
f 1111//1042 1110//1040 386//1043 
f 1112//1044 1111//1042 325//1045 
f 1113//1046 1112//1044 644//1047 
f 1114//1048 1113//1046 643//1049 
f 1115//1050 1114//1048 575//1051 
f 1116//1052 1115//1050 509//1053 
f 1117//1054 1116//1052 463//1055 
f 1118//1056 1117//1054 462//1057 
f 1119//1058 1118//1056 429//1059 
f 1120//1060 1119//1058 388//1061 
f 1121//1062 1120//1060 387//1063 
f 1122//1064 1121//1062 390//1065 
f 1123//1066 1122//1064 389//1067 
f 1124//1068 1123//1066 392//1069 
f 1125//1070 1124//1068 391//1071 
f 1126//1072 1125//1070 320//1073 
f 1127//1074 1126//1072 319//1075 
f 1128//1076 1127//1074 321//1077 
f 1129//1078 1128//1076 304//1079 
f 1130//1080 1129//1078 303//1081 
f 1131//1082 1130//1080 306//1083 
f 1132//1084 1131//1082 305//1085 
f 1133//1086 1132//1084 329//1087 
f 1134//1088 1133//1086 343//1089 
f 1135//1090 1134//1088 342//1091 
f 1136//1092 1135//1090 358//1093 
f 1137//1094 1136//1092 357//1095 
f 1138//1096 1137//1094 345//1097 
f 1139//1098 1138//1096 344//1099 
f 1140//1100 1139//1098 359//1101 
f 1141//1102 1140//1100 393//1103 
f 1142//1104 1141//1102 361//1105 
f 1143//1106 1142//1104 360//1107 
f 1144//1108 1143//1106 394//1109 
f 1145//1110 1144//1108 396//1111 
f 1146//1112 1145//1110 395//1113 
f 1147//1114 1146//1112 397//1115 
f 1148//1116 1147//1114 363//1117 
f 1149//1118 1148//1116 362//1119 
f 1150//1120 1149//1118 431//1121 
f 1151//1122 1150//1120 430//1123 
f 1152//1124 1151//1122 511//1125 
f 1153//1126 1152//1124 510//1127 
f 1154//1128 1153//1126 513//1129 
f 1155//1130 1154//1128 512//1131 
f 1156//1132 1155//1130 576//1133 
f 1157//1134 1156//1132 515//1135 
f 1158//1136 1157//1134 514//1137 
f 1159//1138 1158//1136 578//1139 
f 1160//1140 1159//1138 577//1141 
f 1161//1142 1160//1140 517//1143 
f 1162//1144 1161//1142 516//1145 
f 1163//1146 1162//1144 433//1147 
f 1164//1148 1163//1146 432//1149 
f 1022//865 1164//1148 399//1148 
f 399//1148 398//865 1022//865 
f 432//1149 399//1148 1164//1148 
f 433//1147 432//1149 1163//1146 
f 516//1145 433//1147 1162//1144 
f 517//1143 516//1145 1161//1142 
f 577//1141 517//1143 1160//1140 
f 578//1139 577//1141 1159//1138 
f 514//1137 578//1139 1158//1136 
f 515//1135 514//1137 1157//1134 
f 576//1133 515//1135 1156//1132 
f 512//1131 576//1133 1155//1130 
f 513//1129 512//1131 1154//1128 
f 510//1127 513//1129 1153//1126 
f 511//1125 510//1127 1152//1124 
f 430//1123 511//1125 1151//1122 
f 431//1121 430//1123 1150//1120 
f 362//1119 431//1121 1149//1118 
f 363//1117 362//1119 1148//1116 
f 397//1115 363//1117 1147//1114 
f 395//1113 397//1115 1146//1112 
f 396//1111 395//1113 1145//1110 
f 394//1109 396//1111 1144//1108 
f 360//1107 394//1109 1143//1106 
f 361//1105 360//1107 1142//1104 
f 393//1103 361//1105 1141//1102 
f 359//1101 393//1103 1140//1100 
f 344//1099 359//1101 1139//1098 
f 345//1097 344//1099 1138//1096 
f 357//1095 345//1097 1137//1094 
f 358//1093 357//1095 1136//1092 
f 342//1091 358//1093 1135//1090 
f 343//1089 342//1091 1134//1088 
f 329//1087 343//1089 1133//1086 
f 305//1085 329//1087 1132//1084 
f 306//1083 305//1085 1131//1082 
f 303//1081 306//1083 1130//1080 
f 304//1079 303//1081 1129//1078 
f 321//1077 304//1079 1128//1076 
f 319//1075 321//1077 1127//1074 
f 320//1073 319//1075 1126//1072 
f 391//1071 320//1073 1125//1070 
f 392//1069 391//1071 1124//1068 
f 389//1067 392//1069 1123//1066 
f 390//1065 389//1067 1122//1064 
f 387//1063 390//1065 1121//1062 
f 388//1061 387//1063 1120//1060 
f 429//1059 388//1061 1119//1058 
f 462//1057 429//1059 1118//1056 
f 463//1055 462//1057 1117//1054 
f 509//1053 463//1055 1116//1052 
f 575//1051 509//1053 1115//1050 
f 643//1049 575//1051 1114//1048 
f 644//1047 643//1049 1113//1046 
f 325//1045 644//1047 1112//1044 
f 386//1043 325//1045 1111//1042 
f 428//1041 386//1043 1110//1040 
f 384//1039 428//1041 1109//1038 
f 385//1037 384//1039 1108//1036 
f 382//1035 385//1037 1107//1034 
f 383//1033 382//1035 1106//1032 
f 426//1031 383//1033 1105//1030 
f 427//1029 426//1031 1104//1028 
f 461//1027 427//1029 1103//1026 
f 459//1025 461//1027 1102//1024 
f 460//1023 459//1025 1101//1022 
f 355//1021 460//1023 1100//1020 
f 356//1019 355//1021 1099//1018 
f 327//1017 356//1019 1098//1016 
f 328//1015 327//1017 1097//1014 
f 315//1013 328//1015 1096//1012 
f 316//1011 315//1013 1095//1010 
f 326//1009 316//1011 1094//1008 
f 620//1007 326//1009 1093//1006 
f 669//1005 620//1007 1092//1004 
f 670//1003 669//1005 1091//1002 
f 618//1001 670//1003 1090//1000 
f 619//999 618//1001 1089//998 
f 668//997 619//999 1088//996 
f 666//995 668//997 1087//994 
f 667//993 666//995 1086//992 
f 692//991 667//993 1085//990 
f 690//989 692//991 1084//988 
f 691//987 690//989 1083//986 
f 719//985 691//987 1082//984 
f 721//983 719//985 1081//982 
f 722//981 721//983 1080//980 
f 339//979 722//981 1079//978 
f 702//977 339//979 1078//976 
f 525//975 702//977 1077//974 
f 526//973 525//975 1076//972 
f 523//971 526//973 1075//970 
f 524//969 523//971 1074//968 
f 583//967 524//969 1073//966 
f 477//965 583//967 1072//964 
f 478//963 477//965 1071//962 
f 475//961 478//963 1070//960 
f 476//959 475//961 1069//958 
f 521//957 476//959 1068//956 
f 474//955 521//957 1067//954 
f 448//953 474//955 1066//952 
f 449//951 448//953 1065//950 
f 349//949 449//951 1064//948 
f 350//947 349//949 1063//946 
f 348//945 350//947 1062//944 
f 334//943 348//945 1061//942 
f 335//941 334//943 1060//940 
f 365//939 335//941 1059//938 
f 347//937 365//939 1058//936 
f 332//935 347//937 1057//934 
f 333//933 332//935 1056//932 
f 322//931 333//933 1055//930 
f 364//929 322//931 1054//928 
f 330//927 364//929 1053//926 
f 444//925 330//927 1052//924 
f 445//923 444//925 1051//922 
f 472//921 445//923 1050//920 
f 442//919 472//921 1049//918 
f 443//917 442//919 1048//916 
f 471//915 443//917 1047//914 
f 469//913 471//915 1046//912 
f 470//911 469//913 1045//910 
f 520//909 470//911 1044//908 
f 518//907 520//909 1043//906 
f 519//905 518//907 1042//904 
f 581//903 519//905 1041//902 
f 582//901 581//903 1040//900 
f 579//899 582//901 1039//898 
f 580//897 579//899 1038//896 
f 440//895 580//897 1037//894 
f 441//893 440//895 1036//892 
f 438//891 441//893 1035//890 
f 439//889 438//891 1034//888 
f 467//887 439//889 1033//886 
f 468//885 467//887 1032//884 
f 436//883 468//885 1031//882 
f 437//881 436//883 1030//880 
f 465//879 437//881 1029//878 
f 466//877 465//879 1028//876 
f 434//875 466//877 1027//874 
f 435//873 434//875 1026//872 
f 464//871 435//873 1025//870 
f 400//869 464//871 1024//868 
f 401//867 400//869 1023//866 
f 398//865 401//867 1021//864 
o mesh9
f 1255//1150 992//1150 993//1150 
f 1255//1150 991//1150 992//1150 
f 993//1150 994//1150 1255//1150 
f 1255//1150 988//1150 989//1150 
f 1255//1150 996//1150 997//1150 
f 994//1150 995//1150 1255//1150 
f 989//1150 990//1150 1255//1150 
f 1255//1150 986//1150 987//1150 
f 1255//1150 984//1150 985//1150 
f 997//1150 998//1150 1255//1150 
f 990//1150 991//1150 1255//1150 
f 985//1150 986//1150 1255//1150 
f 1255//1150 982//1150 983//1150 
f 1255//1150 730//1150 981//1150 
f 995//1150 996//1150 1255//1150 
f 983//1150 984//1150 1255//1150 
f 730//1150 980//1150 981//1150 
f 730//1150 978//1150 979//1150 
f 730//1150 729//1150 951//1150 
f 729//1150 949//1150 950//1150 
f 729//1150 947//1150 948//1150 
f 729//1150 942//1150 943//1150 
f 728//1150 907//1150 908//1150 
f 1255//1150 1002//1150 1003//1150 
f 987//1150 988//1150 1255//1150 
f 979//1150 980//1150 730//1150 
f 730//1150 976//1150 977//1150 
f 730//1150 974//1150 975//1150 
f 951//1150 952//1150 730//1150 
f 948//1150 949//1150 729//1150 
f 729//1150 945//1150 946//1150 
f 943//1150 944//1150 729//1150 
f 728//1150 906//1150 907//1150 
f 728//1150 904//1150 905//1150 
f 728//1150 901//1150 902//1150 
f 728//1150 890//1150 891//1150 
f 728//1150 888//1150 889//1150 
f 1255//1150 1018//1150 1019//1150 
f 1255//1150 1001//1150 1002//1150 
f 1255//1150 999//1150 1000//1150 
f 981//1150 982//1150 1255//1150 
f 975//1150 976//1150 730//1150 
f 730//1150 971//1150 972//1150 
f 730//1150 963//1150 964//1150 
f 950//1150 951//1150 729//1150 
f 944//1150 945//1150 729//1150 
f 729//1150 940//1150 941//1150 
f 729//1150 928//1150 929//1150 
f 729//1150 919//1150 920//1150 
f 728//1150 913//1150 914//1150 
f 728//1150 911//1150 912//1150 
f 905//1150 906//1150 728//1150 
f 902//1150 903//1150 728//1150 
f 728//1150 898//1150 899//1150 
f 889//1150 890//1150 728//1150 
f 728//1150 886//1150 887//1150 
f 728//1150 884//1150 885//1150 
f 728//1150 882//1150 883//1150 
f 728//1150 1019//1150 1020//1150 
f 1255//1150 1017//1150 1018//1150 
f 1019//1150 728//1150 1255//1150 
f 1255//1150 1004//1150 1005//1150 
f 1000//1150 1001//1150 1255//1150 
f 977//1150 978//1150 730//1150 
f 972//1150 973//1150 730//1150 
f 730//1150 962//1150 963//1150 
f 730//1150 960//1150 961//1150 
f 730//1150 953//1150 954//1150 
f 946//1150 947//1150 729//1150 
f 729//1150 939//1150 940//1150 
f 729//1150 937//1150 938//1150 
f 929//1150 930//1150 729//1150 
f 729//1150 925//1150 926//1150 
f 729//1150 923//1150 924//1150 
f 920//1150 921//1150 729//1150 
f 728//1150 916//1150 917//1150 
f 912//1150 913//1150 728//1150 
f 728//1150 909//1150 910//1150 
f 903//1150 904//1150 728//1150 
f 899//1150 900//1150 728//1150 
f 728//1150 896//1150 897//1150 
f 887//1150 888//1150 728//1150 
f 883//1150 884//1150 728//1150 
f 1020//1150 878//1150 728//1150 
f 1255//1150 1015//1150 1016//1150 
f 1255//1150 1011//1150 1012//1150 
f 1255//1150 1008//1150 1009//1150 
f 1255//1150 1006//1150 1007//1150 
f 1003//1150 1004//1150 1255//1150 
f 973//1150 974//1150 730//1150 
f 730//1150 965//1150 966//1150 
f 961//1150 962//1150 730//1150 
f 730//1150 958//1150 959//1150 
f 730//1150 955//1150 956//1150 
f 952//1150 953//1150 730//1150 
f 938//1150 939//1150 729//1150 
f 930//1150 931//1150 729//1150 
f 924//1150 925//1150 729//1150 
f 921//1150 922//1150 729//1150 
f 917//1150 729//1150 728//1150 
f 914//1150 915//1150 728//1150 
f 908//1150 909//1150 728//1150 
f 897//1150 898//1150 728//1150 
f 728//1150 894//1150 895//1150 
f 728//1150 892//1150 893//1150 
f 885//1150 886//1150 728//1150 
f 1016//1150 1017//1150 1255//1150 
f 1255//1150 1013//1150 1014//1150 
f 1255//1150 1010//1150 1011//1150 
f 1007//1150 1008//1150 1255//1150 
f 998//1150 999//1150 1255//1150 
f 730//1150 969//1150 970//1150 
f 964//1150 965//1150 730//1150 
f 730//1150 957//1150 958//1150 
f 954//1150 955//1150 730//1150 
f 729//1150 936//1150 937//1150 
f 729//1150 927//1150 928//1150 
f 922//1150 923//1150 729//1150 
f 917//1150 918//1150 729//1150 
f 910//1150 911//1150 728//1150 
f 895//1150 896//1150 728//1150 
f 891//1150 892//1150 728//1150 
f 1014//1150 1015//1150 1255//1150 
f 1009//1150 1010//1150 1255//1150 
f 970//1150 971//1150 730//1150 
f 730//1150 967//1150 968//1150 
f 959//1150 960//1150 730//1150 
f 941//1150 942//1150 729//1150 
f 729//1150 932//1150 933//1150 
f 926//1150 927//1150 729//1150 
f 915//1150 916//1150 728//1150 
f 893//1150 894//1150 728//1150 
f 728//1150 879//1150 880//1150 
f 1012//1150 1013//1150 1255//1150 
f 968//1150 969//1150 730//1150 
f 956//1150 957//1150 730//1150 
f 729//1150 934//1150 935//1150 
f 931//1150 932//1150 729//1150 
f 900//1150 901//1150 728//1150 
f 880//1150 881//1150 728//1150 
f 881//1150 882//1150 728//1150 
f 728//1150 878//1150 877//1150 
f 1005//1150 1006//1150 1255//1150 
f 935//1150 936//1150 729//1150 
f 918//1150 919//1150 729//1150 
f 877//1150 879//1150 728//1150 
f 966//1150 967//1150 730//1150 
f 933//1150 934//1150 729//1150 
f 732//1150 216//1150 218//1150 
f 732//1150 212//1150 214//1150 
f 214//1150 216//1150 732//1150 
f 732//1150 250//1150 252//1150 
f 732//1150 230//1150 232//1150 
f 218//1150 220//1150 732//1150 
f 732//1150 248//1150 250//1150 
f 732//1150 244//1150 246//1150 
f 732//1150 238//1150 240//1150 
f 232//1150 234//1150 732//1150 
f 732//1150 222//1150 224//1150 
f 732//1150 210//1150 212//1150 
f 732//1150 731//1150 208//1150 
f 1255//1150 78//1150 80//1150 
f 1255//1150 74//1150 76//1150 
f 1255//1150 66//1150 68//1150 
f 732//1150 254//1150 256//1150 
f 246//1150 248//1150 732//1150 
f 240//1150 242//1150 732//1150 
f 234//1150 236//1150 732//1150 
f 220//1150 222//1150 732//1150 
f 731//1150 206//1150 208//1150 
f 731//1150 144//1150 146//1150 
f 731//1150 140//1150 142//1150 
f 730//1150 138//1150 140//1150 
f 730//1150 130//1150 132//1150 
f 730//1150 80//1150 82//1150 
f 76//1150 78//1150 1255//1150 
f 68//1150 70//1150 1255//1150 
f 252//1150 254//1150 732//1150 
f 236//1150 238//1150 732//1150 
f 732//1150 226//1150 228//1150 
f 208//1150 210//1150 732//1150 
f 731//1150 148//1150 150//1150 
f 142//1150 144//1150 731//1150 
f 730//1150 136//1150 138//1150 
f 132//1150 134//1150 730//1150 
f 730//1150 84//1150 86//1150 
f 80//1150 730//1150 1255//1150 
f 70//1150 72//1150 1255//1150 
f 1255//1150 62//1150 64//1150 
f 1255//1150 56//1150 58//1150 
f 1255//1150 48//1150 50//1150 
f 1255//1150 26//1150 28//1150 
f 1255//1150 22//1150 24//1150 
f 242//1150 244//1150 732//1150 
f 224//1150 226//1150 732//1150 
f 731//1150 198//1150 200//1150 
f 731//1150 194//1150 196//1150 
f 731//1150 188//1150 190//1150 
f 731//1150 172//1150 174//1150 
f 146//1150 148//1150 731//1150 
f 134//1150 136//1150 730//1150 
f 730//1150 126//1150 128//1150 
f 730//1150 102//1150 104//1150 
f 730//1150 96//1150 98//1150 
f 730//1150 92//1150 94//1150 
f 86//1150 88//1150 730//1150 
f 72//1150 74//1150 1255//1150 
f 1255//1150 60//1150 62//1150 
f 1255//1150 54//1150 56//1150 
f 50//1150 52//1150 1255//1150 
f 1255//1150 42//1150 44//1150 
f 24//1150 26//1150 1255//1150 
f 1255//1150 18//1150 20//1150 
f 1255//1150 14//1150 16//1150 
f 1255//1150 10//1150 12//1150 
f 732//1150 284//1150 286//1150 
f 732//1150 280//1150 282//1150 
f 228//1150 230//1150 732//1150 
f 731//1150 202//1150 204//1150 
f 196//1150 198//1150 731//1150 
f 190//1150 192//1150 731//1150 
f 731//1150 170//1150 172//1150 
f 731//1150 166//1150 168//1150 
f 731//1150 152//1150 154//1150 
f 140//1150 731//1150 730//1150 
f 730//1150 124//1150 126//1150 
f 730//1150 120//1150 122//1150 
f 104//1150 106//1150 730//1150 
f 94//1150 96//1150 730//1150 
f 88//1150 90//1150 730//1150 
f 64//1150 66//1150 1255//1150 
f 52//1150 54//1150 1255//1150 
f 44//1150 46//1150 1255//1150 
f 1255//1150 38//1150 40//1150 
f 20//1150 22//1150 1255//1150 
f 12//1150 14//1150 1255//1150 
f 282//1150 284//1150 732//1150 
f 732//1150 276//1150 278//1150 
f 732//1150 268//1150 270//1150 
f 732//1150 262//1150 264//1150 
f 732//1150 258//1150 260//1150 
f 204//1150 206//1150 731//1150 
f 192//1150 194//1150 731//1150 
f 731//1150 176//1150 178//1150 
f 168//1150 170//1150 731//1150 
f 731//1150 162//1150 164//1150 
f 731//1150 156//1150 158//1150 
f 150//1150 152//1150 731//1150 
f 122//1150 124//1150 730//1150 
f 106//1150 108//1150 730//1150 
f 90//1150 92//1150 730//1150 
f 58//1150 60//1150 1255//1150 
f 40//1150 42//1150 1255//1150 
f 1255//1150 34//1150 36//1150 
f 1255//1150 30//1150 32//1150 
f 16//1150 18//1150 1255//1150 
f 278//1150 280//1150 732//1150 
f 732//1150 272//1150 274//1150 
f 732//1150 266//1150 268//1150 
f 260//1150 262//1150 732//1150 
f 200//1150 202//1150 731//1150 
f 731//1150 184//1150 186//1150 
f 174//1150 176//1150 731//1150 
f 731//1150 160//1150 162//1150 
f 154//1150 156//1150 731//1150 
f 730//1150 118//1150 120//1150 
f 730//1150 100//1150 102//1150 
f 82//1150 84//1150 730//1150 
f 36//1150 38//1150 1255//1150 
f 28//1150 30//1150 1255//1150 
f 274//1150 276//1150 732//1150 
f 264//1150 266//1150 732//1150 
f 186//1150 188//1150 731//1150 
f 731//1150 180//1150 182//1150 
f 164//1150 166//1150 731//1150 
f 128//1150 130//1150 730//1150 
f 98//1150 100//1150 730//1150 
f 32//1150 34//1150 1255//1150 
f 1255//1150 6//1150 8//1150 
f 732//1150 2//1150 1//1150 
f 270//1150 272//1150 732//1150 
f 182//1150 184//1150 731//1150 
f 158//1150 160//1150 731//1150 
f 730//1150 114//1150 116//1150 
f 730//1150 110//1150 112//1150 
f 46//1150 48//1150 1255//1150 
f 1255//1150 4//1150 6//1150 
f 8//1150 10//1150 1255//1150 
f 1//1150 1255//1150 732//1150 
f 256//1150 258//1150 732//1150 
f 116//1150 118//1150 730//1150 
f 108//1150 110//1150 730//1150 
f 1//1150 4//1150 1255//1150 
f 178//1150 180//1150 731//1150 
f 112//1150 114//1150 730//1150 
f 725//1150 1128//1150 1129//1150 
f 1129//1150 1130//1150 725//1150 
f 1130//1150 1131//1150 725//1150 
f 725//1150 1146//1150 1147//1150 
f 725//1150 1136//1150 1137//1150 
f 725//1150 1126//1150 1127//1150 
f 1082//1150 1165//1150 1166//1150 
f 725//1150 1145//1150 1146//1150 
f 725//1150 1143//1150 1144//1150 
f 725//1150 1140//1150 1141//1150 
f 1137//1150 1138//1150 725//1150 
f 725//1150 1132//1150 1133//1150 
f 1127//1150 1128//1150 725//1150 
f 1131//1150 1132//1150 725//1150 
f 1082//1150 1167//1150 1168//1150 
f 1082//1150 1169//1150 1165//1150 
f 1082//1150 1170//1150 1171//1150 
f 725//1150 1148//1150 1149//1150 
f 1144//1150 1145//1150 725//1150 
f 1141//1150 1142//1150 725//1150 
f 1138//1150 1139//1150 725//1150 
f 725//1150 1124//1150 1125//1150 
f 1082//1150 1172//1150 1173//1150 
f 1082//1150 1174//1150 1167//1150 
f 1082//1150 1175//1150 1169//1150 
f 1082//1150 1176//1150 1177//1150 
f 1171//1150 1178//1150 1082//1150 
f 1082//1150 1179//1150 1180//1150 
f 1147//1150 1148//1150 725//1150 
f 1139//1150 1140//1150 725//1150 
f 725//1150 1134//1150 1135//1150 
f 1125//1150 1126//1150 725//1150 
f 1181//1150 1093//1150 1094//1150 
f 1181//1150 1091//1150 1092//1150 
f 1181//1150 1086//1150 1087//1150 
f 1182//1150 1183//1150 1184//1150 
f 1185//1150 1186//1150 1187//1150 
f 1082//1150 1188//1150 1172//1150 
f 1168//1150 1189//1150 1082//1150 
f 1177//1150 1175//1150 1082//1150 
f 1180//1150 1170//1150 1082//1150 
f 1142//1150 1143//1150 725//1150 
f 1133//1150 1134//1150 725//1150 
f 1181//1150 1122//1150 1123//1150 
f 1181//1150 1120//1150 1121//1150 
f 1181//1150 1118//1150 1119//1150 
f 1181//1150 1115//1150 1116//1150 
f 1181//1150 1095//1150 1096//1150 
f 1092//1150 1093//1150 1181//1150 
f 1181//1150 1089//1150 1090//1150 
f 1087//1150 1088//1150 1181//1150 
f 1182//1150 1190//1150 1191//1150 
f 1184//1150 1192//1150 1182//1150 
f 1187//1150 1193//1150 1185//1150 
f 1185//1150 1194//1150 1195//1150 
f 1196//1150 1058//1150 1059//1150 
f 1196//1150 1054//1150 1055//1150 
f 726//1150 1034//1150 1035//1150 
f 726//1150 1032//1150 1033//1150 
f 1189//1150 1188//1150 1082//1150 
f 1178//1150 1176//1150 1082//1150 
f 1197//1150 1072//1150 1073//1150 
f 1197//1150 1069//1150 1070//1150 
f 1197//1150 1067//1150 1068//1150 
f 725//1150 1163//1150 1164//1150 
f 725//1150 1161//1150 1162//1150 
f 1135//1150 1136//1150 725//1150 
f 1123//1150 725//1150 1181//1150 
f 1119//1150 1120//1150 1181//1150 
f 1116//1150 1117//1150 1181//1150 
f 1181//1150 1107//1150 1108//1150 
f 1094//1150 1095//1150 1181//1150 
f 1088//1150 1089//1150 1181//1150 
f 1194//1150 1185//1150 1198//1150 
f 1192//1150 1190//1150 1182//1150 
f 1195//1150 1186//1150 1185//1150 
f 1196//1150 1061//1150 1062//1150 
f 1059//1150 1060//1150 1196//1150 
f 1055//1150 1056//1150 1196//1150 
f 726//1150 1053//1150 1054//1150 
f 726//1150 1042//1150 1043//1150 
f 1033//1150 1034//1150 726//1150 
f 726//1150 1030//1150 1031//1150 
f 726//1150 1028//1150 1029//1150 
f 726//1150 1026//1150 1027//1150 
f 1166//1150 1174//1150 1082//1150 
f 1082//1150 1199//1150 1200//1150 
f 1073//1150 1074//1150 1197//1150 
f 1068//1150 1069//1150 1197//1150 
f 1197//1150 1065//1150 1066//1150 
f 1197//1150 1063//1150 1064//1150 
f 1162//1150 1163//1150 725//1150 
f 725//1150 1159//1150 1160//1150 
f 725//1150 1155//1150 1156//1150 
f 725//1150 1152//1150 1153//1150 
f 725//1150 1150//1150 1151//1150 
f 1123//1150 1124//1150 725//1150 
f 1117//1150 1118//1150 1181//1150 
f 1181//1150 1106//1150 1107//1150 
f 1181//1150 1104//1150 1105//1150 
f 1181//1150 1097//1150 1098//1150 
f 1090//1150 1091//1150 1181//1150 
f 1181//1150 1083//1150 1084//1150 
f 1194//1150 1201//1150 1202//1150 
f 1198//1150 1203//1150 1194//1150 
f 1193//1150 1182//1150 1185//1150 
f 1060//1150 1061//1150 1196//1150 
f 1056//1150 1057//1150 1196//1150 
f 726//1150 1052//1150 1053//1150 
f 726//1150 1049//1150 1050//1150 
f 726//1150 1045//1150 1046//1150 
f 1043//1150 1044//1150 726//1150 
f 726//1150 1040//1150 1041//1150 
f 1031//1150 1032//1150 726//1150 
f 1027//1150 1028//1150 726//1150 
f 1200//1150 1179//1150 1082//1150 
f 1074//1150 1075//1150 1197//1150 
f 1066//1150 1067//1150 1197//1150 
f 1197//1150 1062//1150 1063//1150 
f 1064//1150 1065//1150 1197//1150 
f 1160//1150 1161//1150 725//1150 
f 725//1150 1157//1150 1158//1150 
f 725//1150 1154//1150 1155//1150 
f 1151//1150 1152//1150 725//1150 
f 1121//1150 1122//1150 1181//1150 
f 1181//1150 1113//1150 1114//1150 
f 1181//1150 1109//1150 1110//1150 
f 1105//1150 1106//1150 1181//1150 
f 1181//1150 1102//1150 1103//1150 
f 1181//1150 1099//1150 1100//1150 
f 1096//1150 1097//1150 1181//1150 
f 1181//1150 1082//1150 1083//1150 
f 1084//1150 1085//1150 1181//1150 
f 1194//1150 1204//1150 1201//1150 
f 1191//1150 1185//1150 1182//1150 
f 1057//1150 1058//1150 1196//1150 
f 726//1150 1051//1150 1052//1150 
f 726//1150 1048//1150 1049//1150 
f 1046//1150 1047//1150 726//1150 
f 1041//1150 1042//1150 726//1150 
f 726//1150 1038//1150 1039//1150 
f 726//1150 1036//1150 1037//1150 
f 1029//1150 1030//1150 726//1150 
f 1197//1150 1081//1150 1082//1150 
f 1197//1150 1071//1150 1072//1150 
f 1070//1150 1071//1150 1197//1150 
f 1158//1150 1159//1150 725//1150 
f 1153//1150 1154//1150 725//1150 
f 1114//1150 1115//1150 1181//1150 
f 1181//1150 1111//1150 1112//1150 
f 1108//1150 1109//1150 1181//1150 
f 1181//1150 1101//1150 1102//1150 
f 1098//1150 1099//1150 1181//1150 
f 1085//1150 1086//1150 1181//1150 
f 1203//1150 1204//1150 1194//1150 
f 1205//1150 1206//1150 1207//1150 
f 1054//1150 1196//1150 726//1150 
f 1047//1150 1048//1150 726//1150 
f 1039//1150 1040//1150 726//1150 
f 1035//1150 1036//1150 726//1150 
f 726//1150 1024//1150 1025//1150 
f 726//1150 725//1150 1023//1150 
f 1197//1150 1080//1150 1081//1150 
f 1197//1150 1078//1150 1079//1150 
f 1197//1150 1076//1150 1077//1150 
f 1156//1150 1157//1150 725//1150 
f 1112//1150 1113//1150 1181//1150 
f 1103//1150 1104//1150 1181//1150 
f 1207//1150 1194//1150 1205//1150 
f 1050//1150 1051//1150 726//1150 
f 1037//1150 1038//1150 726//1150 
f 1023//1150 1024//1150 726//1150 
f 725//1150 1022//1150 1021//1150 
f 1079//1150 1080//1150 1197//1150 
f 1075//1150 1076//1150 1197//1150 
f 1149//1150 1150//1150 725//1150 
f 1100//1150 1101//1150 1181//1150 
f 732//1150 1206//1150 1208//1150 
f 1202//1150 1205//1150 1194//1150 
f 1044//1150 1045//1150 726//1150 
f 1021//1150 1023//1150 725//1150 
f 1077//1150 1078//1150 1197//1150 
f 1110//1150 1111//1150 1181//1150 
f 732//1150 1209//1150 1181//1150 
f 1205//1150 1208//1150 1206//1150 
f 1255//1150 1210//1150 1206//1150 
f 1025//1150 1026//1150 726//1150 
f 1082//1150 1181//1150 1199//1150 
f 1181//1150 725//1150 732//1150 
f 1206//1150 732//1150 1255//1150 
f 1173//1150 1197//1150 1082//1150 
f 1208//1150 1209//1150 732//1150 
f 1164//1150 1022//1150 725//1150 
f 726//1150 848//1150 849//1150 
f 726//1150 847//1150 848//1150 
f 849//1150 850//1150 726//1150 
f 726//1150 844//1150 845//1150 
f 726//1150 852//1150 853//1150 
f 850//1150 851//1150 726//1150 
f 845//1150 846//1150 726//1150 
f 726//1150 842//1150 843//1150 
f 726//1150 840//1150 841//1150 
f 853//1150 854//1150 726//1150 
f 846//1150 847//1150 726//1150 
f 841//1150 842//1150 726//1150 
f 726//1150 838//1150 839//1150 
f 1211//1150 1212//1150 806//1150 
f 1212//1150 1213//1150 805//1150 
f 1214//1150 804//1150 805//1150 
f 1215//1150 803//1150 804//1150 
f 1216//1150 799//1150 800//1150 
f 1217//1150 798//1150 799//1150 
f 851//1150 852//1150 726//1150 
f 839//1150 840//1150 726//1150 
f 726//1150 836//1150 837//1150 
f 726//1150 834//1150 835//1150 
f 1218//1150 830//1150 831//1150 
f 1219//1150 1220//1150 808//1150 
f 1220//1150 1211//1150 807//1150 
f 805//1150 806//1150 1212//1150 
f 804//1150 1214//1150 1215//1150 
f 1221//1150 802//1150 803//1150 
f 1222//1150 801//1150 802//1150 
f 1223//1150 800//1150 801//1150 
f 799//1150 1216//1150 1217//1150 
f 726//1150 858//1150 859//1150 
f 843//1150 844//1150 726//1150 
f 835//1150 836//1150 726//1150 
f 726//1150 832//1150 833//1150 
f 831//1150 726//1150 1218//1150 
f 807//1150 808//1150 1220//1150 
f 805//1150 1213//1150 1214//1150 
f 802//1150 1221//1150 1222//1150 
f 800//1150 1223//1150 1216//1150 
f 1224//1150 797//1150 798//1150 
f 1225//1150 796//1150 797//1150 
f 727//1150 763//1150 764//1150 
f 726//1150 874//1150 875//1150 
f 726//1150 857//1150 858//1150 
f 726//1150 855//1150 856//1150 
f 837//1150 838//1150 726//1150 
f 831//1150 832//1150 726//1150 
f 1218//1150 827//1150 828//1150 
f 1218//1150 819//1150 820//1150 
f 1226//1150 1227//1150 810//1150 
f 1227//1150 1219//1150 809//1150 
f 806//1150 807//1150 1211//1150 
f 801//1150 1222//1150 1223//1150 
f 797//1150 1224//1150 1225//1150 
f 1228//1150 795//1150 796//1150 
f 727//1150 762//1150 763//1150 
f 727//1150 760//1150 761//1150 
f 727//1150 757//1150 758//1150 
f 727//1150 746//1150 747//1150 
f 727//1150 744//1150 745//1150 
f 727//1150 875//1150 876//1150 
f 726//1150 873//1150 874//1150 
f 726//1150 860//1150 861//1150 
f 856//1150 857//1150 726//1150 
f 833//1150 834//1150 726//1150 
f 828//1150 829//1150 1218//1150 
f 1218//1150 818//1150 819//1150 
f 1218//1150 816//1150 817//1150 
f 1218//1150 1229//1150 814//1150 
f 1230//1150 1231//1150 812//1150 
f 1231//1150 1226//1150 811//1150 
f 809//1150 810//1150 1227//1150 
f 803//1150 1215//1150 1221//1150 
f 796//1150 1225//1150 1228//1150 
f 1228//1150 793//1150 794//1150 
f 1228//1150 784//1150 785//1150 
f 727//1150 769//1150 770//1150 
f 727//1150 767//1150 768//1150 
f 761//1150 762//1150 727//1150 
f 758//1150 759//1150 727//1150 
f 727//1150 754//1150 755//1150 
f 745//1150 746//1150 727//1150 
f 727//1150 742//1150 743//1150 
f 727//1150 740//1150 741//1150 
f 727//1150 738//1150 739//1150 
f 875//1150 727//1150 726//1150 
f 726//1150 871//1150 872//1150 
f 726//1150 867//1150 868//1150 
f 726//1150 864//1150 865//1150 
f 726//1150 862//1150 863//1150 
f 859//1150 860//1150 726//1150 
f 829//1150 830//1150 1218//1150 
f 1218//1150 821//1150 822//1150 
f 817//1150 818//1150 1218//1150 
f 814//1150 815//1150 1218//1150 
f 1229//1150 1230//1150 813//1150 
f 811//1150 812//1150 1231//1150 
f 808//1150 809//1150 1219//1150 
f 794//1150 795//1150 1228//1150 
f 785//1150 786//1150 1228//1150 
f 1228//1150 781//1150 782//1150 
f 1228//1150 779//1150 780//1150 
f 768//1150 769//1150 727//1150 
f 727//1150 765//1150 766//1150 
f 759//1150 760//1150 727//1150 
f 755//1150 756//1150 727//1150 
f 727//1150 752//1150 753//1150 
f 743//1150 744//1150 727//1150 
f 739//1150 740//1150 727//1150 
f 872//1150 873//1150 726//1150 
f 726//1150 869//1150 870//1150 
f 726//1150 866//1150 867//1150 
f 863//1150 864//1150 726//1150 
f 854//1150 855//1150 726//1150 
f 1218//1150 825//1150 826//1150 
f 820//1150 821//1150 1218//1150 
f 813//1150 814//1150 1229//1150 
f 810//1150 811//1150 1226//1150 
f 1228//1150 792//1150 793//1150 
f 786//1150 787//1150 1228//1150 
f 780//1150 781//1150 1228//1150 
f 1228//1150 777//1150 778//1150 
f 1232//1150 1233//1150 1234//1150 
f 1235//1150 1236//1150 1237//1150 
f 1235//1150 1238//1150 1239//1150 
f 1240//1150 773//1150 774//1150 
f 727//1150 772//1150 773//1150 
f 770//1150 771//1150 727//1150 
f 764//1150 765//1150 727//1150 
f 753//1150 754//1150 727//1150 
f 727//1150 750//1150 751//1150 
f 727//1150 748//1150 749//1150 
f 741//1150 742//1150 727//1150 
f 870//1150 871//1150 726//1150 
f 865//1150 866//1150 726//1150 
f 826//1150 827//1150 1218//1150 
f 1218//1150 823//1150 824//1150 
f 815//1150 816//1150 1218//1150 
f 798//1150 1217//1150 1224//1150 
f 1228//1150 783//1150 784//1150 
f 778//1150 779//1150 1228//1150 
f 1232//1150 1235//1150 1233//1150 
f 1235//1150 1241//1150 1242//1150 
f 1237//1150 1243//1150 1235//1150 
f 1235//1150 1244//1150 1238//1150 
f 773//1150 1240//1150 727//1150 
f 774//1150 1228//1150 1240//1150 
f 766//1150 767//1150 727//1150 
f 751//1150 752//1150 727//1150 
f 747//1150 748//1150 727//1150 
f 727//1150 736//1150 737//1150 
f 868//1150 869//1150 726//1150 
f 824//1150 825//1150 1218//1150 
f 812//1150 813//1150 1230//1150 
f 1228//1150 790//1150 791//1150 
f 1228//1150 788//1150 789//1150 
f 782//1150 783//1150 1228//1150 
f 1228//1150 775//1150 776//1150 
f 1232//1150 1245//1150 1246//1150 
f 1234//1150 1247//1150 1232//1150 
f 1243//1150 1241//1150 1235//1150 
f 1239//1150 1248//1150 1235//1150 
f 1235//1150 1232//1150 1249//1150 
f 771//1150 772//1150 727//1150 
f 749//1150 750//1150 727//1150 
f 727//1150 735//1150 736//1150 
f 727//1150 734//1150 733//1150 
f 861//1150 862//1150 726//1150 
f 791//1150 792//1150 1228//1150 
f 787//1150 788//1150 1228//1150 
f 1228//1150 774//1150 775//1150 
f 776//1150 777//1150 1228//1150 
f 1247//1150 1245//1150 1232//1150 
f 1248//1150 1236//1150 1235//1150 
f 1249//1150 1250//1150 1235//1150 
f 756//1150 757//1150 727//1150 
f 733//1150 735//1150 727//1150 
f 822//1150 823//1150 1218//1150 
f 789//1150 790//1150 1228//1150 
f 1246//1150 1251//1150 1232//1150 
f 1250//1150 1244//1150 1235//1150 
f 737//1150 738//1150 727//1150 
f 1255//1150 1232//1150 1252//1150 
f 1242//1150 1253//1150 1235//1150 
f 876//1150 734//1150 727//1150 
f 1251//1150 1252//1150 1232//1150 
f 728//1150 1254//1150 1232//1150 
f 728//1150 727//1150 1240//1150 
f 726//1150 1196//1150 1218//1150 
f 1232//1150 1255//1150 728//1150 
f 1240//1150 1254//1150 728//1150 
f 1252//1150 1210//1150 1255//1150 
f 1062//1150 1197//1150 1196//1150 
f 286//1150 2//1150 732//1150 
o mesh10
f 1256//1151 1257//1151 1199//1151 
f 1199//1151 1181//1151 1256//1151 
o mesh11
f 1258//1151 1259//1151 1196//1151 
f 1259//1151 1218//1151 1196//1151 
f 1196//1151 1197//1151 1258//1151 
o mesh12
f 1260//1152 1261//1152 1210//1152 
f 1261//1152 1206//1152 1210//1152 
f 1210//1152 1252//1152 1260//1152 
o mesh13
f 1262//1152 1209//1152 1208//1152 
f 1208//1152 1263//1152 1262//1152 
o mesh14
f 1240//1151 1228//1151 1264//1151 
f 1264//1151 1265//1151 1240//1151 
o mesh15
f 1256//1153 1181//1153 1209//1153 
f 1209//1153 1262//1153 1256//1153 
o mesh16
f 1254//1152 1266//1152 1267//1152 
f 1267//1152 1232//1152 1254//1152 
o mesh17
f 1266//1154 1254//1154 1240//1154 
f 1240//1154 1265//1154 1266//1154 
o mesh18
f 1268//1155 1263//1156 1208//1156 
f 1269//1157 1268//1155 1205//1158 
f 1270//1159 1269//1157 1202//1160 
f 1271//1161 1270//1159 1201//1162 
f 1272//1163 1271//1161 1204//1164 
f 1273//1165 1272//1163 1203//1166 
f 1274//1167 1273//1165 1198//1168 
f 1275//1169 1274//1167 1185//1170 
f 1276//1171 1275//1169 1191//1172 
f 1277//1173 1276//1171 1190//1174 
f 1278//1175 1277//1173 1192//1176 
f 1279//1177 1278//1175 1184//1178 
f 1280//1179 1279//1177 1183//1180 
f 1281//1181 1280//1179 1182//1182 
f 1282//1183 1281//1181 1193//1184 
f 1283//1185 1282//1183 1187//1186 
f 1284//1187 1283//1185 1186//1188 
f 1285//1189 1284//1187 1195//1190 
f 1286//1191 1285//1189 1194//1192 
f 1261//1193 1286//1191 1207//1194 
f 1207//1194 1206//1193 1261//1193 
f 1194//1192 1207//1194 1286//1191 
f 1195//1190 1194//1192 1285//1189 
f 1186//1188 1195//1190 1284//1187 
f 1187//1186 1186//1188 1283//1185 
f 1193//1184 1187//1186 1282//1183 
f 1182//1182 1193//1184 1281//1181 
f 1183//1180 1182//1182 1280//1179 
f 1184//1178 1183//1180 1279//1177 
f 1192//1176 1184//1178 1278//1175 
f 1190//1174 1192//1176 1277//1173 
f 1191//1172 1190//1174 1276//1171 
f 1185//1170 1191//1172 1275//1169 
f 1198//1168 1185//1170 1274//1167 
f 1203//1166 1198//1168 1273//1165 
f 1204//1164 1203//1166 1272//1163 
f 1201//1162 1204//1164 1271//1161 
f 1202//1160 1201//1162 1270//1159 
f 1205//1158 1202//1160 1269//1157 
f 1208//1156 1205//1158 1268//1155 
o mesh19
f 1287//1195 1260//1196 1252//1196 
f 1288//1197 1287//1195 1251//1198 
f 1289//1199 1288//1197 1246//1200 
f 1290//1201 1289//1199 1245//1202 
f 1291//1203 1290//1201 1247//1204 
f 1292//1205 1291//1203 1234//1206 
f 1293//1207 1292//1205 1233//1208 
f 1294//1209 1293//1207 1235//1210 
f 1295//1211 1294//1209 1253//1212 
f 1296//1213 1295//1211 1242//1214 
f 1297//1215 1296//1213 1241//1216 
f 1298//1217 1297//1215 1243//1218 
f 1299//1219 1298//1217 1237//1220 
f 1300//1221 1299//1219 1236//1222 
f 1301//1223 1300//1221 1248//1224 
f 1302//1225 1301//1223 1239//1226 
f 1303//1227 1302//1225 1238//1228 
f 1304//1229 1303//1227 1244//1230 
f 1305//1231 1304//1229 1250//1232 
f 1267//1233 1305//1231 1249//1234 
f 1249//1234 1232//1233 1267//1233 
f 1250//1232 1249//1234 1305//1231 
f 1244//1230 1250//1232 1304//1229 
f 1238//1228 1244//1230 1303//1227 
f 1239//1226 1238//1228 1302//1225 
f 1248//1224 1239//1226 1301//1223 
f 1236//1222 1248//1224 1300//1221 
f 1237//1220 1236//1222 1299//1219 
f 1243//1218 1237//1220 1298//1217 
f 1241//1216 1243//1218 1297//1215 
f 1242//1214 1241//1216 1296//1213 
f 1253//1212 1242//1214 1295//1211 
f 1235//1210 1253//1212 1294//1209 
f 1233//1208 1235//1210 1293//1207 
f 1234//1206 1233//1208 1292//1205 
f 1247//1204 1234//1206 1291//1203 
f 1245//1202 1247//1204 1290//1201 
f 1246//1200 1245//1202 1289//1199 
f 1251//1198 1246//1200 1288//1197 
f 1252//1196 1251//1198 1287//1195 
o mesh20
f 1306//1235 1264//1236 1228//1236 
f 1307//1237 1306//1235 1225//1238 
f 1308//1239 1307//1237 1224//1240 
f 1309//1241 1308//1239 1217//1242 
f 1310//1243 1309//1241 1216//1244 
f 1311//1245 1310//1243 1223//1246 
f 1312//1247 1311//1245 1222//1248 
f 1313//1249 1312//1247 1221//1250 
f 1314//1251 1313//1249 1215//1252 
f 1315//1253 1314//1251 1214//1254 
f 1316//1255 1315//1253 1213//1256 
f 1317//1257 1316//1255 1212//1258 
f 1318//1259 1317//1257 1211//1260 
f 1319//1261 1318//1259 1220//1262 
f 1320//1263 1319//1261 1219//1264 
f 1321//1265 1320//1263 1227//1266 
f 1322//1267 1321//1265 1226//1268 
f 1323//1269 1322//1267 1231//1270 
f 1324//1271 1323//1269 1230//1272 
f 1259//1273 1324//1271 1229//1274 
f 1229//1274 1218//1273 1259//1273 
f 1230//1272 1229//1274 1324//1271 
f 1231//1270 1230//1272 1323//1269 
f 1226//1268 1231//1270 1322//1267 
f 1227//1266 1226//1268 1321//1265 
f 1219//1264 1227//1266 1320//1263 
f 1220//1262 1219//1264 1319//1261 
f 1211//1260 1220//1262 1318//1259 
f 1212//1258 1211//1260 1317//1257 
f 1213//1256 1212//1258 1316//1255 
f 1214//1254 1213//1256 1315//1253 
f 1215//1252 1214//1254 1314//1251 
f 1221//1250 1215//1252 1313//1249 
f 1222//1248 1221//1250 1312//1247 
f 1223//1246 1222//1248 1311//1245 
f 1216//1244 1223//1246 1310//1243 
f 1217//1242 1216//1244 1309//1241 
f 1224//1240 1217//1242 1308//1239 
f 1225//1238 1224//1240 1307//1237 
f 1228//1236 1225//1238 1306//1235 
o mesh21
f 1325//1275 1258//1276 1197//1276 
f 1326//1277 1325//1275 1173//1278 
f 1327//1279 1326//1277 1172//1280 
f 1328//1281 1327//1279 1188//1282 
f 1329//1283 1328//1281 1189//1284 
f 1330//1285 1329//1283 1168//1286 
f 1331//1287 1330//1285 1167//1288 
f 1332//1289 1331//1287 1174//1290 
f 1333//1291 1332//1289 1166//1292 
f 1334//1293 1333//1291 1165//1294 
f 1335//1295 1334//1293 1169//1296 
f 1336//1297 1335//1295 1175//1298 
f 1337//1299 1336//1297 1177//1300 
f 1338//1301 1337//1299 1176//1302 
f 1339//1303 1338//1301 1178//1304 
f 1340//1305 1339//1303 1171//1306 
f 1341//1307 1340//1305 1170//1308 
f 1342//1309 1341//1307 1180//1310 
f 1343//1311 1342//1309 1179//1312 
f 1257//1313 1343//1311 1200//1314 
f 1200//1314 1199//1313 1257//1313 
f 1179//1312 1200//1314 1343//1311 
f 1180//1310 1179//1312 1342//1309 
f 1170//1308 1180//1310 1341//1307 
f 1171//1306 1170//1308 1340//1305 
f 1178//1304 1171//1306 1339//1303 
f 1176//1302 1178//1304 1338//1301 
f 1177//1300 1176//1302 1337//1299 
f 1175//1298 1177//1300 1336//1297 
f 1169//1296 1175//1298 1335//1295 
f 1165//1294 1169//1296 1334//1293 
f 1166//1292 1165//1294 1333//1291 
f 1174//1290 1166//1292 1332//1289 
f 1167//1288 1174//1290 1331//1287 
f 1168//1286 1167//1288 1330//1285 
f 1189//1284 1168//1286 1329//1283 
f 1188//1282 1189//1284 1328//1281 
f 1172//1280 1188//1282 1327//1279 
f 1173//1278 1172//1280 1326//1277 
f 1197//1276 1173//1278 1325//1275 
o mesh22
f 1259//1315 1258//1315 1344//1315 
f 1345//1315 1308//1315 1309//1315 
f 1346//1315 1302//1315 1303//1315 
f 1260//1315 1346//1315 1347//1315 
f 1344//1315 1330//1315 1331//1315 
f 1344//1315 1326//1315 1327//1315 
f 1344//1315 1345//1315 1259//1315 
f 1345//1315 1318//1315 1319//1315 
f 1345//1315 1314//1315 1315//1315 
f 1345//1315 1307//1315 1308//1315 
f 1303//1315 1304//1315 1346//1315 
f 1346//1315 1298//1315 1299//1315 
f 1346//1315 1295//1315 1296//1315 
f 1346//1315 1292//1315 1293//1315 
f 1346//1315 1288//1315 1289//1315 
f 1347//1315 1286//1315 1261//1315 
f 1347//1315 1284//1315 1285//1315 
f 1347//1315 1282//1315 1283//1315 
f 1347//1315 1279//1315 1280//1315 
f 1347//1315 1275//1315 1276//1315 
f 1347//1315 1270//1315 1271//1315 
f 1344//1315 1334//1315 1335//1315 
f 1344//1315 1329//1315 1330//1315 
f 1327//1315 1328//1315 1344//1315 
f 1345//1315 1324//1315 1259//1315 
f 1345//1315 1322//1315 1323//1315 
f 1345//1315 1320//1315 1321//1315 
f 1345//1315 1317//1315 1318//1315 
f 1345//1315 1313//1315 1314//1315 
f 1345//1315 1311//1315 1312//1315 
f 1309//1315 1310//1315 1345//1315 
f 1346//1315 1301//1315 1302//1315 
f 1299//1315 1300//1315 1346//1315 
f 1296//1315 1297//1315 1346//1315 
f 1346//1315 1291//1315 1292//1315 
f 1289//1315 1290//1315 1346//1315 
f 1347//1315 1261//1315 1260//1315 
f 1283//1315 1284//1315 1347//1315 
f 1280//1315 1281//1315 1347//1315 
f 1276//1315 1277//1315 1347//1315 
f 1271//1315 1272//1315 1347//1315 
f 1344//1315 1341//1315 1342//1315 
f 1344//1315 1339//1315 1340//1315 
f 1344//1315 1336//1315 1337//1315 
f 1344//1315 1333//1315 1334//1315 
f 1328//1315 1329//1315 1344//1315 
f 1323//1315 1324//1315 1345//1315 
f 1319//1315 1320//1315 1345//1315 
f 1315//1315 1316//1315 1345//1315 
f 1310//1315 1311//1315 1345//1315 
f 1300//1315 1301//1315 1346//1315 
f 1346//1315 1294//1315 1295//1315 
f 1290//1315 1291//1315 1346//1315 
f 1260//1315 1287//1315 1346//1315 
f 1281//1315 1282//1315 1347//1315 
f 1277//1315 1278//1315 1347//1315 
f 1347//1315 1273//1315 1274//1315 
f 1347//1315 1269//1315 1270//1315 
f 1340//1315 1341//1315 1344//1315 
f 1337//1315 1338//1315 1344//1315 
f 1344//1315 1332//1315 1333//1315 
f 1344//1315 1325//1315 1326//1315 
f 1321//1315 1322//1315 1345//1315 
f 1312//1315 1313//1315 1345//1315 
f 1265//1315 1264//1315 1306//1315 
f 1297//1315 1298//1315 1346//1315 
f 1287//1315 1288//1315 1346//1315 
f 1278//1315 1279//1315 1347//1315 
f 1272//1315 1273//1315 1347//1315 
f 1262//1315 1263//1315 1268//1315 
f 1338//1315 1339//1315 1344//1315 
f 1331//1315 1332//1315 1344//1315 
f 1316//1315 1317//1315 1345//1315 
f 1306//1315 1345//1315 1265//1315 
f 1266//1315 1346//1315 1305//1315 
f 1293//1315 1294//1315 1346//1315 
f 1274//1315 1275//1315 1347//1315 
f 1268//1315 1347//1315 1262//1315 
f 1335//1315 1336//1315 1344//1315 
f 1306//1315 1307//1315 1345//1315 
f 1304//1315 1305//1315 1346//1315 
f 1268//1315 1269//1315 1347//1315 
f 1256//1315 1344//1315 1343//1315 
f 1258//1315 1325//1315 1344//1315 
f 1256//1315 1262//1315 1347//1315 
f 1285//1315 1286//1315 1347//1315 
f 1266//1315 1265//1315 1345//1315 
f 1342//1315 1343//1315 1344//1315 
f 1305//1315 1267//1315 1266//1315 
f 1343//1315 1257//1315 1256//1315 
f 1345//1315 1346//1315 1266//1315 
f 1347//1315 1344//1315 1256//1315 
o mesh23
f 1348//1316 1346//1316 1345//1316 
f 1345//1316 1349//1316 1348//1316 
o mesh24
f 1350//1317 1347//1317 1346//1317 
f 1346//1317 1348//1317 1350//1317 
o mesh25
f 1351//1318 1344//1318 1347//1318 
f 1347//1318 1350//1318 1351//1318 
o mesh26
f 1349//1319 1345//1319 1344//1319 
f 1344//1319 1351//1319 1349//1319 
o mesh27
f 1351//1320 1350//1320 1352//1320 
f 1350//1320 1348//1320 1353//1320 
f 1353//1320 1352//1320 1350//1320 
f 1348//1320 1349//1320 1354//1320 
f 1354//1320 1353//1320 1348//1320 
f 1349//1320 1351//1320 1355//1320 
f 1355//1320 1354//1320 1349//1320 
f 1352//1320 1355//1320 1351//1320 
o mesh28
f 1355//1319 1356//1319 1357//1319 
f 1357//1319 1354//1319 1355//1319 
o mesh29
f 1358//1321 1356//1321 1355//1321 
f 1355//1321 1352//1321 1358//1321 
o mesh30
f 1359//1322 1358//1322 1352//1322 
f 1352//1322 1353//1322 1359//1322 
o mesh31
f 1354//1323 1357//1323 1359//1323 
f 1359//1323 1353//1323 1354//1323 
o mesh32
f 1359//1324 1357//1324 1356//1324 
f 1356//1324 1358//1324 1359//1324 
