solid Mesh
  facet normal 0 0 -1
    outer loop
      vertex -0.055 -0.04 -0.003
      vertex -0.055 0.04 -0.003
      vertex 0.055 -0.04 -0.003
    endloop
  endfacet
  facet normal 0 0 -1
    outer loop
      vertex -0.055 0.04 -0.003
      vertex 0.055 0.04 -0.003
      vertex 0.055 -0.04 -0.003
    endloop
  endfacet
  facet normal 0 0 1
    outer loop
      vertex 0.035 0.02 0
      vertex 0.055 0.04 0
      vertex -0.035 0.02 0
    endloop
  endfacet
  facet normal 0 0 1
    outer loop
      vertex 0.055 0.04 0
      vertex -0.055 0.04 0
      vertex -0.035 0.02 0
    endloop
  endfacet
  facet normal 0 0 1
    outer loop
      vertex -0.035 0.02 0
      vertex -0.055 0.04 0
      vertex -0.035 -0.02 0
    endloop
  endfacet
  facet normal 0 0 1
    outer loop
      vertex -0.055 0.04 0
      vertex -0.055 -0.04 0
      vertex -0.035 -0.02 0
    endloop
  endfacet
  facet normal 0 0 1
    outer loop
      vertex -0.035 -0.02 0
      vertex -0.055 -0.04 0
      vertex 0.035 -0.02 0
    endloop
  endfacet
  facet normal 0 0 1
    outer loop
      vertex -0.055 -0.04 0
      vertex 0.055 -0.04 0
      vertex 0.035 -0.02 0
    endloop
  endfacet
  facet normal 0 0 1
    outer loop
      vertex 0.035 -0.02 0
      vertex 0.055 -0.04 0
      vertex 0.035 0.02 0
    endloop
  endfacet
  facet normal 0 0 1
    outer loop
      vertex 0.055 -0.04 0
      vertex 0.055 0.04 0
      vertex 0.035 0.02 0
    endloop
  endfacet
  facet normal 0 1 0
    outer loop
      vertex -0.055 0.04 0
      vertex 0.055 0.04 0
      vertex -0.055 0.04 -0.003
    endloop
  endfacet
  facet normal 0 1 0
    outer loop
      vertex 0.055 0.04 0
      vertex 0.055 0.04 -0.003
      vertex -0.055 0.04 -0.003
    endloop
  endfacet
  facet normal 0 -1 0
    outer loop
      vertex 0.055 -0.04 0
      vertex -0.055 -0.04 0
      vertex 0.055 -0.04 -0.003
    endloop
  endfacet
  facet normal 0 -1 0
    outer loop
      vertex -0.055 -0.04 0
      vertex -0.055 -0.04 -0.003
      vertex 0.055 -0.04 -0.003
    endloop
  endfacet
  facet normal 1 0 0
    outer loop
      vertex 0.055 0.04 0
      vertex 0.055 -0.04 0
      vertex 0.055 0.04 -0.003
    endloop
  endfacet
  facet normal 1 0 0
    outer loop
      vertex 0.055 -0.04 0
      vertex 0.055 -0.04 -0.003
      vertex 0.055 0.04 -0.003
    endloop
  endfacet
  facet normal -1 0 0
    outer loop
      vertex 0.0305 -0.0085 0.016
      vertex 0.0305 -0.0085 0.025
      vertex 0.0305 0.0085 0.016
    endloop
  endfacet
  facet normal -1 0 0
    outer loop
      vertex 0.0305 -0.0085 0.025
      vertex 0.0305 0.0085 0.025
      vertex 0.0305 0.0085 0.016
    endloop
  endfacet
  facet normal 0 -1 0
    outer loop
      vertex 0.035 -0.02 0
      vertex 0.035 -0.02 0.025
      vertex -0.035 -0.02 0
    endloop
  endfacet
  facet normal 0 -1 0
    outer loop
      vertex 0.035 -0.02 0.025
      vertex -0.035 -0.02 0.025
      vertex -0.035 -0.02 0
    endloop
  endfacet
  facet normal -1 0 0
    outer loop
      vertex -0.035 -0.02 0.025
      vertex -0.035 0.02 0.025
      vertex -0.035 -0.02 0
    endloop
  endfacet
  facet normal -1 0 0
    outer loop
      vertex -0.035 0.02 0.025
      vertex -0.035 0.02 0
      vertex -0.035 -0.02 0
    endloop
  endfacet
  facet normal -1 0 0
    outer loop
      vertex -0.055 -0.04 0
      vertex -0.055 0.04 0
      vertex -0.055 -0.04 -0.003
    endloop
  endfacet
  facet normal -1 0 0
    outer loop
      vertex -0.055 0.04 0
      vertex -0.055 0.04 -0.003
      vertex -0.055 -0.04 -0.003
    endloop
  endfacet
  facet normal -0.999762 -0.021819 0
    outer loop
      vertex 0.0305 0.0085 0.016
      vertex 0.0305 0.0085 0.025
      vertex 0.0304938 0.00878353 0.016
    endloop
  endfacet
  facet normal -0.999762 -0.021819 0
    outer loop
      vertex 0.0305 0.0085 0.025
      vertex 0.0304938 0.00878353 0.025
      vertex 0.0304938 0.00878353 0.016
    endloop
  endfacet
  facet normal -0.997859 -0.0653978 0
    outer loop
      vertex 0.0304938 0.00878353 0.016
      vertex 0.0304938 0.00878353 0.025
      vertex 0.0304753 0.00906651 0.016
    endloop
  endfacet
  facet normal -0.997859 -0.0653978 0
    outer loop
      vertex 0.0304938 0.00878353 0.025
      vertex 0.0304753 0.00906651 0.025
      vertex 0.0304753 0.00906651 0.016
    endloop
  endfacet
  facet normal -0.994056 -0.108871 0
    outer loop
      vertex 0.0304753 0.00906651 0.016
      vertex 0.0304753 0.00906651 0.025
      vertex 0.0304444 0.00934842 0.016
    endloop
  endfacet
  facet normal -0.994056 -0.108871 0
    outer loop
      vertex 0.0304753 0.00906651 0.025
      vertex 0.0304444 0.00934842 0.025
      vertex 0.0304444 0.00934842 0.016
    endloop
  endfacet
  facet normal -0.988362 -0.152122 0
    outer loop
      vertex 0.0304444 0.00934842 0.016
      vertex 0.0304444 0.00934842 0.025
      vertex 0.0304013 0.00962871 0.016
    endloop
  endfacet
  facet normal -0.988362 -0.152122 0
    outer loop
      vertex 0.0304444 0.00934842 0.025
      vertex 0.0304013 0.00962871 0.025
      vertex 0.0304013 0.00962871 0.016
    endloop
  endfacet
  facet normal -0.980785 -0.19509 0
    outer loop
      vertex 0.0304013 0.00962871 0.016
      vertex 0.0304013 0.00962871 0.025
      vertex 0.0303459 0.00990686 0.016
    endloop
  endfacet
  facet normal -0.980785 -0.19509 0
    outer loop
      vertex 0.0304013 0.00962871 0.025
      vertex 0.0303459 0.00990686 0.025
      vertex 0.0303459 0.00990686 0.016
    endloop
  endfacet
  facet normal -0.971343 -0.237683 0
    outer loop
      vertex 0.0303459 0.00990686 0.016
      vertex 0.0303459 0.00990686 0.025
      vertex 0.0302785 0.0101823 0.016
    endloop
  endfacet
  facet normal -0.971343 -0.237683 0
    outer loop
      vertex 0.0303459 0.00990686 0.025
      vertex 0.0302785 0.0101823 0.025
      vertex 0.0302785 0.0101823 0.016
    endloop
  endfacet
  facet normal -0.96005 -0.27983 0
    outer loop
      vertex 0.0302785 0.0101823 0.016
      vertex 0.0302785 0.0101823 0.025
      vertex 0.0301992 0.0104546 0.016
    endloop
  endfacet
  facet normal -0.96005 -0.27983 0
    outer loop
      vertex 0.0302785 0.0101823 0.025
      vertex 0.0301992 0.0104546 0.025
      vertex 0.0301992 0.0104546 0.016
    endloop
  endfacet
  facet normal -0.94693 -0.321439 0
    outer loop
      vertex 0.0301992 0.0104546 0.016
      vertex 0.0301992 0.0104546 0.025
      vertex 0.030108 0.0107231 0.016
    endloop
  endfacet
  facet normal -0.94693 -0.321439 0
    outer loop
      vertex 0.0301992 0.0104546 0.025
      vertex 0.030108 0.0107231 0.025
      vertex 0.030108 0.0107231 0.016
    endloop
  endfacet
  facet normal -0.932006 -0.362442 0
    outer loop
      vertex 0.030108 0.0107231 0.016
      vertex 0.030108 0.0107231 0.025
      vertex 0.0300052 0.0109874 0.016
    endloop
  endfacet
  facet normal -0.932006 -0.362442 0
    outer loop
      vertex 0.030108 0.0107231 0.025
      vertex 0.0300052 0.0109874 0.025
      vertex 0.0300052 0.0109874 0.016
    endloop
  endfacet
  facet normal -0.915313 -0.402744 0
    outer loop
      vertex 0.0300052 0.0109874 0.016
      vertex 0.0300052 0.0109874 0.025
      vertex 0.029891 0.011247 0.016
    endloop
  endfacet
  facet normal -0.915313 -0.402744 0
    outer loop
      vertex 0.0300052 0.0109874 0.025
      vertex 0.029891 0.011247 0.025
      vertex 0.029891 0.011247 0.016
    endloop
  endfacet
  facet normal -0.896873 -0.442289 0
    outer loop
      vertex 0.029891 0.011247 0.016
      vertex 0.029891 0.011247 0.025
      vertex 0.0297656 0.0115014 0.016
    endloop
  endfacet
  facet normal -0.896873 -0.442289 0
    outer loop
      vertex 0.029891 0.011247 0.025
      vertex 0.0297656 0.0115014 0.025
      vertex 0.0297656 0.0115014 0.016
    endloop
  endfacet
  facet normal -0.876726 -0.48099 0
    outer loop
      vertex 0.0297656 0.0115014 0.016
      vertex 0.0297656 0.0115014 0.025
      vertex 0.0296292 0.01175 0.016
    endloop
  endfacet
  facet normal -0.876726 -0.48099 0
    outer loop
      vertex 0.0297656 0.0115014 0.025
      vertex 0.0296292 0.01175 0.025
      vertex 0.0296292 0.01175 0.016
    endloop
  endfacet
  facet normal -0.854911 -0.518774 0
    outer loop
      vertex 0.0296292 0.01175 0.016
      vertex 0.0296292 0.01175 0.025
      vertex 0.029482 0.0119924 0.016
    endloop
  endfacet
  facet normal -0.854911 -0.518774 0
    outer loop
      vertex 0.0296292 0.01175 0.025
      vertex 0.029482 0.0119924 0.025
      vertex 0.029482 0.0119924 0.016
    endloop
  endfacet
  facet normal -0.831471 -0.555568 0
    outer loop
      vertex 0.029482 0.0119924 0.016
      vertex 0.029482 0.0119924 0.025
      vertex 0.0293245 0.0122282 0.016
    endloop
  endfacet
  facet normal -0.831471 -0.555568 0
    outer loop
      vertex 0.029482 0.0119924 0.025
      vertex 0.0293245 0.0122282 0.025
      vertex 0.0293245 0.0122282 0.016
    endloop
  endfacet
  facet normal -0.806443 -0.591311 0
    outer loop
      vertex 0.0293245 0.0122282 0.016
      vertex 0.0293245 0.0122282 0.025
      vertex 0.0291568 0.0124569 0.016
    endloop
  endfacet
  facet normal -0.806443 -0.591311 0
    outer loop
      vertex 0.0293245 0.0122282 0.025
      vertex 0.0291568 0.0124569 0.025
      vertex 0.0291568 0.0124569 0.016
    endloop
  endfacet
  facet normal -0.779884 -0.625924 0
    outer loop
      vertex 0.0291568 0.0124569 0.016
      vertex 0.0291568 0.0124569 0.025
      vertex 0.0289793 0.0126781 0.016
    endloop
  endfacet
  facet normal -0.779884 -0.625924 0
    outer loop
      vertex 0.0291568 0.0124569 0.025
      vertex 0.0289793 0.0126781 0.025
      vertex 0.0289793 0.0126781 0.016
    endloop
  endfacet
  facet normal -0.751841 -0.659344 0
    outer loop
      vertex 0.0289793 0.0126781 0.016
      vertex 0.0289793 0.0126781 0.025
      vertex 0.0287923 0.0128913 0.016
    endloop
  endfacet
  facet normal -0.751841 -0.659344 0
    outer loop
      vertex 0.0289793 0.0126781 0.025
      vertex 0.0287923 0.0128913 0.025
      vertex 0.0287923 0.0128913 0.016
    endloop
  endfacet
  facet normal -0.722364 -0.691514 0
    outer loop
      vertex 0.0287923 0.0128913 0.016
      vertex 0.0287923 0.0128913 0.025
      vertex 0.0285962 0.0130962 0.016
    endloop
  endfacet
  facet normal -0.722364 -0.691514 0
    outer loop
      vertex 0.0287923 0.0128913 0.025
      vertex 0.0285962 0.0130962 0.025
      vertex 0.0285962 0.0130962 0.016
    endloop
  endfacet
  facet normal -0.691514 -0.722364 0
    outer loop
      vertex 0.0285962 0.0130962 0.016
      vertex 0.0285962 0.0130962 0.025
      vertex 0.0283913 0.0132923 0.016
    endloop
  endfacet
  facet normal -0.691514 -0.722364 0
    outer loop
      vertex 0.0285962 0.0130962 0.025
      vertex 0.0283913 0.0132923 0.025
      vertex 0.0283913 0.0132923 0.016
    endloop
  endfacet
  facet normal -0.659346 -0.75184 0
    outer loop
      vertex 0.0283913 0.0132923 0.016
      vertex 0.0283913 0.0132923 0.025
      vertex 0.0281781 0.0134793 0.016
    endloop
  endfacet
  facet normal -0.659346 -0.75184 0
    outer loop
      vertex 0.0283913 0.0132923 0.025
      vertex 0.0281781 0.0134793 0.025
      vertex 0.0281781 0.0134793 0.016
    endloop
  endfacet
  facet normal -0.625924 -0.779884 0
    outer loop
      vertex 0.0281781 0.0134793 0.016
      vertex 0.0281781 0.0134793 0.025
      vertex 0.0279569 0.0136568 0.016
    endloop
  endfacet
  facet normal -0.625924 -0.779884 0
    outer loop
      vertex 0.0281781 0.0134793 0.025
      vertex 0.0279569 0.0136568 0.025
      vertex 0.0279569 0.0136568 0.016
    endloop
  endfacet
  facet normal -0.591308 -0.806446 0
    outer loop
      vertex 0.0279569 0.0136568 0.016
      vertex 0.0279569 0.0136568 0.025
      vertex 0.0277282 0.0138245 0.016
    endloop
  endfacet
  facet normal -0.591308 -0.806446 0
    outer loop
      vertex 0.0279569 0.0136568 0.025
      vertex 0.0277282 0.0138245 0.025
      vertex 0.0277282 0.0138245 0.016
    endloop
  endfacet
  facet normal -0.555571 -0.831469 0
    outer loop
      vertex 0.0277282 0.0138245 0.016
      vertex 0.0277282 0.0138245 0.025
      vertex 0.0274924 0.013982 0.016
    endloop
  endfacet
  facet normal -0.555571 -0.831469 0
    outer loop
      vertex 0.0277282 0.0138245 0.025
      vertex 0.0274924 0.013982 0.025
      vertex 0.0274924 0.013982 0.016
    endloop
  endfacet
  facet normal -0.518774 -0.854911 0
    outer loop
      vertex 0.0274924 0.013982 0.016
      vertex 0.0274924 0.013982 0.025
      vertex 0.02725 0.0141292 0.016
    endloop
  endfacet
  facet normal -0.518774 -0.854911 0
    outer loop
      vertex 0.0274924 0.013982 0.025
      vertex 0.02725 0.0141292 0.025
      vertex 0.02725 0.0141292 0.016
    endloop
  endfacet
  facet normal -0.48099 -0.876726 0
    outer loop
      vertex 0.02725 0.0141292 0.016
      vertex 0.02725 0.0141292 0.025
      vertex 0.0270014 0.0142656 0.016
    endloop
  endfacet
  facet normal -0.48099 -0.876726 0
    outer loop
      vertex 0.02725 0.0141292 0.025
      vertex 0.0270014 0.0142656 0.025
      vertex 0.0270014 0.0142656 0.016
    endloop
  endfacet
  facet normal -0.442286 -0.896874 0
    outer loop
      vertex 0.0270014 0.0142656 0.016
      vertex 0.0270014 0.0142656 0.025
      vertex 0.026747 0.014391 0.016
    endloop
  endfacet
  facet normal -0.442286 -0.896874 0
    outer loop
      vertex 0.0270014 0.0142656 0.025
      vertex 0.026747 0.014391 0.025
      vertex 0.026747 0.014391 0.016
    endloop
  endfacet
  facet normal -0.402747 -0.915311 0
    outer loop
      vertex 0.026747 0.014391 0.016
      vertex 0.026747 0.014391 0.025
      vertex 0.0264874 0.0145052 0.016
    endloop
  endfacet
  facet normal -0.402747 -0.915311 0
    outer loop
      vertex 0.026747 0.014391 0.025
      vertex 0.0264874 0.0145052 0.025
      vertex 0.0264874 0.0145052 0.016
    endloop
  endfacet
  facet normal -0.362439 -0.932007 0
    outer loop
      vertex 0.0264874 0.0145052 0.016
      vertex 0.0264874 0.0145052 0.025
      vertex 0.0262231 0.014608 0.016
    endloop
  endfacet
  facet normal -0.362439 -0.932007 0
    outer loop
      vertex 0.0264874 0.0145052 0.025
      vertex 0.0262231 0.014608 0.025
      vertex 0.0262231 0.014608 0.016
    endloop
  endfacet
  facet normal -0.321439 -0.94693 0
    outer loop
      vertex 0.0262231 0.014608 0.016
      vertex 0.0262231 0.014608 0.025
      vertex 0.0259546 0.0146992 0.016
    endloop
  endfacet
  facet normal -0.321439 -0.94693 0
    outer loop
      vertex 0.0262231 0.014608 0.025
      vertex 0.0259546 0.0146992 0.025
      vertex 0.0259546 0.0146992 0.016
    endloop
  endfacet
  facet normal -0.279831 -0.960049 0
    outer loop
      vertex 0.0259546 0.0146992 0.016
      vertex 0.0259546 0.0146992 0.025
      vertex 0.0256823 0.0147785 0.016
    endloop
  endfacet
  facet normal -0.279831 -0.960049 0
    outer loop
      vertex 0.0259546 0.0146992 0.025
      vertex 0.0256823 0.0147785 0.025
      vertex 0.0256823 0.0147785 0.016
    endloop
  endfacet
  facet normal -0.237686 -0.971342 0
    outer loop
      vertex 0.0256823 0.0147785 0.016
      vertex 0.0256823 0.0147785 0.025
      vertex 0.0254069 0.0148459 0.016
    endloop
  endfacet
  facet normal -0.237686 -0.971342 0
    outer loop
      vertex 0.0256823 0.0147785 0.025
      vertex 0.0254069 0.0148459 0.025
      vertex 0.0254069 0.0148459 0.016
    endloop
  endfacet
  facet normal -0.195089 -0.980786 0
    outer loop
      vertex 0.0254069 0.0148459 0.016
      vertex 0.0254069 0.0148459 0.025
      vertex 0.0251287 0.0149013 0.016
    endloop
  endfacet
  facet normal -0.195089 -0.980786 0
    outer loop
      vertex 0.0254069 0.0148459 0.025
      vertex 0.0251287 0.0149013 0.025
      vertex 0.0251287 0.0149013 0.016
    endloop
  endfacet
  facet normal -0.152122 -0.988362 0
    outer loop
      vertex 0.0251287 0.0149013 0.016
      vertex 0.0251287 0.0149013 0.025
      vertex 0.0248484 0.0149444 0.016
    endloop
  endfacet
  facet normal -0.152122 -0.988362 0
    outer loop
      vertex 0.0251287 0.0149013 0.025
      vertex 0.0248484 0.0149444 0.025
      vertex 0.0248484 0.0149444 0.016
    endloop
  endfacet
  facet normal -0.108868 -0.994056 0
    outer loop
      vertex 0.0248484 0.0149444 0.016
      vertex 0.0248484 0.0149444 0.025
      vertex 0.0245665 0.0149753 0.016
    endloop
  endfacet
  facet normal -0.108868 -0.994056 0
    outer loop
      vertex 0.0248484 0.0149444 0.025
      vertex 0.0245665 0.0149753 0.025
      vertex 0.0245665 0.0149753 0.016
    endloop
  endfacet
  facet normal -0.0654043 -0.997859 0
    outer loop
      vertex 0.0245665 0.0149753 0.016
      vertex 0.0245665 0.0149753 0.025
      vertex 0.0242835 0.0149938 0.016
    endloop
  endfacet
  facet normal -0.0654043 -0.997859 0
    outer loop
      vertex 0.0245665 0.0149753 0.025
      vertex 0.0242835 0.0149938 0.025
      vertex 0.0242835 0.0149938 0.016
    endloop
  endfacet
  facet normal -0.0218123 -0.999762 0
    outer loop
      vertex 0.0242835 0.0149938 0.016
      vertex 0.0242835 0.0149938 0.025
      vertex 0.024 0.015 0.016
    endloop
  endfacet
  facet normal -0.0218123 -0.999762 0
    outer loop
      vertex 0.0242835 0.0149938 0.025
      vertex 0.024 0.015 0.025
      vertex 0.024 0.015 0.016
    endloop
  endfacet
  facet normal 0 0 1
    outer loop
      vertex 0.0270014 0.0142656 0.025
      vertex 0.035 0.02 0.025
      vertex 0.026747 0.014391 0.025
    endloop
  endfacet
  facet normal 0 0 1
    outer loop
      vertex 0.035 0.02 0.025
      vertex 0.0264874 0.0145052 0.025
      vertex 0.026747 0.014391 0.025
    endloop
  endfacet
  facet normal 0 0 1
    outer loop
      vertex 0.0283913 0.0132923 0.025
      vertex 0.0285962 0.0130962 0.025
      vertex 0.035 0.02 0.025
    endloop
  endfacet
  facet normal 0 0 1
    outer loop
      vertex 0.0285962 0.0130962 0.025
      vertex 0.0287923 0.0128913 0.025
      vertex 0.035 0.02 0.025
    endloop
  endfacet
  facet normal 0 0 1
    outer loop
      vertex 0.0287923 0.0128913 0.025
      vertex 0.0289793 0.0126781 0.025
      vertex 0.035 0.02 0.025
    endloop
  endfacet
  facet normal 0 0 1
    outer loop
      vertex 0.0289793 0.0126781 0.025
      vertex 0.0291568 0.0124569 0.025
      vertex 0.035 0.02 0.025
    endloop
  endfacet
  facet normal 0 0 1
    outer loop
      vertex 0.035 0.02 0.025
      vertex 0.0291568 0.0124569 0.025
      vertex 0.0293245 0.0122282 0.025
    endloop
  endfacet
  facet normal 0 0 1
    outer loop
      vertex 0.0303459 0.00990686 0.025
      vertex 0.0304013 0.00962871 0.025
      vertex 0.035 0.02 0.025
    endloop
  endfacet
  facet normal 0 0 1
    outer loop
      vertex 0.0304013 0.00962871 0.025
      vertex 0.0304444 0.00934842 0.025
      vertex 0.035 0.02 0.025
    endloop
  endfacet
  facet normal 0 0 1
    outer loop
      vertex 0.035 0.02 0.025
      vertex 0.0304444 0.00934842 0.025
      vertex 0.0304753 0.00906651 0.025
    endloop
  endfacet
  facet normal 0 0 1
    outer loop
      vertex -0.0293245 0.0122282 0.025
      vertex -0.0291568 0.0124569 0.025
      vertex -0.035 0.02 0.025
    endloop
  endfacet
  facet normal 0 0 1
    outer loop
      vertex 0.0277282 0.0138245 0.025
      vertex 0.0279569 0.0136568 0.025
      vertex 0.035 0.02 0.025
    endloop
  endfacet
  facet normal 0 0 1
    outer loop
      vertex 0.0279569 0.0136568 0.025
      vertex 0.0281781 0.0134793 0.025
      vertex 0.035 0.02 0.025
    endloop
  endfacet
  facet normal 0 0 1
    outer loop
      vertex 0.035 0.02 0.025
      vertex 0.0281781 0.0134793 0.025
      vertex 0.0283913 0.0132923 0.025
    endloop
  endfacet
  facet normal 0 0 1
    outer loop
      vertex 0.0293245 0.0122282 0.025
      vertex 0.029482 0.0119924 0.025
      vertex 0.035 0.02 0.025
    endloop
  endfacet
  facet normal 0 0 1
    outer loop
      vertex 0.029482 0.0119924 0.025
      vertex 0.0296292 0.01175 0.025
      vertex 0.035 0.02 0.025
    endloop
  endfacet
  facet normal 0 0 1
    outer loop
      vertex 0.035 0.02 0.025
      vertex 0.0296292 0.01175 0.025
      vertex 0.0297656 0.0115014 0.025
    endloop
  endfacet
  facet normal 0 0 1
    outer loop
      vertex 0.0297656 0.0115014 0.025
      vertex 0.029891 0.011247 0.025
      vertex 0.035 0.02 0.025
    endloop
  endfacet
  facet normal 0 0 1
    outer loop
      vertex 0.029891 0.011247 0.025
      vertex 0.0300052 0.0109874 0.025
      vertex 0.035 0.02 0.025
    endloop
  endfacet
  facet normal 0 0 1
    outer loop
      vertex 0.035 0.02 0.025
      vertex 0.0300052 0.0109874 0.025
      vertex 0.030108 0.0107231 0.025
    endloop
  endfacet
  facet normal 0 0 1
    outer loop
      vertex -0.035 -0.02 0.025
      vertex -0.0256823 -0.0147785 0.025
      vertex -0.0259546 -0.0146992 0.025
    endloop
  endfacet
  facet normal 0 0 1
    outer loop
      vertex 0.0242835 0.0149938 0.025
      vertex 0.0245665 0.0149753 0.025
      vertex 0.035 0.02 0.025
    endloop
  endfacet
  facet normal 0 0 1
    outer loop
      vertex 0.0245665 0.0149753 0.025
      vertex 0.0248484 0.0149444 0.025
      vertex 0.035 0.02 0.025
    endloop
  endfacet
  facet normal 0 0 1
    outer loop
      vertex 0.0270014 0.0142656 0.025
      vertex 0.02725 0.0141292 0.025
      vertex 0.035 0.02 0.025
    endloop
  endfacet
  facet normal 0 0 1
    outer loop
      vertex 0.02725 0.0141292 0.025
      vertex 0.0274924 0.013982 0.025
      vertex 0.035 0.02 0.025
    endloop
  endfacet
  facet normal 0 0 1
    outer loop
      vertex 0.035 0.02 0.025
      vertex 0.0274924 0.013982 0.025
      vertex 0.0277282 0.0138245 0.025
    endloop
  endfacet
  facet normal 0 0 1
    outer loop
      vertex -0.0242835 -0.0149938 0.025
      vertex -0.0245665 -0.0149753 0.025
      vertex -0.035 -0.02 0.025
    endloop
  endfacet
  facet normal 0 0 1
    outer loop
      vertex -0.0245665 -0.0149753 0.025
      vertex -0.0248484 -0.0149444 0.025
      vertex -0.035 -0.02 0.025
    endloop
  endfacet
  facet normal 0 0 1
    outer loop
      vertex -0.0285962 -0.0130962 0.025
      vertex -0.0287923 -0.0128913 0.025
      vertex -0.035 -0.02 0.025
    endloop
  endfacet
  facet normal 0 0 1
    outer loop
      vertex -0.0287923 -0.0128913 0.025
      vertex -0.0289793 -0.0126781 0.025
      vertex -0.035 -0.02 0.025
    endloop
  endfacet
  facet normal 0 0 1
    outer loop
      vertex -0.035 -0.02 0.025
      vertex -0.0289793 -0.0126781 0.025
      vertex -0.0291568 -0.0124569 0.025
    endloop
  endfacet
  facet normal 0 0 1
    outer loop
      vertex -0.035 -0.02 0.025
      vertex -0.0296292 -0.01175 0.025
      vertex -0.0297656 -0.0115014 0.025
    endloop
  endfacet
  facet normal 0 0 1
    outer loop
      vertex -0.0297656 -0.0115014 0.025
      vertex -0.029891 -0.011247 0.025
      vertex -0.035 -0.02 0.025
    endloop
  endfacet
  facet normal 0 0 1
    outer loop
      vertex -0.029891 -0.011247 0.025
      vertex -0.0300052 -0.0109874 0.025
      vertex -0.035 -0.02 0.025
    endloop
  endfacet
  facet normal 0 0 1
    outer loop
      vertex -0.035 -0.02 0.025
      vertex -0.0300052 -0.0109874 0.025
      vertex -0.030108 -0.0107231 0.025
    endloop
  endfacet
  facet normal 0 0 1
    outer loop
      vertex 0.0248484 0.0149444 0.025
      vertex 0.0251287 0.0149013 0.025
      vertex 0.035 0.02 0.025
    endloop
  endfacet
  facet normal 0 0 1
    outer loop
      vertex 0.0251287 0.0149013 0.025
      vertex 0.0254069 0.0148459 0.025
      vertex 0.035 0.02 0.025
    endloop
  endfacet
  facet normal 0 0 1
    outer loop
      vertex 0.035 0.02 0.025
      vertex 0.0254069 0.0148459 0.025
      vertex 0.0256823 0.0147785 0.025
    endloop
  endfacet
  facet normal 0 0 1
    outer loop
      vertex 0.030108 0.0107231 0.025
      vertex 0.0301992 0.0104546 0.025
      vertex 0.035 0.02 0.025
    endloop
  endfacet
  facet normal 0 0 1
    outer loop
      vertex 0.0301992 0.0104546 0.025
      vertex 0.0302785 0.0101823 0.025
      vertex 0.035 0.02 0.025
    endloop
  endfacet
  facet normal 0 0 1
    outer loop
      vertex 0.035 0.02 0.025
      vertex 0.0302785 0.0101823 0.025
      vertex 0.0303459 0.00990686 0.025
    endloop
  endfacet
  facet normal 0 0 1
    outer loop
      vertex 0.0295349 -0.011908 0.025
      vertex 0.0293853 -0.0121398 0.025
      vertex 0.035 -0.02 0.025
    endloop
  endfacet
  facet normal 0 0 1
    outer loop
      vertex 0.0293853 -0.0121398 0.025
      vertex 0.029226 -0.0123651 0.025
      vertex 0.035 -0.02 0.025
    endloop
  endfacet
  facet normal 0 0 1
    outer loop
      vertex 0.035 -0.02 0.025
      vertex 0.029226 -0.0123651 0.025
      vertex 0.0290572 -0.0125834 0.025
    endloop
  endfacet
  facet normal 0 0 1
    outer loop
      vertex 0.0250985 -0.0149065 0.025
      vertex 0.0248256 -0.0149474 0.025
      vertex 0.035 -0.02 0.025
    endloop
  endfacet
  facet normal 0 0 1
    outer loop
      vertex 0.0248256 -0.0149474 0.025
      vertex 0.0245512 -0.0149766 0.025
      vertex 0.035 -0.02 0.025
    endloop
  endfacet
  facet normal 0 0 1
    outer loop
      vertex -0.0248484 -0.0149444 0.025
      vertex -0.0251287 -0.0149013 0.025
      vertex -0.035 -0.02 0.025
    endloop
  endfacet
  facet normal 0 0 1
    outer loop
      vertex -0.0251287 -0.0149013 0.025
      vertex -0.0254069 -0.0148459 0.025
      vertex -0.035 -0.02 0.025
    endloop
  endfacet
  facet normal 0 0 1
    outer loop
      vertex -0.035 -0.02 0.025
      vertex -0.0254069 -0.0148459 0.025
      vertex -0.0256823 -0.0147785 0.025
    endloop
  endfacet
  facet normal 0 0 1
    outer loop
      vertex -0.0259546 -0.0146992 0.025
      vertex -0.0262231 -0.014608 0.025
      vertex -0.035 -0.02 0.025
    endloop
  endfacet
  facet normal 0 0 1
    outer loop
      vertex -0.0262231 -0.014608 0.025
      vertex -0.0264874 -0.0145052 0.025
      vertex -0.035 -0.02 0.025
    endloop
  endfacet
  facet normal 0 0 1
    outer loop
      vertex -0.035 -0.02 0.025
      vertex -0.0264874 -0.0145052 0.025
      vertex -0.026747 -0.014391 0.025
    endloop
  endfacet
  facet normal 0 0 1
    outer loop
      vertex -0.0274924 -0.013982 0.025
      vertex -0.0277282 -0.0138245 0.025
      vertex -0.035 -0.02 0.025
    endloop
  endfacet
  facet normal 0 0 1
    outer loop
      vertex -0.0277282 -0.0138245 0.025
      vertex -0.0279569 -0.0136568 0.025
      vertex -0.035 -0.02 0.025
    endloop
  endfacet
  facet normal 0 0 1
    outer loop
      vertex -0.0291568 -0.0124569 0.025
      vertex -0.0293245 -0.0122282 0.025
      vertex -0.035 -0.02 0.025
    endloop
  endfacet
  facet normal 0 0 1
    outer loop
      vertex -0.0293245 -0.0122282 0.025
      vertex -0.029482 -0.0119924 0.025
      vertex -0.035 -0.02 0.025
    endloop
  endfacet
  facet normal 0 0 1
    outer loop
      vertex -0.035 -0.02 0.025
      vertex -0.029482 -0.0119924 0.025
      vertex -0.0296292 -0.01175 0.025
    endloop
  endfacet
  facet normal 0 0 1
    outer loop
      vertex -0.0300052 0.0109874 0.025
      vertex -0.029891 0.011247 0.025
      vertex -0.035 0.02 0.025
    endloop
  endfacet
  facet normal 0 0 1
    outer loop
      vertex -0.029891 0.011247 0.025
      vertex -0.0297656 0.0115014 0.025
      vertex -0.035 0.02 0.025
    endloop
  endfacet
  facet normal 0 0 1
    outer loop
      vertex 0.0256823 0.0147785 0.025
      vertex 0.0259546 0.0146992 0.025
      vertex 0.035 0.02 0.025
    endloop
  endfacet
  facet normal 0 0 1
    outer loop
      vertex 0.0259546 0.0146992 0.025
      vertex 0.0262231 0.014608 0.025
      vertex 0.035 0.02 0.025
    endloop
  endfacet
  facet normal 0 0 1
    outer loop
      vertex 0.035 0.02 0.025
      vertex 0.0262231 0.014608 0.025
      vertex 0.0264874 0.0145052 0.025
    endloop
  endfacet
  facet normal 0 0 1
    outer loop
      vertex 0.0302151 -0.0104033 0.025
      vertex 0.0301287 -0.0106654 0.025
      vertex 0.035 -0.02 0.025
    endloop
  endfacet
  facet normal 0 0 1
    outer loop
      vertex 0.0301287 -0.0106654 0.025
      vertex 0.0300313 -0.0109236 0.025
      vertex 0.035 -0.02 0.025
    endloop
  endfacet
  facet normal 0 0 1
    outer loop
      vertex 0.035 -0.02 0.025
      vertex 0.0300313 -0.0109236 0.025
      vertex 0.029923 -0.0111774 0.025
    endloop
  endfacet
  facet normal 0 0 1
    outer loop
      vertex 0.0284976 -0.0131927 0.025
      vertex 0.0282944 -0.0133794 0.025
      vertex 0.035 -0.02 0.025
    endloop
  endfacet
  facet normal 0 0 1
    outer loop
      vertex 0.0282944 -0.0133794 0.025
      vertex 0.0280834 -0.0135572 0.025
      vertex 0.035 -0.02 0.025
    endloop
  endfacet
  facet normal 0 0 1
    outer loop
      vertex 0.0280834 -0.0135572 0.025
      vertex 0.0278651 -0.013726 0.025
      vertex 0.035 -0.02 0.025
    endloop
  endfacet
  facet normal 0 0 1
    outer loop
      vertex 0.0278651 -0.013726 0.025
      vertex 0.0276398 -0.0138853 0.025
      vertex 0.035 -0.02 0.025
    endloop
  endfacet
  facet normal 0 0 1
    outer loop
      vertex 0.035 -0.02 0.025
      vertex 0.0276398 -0.0138853 0.025
      vertex 0.027408 -0.0140349 0.025
    endloop
  endfacet
  facet normal 0 0 1
    outer loop
      vertex -0.0279569 -0.0136568 0.025
      vertex -0.0281781 -0.0134793 0.025
      vertex -0.035 -0.02 0.025
    endloop
  endfacet
  facet normal 0 0 1
    outer loop
      vertex -0.0281781 -0.0134793 0.025
      vertex -0.0283913 -0.0132923 0.025
      vertex -0.035 -0.02 0.025
    endloop
  endfacet
  facet normal 0 0 1
    outer loop
      vertex -0.035 -0.02 0.025
      vertex -0.0283913 -0.0132923 0.025
      vertex -0.0285962 -0.0130962 0.025
    endloop
  endfacet
  facet normal 0 0 1
    outer loop
      vertex -0.030108 -0.0107231 0.025
      vertex -0.0301992 -0.0104546 0.025
      vertex -0.035 -0.02 0.025
    endloop
  endfacet
  facet normal 0 0 1
    outer loop
      vertex -0.0301992 -0.0104546 0.025
      vertex -0.0302785 -0.0101823 0.025
      vertex -0.035 -0.02 0.025
    endloop
  endfacet
  facet normal 0 0 1
    outer loop
      vertex -0.035 -0.02 0.025
      vertex -0.0302785 -0.0101823 0.025
      vertex -0.0303459 -0.00990686 0.025
    endloop
  endfacet
  facet normal 0 0 1
    outer loop
      vertex -0.0303459 -0.00990686 0.025
      vertex -0.0304013 -0.00962871 0.025
      vertex -0.035 -0.02 0.025
    endloop
  endfacet
  facet normal 0 0 1
    outer loop
      vertex -0.0304013 -0.00962871 0.025
      vertex -0.0304444 -0.00934842 0.025
      vertex -0.035 -0.02 0.025
    endloop
  endfacet
  facet normal 0 0 1
    outer loop
      vertex -0.035 -0.02 0.025
      vertex -0.0304444 -0.00934842 0.025
      vertex -0.0304753 -0.00906651 0.025
    endloop
  endfacet
  facet normal 0 0 1
    outer loop
      vertex -0.0297656 0.0115014 0.025
      vertex -0.0296292 0.01175 0.025
      vertex -0.035 0.02 0.025
    endloop
  endfacet
  facet normal 0 0 1
    outer loop
      vertex -0.0296292 0.01175 0.025
      vertex -0.029482 0.0119924 0.025
      vertex -0.035 0.02 0.025
    endloop
  endfacet
  facet normal 0 0 1
    outer loop
      vertex -0.035 0.02 0.025
      vertex -0.029482 0.0119924 0.025
      vertex -0.0293245 0.0122282 0.025
    endloop
  endfacet
  facet normal 0 0 1
    outer loop
      vertex -0.0291568 0.0124569 0.025
      vertex -0.0289793 0.0126781 0.025
      vertex -0.035 0.02 0.025
    endloop
  endfacet
  facet normal 0 0 1
    outer loop
      vertex -0.0289793 0.0126781 0.025
      vertex -0.0287923 0.0128913 0.025
      vertex -0.035 0.02 0.025
    endloop
  endfacet
  facet normal 0 0 1
    outer loop
      vertex -0.035 0.02 0.025
      vertex -0.0287923 0.0128913 0.025
      vertex -0.0285962 0.0130962 0.025
    endloop
  endfacet
  facet normal 0 0 1
    outer loop
      vertex -0.0285962 0.0130962 0.025
      vertex -0.0283913 0.0132923 0.025
      vertex -0.035 0.02 0.025
    endloop
  endfacet
  facet normal 0 0 1
    outer loop
      vertex -0.0283913 0.0132923 0.025
      vertex -0.0281781 0.0134793 0.025
      vertex -0.035 0.02 0.025
    endloop
  endfacet
  facet normal 0 0 1
    outer loop
      vertex -0.035 0.02 0.025
      vertex -0.0281781 0.0134793 0.025
      vertex -0.0279569 0.0136568 0.025
    endloop
  endfacet
  facet normal 0 0 1
    outer loop
      vertex -0.02725 0.0141292 0.025
      vertex -0.0270014 0.0142656 0.025
      vertex -0.035 0.02 0.025
    endloop
  endfacet
  facet normal 0 0 1
    outer loop
      vertex -0.0270014 0.0142656 0.025
      vertex -0.026747 0.014391 0.025
      vertex -0.035 0.02 0.025
    endloop
  endfacet
  facet normal 0 0 1
    outer loop
      vertex -0.035 0.02 0.025
      vertex -0.026747 0.014391 0.025
      vertex -0.0264874 0.0145052 0.025
    endloop
  endfacet
  facet normal 0 0 1
    outer loop
      vertex -0.0248484 0.0149444 0.025
      vertex -0.0245665 0.0149753 0.025
      vertex -0.035 0.02 0.025
    endloop
  endfacet
  facet normal 0 0 1
    outer loop
      vertex 0.0304941 -0.00877587 0.025
      vertex 0.0304766 -0.00905124 0.025
      vertex 0.035 -0.02 0.025
    endloop
  endfacet
  facet normal 0 0 1
    outer loop
      vertex 0.0304766 -0.00905124 0.025
      vertex 0.0304474 -0.00932562 0.025
      vertex 0.035 -0.02 0.025
    endloop
  endfacet
  facet normal 0 0 1
    outer loop
      vertex 0.035 -0.02 0.025
      vertex 0.0304474 -0.00932562 0.025
      vertex 0.0304065 -0.00959851 0.025
    endloop
  endfacet
  facet normal 0 0 1
    outer loop
      vertex 0.0304065 -0.00959851 0.025
      vertex 0.0303541 -0.00986942 0.025
      vertex 0.035 -0.02 0.025
    endloop
  endfacet
  facet normal 0 0 1
    outer loop
      vertex 0.0303541 -0.00986942 0.025
      vertex 0.0302903 -0.0101379 0.025
      vertex 0.035 -0.02 0.025
    endloop
  endfacet
  facet normal 0 0 1
    outer loop
      vertex 0.035 -0.02 0.025
      vertex 0.0302903 -0.0101379 0.025
      vertex 0.0302151 -0.0104033 0.025
    endloop
  endfacet
  facet normal 0 0 1
    outer loop
      vertex 0.029923 -0.0111774 0.025
      vertex 0.029804 -0.0114263 0.025
      vertex 0.035 -0.02 0.025
    endloop
  endfacet
  facet normal 0 0 1
    outer loop
      vertex 0.029804 -0.0114263 0.025
      vertex 0.0296746 -0.01167 0.025
      vertex 0.035 -0.02 0.025
    endloop
  endfacet
  facet normal 0 0 1
    outer loop
      vertex 0.035 -0.02 0.025
      vertex 0.0296746 -0.01167 0.025
      vertex 0.0295349 -0.011908 0.025
    endloop
  endfacet
  facet normal 0 0 1
    outer loop
      vertex -0.0304938 0.00878353 0.025
      vertex -0.0304753 0.00906651 0.025
      vertex -0.035 0.02 0.025
    endloop
  endfacet
  facet normal 0 0 1
    outer loop
      vertex -0.0304753 0.00906651 0.025
      vertex -0.0304444 0.00934842 0.025
      vertex -0.035 0.02 0.025
    endloop
  endfacet
  facet normal 0 0 1
    outer loop
      vertex -0.0279569 0.0136568 0.025
      vertex -0.0277282 0.0138245 0.025
      vertex -0.035 0.02 0.025
    endloop
  endfacet
  facet normal 0 0 1
    outer loop
      vertex -0.0277282 0.0138245 0.025
      vertex -0.0274924 0.013982 0.025
      vertex -0.035 0.02 0.025
    endloop
  endfacet
  facet normal 0 0 1
    outer loop
      vertex -0.035 0.02 0.025
      vertex -0.0274924 0.013982 0.025
      vertex -0.02725 0.0141292 0.025
    endloop
  endfacet
  facet normal 0 0 1
    outer loop
      vertex 0.0304753 0.00906651 0.025
      vertex 0.0304938 0.00878353 0.025
      vertex 0.035 0.02 0.025
    endloop
  endfacet
  facet normal 0 0 1
    outer loop
      vertex 0.0304938 0.00878353 0.025
      vertex 0.0305 0.0085 0.025
      vertex 0.035 0.02 0.025
    endloop
  endfacet
  facet normal 0 0 1
    outer loop
      vertex 0.035 0.02 0.025
      vertex 0.0305 0.0085 0.025
      vertex 0.035 -0.02 0.025
    endloop
  endfacet
  facet normal 0 0 1
    outer loop
      vertex 0.0305 0.0085 0.025
      vertex 0.0305 -0.0085 0.025
      vertex 0.035 -0.02 0.025
    endloop
  endfacet
  facet normal 0 0 1
    outer loop
      vertex 0.035 -0.02 0.025
      vertex 0.0305 -0.0085 0.025
      vertex 0.0304941 -0.00877587 0.025
    endloop
  endfacet
  facet normal 0 0 1
    outer loop
      vertex 0.0290572 -0.0125834 0.025
      vertex 0.0288794 -0.0127944 0.025
      vertex 0.035 -0.02 0.025
    endloop
  endfacet
  facet normal 0 0 1
    outer loop
      vertex 0.0288794 -0.0127944 0.025
      vertex 0.0286927 -0.0129976 0.025
      vertex 0.035 -0.02 0.025
    endloop
  endfacet
  facet normal 0 0 1
    outer loop
      vertex 0.035 -0.02 0.025
      vertex 0.0286927 -0.0129976 0.025
      vertex 0.0284976 -0.0131927 0.025
    endloop
  endfacet
  facet normal 0 0 1
    outer loop
      vertex 0.027408 -0.0140349 0.025
      vertex 0.02717 -0.0141746 0.025
      vertex 0.035 -0.02 0.025
    endloop
  endfacet
  facet normal 0 0 1
    outer loop
      vertex 0.02717 -0.0141746 0.025
      vertex 0.0269263 -0.014304 0.025
      vertex 0.035 -0.02 0.025
    endloop
  endfacet
  facet normal 0 0 1
    outer loop
      vertex 0.035 -0.02 0.025
      vertex 0.0269263 -0.014304 0.025
      vertex 0.0266774 -0.014423 0.025
    endloop
  endfacet
  facet normal 0 0 1
    outer loop
      vertex -0.026747 -0.014391 0.025
      vertex -0.0270014 -0.0142656 0.025
      vertex -0.035 -0.02 0.025
    endloop
  endfacet
  facet normal 0 0 1
    outer loop
      vertex -0.0270014 -0.0142656 0.025
      vertex -0.02725 -0.0141292 0.025
      vertex -0.035 -0.02 0.025
    endloop
  endfacet
  facet normal 0 0 1
    outer loop
      vertex -0.035 -0.02 0.025
      vertex -0.02725 -0.0141292 0.025
      vertex -0.0274924 -0.013982 0.025
    endloop
  endfacet
  facet normal 0 0 1
    outer loop
      vertex -0.0304753 -0.00906651 0.025
      vertex -0.0304938 -0.00878353 0.025
      vertex -0.035 -0.02 0.025
    endloop
  endfacet
  facet normal 0 0 1
    outer loop
      vertex -0.0304938 -0.00878353 0.025
      vertex -0.0305 -0.0085 0.025
      vertex -0.035 -0.02 0.025
    endloop
  endfacet
  facet normal 0 0 1
    outer loop
      vertex -0.035 -0.02 0.025
      vertex -0.0305 -0.0085 0.025
      vertex -0.035 0.02 0.025
    endloop
  endfacet
  facet normal 0 0 1
    outer loop
      vertex -0.0305 -0.0085 0.025
      vertex -0.0305 0.0085 0.025
      vertex -0.035 0.02 0.025
    endloop
  endfacet
  facet normal 0 0 1
    outer loop
      vertex -0.035 0.02 0.025
      vertex -0.0305 0.0085 0.025
      vertex -0.0304938 0.00878353 0.025
    endloop
  endfacet
  facet normal 0 0 1
    outer loop
      vertex -0.0304444 0.00934842 0.025
      vertex -0.0304013 0.00962871 0.025
      vertex -0.035 0.02 0.025
    endloop
  endfacet
  facet normal 0 0 1
    outer loop
      vertex -0.0304013 0.00962871 0.025
      vertex -0.0303459 0.00990686 0.025
      vertex -0.035 0.02 0.025
    endloop
  endfacet
  facet normal 0 0 1
    outer loop
      vertex -0.035 0.02 0.025
      vertex -0.0303459 0.00990686 0.025
      vertex -0.0302785 0.0101823 0.025
    endloop
  endfacet
  facet normal 0 0 1
    outer loop
      vertex -0.0302785 0.0101823 0.025
      vertex -0.0301992 0.0104546 0.025
      vertex -0.035 0.02 0.025
    endloop
  endfacet
  facet normal 0 0 1
    outer loop
      vertex -0.0301992 0.0104546 0.025
      vertex -0.030108 0.0107231 0.025
      vertex -0.035 0.02 0.025
    endloop
  endfacet
  facet normal 0 0 1
    outer loop
      vertex -0.035 0.02 0.025
      vertex -0.030108 0.0107231 0.025
      vertex -0.0300052 0.0109874 0.025
    endloop
  endfacet
  facet normal 0 0 1
    outer loop
      vertex 0.0266774 -0.014423 0.025
      vertex 0.0264236 -0.0145313 0.025
      vertex 0.035 -0.02 0.025
    endloop
  endfacet
  facet normal 0 0 1
    outer loop
      vertex 0.0264236 -0.0145313 0.025
      vertex 0.0261654 -0.0146287 0.025
      vertex 0.035 -0.02 0.025
    endloop
  endfacet
  facet normal 0 0 1
    outer loop
      vertex 0.035 -0.02 0.025
      vertex 0.0261654 -0.0146287 0.025
      vertex 0.0259033 -0.0147151 0.025
    endloop
  endfacet
  facet normal 0 0 1
    outer loop
      vertex 0.0259033 -0.0147151 0.025
      vertex 0.0256379 -0.0147903 0.025
      vertex 0.035 -0.02 0.025
    endloop
  endfacet
  facet normal 0 0 1
    outer loop
      vertex 0.0256379 -0.0147903 0.025
      vertex 0.0253694 -0.0148541 0.025
      vertex 0.035 -0.02 0.025
    endloop
  endfacet
  facet normal 0 0 1
    outer loop
      vertex 0.035 -0.02 0.025
      vertex 0.0253694 -0.0148541 0.025
      vertex 0.0250985 -0.0149065 0.025
    endloop
  endfacet
  facet normal 0 0 1
    outer loop
      vertex 0.0245512 -0.0149766 0.025
      vertex 0.0242759 -0.0149941 0.025
      vertex 0.035 -0.02 0.025
    endloop
  endfacet
  facet normal 0 0 1
    outer loop
      vertex 0.0242759 -0.0149941 0.025
      vertex 0.024 -0.015 0.025
      vertex 0.035 -0.02 0.025
    endloop
  endfacet
  facet normal 0 0 1
    outer loop
      vertex 0.035 -0.02 0.025
      vertex 0.024 -0.015 0.025
      vertex -0.035 -0.02 0.025
    endloop
  endfacet
  facet normal 0 0 1
    outer loop
      vertex 0.024 -0.015 0.025
      vertex -0.024 -0.015 0.025
      vertex -0.035 -0.02 0.025
    endloop
  endfacet
  facet normal 0 0 1
    outer loop
      vertex -0.035 -0.02 0.025
      vertex -0.024 -0.015 0.025
      vertex -0.0242835 -0.0149938 0.025
    endloop
  endfacet
  facet normal 0 0 1
    outer loop
      vertex -0.0264874 0.0145052 0.025
      vertex -0.0262231 0.014608 0.025
      vertex -0.035 0.02 0.025
    endloop
  endfacet
  facet normal 0 0 1
    outer loop
      vertex -0.0262231 0.014608 0.025
      vertex -0.0259546 0.0146992 0.025
      vertex -0.035 0.02 0.025
    endloop
  endfacet
  facet normal 0 0 1
    outer loop
      vertex -0.035 0.02 0.025
      vertex -0.0259546 0.0146992 0.025
      vertex -0.0256823 0.0147785 0.025
    endloop
  endfacet
  facet normal 0 0 1
    outer loop
      vertex -0.0256823 0.0147785 0.025
      vertex -0.0254069 0.0148459 0.025
      vertex -0.035 0.02 0.025
    endloop
  endfacet
  facet normal 0 0 1
    outer loop
      vertex -0.0254069 0.0148459 0.025
      vertex -0.0251287 0.0149013 0.025
      vertex -0.035 0.02 0.025
    endloop
  endfacet
  facet normal 0 0 1
    outer loop
      vertex -0.035 0.02 0.025
      vertex -0.0251287 0.0149013 0.025
      vertex -0.0248484 0.0149444 0.025
    endloop
  endfacet
  facet normal 0 0 1
    outer loop
      vertex -0.0245665 0.0149753 0.025
      vertex -0.0242835 0.0149938 0.025
      vertex -0.035 0.02 0.025
    endloop
  endfacet
  facet normal 0 0 1
    outer loop
      vertex -0.0242835 0.0149938 0.025
      vertex -0.024 0.015 0.025
      vertex -0.035 0.02 0.025
    endloop
  endfacet
  facet normal 0 0 1
    outer loop
      vertex -0.035 0.02 0.025
      vertex -0.024 0.015 0.025
      vertex 0.035 0.02 0.025
    endloop
  endfacet
  facet normal 0 0 1
    outer loop
      vertex -0.024 0.015 0.025
      vertex 0.024 0.015 0.025
      vertex 0.035 0.02 0.025
    endloop
  endfacet
  facet normal 0 0 1
    outer loop
      vertex 0.035 0.02 0.025
      vertex 0.024 0.015 0.025
      vertex 0.0242835 0.0149938 0.025
    endloop
  endfacet
  facet normal 1 0 0
    outer loop
      vertex 0.035 0.02 0
      vertex 0.035 0.02 0.025
      vertex 0.035 -0.02 0
    endloop
  endfacet
  facet normal 1 0 0
    outer loop
      vertex 0.035 0.02 0.025
      vertex 0.035 -0.02 0.025
      vertex 0.035 -0.02 0
    endloop
  endfacet
  facet normal 1 0 0
    outer loop
      vertex -0.0093 0.015 0.016
      vertex -0.0093 -0.015 0.016
      vertex -0.0093 0.015 0
    endloop
  endfacet
  facet normal 1 0 0
    outer loop
      vertex -0.0093 -0.015 0.016
      vertex -0.0093 -0.015 0
      vertex -0.0093 0.015 0
    endloop
  endfacet
  facet normal 0 1 0
    outer loop
      vertex 0.024 -0.015 0.025
      vertex 0.024 -0.015 0.016
      vertex -0.024 -0.015 0.025
    endloop
  endfacet
  facet normal 0 1 0
    outer loop
      vertex 0.024 -0.015 0.016
      vertex -0.002 -0.015 0.016
      vertex -0.024 -0.015 0.025
    endloop
  endfacet
  facet normal 0 1 0
    outer loop
      vertex -0.024 -0.015 0.016
      vertex -0.024 -0.015 0.025
      vertex -0.0093 -0.015 0.016
    endloop
  endfacet
  facet normal 0 1 0
    outer loop
      vertex -0.024 -0.015 0.025
      vertex -0.002 -0.015 0.016
      vertex -0.0093 -0.015 0.016
    endloop
  endfacet
  facet normal 0 1 0
    outer loop
      vertex -0.0093 -0.015 0.016
      vertex -0.002 -0.015 0.016
      vertex -0.0093 -0.015 0
    endloop
  endfacet
  facet normal 0 1 0
    outer loop
      vertex -0.002 -0.015 0.016
      vertex -0.002 -0.015 0
      vertex -0.0093 -0.015 0
    endloop
  endfacet
  facet normal 0 1 0
    outer loop
      vertex -0.035 0.02 0.025
      vertex 0.035 0.02 0.025
      vertex -0.035 0.02 0
    endloop
  endfacet
  facet normal 0 1 0
    outer loop
      vertex 0.035 0.02 0.025
      vertex 0.035 0.02 0
      vertex -0.035 0.02 0
    endloop
  endfacet
  facet normal 0 0 1
    outer loop
      vertex 0.0278651 -0.013726 0.016
      vertex 0.0280834 -0.0135572 0.016
      vertex 0.0250985 -0.0149065 0.016
    endloop
  endfacet
  facet normal 0 0 1
    outer loop
      vertex 0.0304938 0.00878353 0.016
      vertex 0.024 0.015 0.016
      vertex 0.0305 0.0085 0.016
    endloop
  endfacet
  facet normal 0 0 1
    outer loop
      vertex 0.024 0.015 0.016
      vertex -0.002 0.015 0.016
      vertex 0.0305 0.0085 0.016
    endloop
  endfacet
  facet normal 0 0 1
    outer loop
      vertex 0.0305 0.0085 0.016
      vertex -0.002 0.015 0.016
      vertex 0.0305 -0.0085 0.016
    endloop
  endfacet
  facet normal 0 0 1
    outer loop
      vertex 0.029226 -0.0123651 0.016
      vertex 0.0242759 -0.0149941 0.016
      vertex 0.0245512 -0.0149766 0.016
    endloop
  endfacet
  facet normal 0 0 1
    outer loop
      vertex 0.0286927 -0.0129976 0.016
      vertex 0.0288794 -0.0127944 0.016
      vertex 0.0250985 -0.0149065 0.016
    endloop
  endfacet
  facet normal 0 0 1
    outer loop
      vertex 0.0304065 -0.00959851 0.016
      vertex 0.0304474 -0.00932562 0.016
      vertex 0.024 -0.015 0.016
    endloop
  endfacet
  facet normal 0 0 1
    outer loop
      vertex 0.0304474 -0.00932562 0.016
      vertex 0.0304766 -0.00905124 0.016
      vertex 0.024 -0.015 0.016
    endloop
  endfacet
  facet normal 0 0 1
    outer loop
      vertex 0.0245512 -0.0149766 0.016
      vertex 0.0248256 -0.0149474 0.016
      vertex 0.029226 -0.0123651 0.016
    endloop
  endfacet
  facet normal 0 0 1
    outer loop
      vertex 0.0248256 -0.0149474 0.016
      vertex 0.0250985 -0.0149065 0.016
      vertex 0.029226 -0.0123651 0.016
    endloop
  endfacet
  facet normal 0 0 1
    outer loop
      vertex 0.029226 -0.0123651 0.016
      vertex 0.0250985 -0.0149065 0.016
      vertex 0.0290572 -0.0125834 0.016
    endloop
  endfacet
  facet normal 0 0 1
    outer loop
      vertex 0.0250985 -0.0149065 0.016
      vertex 0.0288794 -0.0127944 0.016
      vertex 0.0290572 -0.0125834 0.016
    endloop
  endfacet
  facet normal 0 0 1
    outer loop
      vertex 0.0295349 -0.011908 0.016
      vertex 0.0296746 -0.01167 0.016
      vertex 0.024 -0.015 0.016
    endloop
  endfacet
  facet normal 0 0 1
    outer loop
      vertex 0.0296746 -0.01167 0.016
      vertex 0.029804 -0.0114263 0.016
      vertex 0.024 -0.015 0.016
    endloop
  endfacet
  facet normal 0 0 1
    outer loop
      vertex 0.024 -0.015 0.016
      vertex 0.029804 -0.0114263 0.016
      vertex 0.029923 -0.0111774 0.016
    endloop
  endfacet
  facet normal 0 0 1
    outer loop
      vertex -0.002 0.015 0.016
      vertex -0.002 -0.015 0.016
      vertex 0.0305 -0.0085 0.016
    endloop
  endfacet
  facet normal 0 0 1
    outer loop
      vertex -0.002 -0.015 0.016
      vertex 0.024 -0.015 0.016
      vertex 0.0305 -0.0085 0.016
    endloop
  endfacet
  facet normal 0 0 1
    outer loop
      vertex 0.0305 -0.0085 0.016
      vertex 0.024 -0.015 0.016
      vertex 0.0304941 -0.00877587 0.016
    endloop
  endfacet
  facet normal 0 0 1
    outer loop
      vertex 0.024 -0.015 0.016
      vertex 0.0304766 -0.00905124 0.016
      vertex 0.0304941 -0.00877587 0.016
    endloop
  endfacet
  facet normal 0 0 1
    outer loop
      vertex 0.0304938 0.00878353 0.016
      vertex 0.0304753 0.00906651 0.016
      vertex 0.024 0.015 0.016
    endloop
  endfacet
  facet normal 0 0 1
    outer loop
      vertex 0.0304753 0.00906651 0.016
      vertex 0.0304444 0.00934842 0.016
      vertex 0.024 0.015 0.016
    endloop
  endfacet
  facet normal 0 0 1
    outer loop
      vertex 0.024 0.015 0.016
      vertex 0.0304444 0.00934842 0.016
      vertex 0.0242835 0.0149938 0.016
    endloop
  endfacet
  facet normal 0 0 1
    outer loop
      vertex 0.0304444 0.00934842 0.016
      vertex 0.0245665 0.0149753 0.016
      vertex 0.0242835 0.0149938 0.016
    endloop
  endfacet
  facet normal 0 0 1
    outer loop
      vertex 0.0250985 -0.0149065 0.016
      vertex 0.0253694 -0.0148541 0.016
      vertex 0.0256379 -0.0147903 0.016
    endloop
  endfacet
  facet normal 0 0 1
    outer loop
      vertex 0.0242759 -0.0149941 0.016
      vertex 0.029226 -0.0123651 0.016
      vertex 0.024 -0.015 0.016
    endloop
  endfacet
  facet normal 0 0 1
    outer loop
      vertex 0.029226 -0.0123651 0.016
      vertex 0.0293853 -0.0121398 0.016
      vertex 0.024 -0.015 0.016
    endloop
  endfacet
  facet normal 0 0 1
    outer loop
      vertex 0.024 -0.015 0.016
      vertex 0.0293853 -0.0121398 0.016
      vertex 0.0295349 -0.011908 0.016
    endloop
  endfacet
  facet normal 0 0 1
    outer loop
      vertex 0.029923 -0.0111774 0.016
      vertex 0.0300313 -0.0109236 0.016
      vertex 0.024 -0.015 0.016
    endloop
  endfacet
  facet normal 0 0 1
    outer loop
      vertex 0.0300313 -0.0109236 0.016
      vertex 0.0301287 -0.0106654 0.016
      vertex 0.024 -0.015 0.016
    endloop
  endfacet
  facet normal 0 0 1
    outer loop
      vertex 0.024 -0.015 0.016
      vertex 0.0301287 -0.0106654 0.016
      vertex 0.0302151 -0.0104033 0.016
    endloop
  endfacet
  facet normal 0 0 1
    outer loop
      vertex 0.0302151 -0.0104033 0.016
      vertex 0.0302903 -0.0101379 0.016
      vertex 0.024 -0.015 0.016
    endloop
  endfacet
  facet normal 0 0 1
    outer loop
      vertex 0.0302903 -0.0101379 0.016
      vertex 0.0303541 -0.00986942 0.016
      vertex 0.024 -0.015 0.016
    endloop
  endfacet
  facet normal 0 0 1
    outer loop
      vertex 0.024 -0.015 0.016
      vertex 0.0303541 -0.00986942 0.016
      vertex 0.0304065 -0.00959851 0.016
    endloop
  endfacet
  facet normal 0 0 1
    outer loop
      vertex 0.0289793 0.0126781 0.016
      vertex 0.0287923 0.0128913 0.016
      vertex 0.0304444 0.00934842 0.016
    endloop
  endfacet
  facet normal 0 0 1
    outer loop
      vertex 0.0287923 0.0128913 0.016
      vertex 0.0285962 0.0130962 0.016
      vertex 0.0304444 0.00934842 0.016
    endloop
  endfacet
  facet normal 0 0 1
    outer loop
      vertex 0.0264874 0.0145052 0.016
      vertex 0.0262231 0.014608 0.016
      vertex 0.0304444 0.00934842 0.016
    endloop
  endfacet
  facet normal 0 0 1
    outer loop
      vertex 0.0256379 -0.0147903 0.016
      vertex 0.0259033 -0.0147151 0.016
      vertex 0.0250985 -0.0149065 0.016
    endloop
  endfacet
  facet normal 0 0 1
    outer loop
      vertex 0.0259033 -0.0147151 0.016
      vertex 0.0261654 -0.0146287 0.016
      vertex 0.0250985 -0.0149065 0.016
    endloop
  endfacet
  facet normal 0 0 1
    outer loop
      vertex 0.0250985 -0.0149065 0.016
      vertex 0.0261654 -0.0146287 0.016
      vertex 0.0264236 -0.0145313 0.016
    endloop
  endfacet
  facet normal 0 0 1
    outer loop
      vertex 0.0264236 -0.0145313 0.016
      vertex 0.0266774 -0.014423 0.016
      vertex 0.0250985 -0.0149065 0.016
    endloop
  endfacet
  facet normal 0 0 1
    outer loop
      vertex 0.0266774 -0.014423 0.016
      vertex 0.0269263 -0.014304 0.016
      vertex 0.0250985 -0.0149065 0.016
    endloop
  endfacet
  facet normal 0 0 1
    outer loop
      vertex 0.0250985 -0.0149065 0.016
      vertex 0.0269263 -0.014304 0.016
      vertex 0.02717 -0.0141746 0.016
    endloop
  endfacet
  facet normal 0 0 1
    outer loop
      vertex 0.02717 -0.0141746 0.016
      vertex 0.027408 -0.0140349 0.016
      vertex 0.0250985 -0.0149065 0.016
    endloop
  endfacet
  facet normal 0 0 1
    outer loop
      vertex 0.027408 -0.0140349 0.016
      vertex 0.0276398 -0.0138853 0.016
      vertex 0.0250985 -0.0149065 0.016
    endloop
  endfacet
  facet normal 0 0 1
    outer loop
      vertex 0.0250985 -0.0149065 0.016
      vertex 0.0276398 -0.0138853 0.016
      vertex 0.0278651 -0.013726 0.016
    endloop
  endfacet
  facet normal 0 0 1
    outer loop
      vertex 0.0280834 -0.0135572 0.016
      vertex 0.0282944 -0.0133794 0.016
      vertex 0.0250985 -0.0149065 0.016
    endloop
  endfacet
  facet normal 0 0 1
    outer loop
      vertex 0.0282944 -0.0133794 0.016
      vertex 0.0284976 -0.0131927 0.016
      vertex 0.0250985 -0.0149065 0.016
    endloop
  endfacet
  facet normal 0 0 1
    outer loop
      vertex 0.0250985 -0.0149065 0.016
      vertex 0.0284976 -0.0131927 0.016
      vertex 0.0286927 -0.0129976 0.016
    endloop
  endfacet
  facet normal 0 0 1
    outer loop
      vertex 0.0285962 0.0130962 0.016
      vertex 0.0283913 0.0132923 0.016
      vertex 0.0304444 0.00934842 0.016
    endloop
  endfacet
  facet normal 0 0 1
    outer loop
      vertex 0.0283913 0.0132923 0.016
      vertex 0.0281781 0.0134793 0.016
      vertex 0.0304444 0.00934842 0.016
    endloop
  endfacet
  facet normal 0 0 1
    outer loop
      vertex 0.0304444 0.00934842 0.016
      vertex 0.0281781 0.0134793 0.016
      vertex 0.0279569 0.0136568 0.016
    endloop
  endfacet
  facet normal 0 0 1
    outer loop
      vertex 0.0262231 0.014608 0.016
      vertex 0.0259546 0.0146992 0.016
      vertex 0.0304444 0.00934842 0.016
    endloop
  endfacet
  facet normal 0 0 1
    outer loop
      vertex 0.0259546 0.0146992 0.016
      vertex 0.0256823 0.0147785 0.016
      vertex 0.0304444 0.00934842 0.016
    endloop
  endfacet
  facet normal 0 0 1
    outer loop
      vertex 0.0304444 0.00934842 0.016
      vertex 0.0256823 0.0147785 0.016
      vertex 0.0254069 0.0148459 0.016
    endloop
  endfacet
  facet normal 0 0 1
    outer loop
      vertex 0.0254069 0.0148459 0.016
      vertex 0.0251287 0.0149013 0.016
      vertex 0.0304444 0.00934842 0.016
    endloop
  endfacet
  facet normal 0 0 1
    outer loop
      vertex 0.0251287 0.0149013 0.016
      vertex 0.0248484 0.0149444 0.016
      vertex 0.0304444 0.00934842 0.016
    endloop
  endfacet
  facet normal 0 0 1
    outer loop
      vertex 0.0304444 0.00934842 0.016
      vertex 0.0248484 0.0149444 0.016
      vertex 0.0245665 0.0149753 0.016
    endloop
  endfacet
  facet normal 0 0 1
    outer loop
      vertex 0.0303459 0.00990686 0.016
      vertex 0.0302785 0.0101823 0.016
      vertex 0.0291568 0.0124569 0.016
    endloop
  endfacet
  facet normal 0 0 1
    outer loop
      vertex 0.0302785 0.0101823 0.016
      vertex 0.0301992 0.0104546 0.016
      vertex 0.0291568 0.0124569 0.016
    endloop
  endfacet
  facet normal 0 0 1
    outer loop
      vertex 0.0291568 0.0124569 0.016
      vertex 0.0301992 0.0104546 0.016
      vertex 0.030108 0.0107231 0.016
    endloop
  endfacet
  facet normal 0 0 1
    outer loop
      vertex 0.030108 0.0107231 0.016
      vertex 0.0300052 0.0109874 0.016
      vertex 0.0291568 0.0124569 0.016
    endloop
  endfacet
  facet normal 0 0 1
    outer loop
      vertex 0.0300052 0.0109874 0.016
      vertex 0.029891 0.011247 0.016
      vertex 0.0291568 0.0124569 0.016
    endloop
  endfacet
  facet normal 0 0 1
    outer loop
      vertex 0.0291568 0.0124569 0.016
      vertex 0.029891 0.011247 0.016
      vertex 0.0297656 0.0115014 0.016
    endloop
  endfacet
  facet normal 0 0 1
    outer loop
      vertex 0.02725 0.0141292 0.016
      vertex 0.0270014 0.0142656 0.016
      vertex 0.0304444 0.00934842 0.016
    endloop
  endfacet
  facet normal 0 0 1
    outer loop
      vertex 0.0270014 0.0142656 0.016
      vertex 0.026747 0.014391 0.016
      vertex 0.0304444 0.00934842 0.016
    endloop
  endfacet
  facet normal 0 0 1
    outer loop
      vertex 0.0304444 0.00934842 0.016
      vertex 0.026747 0.014391 0.016
      vertex 0.0264874 0.0145052 0.016
    endloop
  endfacet
  facet normal 0 0 1
    outer loop
      vertex 0.0297656 0.0115014 0.016
      vertex 0.0296292 0.01175 0.016
      vertex 0.0291568 0.0124569 0.016
    endloop
  endfacet
  facet normal 0 0 1
    outer loop
      vertex 0.0296292 0.01175 0.016
      vertex 0.029482 0.0119924 0.016
      vertex 0.0291568 0.0124569 0.016
    endloop
  endfacet
  facet normal 0 0 1
    outer loop
      vertex 0.0291568 0.0124569 0.016
      vertex 0.029482 0.0119924 0.016
      vertex 0.0293245 0.0122282 0.016
    endloop
  endfacet
  facet normal 0 0 1
    outer loop
      vertex 0.0279569 0.0136568 0.016
      vertex 0.0277282 0.0138245 0.016
      vertex 0.0304444 0.00934842 0.016
    endloop
  endfacet
  facet normal 0 0 1
    outer loop
      vertex 0.0277282 0.0138245 0.016
      vertex 0.0274924 0.013982 0.016
      vertex 0.0304444 0.00934842 0.016
    endloop
  endfacet
  facet normal 0 0 1
    outer loop
      vertex 0.0304444 0.00934842 0.016
      vertex 0.0274924 0.013982 0.016
      vertex 0.02725 0.0141292 0.016
    endloop
  endfacet
  facet normal 0 0 1
    outer loop
      vertex 0.0289793 0.0126781 0.016
      vertex 0.0304444 0.00934842 0.016
      vertex 0.0291568 0.0124569 0.016
    endloop
  endfacet
  facet normal 0 0 1
    outer loop
      vertex 0.0304444 0.00934842 0.016
      vertex 0.0304013 0.00962871 0.016
      vertex 0.0291568 0.0124569 0.016
    endloop
  endfacet
  facet normal 0 0 1
    outer loop
      vertex 0.0291568 0.0124569 0.016
      vertex 0.0304013 0.00962871 0.016
      vertex 0.0303459 0.00990686 0.016
    endloop
  endfacet
  facet normal 0 0 1
    outer loop
      vertex -0.0093 0.015 0
      vertex -0.0093 -0.015 0
      vertex -0.002 0.015 0
    endloop
  endfacet
  facet normal 0 0 1
    outer loop
      vertex -0.0093 -0.015 0
      vertex -0.002 -0.015 0
      vertex -0.002 0.015 0
    endloop
  endfacet
  facet normal -0.0212234 0.999775 0
    outer loop
      vertex 0.024 -0.015 0.016
      vertex 0.024 -0.015 0.025
      vertex 0.0242759 -0.0149941 0.016
    endloop
  endfacet
  facet normal -0.0212234 0.999775 0
    outer loop
      vertex 0.024 -0.015 0.025
      vertex 0.0242759 -0.0149941 0.025
      vertex 0.0242759 -0.0149941 0.016
    endloop
  endfacet
  facet normal -0.0636394 0.997973 0
    outer loop
      vertex 0.0242759 -0.0149941 0.016
      vertex 0.0242759 -0.0149941 0.025
      vertex 0.0245512 -0.0149766 0.016
    endloop
  endfacet
  facet normal -0.0636394 0.997973 0
    outer loop
      vertex 0.0242759 -0.0149941 0.025
      vertex 0.0245512 -0.0149766 0.025
      vertex 0.0245512 -0.0149766 0.016
    endloop
  endfacet
  facet normal -0.105935 0.994373 0
    outer loop
      vertex 0.0245512 -0.0149766 0.016
      vertex 0.0245512 -0.0149766 0.025
      vertex 0.0248256 -0.0149474 0.016
    endloop
  endfacet
  facet normal -0.105935 0.994373 0
    outer loop
      vertex 0.0245512 -0.0149766 0.025
      vertex 0.0248256 -0.0149474 0.025
      vertex 0.0248256 -0.0149474 0.016
    endloop
  endfacet
  facet normal -0.148044 0.988981 0
    outer loop
      vertex 0.0248256 -0.0149474 0.016
      vertex 0.0248256 -0.0149474 0.025
      vertex 0.0250985 -0.0149065 0.016
    endloop
  endfacet
  facet normal -0.148044 0.988981 0
    outer loop
      vertex 0.0248256 -0.0149474 0.025
      vertex 0.0250985 -0.0149065 0.025
      vertex 0.0250985 -0.0149065 0.016
    endloop
  endfacet
  facet normal -0.189882 0.981807 0
    outer loop
      vertex 0.0250985 -0.0149065 0.016
      vertex 0.0250985 -0.0149065 0.025
      vertex 0.0253694 -0.0148541 0.016
    endloop
  endfacet
  facet normal -0.189882 0.981807 0
    outer loop
      vertex 0.0250985 -0.0149065 0.025
      vertex 0.0253694 -0.0148541 0.025
      vertex 0.0253694 -0.0148541 0.016
    endloop
  endfacet
  facet normal -0.231381 0.972863 0
    outer loop
      vertex 0.0253694 -0.0148541 0.016
      vertex 0.0253694 -0.0148541 0.025
      vertex 0.0256379 -0.0147903 0.016
    endloop
  endfacet
  facet normal -0.231381 0.972863 0
    outer loop
      vertex 0.0253694 -0.0148541 0.025
      vertex 0.0256379 -0.0147903 0.025
      vertex 0.0256379 -0.0147903 0.016
    endloop
  endfacet
  facet normal -0.272461 0.962167 0
    outer loop
      vertex 0.0256379 -0.0147903 0.016
      vertex 0.0256379 -0.0147903 0.025
      vertex 0.0259033 -0.0147151 0.016
    endloop
  endfacet
  facet normal -0.272461 0.962167 0
    outer loop
      vertex 0.0256379 -0.0147903 0.025
      vertex 0.0259033 -0.0147151 0.025
      vertex 0.0259033 -0.0147151 0.016
    endloop
  endfacet
  facet normal -0.313051 0.949736 0
    outer loop
      vertex 0.0259033 -0.0147151 0.016
      vertex 0.0259033 -0.0147151 0.025
      vertex 0.0261654 -0.0146287 0.016
    endloop
  endfacet
  facet normal -0.313051 0.949736 0
    outer loop
      vertex 0.0259033 -0.0147151 0.025
      vertex 0.0261654 -0.0146287 0.025
      vertex 0.0261654 -0.0146287 0.016
    endloop
  endfacet
  facet normal -0.353077 0.935594 0
    outer loop
      vertex 0.0261654 -0.0146287 0.016
      vertex 0.0261654 -0.0146287 0.025
      vertex 0.0264236 -0.0145313 0.016
    endloop
  endfacet
  facet normal -0.353077 0.935594 0
    outer loop
      vertex 0.0261654 -0.0146287 0.025
      vertex 0.0264236 -0.0145313 0.025
      vertex 0.0264236 -0.0145313 0.016
    endloop
  endfacet
  facet normal -0.392469 0.919765 0
    outer loop
      vertex 0.0264236 -0.0145313 0.016
      vertex 0.0264236 -0.0145313 0.025
      vertex 0.0266774 -0.014423 0.016
    endloop
  endfacet
  facet normal -0.392469 0.919765 0
    outer loop
      vertex 0.0264236 -0.0145313 0.025
      vertex 0.0266774 -0.014423 0.025
      vertex 0.0266774 -0.014423 0.016
    endloop
  endfacet
  facet normal -0.431152 0.902279 0
    outer loop
      vertex 0.0266774 -0.014423 0.016
      vertex 0.0266774 -0.014423 0.025
      vertex 0.0269263 -0.014304 0.016
    endloop
  endfacet
  facet normal -0.431152 0.902279 0
    outer loop
      vertex 0.0266774 -0.014423 0.025
      vertex 0.0269263 -0.014304 0.025
      vertex 0.0269263 -0.014304 0.016
    endloop
  endfacet
  facet normal -0.469053 0.88317 0
    outer loop
      vertex 0.0269263 -0.014304 0.016
      vertex 0.0269263 -0.014304 0.025
      vertex 0.02717 -0.0141746 0.016
    endloop
  endfacet
  facet normal -0.469053 0.88317 0
    outer loop
      vertex 0.0269263 -0.014304 0.025
      vertex 0.02717 -0.0141746 0.025
      vertex 0.02717 -0.0141746 0.016
    endloop
  endfacet
  facet normal -0.506115 0.862466 0
    outer loop
      vertex 0.02717 -0.0141746 0.016
      vertex 0.02717 -0.0141746 0.025
      vertex 0.027408 -0.0140349 0.016
    endloop
  endfacet
  facet normal -0.506115 0.862466 0
    outer loop
      vertex 0.02717 -0.0141746 0.025
      vertex 0.027408 -0.0140349 0.025
      vertex 0.027408 -0.0140349 0.016
    endloop
  endfacet
  facet normal -0.542264 0.840208 0
    outer loop
      vertex 0.027408 -0.0140349 0.016
      vertex 0.027408 -0.0140349 0.025
      vertex 0.0276398 -0.0138853 0.016
    endloop
  endfacet
  facet normal -0.542264 0.840208 0
    outer loop
      vertex 0.027408 -0.0140349 0.025
      vertex 0.0276398 -0.0138853 0.025
      vertex 0.0276398 -0.0138853 0.016
    endloop
  endfacet
  facet normal -0.577435 0.816437 0
    outer loop
      vertex 0.0276398 -0.0138853 0.016
      vertex 0.0276398 -0.0138853 0.025
      vertex 0.0278651 -0.013726 0.016
    endloop
  endfacet
  facet normal -0.577435 0.816437 0
    outer loop
      vertex 0.0276398 -0.0138853 0.025
      vertex 0.0278651 -0.013726 0.025
      vertex 0.0278651 -0.013726 0.016
    endloop
  endfacet
  facet normal -0.611564 0.791195 0
    outer loop
      vertex 0.0278651 -0.013726 0.016
      vertex 0.0278651 -0.013726 0.025
      vertex 0.0280834 -0.0135572 0.016
    endloop
  endfacet
  facet normal -0.611564 0.791195 0
    outer loop
      vertex 0.0278651 -0.013726 0.025
      vertex 0.0280834 -0.0135572 0.025
      vertex 0.0280834 -0.0135572 0.016
    endloop
  endfacet
  facet normal -0.644592 0.764527 0
    outer loop
      vertex 0.0280834 -0.0135572 0.016
      vertex 0.0280834 -0.0135572 0.025
      vertex 0.0282944 -0.0133794 0.016
    endloop
  endfacet
  facet normal -0.644592 0.764527 0
    outer loop
      vertex 0.0280834 -0.0135572 0.025
      vertex 0.0282944 -0.0133794 0.025
      vertex 0.0282944 -0.0133794 0.016
    endloop
  endfacet
  facet normal -0.676461 0.736479 0
    outer loop
      vertex 0.0282944 -0.0133794 0.016
      vertex 0.0282944 -0.0133794 0.025
      vertex 0.0284976 -0.0131927 0.016
    endloop
  endfacet
  facet normal -0.676461 0.736479 0
    outer loop
      vertex 0.0282944 -0.0133794 0.025
      vertex 0.0284976 -0.0131927 0.025
      vertex 0.0284976 -0.0131927 0.016
    endloop
  endfacet
  facet normal -0.707105 0.707108 0
    outer loop
      vertex 0.0284976 -0.0131927 0.016
      vertex 0.0284976 -0.0131927 0.025
      vertex 0.0286927 -0.0129976 0.016
    endloop
  endfacet
  facet normal -0.707105 0.707108 0
    outer loop
      vertex 0.0284976 -0.0131927 0.025
      vertex 0.0286927 -0.0129976 0.025
      vertex 0.0286927 -0.0129976 0.016
    endloop
  endfacet
  facet normal -0.73648 0.676459 0
    outer loop
      vertex 0.0286927 -0.0129976 0.016
      vertex 0.0286927 -0.0129976 0.025
      vertex 0.0288794 -0.0127944 0.016
    endloop
  endfacet
  facet normal -0.73648 0.676459 0
    outer loop
      vertex 0.0286927 -0.0129976 0.025
      vertex 0.0288794 -0.0127944 0.025
      vertex 0.0288794 -0.0127944 0.016
    endloop
  endfacet
  facet normal -0.764527 0.644592 0
    outer loop
      vertex 0.0288794 -0.0127944 0.016
      vertex 0.0288794 -0.0127944 0.025
      vertex 0.0290572 -0.0125834 0.016
    endloop
  endfacet
  facet normal -0.764527 0.644592 0
    outer loop
      vertex 0.0288794 -0.0127944 0.025
      vertex 0.0290572 -0.0125834 0.025
      vertex 0.0290572 -0.0125834 0.016
    endloop
  endfacet
  facet normal -0.791196 0.611563 0
    outer loop
      vertex 0.0290572 -0.0125834 0.016
      vertex 0.0290572 -0.0125834 0.025
      vertex 0.029226 -0.0123651 0.016
    endloop
  endfacet
  facet normal -0.791196 0.611563 0
    outer loop
      vertex 0.0290572 -0.0125834 0.025
      vertex 0.029226 -0.0123651 0.025
      vertex 0.029226 -0.0123651 0.016
    endloop
  endfacet
  facet normal -0.816435 0.577437 0
    outer loop
      vertex 0.029226 -0.0123651 0.016
      vertex 0.029226 -0.0123651 0.025
      vertex 0.0293853 -0.0121398 0.016
    endloop
  endfacet
  facet normal -0.816435 0.577437 0
    outer loop
      vertex 0.029226 -0.0123651 0.025
      vertex 0.0293853 -0.0121398 0.025
      vertex 0.0293853 -0.0121398 0.016
    endloop
  endfacet
  facet normal -0.840209 0.542262 0
    outer loop
      vertex 0.0293853 -0.0121398 0.016
      vertex 0.0293853 -0.0121398 0.025
      vertex 0.0295349 -0.011908 0.016
    endloop
  endfacet
  facet normal -0.840209 0.542262 0
    outer loop
      vertex 0.0293853 -0.0121398 0.025
      vertex 0.0295349 -0.011908 0.025
      vertex 0.0295349 -0.011908 0.016
    endloop
  endfacet
  facet normal -0.862467 0.506113 0
    outer loop
      vertex 0.0295349 -0.011908 0.016
      vertex 0.0295349 -0.011908 0.025
      vertex 0.0296746 -0.01167 0.016
    endloop
  endfacet
  facet normal -0.862467 0.506113 0
    outer loop
      vertex 0.0295349 -0.011908 0.025
      vertex 0.0296746 -0.01167 0.025
      vertex 0.0296746 -0.01167 0.016
    endloop
  endfacet
  facet normal -0.88317 0.469054 0
    outer loop
      vertex 0.0296746 -0.01167 0.016
      vertex 0.0296746 -0.01167 0.025
      vertex 0.029804 -0.0114263 0.016
    endloop
  endfacet
  facet normal -0.88317 0.469054 0
    outer loop
      vertex 0.0296746 -0.01167 0.025
      vertex 0.029804 -0.0114263 0.025
      vertex 0.029804 -0.0114263 0.016
    endloop
  endfacet
  facet normal -0.90228 0.43115 0
    outer loop
      vertex 0.029804 -0.0114263 0.016
      vertex 0.029804 -0.0114263 0.025
      vertex 0.029923 -0.0111774 0.016
    endloop
  endfacet
  facet normal -0.90228 0.43115 0
    outer loop
      vertex 0.029804 -0.0114263 0.025
      vertex 0.029923 -0.0111774 0.025
      vertex 0.029923 -0.0111774 0.016
    endloop
  endfacet
  facet normal -0.919765 0.392469 0
    outer loop
      vertex 0.029923 -0.0111774 0.016
      vertex 0.029923 -0.0111774 0.025
      vertex 0.0300313 -0.0109236 0.016
    endloop
  endfacet
  facet normal -0.919765 0.392469 0
    outer loop
      vertex 0.029923 -0.0111774 0.025
      vertex 0.0300313 -0.0109236 0.025
      vertex 0.0300313 -0.0109236 0.016
    endloop
  endfacet
  facet normal -0.935595 0.353074 0
    outer loop
      vertex 0.0300313 -0.0109236 0.016
      vertex 0.0300313 -0.0109236 0.025
      vertex 0.0301287 -0.0106654 0.016
    endloop
  endfacet
  facet normal -0.935595 0.353074 0
    outer loop
      vertex 0.0300313 -0.0109236 0.025
      vertex 0.0301287 -0.0106654 0.025
      vertex 0.0301287 -0.0106654 0.016
    endloop
  endfacet
  facet normal -0.949734 0.313058 0
    outer loop
      vertex 0.0301287 -0.0106654 0.016
      vertex 0.0301287 -0.0106654 0.025
      vertex 0.0302151 -0.0104033 0.016
    endloop
  endfacet
  facet normal -0.949734 0.313058 0
    outer loop
      vertex 0.0301287 -0.0106654 0.025
      vertex 0.0302151 -0.0104033 0.025
      vertex 0.0302151 -0.0104033 0.016
    endloop
  endfacet
  facet normal -0.962167 0.27246 0
    outer loop
      vertex 0.0302151 -0.0104033 0.016
      vertex 0.0302151 -0.0104033 0.025
      vertex 0.0302903 -0.0101379 0.016
    endloop
  endfacet
  facet normal -0.962167 0.27246 0
    outer loop
      vertex 0.0302151 -0.0104033 0.025
      vertex 0.0302903 -0.0101379 0.025
      vertex 0.0302903 -0.0101379 0.016
    endloop
  endfacet
  facet normal -0.972864 0.231378 0
    outer loop
      vertex 0.0302903 -0.0101379 0.016
      vertex 0.0302903 -0.0101379 0.025
      vertex 0.0303541 -0.00986942 0.016
    endloop
  endfacet
  facet normal -0.972864 0.231378 0
    outer loop
      vertex 0.0302903 -0.0101379 0.025
      vertex 0.0303541 -0.00986942 0.025
      vertex 0.0303541 -0.00986942 0.016
    endloop
  endfacet
  facet normal -0.981807 0.189883 0
    outer loop
      vertex 0.0303541 -0.00986942 0.016
      vertex 0.0303541 -0.00986942 0.025
      vertex 0.0304065 -0.00959851 0.016
    endloop
  endfacet
  facet normal -0.981807 0.189883 0
    outer loop
      vertex 0.0303541 -0.00986942 0.025
      vertex 0.0304065 -0.00959851 0.025
      vertex 0.0304065 -0.00959851 0.016
    endloop
  endfacet
  facet normal -0.988981 0.148044 0
    outer loop
      vertex 0.0304065 -0.00959851 0.016
      vertex 0.0304065 -0.00959851 0.025
      vertex 0.0304474 -0.00932562 0.016
    endloop
  endfacet
  facet normal -0.988981 0.148044 0
    outer loop
      vertex 0.0304065 -0.00959851 0.025
      vertex 0.0304474 -0.00932562 0.025
      vertex 0.0304474 -0.00932562 0.016
    endloop
  endfacet
  facet normal -0.994373 0.105934 0
    outer loop
      vertex 0.0304474 -0.00932562 0.016
      vertex 0.0304474 -0.00932562 0.025
      vertex 0.0304766 -0.00905124 0.016
    endloop
  endfacet
  facet normal -0.994373 0.105934 0
    outer loop
      vertex 0.0304474 -0.00932562 0.025
      vertex 0.0304766 -0.00905124 0.025
      vertex 0.0304766 -0.00905124 0.016
    endloop
  endfacet
  facet normal -0.997973 0.063643 0
    outer loop
      vertex 0.0304766 -0.00905124 0.016
      vertex 0.0304766 -0.00905124 0.025
      vertex 0.0304941 -0.00877587 0.016
    endloop
  endfacet
  facet normal -0.997973 0.063643 0
    outer loop
      vertex 0.0304766 -0.00905124 0.025
      vertex 0.0304941 -0.00877587 0.025
      vertex 0.0304941 -0.00877587 0.016
    endloop
  endfacet
  facet normal -0.999775 0.0212234 0
    outer loop
      vertex 0.0304941 -0.00877587 0.016
      vertex 0.0304941 -0.00877587 0.025
      vertex 0.0305 -0.0085 0.016
    endloop
  endfacet
  facet normal -0.999775 0.0212234 0
    outer loop
      vertex 0.0304941 -0.00877587 0.025
      vertex 0.0305 -0.0085 0.025
      vertex 0.0305 -0.0085 0.016
    endloop
  endfacet
  facet normal 0 -1 0
    outer loop
      vertex -0.002 0.015 0.016
      vertex 0.024 0.015 0.016
      vertex 0.024 0.015 0.025
    endloop
  endfacet
  facet normal 0 -1 0
    outer loop
      vertex -0.024 0.015 0.025
      vertex -0.024 0.015 0.016
      vertex -0.0093 0.015 0.016
    endloop
  endfacet
  facet normal 0 -1 0
    outer loop
      vertex -0.0093 0.015 0
      vertex -0.002 0.015 0
      vertex -0.0093 0.015 0.016
    endloop
  endfacet
  facet normal 0 -1 0
    outer loop
      vertex -0.002 0.015 0
      vertex -0.002 0.015 0.016
      vertex -0.0093 0.015 0.016
    endloop
  endfacet
  facet normal 0 -1 0
    outer loop
      vertex -0.0093 0.015 0.016
      vertex -0.002 0.015 0.016
      vertex -0.024 0.015 0.025
    endloop
  endfacet
  facet normal 0 -1 0
    outer loop
      vertex -0.002 0.015 0.016
      vertex 0.024 0.015 0.025
      vertex -0.024 0.015 0.025
    endloop
  endfacet
  facet normal 0 0 1
    outer loop
      vertex -0.0093 0.015 0.016
      vertex -0.0305 0.0085 0.016
      vertex -0.0093 -0.015 0.016
    endloop
  endfacet
  facet normal 0 0 1
    outer loop
      vertex -0.0305 0.0085 0.016
      vertex -0.0305 -0.0085 0.016
      vertex -0.0093 -0.015 0.016
    endloop
  endfacet
  facet normal 0 0 1
    outer loop
      vertex -0.030108 -0.0107231 0.016
      vertex -0.0300052 -0.0109874 0.016
      vertex -0.0304444 -0.00934842 0.016
    endloop
  endfacet
  facet normal 0 0 1
    outer loop
      vertex -0.0256823 -0.0147785 0.016
      vertex -0.0254069 -0.0148459 0.016
      vertex -0.0305 -0.0085 0.016
    endloop
  endfacet
  facet normal 0 0 1
    outer loop
      vertex -0.0093 0.015 0.016
      vertex -0.024 0.015 0.016
      vertex -0.0305 0.0085 0.016
    endloop
  endfacet
  facet normal 0 0 1
    outer loop
      vertex -0.024 0.015 0.016
      vertex -0.0242835 0.0149938 0.016
      vertex -0.0305 0.0085 0.016
    endloop
  endfacet
  facet normal 0 0 1
    outer loop
      vertex -0.0305 0.0085 0.016
      vertex -0.0242835 0.0149938 0.016
      vertex -0.0245665 0.0149753 0.016
    endloop
  endfacet
  facet normal 0 0 1
    outer loop
      vertex -0.0245665 0.0149753 0.016
      vertex -0.0248484 0.0149444 0.016
      vertex -0.0305 0.0085 0.016
    endloop
  endfacet
  facet normal 0 0 1
    outer loop
      vertex -0.0248484 0.0149444 0.016
      vertex -0.0251287 0.0149013 0.016
      vertex -0.0305 0.0085 0.016
    endloop
  endfacet
  facet normal 0 0 1
    outer loop
      vertex -0.0305 0.0085 0.016
      vertex -0.0251287 0.0149013 0.016
      vertex -0.0254069 0.0148459 0.016
    endloop
  endfacet
  facet normal 0 0 1
    outer loop
      vertex -0.0254069 0.0148459 0.016
      vertex -0.0256823 0.0147785 0.016
      vertex -0.0305 0.0085 0.016
    endloop
  endfacet
  facet normal 0 0 1
    outer loop
      vertex -0.0256823 0.0147785 0.016
      vertex -0.0259546 0.0146992 0.016
      vertex -0.0305 0.0085 0.016
    endloop
  endfacet
  facet normal 0 0 1
    outer loop
      vertex -0.0305 0.0085 0.016
      vertex -0.0259546 0.0146992 0.016
      vertex -0.0262231 0.014608 0.016
    endloop
  endfacet
  facet normal 0 0 1
    outer loop
      vertex -0.0262231 0.014608 0.016
      vertex -0.0264874 0.0145052 0.016
      vertex -0.0305 0.0085 0.016
    endloop
  endfacet
  facet normal 0 0 1
    outer loop
      vertex -0.0264874 0.0145052 0.016
      vertex -0.026747 0.014391 0.016
      vertex -0.0305 0.0085 0.016
    endloop
  endfacet
  facet normal 0 0 1
    outer loop
      vertex -0.0305 0.0085 0.016
      vertex -0.026747 0.014391 0.016
      vertex -0.0270014 0.0142656 0.016
    endloop
  endfacet
  facet normal 0 0 1
    outer loop
      vertex -0.0270014 0.0142656 0.016
      vertex -0.02725 0.0141292 0.016
      vertex -0.0305 0.0085 0.016
    endloop
  endfacet
  facet normal 0 0 1
    outer loop
      vertex -0.02725 0.0141292 0.016
      vertex -0.0274924 0.013982 0.016
      vertex -0.0305 0.0085 0.016
    endloop
  endfacet
  facet normal 0 0 1
    outer loop
      vertex -0.0305 0.0085 0.016
      vertex -0.0274924 0.013982 0.016
      vertex -0.0277282 0.0138245 0.016
    endloop
  endfacet
  facet normal 0 0 1
    outer loop
      vertex -0.0293245 0.0122282 0.016
      vertex -0.0305 0.0085 0.016
      vertex -0.0291568 0.0124569 0.016
    endloop
  endfacet
  facet normal 0 0 1
    outer loop
      vertex -0.0305 0.0085 0.016
      vertex -0.0289793 0.0126781 0.016
      vertex -0.0291568 0.0124569 0.016
    endloop
  endfacet
  facet normal 0 0 1
    outer loop
      vertex -0.0304444 -0.00934842 0.016
      vertex -0.0300052 -0.0109874 0.016
      vertex -0.0304753 -0.00906651 0.016
    endloop
  endfacet
  facet normal 0 0 1
    outer loop
      vertex -0.029891 -0.011247 0.016
      vertex -0.0297656 -0.0115014 0.016
      vertex -0.0305 -0.0085 0.016
    endloop
  endfacet
  facet normal 0 0 1
    outer loop
      vertex -0.0254069 -0.0148459 0.016
      vertex -0.0251287 -0.0149013 0.016
      vertex -0.0305 -0.0085 0.016
    endloop
  endfacet
  facet normal 0 0 1
    outer loop
      vertex -0.0251287 -0.0149013 0.016
      vertex -0.0248484 -0.0149444 0.016
      vertex -0.0305 -0.0085 0.016
    endloop
  endfacet
  facet normal 0 0 1
    outer loop
      vertex -0.0305 -0.0085 0.016
      vertex -0.0248484 -0.0149444 0.016
      vertex -0.0245665 -0.0149753 0.016
    endloop
  endfacet
  facet normal 0 0 1
    outer loop
      vertex -0.0293245 0.0122282 0.016
      vertex -0.029482 0.0119924 0.016
      vertex -0.0305 0.0085 0.016
    endloop
  endfacet
  facet normal 0 0 1
    outer loop
      vertex -0.029482 0.0119924 0.016
      vertex -0.0296292 0.01175 0.016
      vertex -0.0305 0.0085 0.016
    endloop
  endfacet
  facet normal 0 0 1
    outer loop
      vertex -0.0305 0.0085 0.016
      vertex -0.0296292 0.01175 0.016
      vertex -0.0297656 0.0115014 0.016
    endloop
  endfacet
  facet normal 0 0 1
    outer loop
      vertex -0.0304753 0.00906651 0.016
      vertex -0.0300052 0.0109874 0.016
      vertex -0.0304444 0.00934842 0.016
    endloop
  endfacet
  facet normal 0 0 1
    outer loop
      vertex -0.0300052 0.0109874 0.016
      vertex -0.030108 0.0107231 0.016
      vertex -0.0304444 0.00934842 0.016
    endloop
  endfacet
  facet normal 0 0 1
    outer loop
      vertex -0.0304444 0.00934842 0.016
      vertex -0.030108 0.0107231 0.016
      vertex -0.0301992 0.0104546 0.016
    endloop
  endfacet
  facet normal 0 0 1
    outer loop
      vertex -0.0305 -0.0085 0.016
      vertex -0.0287923 -0.0128913 0.016
      vertex -0.0285962 -0.0130962 0.016
    endloop
  endfacet
  facet normal 0 0 1
    outer loop
      vertex -0.0245665 -0.0149753 0.016
      vertex -0.0242835 -0.0149938 0.016
      vertex -0.0305 -0.0085 0.016
    endloop
  endfacet
  facet normal 0 0 1
    outer loop
      vertex -0.0242835 -0.0149938 0.016
      vertex -0.024 -0.015 0.016
      vertex -0.0305 -0.0085 0.016
    endloop
  endfacet
  facet normal 0 0 1
    outer loop
      vertex -0.0305 -0.0085 0.016
      vertex -0.024 -0.015 0.016
      vertex -0.0093 -0.015 0.016
    endloop
  endfacet
  facet normal 0 0 1
    outer loop
      vertex -0.0277282 0.0138245 0.016
      vertex -0.0279569 0.0136568 0.016
      vertex -0.0305 0.0085 0.016
    endloop
  endfacet
  facet normal 0 0 1
    outer loop
      vertex -0.0279569 0.0136568 0.016
      vertex -0.0281781 0.0134793 0.016
      vertex -0.0305 0.0085 0.016
    endloop
  endfacet
  facet normal 0 0 1
    outer loop
      vertex -0.0305 0.0085 0.016
      vertex -0.0281781 0.0134793 0.016
      vertex -0.0283913 0.0132923 0.016
    endloop
  endfacet
  facet normal 0 0 1
    outer loop
      vertex -0.0283913 0.0132923 0.016
      vertex -0.0285962 0.0130962 0.016
      vertex -0.0305 0.0085 0.016
    endloop
  endfacet
  facet normal 0 0 1
    outer loop
      vertex -0.0285962 0.0130962 0.016
      vertex -0.0287923 0.0128913 0.016
      vertex -0.0305 0.0085 0.016
    endloop
  endfacet
  facet normal 0 0 1
    outer loop
      vertex -0.0305 0.0085 0.016
      vertex -0.0287923 0.0128913 0.016
      vertex -0.0289793 0.0126781 0.016
    endloop
  endfacet
  facet normal 0 0 1
    outer loop
      vertex -0.0304753 0.00906651 0.016
      vertex -0.0304938 0.00878353 0.016
      vertex -0.0300052 0.0109874 0.016
    endloop
  endfacet
  facet normal 0 0 1
    outer loop
      vertex -0.0304938 0.00878353 0.016
      vertex -0.0305 0.0085 0.016
      vertex -0.0300052 0.0109874 0.016
    endloop
  endfacet
  facet normal 0 0 1
    outer loop
      vertex -0.0300052 0.0109874 0.016
      vertex -0.0305 0.0085 0.016
      vertex -0.029891 0.011247 0.016
    endloop
  endfacet
  facet normal 0 0 1
    outer loop
      vertex -0.0305 0.0085 0.016
      vertex -0.0297656 0.0115014 0.016
      vertex -0.029891 0.011247 0.016
    endloop
  endfacet
  facet normal 0 0 1
    outer loop
      vertex -0.0301992 0.0104546 0.016
      vertex -0.0302785 0.0101823 0.016
      vertex -0.0304444 0.00934842 0.016
    endloop
  endfacet
  facet normal 0 0 1
    outer loop
      vertex -0.0302785 0.0101823 0.016
      vertex -0.0303459 0.00990686 0.016
      vertex -0.0304444 0.00934842 0.016
    endloop
  endfacet
  facet normal 0 0 1
    outer loop
      vertex -0.0304444 0.00934842 0.016
      vertex -0.0303459 0.00990686 0.016
      vertex -0.0304013 0.00962871 0.016
    endloop
  endfacet
  facet normal 0 0 1
    outer loop
      vertex -0.029891 -0.011247 0.016
      vertex -0.0305 -0.0085 0.016
      vertex -0.0300052 -0.0109874 0.016
    endloop
  endfacet
  facet normal 0 0 1
    outer loop
      vertex -0.0305 -0.0085 0.016
      vertex -0.0304938 -0.00878353 0.016
      vertex -0.0300052 -0.0109874 0.016
    endloop
  endfacet
  facet normal 0 0 1
    outer loop
      vertex -0.0300052 -0.0109874 0.016
      vertex -0.0304938 -0.00878353 0.016
      vertex -0.0304753 -0.00906651 0.016
    endloop
  endfacet
  facet normal 0 0 1
    outer loop
      vertex -0.0304444 -0.00934842 0.016
      vertex -0.0304013 -0.00962871 0.016
      vertex -0.0303459 -0.00990686 0.016
    endloop
  endfacet
  facet normal 0 0 1
    outer loop
      vertex -0.0293245 -0.0122282 0.016
      vertex -0.0291568 -0.0124569 0.016
      vertex -0.0305 -0.0085 0.016
    endloop
  endfacet
  facet normal 0 0 1
    outer loop
      vertex -0.0291568 -0.0124569 0.016
      vertex -0.0289793 -0.0126781 0.016
      vertex -0.0305 -0.0085 0.016
    endloop
  endfacet
  facet normal 0 0 1
    outer loop
      vertex -0.0305 -0.0085 0.016
      vertex -0.0289793 -0.0126781 0.016
      vertex -0.0287923 -0.0128913 0.016
    endloop
  endfacet
  facet normal 0 0 1
    outer loop
      vertex -0.0285962 -0.0130962 0.016
      vertex -0.0283913 -0.0132923 0.016
      vertex -0.0305 -0.0085 0.016
    endloop
  endfacet
  facet normal 0 0 1
    outer loop
      vertex -0.0283913 -0.0132923 0.016
      vertex -0.0281781 -0.0134793 0.016
      vertex -0.0305 -0.0085 0.016
    endloop
  endfacet
  facet normal 0 0 1
    outer loop
      vertex -0.0305 -0.0085 0.016
      vertex -0.0281781 -0.0134793 0.016
      vertex -0.0279569 -0.0136568 0.016
    endloop
  endfacet
  facet normal 0 0 1
    outer loop
      vertex -0.02725 -0.0141292 0.016
      vertex -0.0270014 -0.0142656 0.016
      vertex -0.0305 -0.0085 0.016
    endloop
  endfacet
  facet normal 0 0 1
    outer loop
      vertex -0.0270014 -0.0142656 0.016
      vertex -0.026747 -0.014391 0.016
      vertex -0.0305 -0.0085 0.016
    endloop
  endfacet
  facet normal 0 0 1
    outer loop
      vertex -0.0305 -0.0085 0.016
      vertex -0.026747 -0.014391 0.016
      vertex -0.0264874 -0.0145052 0.016
    endloop
  endfacet
  facet normal 0 0 1
    outer loop
      vertex -0.0303459 -0.00990686 0.016
      vertex -0.0302785 -0.0101823 0.016
      vertex -0.0304444 -0.00934842 0.016
    endloop
  endfacet
  facet normal 0 0 1
    outer loop
      vertex -0.0302785 -0.0101823 0.016
      vertex -0.0301992 -0.0104546 0.016
      vertex -0.0304444 -0.00934842 0.016
    endloop
  endfacet
  facet normal 0 0 1
    outer loop
      vertex -0.0304444 -0.00934842 0.016
      vertex -0.0301992 -0.0104546 0.016
      vertex -0.030108 -0.0107231 0.016
    endloop
  endfacet
  facet normal 0 0 1
    outer loop
      vertex -0.0297656 -0.0115014 0.016
      vertex -0.0296292 -0.01175 0.016
      vertex -0.0305 -0.0085 0.016
    endloop
  endfacet
  facet normal 0 0 1
    outer loop
      vertex -0.0296292 -0.01175 0.016
      vertex -0.029482 -0.0119924 0.016
      vertex -0.0305 -0.0085 0.016
    endloop
  endfacet
  facet normal 0 0 1
    outer loop
      vertex -0.0305 -0.0085 0.016
      vertex -0.029482 -0.0119924 0.016
      vertex -0.0293245 -0.0122282 0.016
    endloop
  endfacet
  facet normal 0 0 1
    outer loop
      vertex -0.0264874 -0.0145052 0.016
      vertex -0.0262231 -0.014608 0.016
      vertex -0.0305 -0.0085 0.016
    endloop
  endfacet
  facet normal 0 0 1
    outer loop
      vertex -0.0262231 -0.014608 0.016
      vertex -0.0259546 -0.0146992 0.016
      vertex -0.0305 -0.0085 0.016
    endloop
  endfacet
  facet normal 0 0 1
    outer loop
      vertex -0.0305 -0.0085 0.016
      vertex -0.0259546 -0.0146992 0.016
      vertex -0.0256823 -0.0147785 0.016
    endloop
  endfacet
  facet normal 0 0 1
    outer loop
      vertex -0.0279569 -0.0136568 0.016
      vertex -0.0277282 -0.0138245 0.016
      vertex -0.0305 -0.0085 0.016
    endloop
  endfacet
  facet normal 0 0 1
    outer loop
      vertex -0.0277282 -0.0138245 0.016
      vertex -0.0274924 -0.013982 0.016
      vertex -0.0305 -0.0085 0.016
    endloop
  endfacet
  facet normal 0 0 1
    outer loop
      vertex -0.0305 -0.0085 0.016
      vertex -0.0274924 -0.013982 0.016
      vertex -0.02725 -0.0141292 0.016
    endloop
  endfacet
  facet normal 1 0 0
    outer loop
      vertex -0.0305 0.0085 0.016
      vertex -0.0305 0.0085 0.025
      vertex -0.0305 -0.0085 0.016
    endloop
  endfacet
  facet normal 1 0 0
    outer loop
      vertex -0.0305 0.0085 0.025
      vertex -0.0305 -0.0085 0.025
      vertex -0.0305 -0.0085 0.016
    endloop
  endfacet
  facet normal -1 0 0
    outer loop
      vertex -0.002 -0.015 0.016
      vertex -0.002 0.015 0.016
      vertex -0.002 -0.015 0
    endloop
  endfacet
  facet normal -1 0 0
    outer loop
      vertex -0.002 0.015 0.016
      vertex -0.002 0.015 0
      vertex -0.002 -0.015 0
    endloop
  endfacet
  facet normal 0.0218123 -0.999762 0
    outer loop
      vertex -0.024 0.015 0.016
      vertex -0.024 0.015 0.025
      vertex -0.0242835 0.0149938 0.016
    endloop
  endfacet
  facet normal 0.0218123 -0.999762 0
    outer loop
      vertex -0.024 0.015 0.025
      vertex -0.0242835 0.0149938 0.025
      vertex -0.0242835 0.0149938 0.016
    endloop
  endfacet
  facet normal 0.0654043 -0.997859 0
    outer loop
      vertex -0.0242835 0.0149938 0.016
      vertex -0.0242835 0.0149938 0.025
      vertex -0.0245665 0.0149753 0.016
    endloop
  endfacet
  facet normal 0.0654043 -0.997859 0
    outer loop
      vertex -0.0242835 0.0149938 0.025
      vertex -0.0245665 0.0149753 0.025
      vertex -0.0245665 0.0149753 0.016
    endloop
  endfacet
  facet normal 0.108868 -0.994056 0
    outer loop
      vertex -0.0245665 0.0149753 0.016
      vertex -0.0245665 0.0149753 0.025
      vertex -0.0248484 0.0149444 0.016
    endloop
  endfacet
  facet normal 0.108868 -0.994056 0
    outer loop
      vertex -0.0245665 0.0149753 0.025
      vertex -0.0248484 0.0149444 0.025
      vertex -0.0248484 0.0149444 0.016
    endloop
  endfacet
  facet normal 0.152122 -0.988362 0
    outer loop
      vertex -0.0248484 0.0149444 0.016
      vertex -0.0248484 0.0149444 0.025
      vertex -0.0251287 0.0149013 0.016
    endloop
  endfacet
  facet normal 0.152122 -0.988362 0
    outer loop
      vertex -0.0248484 0.0149444 0.025
      vertex -0.0251287 0.0149013 0.025
      vertex -0.0251287 0.0149013 0.016
    endloop
  endfacet
  facet normal 0.195089 -0.980786 0
    outer loop
      vertex -0.0251287 0.0149013 0.016
      vertex -0.0251287 0.0149013 0.025
      vertex -0.0254069 0.0148459 0.016
    endloop
  endfacet
  facet normal 0.195089 -0.980786 0
    outer loop
      vertex -0.0251287 0.0149013 0.025
      vertex -0.0254069 0.0148459 0.025
      vertex -0.0254069 0.0148459 0.016
    endloop
  endfacet
  facet normal 0.237686 -0.971342 0
    outer loop
      vertex -0.0254069 0.0148459 0.016
      vertex -0.0254069 0.0148459 0.025
      vertex -0.0256823 0.0147785 0.016
    endloop
  endfacet
  facet normal 0.237686 -0.971342 0
    outer loop
      vertex -0.0254069 0.0148459 0.025
      vertex -0.0256823 0.0147785 0.025
      vertex -0.0256823 0.0147785 0.016
    endloop
  endfacet
  facet normal 0.279831 -0.960049 0
    outer loop
      vertex -0.0256823 0.0147785 0.016
      vertex -0.0256823 0.0147785 0.025
      vertex -0.0259546 0.0146992 0.016
    endloop
  endfacet
  facet normal 0.279831 -0.960049 0
    outer loop
      vertex -0.0256823 0.0147785 0.025
      vertex -0.0259546 0.0146992 0.025
      vertex -0.0259546 0.0146992 0.016
    endloop
  endfacet
  facet normal 0.321439 -0.94693 0
    outer loop
      vertex -0.0259546 0.0146992 0.016
      vertex -0.0259546 0.0146992 0.025
      vertex -0.0262231 0.014608 0.016
    endloop
  endfacet
  facet normal 0.321439 -0.94693 0
    outer loop
      vertex -0.0259546 0.0146992 0.025
      vertex -0.0262231 0.014608 0.025
      vertex -0.0262231 0.014608 0.016
    endloop
  endfacet
  facet normal 0.362439 -0.932007 0
    outer loop
      vertex -0.0262231 0.014608 0.016
      vertex -0.0262231 0.014608 0.025
      vertex -0.0264874 0.0145052 0.016
    endloop
  endfacet
  facet normal 0.362439 -0.932007 0
    outer loop
      vertex -0.0262231 0.014608 0.025
      vertex -0.0264874 0.0145052 0.025
      vertex -0.0264874 0.0145052 0.016
    endloop
  endfacet
  facet normal 0.402747 -0.915311 0
    outer loop
      vertex -0.0264874 0.0145052 0.016
      vertex -0.0264874 0.0145052 0.025
      vertex -0.026747 0.014391 0.016
    endloop
  endfacet
  facet normal 0.402747 -0.915311 0
    outer loop
      vertex -0.0264874 0.0145052 0.025
      vertex -0.026747 0.014391 0.025
      vertex -0.026747 0.014391 0.016
    endloop
  endfacet
  facet normal 0.442286 -0.896874 0
    outer loop
      vertex -0.026747 0.014391 0.016
      vertex -0.026747 0.014391 0.025
      vertex -0.0270014 0.0142656 0.016
    endloop
  endfacet
  facet normal 0.442286 -0.896874 0
    outer loop
      vertex -0.026747 0.014391 0.025
      vertex -0.0270014 0.0142656 0.025
      vertex -0.0270014 0.0142656 0.016
    endloop
  endfacet
  facet normal 0.48099 -0.876726 0
    outer loop
      vertex -0.0270014 0.0142656 0.016
      vertex -0.0270014 0.0142656 0.025
      vertex -0.02725 0.0141292 0.016
    endloop
  endfacet
  facet normal 0.48099 -0.876726 0
    outer loop
      vertex -0.0270014 0.0142656 0.025
      vertex -0.02725 0.0141292 0.025
      vertex -0.02725 0.0141292 0.016
    endloop
  endfacet
  facet normal 0.518774 -0.854911 0
    outer loop
      vertex -0.02725 0.0141292 0.016
      vertex -0.02725 0.0141292 0.025
      vertex -0.0274924 0.013982 0.016
    endloop
  endfacet
  facet normal 0.518774 -0.854911 0
    outer loop
      vertex -0.02725 0.0141292 0.025
      vertex -0.0274924 0.013982 0.025
      vertex -0.0274924 0.013982 0.016
    endloop
  endfacet
  facet normal 0.555571 -0.831469 0
    outer loop
      vertex -0.0274924 0.013982 0.016
      vertex -0.0274924 0.013982 0.025
      vertex -0.0277282 0.0138245 0.016
    endloop
  endfacet
  facet normal 0.555571 -0.831469 0
    outer loop
      vertex -0.0274924 0.013982 0.025
      vertex -0.0277282 0.0138245 0.025
      vertex -0.0277282 0.0138245 0.016
    endloop
  endfacet
  facet normal 0.591308 -0.806446 0
    outer loop
      vertex -0.0277282 0.0138245 0.016
      vertex -0.0277282 0.0138245 0.025
      vertex -0.0279569 0.0136568 0.016
    endloop
  endfacet
  facet normal 0.591308 -0.806446 0
    outer loop
      vertex -0.0277282 0.0138245 0.025
      vertex -0.0279569 0.0136568 0.025
      vertex -0.0279569 0.0136568 0.016
    endloop
  endfacet
  facet normal 0.625924 -0.779884 0
    outer loop
      vertex -0.0279569 0.0136568 0.016
      vertex -0.0279569 0.0136568 0.025
      vertex -0.0281781 0.0134793 0.016
    endloop
  endfacet
  facet normal 0.625924 -0.779884 0
    outer loop
      vertex -0.0279569 0.0136568 0.025
      vertex -0.0281781 0.0134793 0.025
      vertex -0.0281781 0.0134793 0.016
    endloop
  endfacet
  facet normal 0.659346 -0.75184 0
    outer loop
      vertex -0.0281781 0.0134793 0.016
      vertex -0.0281781 0.0134793 0.025
      vertex -0.0283913 0.0132923 0.016
    endloop
  endfacet
  facet normal 0.659346 -0.75184 0
    outer loop
      vertex -0.0281781 0.0134793 0.025
      vertex -0.0283913 0.0132923 0.025
      vertex -0.0283913 0.0132923 0.016
    endloop
  endfacet
  facet normal 0.691514 -0.722364 0
    outer loop
      vertex -0.0283913 0.0132923 0.016
      vertex -0.0283913 0.0132923 0.025
      vertex -0.0285962 0.0130962 0.016
    endloop
  endfacet
  facet normal 0.691514 -0.722364 0
    outer loop
      vertex -0.0283913 0.0132923 0.025
      vertex -0.0285962 0.0130962 0.025
      vertex -0.0285962 0.0130962 0.016
    endloop
  endfacet
  facet normal 0.722364 -0.691514 0
    outer loop
      vertex -0.0285962 0.0130962 0.016
      vertex -0.0285962 0.0130962 0.025
      vertex -0.0287923 0.0128913 0.016
    endloop
  endfacet
  facet normal 0.722364 -0.691514 0
    outer loop
      vertex -0.0285962 0.0130962 0.025
      vertex -0.0287923 0.0128913 0.025
      vertex -0.0287923 0.0128913 0.016
    endloop
  endfacet
  facet normal 0.751841 -0.659344 0
    outer loop
      vertex -0.0287923 0.0128913 0.016
      vertex -0.0287923 0.0128913 0.025
      vertex -0.0289793 0.0126781 0.016
    endloop
  endfacet
  facet normal 0.751841 -0.659344 0
    outer loop
      vertex -0.0287923 0.0128913 0.025
      vertex -0.0289793 0.0126781 0.025
      vertex -0.0289793 0.0126781 0.016
    endloop
  endfacet
  facet normal 0.779884 -0.625924 0
    outer loop
      vertex -0.0289793 0.0126781 0.016
      vertex -0.0289793 0.0126781 0.025
      vertex -0.0291568 0.0124569 0.016
    endloop
  endfacet
  facet normal 0.779884 -0.625924 0
    outer loop
      vertex -0.0289793 0.0126781 0.025
      vertex -0.0291568 0.0124569 0.025
      vertex -0.0291568 0.0124569 0.016
    endloop
  endfacet
  facet normal 0.806443 -0.591311 0
    outer loop
      vertex -0.0291568 0.0124569 0.016
      vertex -0.0291568 0.0124569 0.025
      vertex -0.0293245 0.0122282 0.016
    endloop
  endfacet
  facet normal 0.806443 -0.591311 0
    outer loop
      vertex -0.0291568 0.0124569 0.025
      vertex -0.0293245 0.0122282 0.025
      vertex -0.0293245 0.0122282 0.016
    endloop
  endfacet
  facet normal 0.831471 -0.555568 0
    outer loop
      vertex -0.0293245 0.0122282 0.016
      vertex -0.0293245 0.0122282 0.025
      vertex -0.029482 0.0119924 0.016
    endloop
  endfacet
  facet normal 0.831471 -0.555568 0
    outer loop
      vertex -0.0293245 0.0122282 0.025
      vertex -0.029482 0.0119924 0.025
      vertex -0.029482 0.0119924 0.016
    endloop
  endfacet
  facet normal 0.854911 -0.518774 0
    outer loop
      vertex -0.029482 0.0119924 0.016
      vertex -0.029482 0.0119924 0.025
      vertex -0.0296292 0.01175 0.016
    endloop
  endfacet
  facet normal 0.854911 -0.518774 0
    outer loop
      vertex -0.029482 0.0119924 0.025
      vertex -0.0296292 0.01175 0.025
      vertex -0.0296292 0.01175 0.016
    endloop
  endfacet
  facet normal 0.876726 -0.48099 0
    outer loop
      vertex -0.0296292 0.01175 0.016
      vertex -0.0296292 0.01175 0.025
      vertex -0.0297656 0.0115014 0.016
    endloop
  endfacet
  facet normal 0.876726 -0.48099 0
    outer loop
      vertex -0.0296292 0.01175 0.025
      vertex -0.0297656 0.0115014 0.025
      vertex -0.0297656 0.0115014 0.016
    endloop
  endfacet
  facet normal 0.896873 -0.442289 0
    outer loop
      vertex -0.0297656 0.0115014 0.016
      vertex -0.0297656 0.0115014 0.025
      vertex -0.029891 0.011247 0.016
    endloop
  endfacet
  facet normal 0.896873 -0.442289 0
    outer loop
      vertex -0.0297656 0.0115014 0.025
      vertex -0.029891 0.011247 0.025
      vertex -0.029891 0.011247 0.016
    endloop
  endfacet
  facet normal 0.915313 -0.402744 0
    outer loop
      vertex -0.029891 0.011247 0.016
      vertex -0.029891 0.011247 0.025
      vertex -0.0300052 0.0109874 0.016
    endloop
  endfacet
  facet normal 0.915313 -0.402744 0
    outer loop
      vertex -0.029891 0.011247 0.025
      vertex -0.0300052 0.0109874 0.025
      vertex -0.0300052 0.0109874 0.016
    endloop
  endfacet
  facet normal 0.932006 -0.362442 0
    outer loop
      vertex -0.0300052 0.0109874 0.016
      vertex -0.0300052 0.0109874 0.025
      vertex -0.030108 0.0107231 0.016
    endloop
  endfacet
  facet normal 0.932006 -0.362442 0
    outer loop
      vertex -0.0300052 0.0109874 0.025
      vertex -0.030108 0.0107231 0.025
      vertex -0.030108 0.0107231 0.016
    endloop
  endfacet
  facet normal 0.94693 -0.321439 0
    outer loop
      vertex -0.030108 0.0107231 0.016
      vertex -0.030108 0.0107231 0.025
      vertex -0.0301992 0.0104546 0.016
    endloop
  endfacet
  facet normal 0.94693 -0.321439 0
    outer loop
      vertex -0.030108 0.0107231 0.025
      vertex -0.0301992 0.0104546 0.025
      vertex -0.0301992 0.0104546 0.016
    endloop
  endfacet
  facet normal 0.96005 -0.27983 0
    outer loop
      vertex -0.0301992 0.0104546 0.016
      vertex -0.0301992 0.0104546 0.025
      vertex -0.0302785 0.0101823 0.016
    endloop
  endfacet
  facet normal 0.96005 -0.27983 0
    outer loop
      vertex -0.0301992 0.0104546 0.025
      vertex -0.0302785 0.0101823 0.025
      vertex -0.0302785 0.0101823 0.016
    endloop
  endfacet
  facet normal 0.971343 -0.237683 0
    outer loop
      vertex -0.0302785 0.0101823 0.016
      vertex -0.0302785 0.0101823 0.025
      vertex -0.0303459 0.00990686 0.016
    endloop
  endfacet
  facet normal 0.971343 -0.237683 0
    outer loop
      vertex -0.0302785 0.0101823 0.025
      vertex -0.0303459 0.00990686 0.025
      vertex -0.0303459 0.00990686 0.016
    endloop
  endfacet
  facet normal 0.980785 -0.19509 0
    outer loop
      vertex -0.0303459 0.00990686 0.016
      vertex -0.0303459 0.00990686 0.025
      vertex -0.0304013 0.00962871 0.016
    endloop
  endfacet
  facet normal 0.980785 -0.19509 0
    outer loop
      vertex -0.0303459 0.00990686 0.025
      vertex -0.0304013 0.00962871 0.025
      vertex -0.0304013 0.00962871 0.016
    endloop
  endfacet
  facet normal 0.988362 -0.152122 0
    outer loop
      vertex -0.0304013 0.00962871 0.016
      vertex -0.0304013 0.00962871 0.025
      vertex -0.0304444 0.00934842 0.016
    endloop
  endfacet
  facet normal 0.988362 -0.152122 0
    outer loop
      vertex -0.0304013 0.00962871 0.025
      vertex -0.0304444 0.00934842 0.025
      vertex -0.0304444 0.00934842 0.016
    endloop
  endfacet
  facet normal 0.994056 -0.108871 0
    outer loop
      vertex -0.0304444 0.00934842 0.016
      vertex -0.0304444 0.00934842 0.025
      vertex -0.0304753 0.00906651 0.016
    endloop
  endfacet
  facet normal 0.994056 -0.108871 0
    outer loop
      vertex -0.0304444 0.00934842 0.025
      vertex -0.0304753 0.00906651 0.025
      vertex -0.0304753 0.00906651 0.016
    endloop
  endfacet
  facet normal 0.997859 -0.0653978 0
    outer loop
      vertex -0.0304753 0.00906651 0.016
      vertex -0.0304753 0.00906651 0.025
      vertex -0.0304938 0.00878353 0.016
    endloop
  endfacet
  facet normal 0.997859 -0.0653978 0
    outer loop
      vertex -0.0304753 0.00906651 0.025
      vertex -0.0304938 0.00878353 0.025
      vertex -0.0304938 0.00878353 0.016
    endloop
  endfacet
  facet normal 0.999762 -0.021819 0
    outer loop
      vertex -0.0304938 0.00878353 0.016
      vertex -0.0304938 0.00878353 0.025
      vertex -0.0305 0.0085 0.016
    endloop
  endfacet
  facet normal 0.999762 -0.021819 0
    outer loop
      vertex -0.0304938 0.00878353 0.025
      vertex -0.0305 0.0085 0.025
      vertex -0.0305 0.0085 0.016
    endloop
  endfacet
  facet normal 0.999762 0.021819 0
    outer loop
      vertex -0.0305 -0.0085 0.016
      vertex -0.0305 -0.0085 0.025
      vertex -0.0304938 -0.00878353 0.016
    endloop
  endfacet
  facet normal 0.999762 0.021819 0
    outer loop
      vertex -0.0305 -0.0085 0.025
      vertex -0.0304938 -0.00878353 0.025
      vertex -0.0304938 -0.00878353 0.016
    endloop
  endfacet
  facet normal 0.997859 0.0653978 0
    outer loop
      vertex -0.0304938 -0.00878353 0.016
      vertex -0.0304938 -0.00878353 0.025
      vertex -0.0304753 -0.00906651 0.016
    endloop
  endfacet
  facet normal 0.997859 0.0653978 0
    outer loop
      vertex -0.0304938 -0.00878353 0.025
      vertex -0.0304753 -0.00906651 0.025
      vertex -0.0304753 -0.00906651 0.016
    endloop
  endfacet
  facet normal 0.994056 0.108871 0
    outer loop
      vertex -0.0304753 -0.00906651 0.016
      vertex -0.0304753 -0.00906651 0.025
      vertex -0.0304444 -0.00934842 0.016
    endloop
  endfacet
  facet normal 0.994056 0.108871 0
    outer loop
      vertex -0.0304753 -0.00906651 0.025
      vertex -0.0304444 -0.00934842 0.025
      vertex -0.0304444 -0.00934842 0.016
    endloop
  endfacet
  facet normal 0.988362 0.152122 0
    outer loop
      vertex -0.0304444 -0.00934842 0.016
      vertex -0.0304444 -0.00934842 0.025
      vertex -0.0304013 -0.00962871 0.016
    endloop
  endfacet
  facet normal 0.988362 0.152122 0
    outer loop
      vertex -0.0304444 -0.00934842 0.025
      vertex -0.0304013 -0.00962871 0.025
      vertex -0.0304013 -0.00962871 0.016
    endloop
  endfacet
  facet normal 0.980785 0.19509 0
    outer loop
      vertex -0.0304013 -0.00962871 0.016
      vertex -0.0304013 -0.00962871 0.025
      vertex -0.0303459 -0.00990686 0.016
    endloop
  endfacet
  facet normal 0.980785 0.19509 0
    outer loop
      vertex -0.0304013 -0.00962871 0.025
      vertex -0.0303459 -0.00990686 0.025
      vertex -0.0303459 -0.00990686 0.016
    endloop
  endfacet
  facet normal 0.971343 0.237683 0
    outer loop
      vertex -0.0303459 -0.00990686 0.016
      vertex -0.0303459 -0.00990686 0.025
      vertex -0.0302785 -0.0101823 0.016
    endloop
  endfacet
  facet normal 0.971343 0.237683 0
    outer loop
      vertex -0.0303459 -0.00990686 0.025
      vertex -0.0302785 -0.0101823 0.025
      vertex -0.0302785 -0.0101823 0.016
    endloop
  endfacet
  facet normal 0.96005 0.27983 0
    outer loop
      vertex -0.0302785 -0.0101823 0.016
      vertex -0.0302785 -0.0101823 0.025
      vertex -0.0301992 -0.0104546 0.016
    endloop
  endfacet
  facet normal 0.96005 0.27983 0
    outer loop
      vertex -0.0302785 -0.0101823 0.025
      vertex -0.0301992 -0.0104546 0.025
      vertex -0.0301992 -0.0104546 0.016
    endloop
  endfacet
  facet normal 0.94693 0.321439 0
    outer loop
      vertex -0.0301992 -0.0104546 0.016
      vertex -0.0301992 -0.0104546 0.025
      vertex -0.030108 -0.0107231 0.016
    endloop
  endfacet
  facet normal 0.94693 0.321439 0
    outer loop
      vertex -0.0301992 -0.0104546 0.025
      vertex -0.030108 -0.0107231 0.025
      vertex -0.030108 -0.0107231 0.016
    endloop
  endfacet
  facet normal 0.932006 0.362442 0
    outer loop
      vertex -0.030108 -0.0107231 0.016
      vertex -0.030108 -0.0107231 0.025
      vertex -0.0300052 -0.0109874 0.016
    endloop
  endfacet
  facet normal 0.932006 0.362442 0
    outer loop
      vertex -0.030108 -0.0107231 0.025
      vertex -0.0300052 -0.0109874 0.025
      vertex -0.0300052 -0.0109874 0.016
    endloop
  endfacet
  facet normal 0.915313 0.402744 0
    outer loop
      vertex -0.0300052 -0.0109874 0.016
      vertex -0.0300052 -0.0109874 0.025
      vertex -0.029891 -0.011247 0.016
    endloop
  endfacet
  facet normal 0.915313 0.402744 0
    outer loop
      vertex -0.0300052 -0.0109874 0.025
      vertex -0.029891 -0.011247 0.025
      vertex -0.029891 -0.011247 0.016
    endloop
  endfacet
  facet normal 0.896873 0.442289 0
    outer loop
      vertex -0.029891 -0.011247 0.016
      vertex -0.029891 -0.011247 0.025
      vertex -0.0297656 -0.0115014 0.016
    endloop
  endfacet
  facet normal 0.896873 0.442289 0
    outer loop
      vertex -0.029891 -0.011247 0.025
      vertex -0.0297656 -0.0115014 0.025
      vertex -0.0297656 -0.0115014 0.016
    endloop
  endfacet
  facet normal 0.876726 0.48099 0
    outer loop
      vertex -0.0297656 -0.0115014 0.016
      vertex -0.0297656 -0.0115014 0.025
      vertex -0.0296292 -0.01175 0.016
    endloop
  endfacet
  facet normal 0.876726 0.48099 0
    outer loop
      vertex -0.0297656 -0.0115014 0.025
      vertex -0.0296292 -0.01175 0.025
      vertex -0.0296292 -0.01175 0.016
    endloop
  endfacet
  facet normal 0.854911 0.518774 0
    outer loop
      vertex -0.0296292 -0.01175 0.016
      vertex -0.0296292 -0.01175 0.025
      vertex -0.029482 -0.0119924 0.016
    endloop
  endfacet
  facet normal 0.854911 0.518774 0
    outer loop
      vertex -0.0296292 -0.01175 0.025
      vertex -0.029482 -0.0119924 0.025
      vertex -0.029482 -0.0119924 0.016
    endloop
  endfacet
  facet normal 0.831471 0.555568 0
    outer loop
      vertex -0.029482 -0.0119924 0.016
      vertex -0.029482 -0.0119924 0.025
      vertex -0.0293245 -0.0122282 0.016
    endloop
  endfacet
  facet normal 0.831471 0.555568 0
    outer loop
      vertex -0.029482 -0.0119924 0.025
      vertex -0.0293245 -0.0122282 0.025
      vertex -0.0293245 -0.0122282 0.016
    endloop
  endfacet
  facet normal 0.806443 0.591311 0
    outer loop
      vertex -0.0293245 -0.0122282 0.016
      vertex -0.0293245 -0.0122282 0.025
      vertex -0.0291568 -0.0124569 0.016
    endloop
  endfacet
  facet normal 0.806443 0.591311 0
    outer loop
      vertex -0.0293245 -0.0122282 0.025
      vertex -0.0291568 -0.0124569 0.025
      vertex -0.0291568 -0.0124569 0.016
    endloop
  endfacet
  facet normal 0.779884 0.625924 0
    outer loop
      vertex -0.0291568 -0.0124569 0.016
      vertex -0.0291568 -0.0124569 0.025
      vertex -0.0289793 -0.0126781 0.016
    endloop
  endfacet
  facet normal 0.779884 0.625924 0
    outer loop
      vertex -0.0291568 -0.0124569 0.025
      vertex -0.0289793 -0.0126781 0.025
      vertex -0.0289793 -0.0126781 0.016
    endloop
  endfacet
  facet normal 0.751841 0.659344 0
    outer loop
      vertex -0.0289793 -0.0126781 0.016
      vertex -0.0289793 -0.0126781 0.025
      vertex -0.0287923 -0.0128913 0.016
    endloop
  endfacet
  facet normal 0.751841 0.659344 0
    outer loop
      vertex -0.0289793 -0.0126781 0.025
      vertex -0.0287923 -0.0128913 0.025
      vertex -0.0287923 -0.0128913 0.016
    endloop
  endfacet
  facet normal 0.722364 0.691514 0
    outer loop
      vertex -0.0287923 -0.0128913 0.016
      vertex -0.0287923 -0.0128913 0.025
      vertex -0.0285962 -0.0130962 0.016
    endloop
  endfacet
  facet normal 0.722364 0.691514 0
    outer loop
      vertex -0.0287923 -0.0128913 0.025
      vertex -0.0285962 -0.0130962 0.025
      vertex -0.0285962 -0.0130962 0.016
    endloop
  endfacet
  facet normal 0.691514 0.722364 0
    outer loop
      vertex -0.0285962 -0.0130962 0.016
      vertex -0.0285962 -0.0130962 0.025
      vertex -0.0283913 -0.0132923 0.016
    endloop
  endfacet
  facet normal 0.691514 0.722364 0
    outer loop
      vertex -0.0285962 -0.0130962 0.025
      vertex -0.0283913 -0.0132923 0.025
      vertex -0.0283913 -0.0132923 0.016
    endloop
  endfacet
  facet normal 0.659346 0.75184 0
    outer loop
      vertex -0.0283913 -0.0132923 0.016
      vertex -0.0283913 -0.0132923 0.025
      vertex -0.0281781 -0.0134793 0.016
    endloop
  endfacet
  facet normal 0.659346 0.75184 0
    outer loop
      vertex -0.0283913 -0.0132923 0.025
      vertex -0.0281781 -0.0134793 0.025
      vertex -0.0281781 -0.0134793 0.016
    endloop
  endfacet
  facet normal 0.625924 0.779884 0
    outer loop
      vertex -0.0281781 -0.0134793 0.016
      vertex -0.0281781 -0.0134793 0.025
      vertex -0.0279569 -0.0136568 0.016
    endloop
  endfacet
  facet normal 0.625924 0.779884 0
    outer loop
      vertex -0.0281781 -0.0134793 0.025
      vertex -0.0279569 -0.0136568 0.025
      vertex -0.0279569 -0.0136568 0.016
    endloop
  endfacet
  facet normal 0.591308 0.806446 0
    outer loop
      vertex -0.0279569 -0.0136568 0.016
      vertex -0.0279569 -0.0136568 0.025
      vertex -0.0277282 -0.0138245 0.016
    endloop
  endfacet
  facet normal 0.591308 0.806446 0
    outer loop
      vertex -0.0279569 -0.0136568 0.025
      vertex -0.0277282 -0.0138245 0.025
      vertex -0.0277282 -0.0138245 0.016
    endloop
  endfacet
  facet normal 0.555571 0.831469 0
    outer loop
      vertex -0.0277282 -0.0138245 0.016
      vertex -0.0277282 -0.0138245 0.025
      vertex -0.0274924 -0.013982 0.016
    endloop
  endfacet
  facet normal 0.555571 0.831469 0
    outer loop
      vertex -0.0277282 -0.0138245 0.025
      vertex -0.0274924 -0.013982 0.025
      vertex -0.0274924 -0.013982 0.016
    endloop
  endfacet
  facet normal 0.518774 0.854911 0
    outer loop
      vertex -0.0274924 -0.013982 0.016
      vertex -0.0274924 -0.013982 0.025
      vertex -0.02725 -0.0141292 0.016
    endloop
  endfacet
  facet normal 0.518774 0.854911 0
    outer loop
      vertex -0.0274924 -0.013982 0.025
      vertex -0.02725 -0.0141292 0.025
      vertex -0.02725 -0.0141292 0.016
    endloop
  endfacet
  facet normal 0.48099 0.876726 0
    outer loop
      vertex -0.02725 -0.0141292 0.016
      vertex -0.02725 -0.0141292 0.025
      vertex -0.0270014 -0.0142656 0.016
    endloop
  endfacet
  facet normal 0.48099 0.876726 0
    outer loop
      vertex -0.02725 -0.0141292 0.025
      vertex -0.0270014 -0.0142656 0.025
      vertex -0.0270014 -0.0142656 0.016
    endloop
  endfacet
  facet normal 0.442286 0.896874 0
    outer loop
      vertex -0.0270014 -0.0142656 0.016
      vertex -0.0270014 -0.0142656 0.025
      vertex -0.026747 -0.014391 0.016
    endloop
  endfacet
  facet normal 0.442286 0.896874 0
    outer loop
      vertex -0.0270014 -0.0142656 0.025
      vertex -0.026747 -0.014391 0.025
      vertex -0.026747 -0.014391 0.016
    endloop
  endfacet
  facet normal 0.402747 0.915311 0
    outer loop
      vertex -0.026747 -0.014391 0.016
      vertex -0.026747 -0.014391 0.025
      vertex -0.0264874 -0.0145052 0.016
    endloop
  endfacet
  facet normal 0.402747 0.915311 0
    outer loop
      vertex -0.026747 -0.014391 0.025
      vertex -0.0264874 -0.0145052 0.025
      vertex -0.0264874 -0.0145052 0.016
    endloop
  endfacet
  facet normal 0.362439 0.932007 0
    outer loop
      vertex -0.0264874 -0.0145052 0.016
      vertex -0.0264874 -0.0145052 0.025
      vertex -0.0262231 -0.014608 0.016
    endloop
  endfacet
  facet normal 0.362439 0.932007 0
    outer loop
      vertex -0.0264874 -0.0145052 0.025
      vertex -0.0262231 -0.014608 0.025
      vertex -0.0262231 -0.014608 0.016
    endloop
  endfacet
  facet normal 0.321439 0.94693 0
    outer loop
      vertex -0.0262231 -0.014608 0.016
      vertex -0.0262231 -0.014608 0.025
      vertex -0.0259546 -0.0146992 0.016
    endloop
  endfacet
  facet normal 0.321439 0.94693 0
    outer loop
      vertex -0.0262231 -0.014608 0.025
      vertex -0.0259546 -0.0146992 0.025
      vertex -0.0259546 -0.0146992 0.016
    endloop
  endfacet
  facet normal 0.279831 0.960049 0
    outer loop
      vertex -0.0259546 -0.0146992 0.016
      vertex -0.0259546 -0.0146992 0.025
      vertex -0.0256823 -0.0147785 0.016
    endloop
  endfacet
  facet normal 0.279831 0.960049 0
    outer loop
      vertex -0.0259546 -0.0146992 0.025
      vertex -0.0256823 -0.0147785 0.025
      vertex -0.0256823 -0.0147785 0.016
    endloop
  endfacet
  facet normal 0.237686 0.971342 0
    outer loop
      vertex -0.0256823 -0.0147785 0.016
      vertex -0.0256823 -0.0147785 0.025
      vertex -0.0254069 -0.0148459 0.016
    endloop
  endfacet
  facet normal 0.237686 0.971342 0
    outer loop
      vertex -0.0256823 -0.0147785 0.025
      vertex -0.0254069 -0.0148459 0.025
      vertex -0.0254069 -0.0148459 0.016
    endloop
  endfacet
  facet normal 0.195089 0.980786 0
    outer loop
      vertex -0.0254069 -0.0148459 0.016
      vertex -0.0254069 -0.0148459 0.025
      vertex -0.0251287 -0.0149013 0.016
    endloop
  endfacet
  facet normal 0.195089 0.980786 0
    outer loop
      vertex -0.0254069 -0.0148459 0.025
      vertex -0.0251287 -0.0149013 0.025
      vertex -0.0251287 -0.0149013 0.016
    endloop
  endfacet
  facet normal 0.152122 0.988362 0
    outer loop
      vertex -0.0251287 -0.0149013 0.016
      vertex -0.0251287 -0.0149013 0.025
      vertex -0.0248484 -0.0149444 0.016
    endloop
  endfacet
  facet normal 0.152122 0.988362 0
    outer loop
      vertex -0.0251287 -0.0149013 0.025
      vertex -0.0248484 -0.0149444 0.025
      vertex -0.0248484 -0.0149444 0.016
    endloop
  endfacet
  facet normal 0.108868 0.994056 0
    outer loop
      vertex -0.0248484 -0.0149444 0.016
      vertex -0.0248484 -0.0149444 0.025
      vertex -0.0245665 -0.0149753 0.016
    endloop
  endfacet
  facet normal 0.108868 0.994056 0
    outer loop
      vertex -0.0248484 -0.0149444 0.025
      vertex -0.0245665 -0.0149753 0.025
      vertex -0.0245665 -0.0149753 0.016
    endloop
  endfacet
  facet normal 0.0654043 0.997859 0
    outer loop
      vertex -0.0245665 -0.0149753 0.016
      vertex -0.0245665 -0.0149753 0.025
      vertex -0.0242835 -0.0149938 0.016
    endloop
  endfacet
  facet normal 0.0654043 0.997859 0
    outer loop
      vertex -0.0245665 -0.0149753 0.025
      vertex -0.0242835 -0.0149938 0.025
      vertex -0.0242835 -0.0149938 0.016
    endloop
  endfacet
  facet normal 0.0218123 0.999762 0
    outer loop
      vertex -0.0242835 -0.0149938 0.016
      vertex -0.0242835 -0.0149938 0.025
      vertex -0.024 -0.015 0.016
    endloop
  endfacet
  facet normal 0.0218123 0.999762 0
    outer loop
      vertex -0.0242835 -0.0149938 0.025
      vertex -0.024 -0.015 0.025
      vertex -0.024 -0.015 0.016
    endloop
  endfacet
endsolid Mesh
