# Copyright (c) 2023 NVIDIA CORPORATION & AFFILIATES. All rights reserved.
#
# Licensed under the NVIDIA Source Code License [see LICENSE for details].

# File units = meters
mtllib nema_3-prong_socket_tray.mtl
g NEMA 3-Prong Socket Tray (Bottom)
v 0.0282969 0.0248561 0 
v 0.0283 0.025 0 
v 0.0283 0.025 -0.003 
v 0.0282874 0.0247124 0 
v 0.0282969 0.0248561 -0.003 
v 0.0282718 0.0245693 0 
v 0.0282874 0.0247124 -0.003 
v 0.0282499 0.024427 0 
v 0.0282718 0.0245693 -0.003 
v 0.0282218 0.0242857 0 
v 0.0282499 0.024427 -0.003 
v 0.0281876 0.0241459 0 
v 0.0282218 0.0242857 -0.003 
v 0.0281473 0.0240077 0 
v 0.0281876 0.0241459 -0.003 
v 0.028101 0.0238713 0 
v 0.0281473 0.0240077 -0.003 
v 0.0280488 0.0237371 0 
v 0.028101 0.0238713 -0.003 
v 0.0279908 0.0236054 0 
v 0.0280488 0.0237371 -0.003 
v 0.0279271 0.0234762 0 
v 0.0279908 0.0236054 -0.003 
v 0.0278579 0.02335 0 
v 0.0279271 0.0234762 -0.003 
v 0.0277832 0.0232269 0 
v 0.0278579 0.02335 -0.003 
v 0.0277032 0.0231072 0 
v 0.0277832 0.0232269 -0.003 
v 0.0276181 0.0229911 0 
v 0.0277032 0.0231072 -0.003 
v 0.0275279 0.0228788 0 
v 0.0276181 0.0229911 -0.003 
v 0.027433 0.0227706 0 
v 0.0275279 0.0228788 -0.003 
v 0.0273335 0.0226665 0 
v 0.027433 0.0227706 -0.003 
v 0.0272294 0.022567 0 
v 0.0273335 0.0226665 -0.003 
v 0.0271212 0.0224721 0 
v 0.0272294 0.022567 -0.003 
v 0.0270089 0.0223819 0 
v 0.0271212 0.0224721 -0.003 
v 0.0268928 0.0222968 0 
v 0.0270089 0.0223819 -0.003 
v 0.0267731 0.0222168 0 
v 0.0268928 0.0222968 -0.003 
v 0.02665 0.0221421 0 
v 0.0267731 0.0222168 -0.003 
v 0.0265238 0.0220729 0 
v 0.02665 0.0221421 -0.003 
v 0.0263946 0.0220092 0 
v 0.0265238 0.0220729 -0.003 
v 0.0262629 0.0219512 0 
v 0.0263946 0.0220092 -0.003 
v 0.0261287 0.021899 0 
v 0.0262629 0.0219512 -0.003 
v 0.0259923 0.0218527 0 
v 0.0261287 0.021899 -0.003 
v 0.0258541 0.0218124 0 
v 0.0259923 0.0218527 -0.003 
v 0.0257143 0.0217782 0 
v 0.0258541 0.0218124 -0.003 
v 0.025573 0.0217501 0 
v 0.0257143 0.0217782 -0.003 
v 0.0254307 0.0217282 0 
v 0.025573 0.0217501 -0.003 
v 0.0252876 0.0217126 0 
v 0.0254307 0.0217282 -0.003 
v 0.0251439 0.0217031 0 
v 0.0252876 0.0217126 -0.003 
v 0.025 0.0217 0 
v 0.0251439 0.0217031 -0.003 
v 0.0248561 0.0217031 0 
v 0.025 0.0217 -0.003 
v 0.0247124 0.0217126 0 
v 0.0248561 0.0217031 -0.003 
v 0.0245693 0.0217282 0 
v 0.0247124 0.0217126 -0.003 
v 0.024427 0.0217501 0 
v 0.0245693 0.0217282 -0.003 
v 0.0242857 0.0217782 0 
v 0.024427 0.0217501 -0.003 
v 0.0241459 0.0218124 0 
v 0.0242857 0.0217782 -0.003 
v 0.0240077 0.0218527 0 
v 0.0241459 0.0218124 -0.003 
v 0.0238713 0.021899 0 
v 0.0240077 0.0218527 -0.003 
v 0.0237371 0.0219512 0 
v 0.0238713 0.021899 -0.003 
v 0.0236054 0.0220092 0 
v 0.0237371 0.0219512 -0.003 
v 0.0234762 0.0220729 0 
v 0.0236054 0.0220092 -0.003 
v 0.02335 0.0221421 0 
v 0.0234762 0.0220729 -0.003 
v 0.0232269 0.0222168 0 
v 0.02335 0.0221421 -0.003 
v 0.0231072 0.0222968 0 
v 0.0232269 0.0222168 -0.003 
v 0.0229911 0.0223819 0 
v 0.0231072 0.0222968 -0.003 
v 0.0228788 0.0224721 0 
v 0.0229911 0.0223819 -0.003 
v 0.0227706 0.022567 0 
v 0.0228788 0.0224721 -0.003 
v 0.0226665 0.0226665 0 
v 0.0227706 0.022567 -0.003 
v 0.022567 0.0227706 0 
v 0.0226665 0.0226665 -0.003 
v 0.0224721 0.0228788 0 
v 0.022567 0.0227706 -0.003 
v 0.0223819 0.0229911 0 
v 0.0224721 0.0228788 -0.003 
v 0.0222968 0.0231072 0 
v 0.0223819 0.0229911 -0.003 
v 0.0222168 0.0232269 0 
v 0.0222968 0.0231072 -0.003 
v 0.0221421 0.02335 0 
v 0.0222168 0.0232269 -0.003 
v 0.0220729 0.0234762 0 
v 0.0221421 0.02335 -0.003 
v 0.0220092 0.0236054 0 
v 0.0220729 0.0234762 -0.003 
v 0.0219512 0.0237371 0 
v 0.0220092 0.0236054 -0.003 
v 0.021899 0.0238713 0 
v 0.0219512 0.0237371 -0.003 
v 0.0218527 0.0240077 0 
v 0.021899 0.0238713 -0.003 
v 0.0218124 0.0241459 0 
v 0.0218527 0.0240077 -0.003 
v 0.0217782 0.0242857 0 
v 0.0218124 0.0241459 -0.003 
v 0.0217501 0.024427 0 
v 0.0217782 0.0242857 -0.003 
v 0.0217282 0.0245693 0 
v 0.0217501 0.024427 -0.003 
v 0.0217126 0.0247124 0 
v 0.0217282 0.0245693 -0.003 
v 0.0217031 0.0248561 0 
v 0.0217126 0.0247124 -0.003 
v 0.0217 0.025 0 
v 0.0217031 0.0248561 -0.003 
v 0.0217031 0.0251439 0 
v 0.0217 0.025 -0.003 
v 0.0217126 0.0252876 0 
v 0.0217031 0.0251439 -0.003 
v 0.0217282 0.0254307 0 
v 0.0217126 0.0252876 -0.003 
v 0.0217501 0.025573 0 
v 0.0217282 0.0254307 -0.003 
v 0.0217782 0.0257143 0 
v 0.0217501 0.025573 -0.003 
v 0.0218124 0.0258541 0 
v 0.0217782 0.0257143 -0.003 
v 0.0218527 0.0259923 0 
v 0.0218124 0.0258541 -0.003 
v 0.021899 0.0261287 0 
v 0.0218527 0.0259923 -0.003 
v 0.0219512 0.0262629 0 
v 0.021899 0.0261287 -0.003 
v 0.0220092 0.0263946 0 
v 0.0219512 0.0262629 -0.003 
v 0.0220729 0.0265238 0 
v 0.0220092 0.0263946 -0.003 
v 0.0221421 0.02665 0 
v 0.0220729 0.0265238 -0.003 
v 0.0222168 0.0267731 0 
v 0.0221421 0.02665 -0.003 
v 0.0222968 0.0268928 0 
v 0.0222168 0.0267731 -0.003 
v 0.0223819 0.0270089 0 
v 0.0222968 0.0268928 -0.003 
v 0.0224721 0.0271212 0 
v 0.0223819 0.0270089 -0.003 
v 0.022567 0.0272294 0 
v 0.0224721 0.0271212 -0.003 
v 0.0226665 0.0273335 0 
v 0.022567 0.0272294 -0.003 
v 0.0227706 0.027433 0 
v 0.0226665 0.0273335 -0.003 
v 0.0228788 0.0275279 0 
v 0.0227706 0.027433 -0.003 
v 0.0229911 0.0276181 0 
v 0.0228788 0.0275279 -0.003 
v 0.0231072 0.0277032 0 
v 0.0229911 0.0276181 -0.003 
v 0.0232269 0.0277832 0 
v 0.0231072 0.0277032 -0.003 
v 0.02335 0.0278579 0 
v 0.0232269 0.0277832 -0.003 
v 0.0234762 0.0279271 0 
v 0.02335 0.0278579 -0.003 
v 0.0236054 0.0279908 0 
v 0.0234762 0.0279271 -0.003 
v 0.0237371 0.0280488 0 
v 0.0236054 0.0279908 -0.003 
v 0.0238713 0.028101 0 
v 0.0237371 0.0280488 -0.003 
v 0.0240077 0.0281473 0 
v 0.0238713 0.028101 -0.003 
v 0.0241459 0.0281876 0 
v 0.0240077 0.0281473 -0.003 
v 0.0242857 0.0282218 0 
v 0.0241459 0.0281876 -0.003 
v 0.024427 0.0282499 0 
v 0.0242857 0.0282218 -0.003 
v 0.0245693 0.0282718 0 
v 0.024427 0.0282499 -0.003 
v 0.0247124 0.0282874 0 
v 0.0245693 0.0282718 -0.003 
v 0.0248561 0.0282969 0 
v 0.0247124 0.0282874 -0.003 
v 0.025 0.0283 0 
v 0.0248561 0.0282969 -0.003 
v 0.0251439 0.0282969 0 
v 0.025 0.0283 -0.003 
v 0.0252876 0.0282874 0 
v 0.0251439 0.0282969 -0.003 
v 0.0254307 0.0282718 0 
v 0.0252876 0.0282874 -0.003 
v 0.025573 0.0282499 0 
v 0.0254307 0.0282718 -0.003 
v 0.0257143 0.0282218 0 
v 0.025573 0.0282499 -0.003 
v 0.0258541 0.0281876 0 
v 0.0257143 0.0282218 -0.003 
v 0.0259923 0.0281473 0 
v 0.0258541 0.0281876 -0.003 
v 0.0261287 0.028101 0 
v 0.0259923 0.0281473 -0.003 
v 0.0262629 0.0280488 0 
v 0.0261287 0.028101 -0.003 
v 0.0263946 0.0279908 0 
v 0.0262629 0.0280488 -0.003 
v 0.0265238 0.0279271 0 
v 0.0263946 0.0279908 -0.003 
v 0.02665 0.0278579 0 
v 0.0265238 0.0279271 -0.003 
v 0.0267731 0.0277832 0 
v 0.02665 0.0278579 -0.003 
v 0.0268928 0.0277032 0 
v 0.0267731 0.0277832 -0.003 
v 0.0270089 0.0276181 0 
v 0.0268928 0.0277032 -0.003 
v 0.0271212 0.0275279 0 
v 0.0270089 0.0276181 -0.003 
v 0.0272294 0.027433 0 
v 0.0271212 0.0275279 -0.003 
v 0.0273335 0.0273335 0 
v 0.0272294 0.027433 -0.003 
v 0.027433 0.0272294 0 
v 0.0273335 0.0273335 -0.003 
v 0.0275279 0.0271212 0 
v 0.027433 0.0272294 -0.003 
v 0.0276181 0.0270089 0 
v 0.0275279 0.0271212 -0.003 
v 0.0277032 0.0268928 0 
v 0.0276181 0.0270089 -0.003 
v 0.0277832 0.0267731 0 
v 0.0277032 0.0268928 -0.003 
v 0.0278579 0.02665 0 
v 0.0277832 0.0267731 -0.003 
v 0.0279271 0.0265238 0 
v 0.0278579 0.02665 -0.003 
v 0.0279908 0.0263946 0 
v 0.0279271 0.0265238 -0.003 
v 0.0280488 0.0262629 0 
v 0.0279908 0.0263946 -0.003 
v 0.028101 0.0261287 0 
v 0.0280488 0.0262629 -0.003 
v 0.0281473 0.0259923 0 
v 0.028101 0.0261287 -0.003 
v 0.0281876 0.0258541 0 
v 0.0281473 0.0259923 -0.003 
v 0.0282218 0.0257143 0 
v 0.0281876 0.0258541 -0.003 
v 0.0282499 0.025573 0 
v 0.0282218 0.0257143 -0.003 
v 0.0282718 0.0254307 0 
v 0.0282499 0.025573 -0.003 
v 0.0282874 0.0252876 0 
v 0.0282718 0.0254307 -0.003 
v 0.0282969 0.0251439 0 
v 0.0282874 0.0252876 -0.003 
v 0.0282969 0.0251439 -0.003 
v -0.0217282 0.0254307 -0.003 
v 0.0325 0.0325 -0.003 
v -0.0325 0.0325 -0.003 
v -0.025 0.0283 -0.003 
v -0.0251439 0.0282969 -0.003 
v -0.0247124 0.0282874 -0.003 
v -0.0248561 0.0282969 -0.003 
v -0.0217126 0.0252876 -0.003 
v -0.025573 0.0282499 -0.003 
v -0.0257143 0.0282218 -0.003 
v -0.0252876 0.0282874 -0.003 
v -0.0254307 0.0282718 -0.003 
v -0.0271212 0.0275279 -0.003 
v -0.0272294 0.027433 -0.003 
v -0.0258541 0.0281876 -0.003 
v -0.024427 0.0282499 -0.003 
v -0.0245693 0.0282718 -0.003 
v -0.0217501 0.025573 -0.003 
v -0.0217782 0.0257143 -0.003 
v -0.0271212 0.0224721 -0.003 
v -0.025 -0.0217 -0.003 
v -0.0251439 -0.0217031 -0.003 
v -0.0247124 -0.0217126 -0.003 
v -0.0248561 -0.0217031 -0.003 
v -0.0270089 0.0276181 -0.003 
v -0.0261287 0.028101 -0.003 
v -0.0262629 0.0280488 -0.003 
v -0.0259923 0.0281473 -0.003 
v -0.0238713 0.028101 -0.003 
v -0.0240077 0.0281473 -0.003 
v -0.0217 0.025 -0.003 
v -0.0217031 0.0251439 -0.003 
v -0.0217126 0.0247124 -0.003 
v -0.0217031 0.0248561 -0.003 
v -0.025573 -0.0217501 -0.003 
v -0.0257143 -0.0217782 -0.003 
v -0.0252876 -0.0217126 -0.003 
v -0.0254307 -0.0217282 -0.003 
v -0.0268928 0.0277032 -0.003 
v -0.0263946 0.0279908 -0.003 
v -0.0241459 0.0281876 -0.003 
v -0.0242857 0.0282218 -0.003 
v -0.0217782 0.0242857 -0.003 
v -0.0217501 0.024427 -0.003 
v -0.0218527 0.0240077 -0.003 
v -0.0218124 0.0241459 -0.003 
v 0.0325 -0.0325 -0.003 
v 0.0282874 -0.0247124 -0.003 
v -0.0258541 -0.0218124 -0.003 
v -0.024427 -0.0217501 -0.003 
v -0.0245693 -0.0217282 -0.003 
v -0.0267731 0.0277832 -0.003 
v -0.0265238 0.0279271 -0.003 
v -0.02665 0.0278579 -0.003 
v -0.0234762 0.0279271 -0.003 
v -0.0236054 0.0279908 -0.003 
v -0.0232269 0.0277832 -0.003 
v -0.02335 0.0278579 -0.003 
v -0.0227706 0.027433 -0.003 
v -0.0228788 0.0275279 -0.003 
v -0.0218124 0.0258541 -0.003 
v -0.0217282 0.0245693 -0.003 
v -0.0222968 0.0231072 -0.003 
v -0.0222168 0.0232269 -0.003 
v 0.0282969 -0.0248561 -0.003 
v 0.0217282 -0.0254307 -0.003 
v -0.0325 -0.0325 -0.003 
v -0.0247124 -0.0282874 -0.003 
v -0.0271212 -0.0224721 -0.003 
v -0.0272294 -0.022567 -0.003 
v -0.0261287 -0.021899 -0.003 
v -0.0262629 -0.0219512 -0.003 
v -0.0259923 -0.0218527 -0.003 
v 0.0252876 -0.0217126 -0.003 
v 0.0251439 -0.0217031 -0.003 
v -0.0237371 0.0280488 -0.003 
v -0.0229911 0.0276181 -0.003 
v -0.0231072 0.0277032 -0.003 
v -0.022567 0.0272294 -0.003 
v -0.0226665 0.0273335 -0.003 
v -0.0218527 0.0259923 -0.003 
v -0.0220729 0.0234762 -0.003 
v -0.0220092 0.0236054 -0.003 
v -0.0221421 0.02335 -0.003 
v -0.024427 0.0217501 -0.003 
v -0.0242857 0.0217782 -0.003 
v 0.025573 -0.0282499 -0.003 
v 0.0257143 -0.0282218 -0.003 
v -0.0248561 -0.0282969 -0.003 
v -0.0270089 -0.0223819 -0.003 
v -0.0273335 -0.0226665 -0.003 
v -0.0267731 -0.0222168 -0.003 
v -0.0268928 -0.0222968 -0.003 
v -0.0263946 -0.0220092 -0.003 
v -0.0241459 -0.0218124 -0.003 
v -0.0242857 -0.0217782 -0.003 
v -0.0238713 -0.021899 -0.003 
v -0.0240077 -0.0218527 -0.003 
v -0.0229911 -0.0223819 -0.003 
v -0.0231072 -0.0222968 -0.003 
v -0.022567 -0.0227706 -0.003 
v -0.0226665 -0.0226665 -0.003 
v 0.0248561 -0.0217031 -0.003 
v -0.0223819 -0.0229911 -0.003 
v -0.0224721 -0.0228788 -0.003 
v 0.025 -0.0217 -0.003 
v 0.025573 -0.0217501 -0.003 
v 0.0254307 -0.0217282 -0.003 
v -0.0277032 0.0268928 -0.003 
v -0.0277832 0.0267731 -0.003 
v -0.0275279 0.0271212 -0.003 
v -0.0276181 0.0270089 -0.003 
v -0.0273335 0.0273335 -0.003 
v -0.027433 0.0272294 -0.003 
v -0.0224721 0.0271212 -0.003 
v -0.0222168 0.0267731 -0.003 
v -0.0222968 0.0268928 -0.003 
v -0.0219512 0.0237371 -0.003 
v -0.021899 0.0238713 -0.003 
v -0.0240077 0.0218527 -0.003 
v -0.0238713 0.021899 -0.003 
v -0.0241459 0.0218124 -0.003 
v 0.0283 -0.025 -0.003 
v 0.0282874 -0.0252876 -0.003 
v 0.0282969 -0.0251439 -0.003 
v 0.0262629 -0.0280488 -0.003 
v 0.0263946 -0.0279908 -0.003 
v 0.0259923 -0.0281473 -0.003 
v 0.0261287 -0.028101 -0.003 
v 0.0258541 -0.0281876 -0.003 
v 0.0217126 -0.0252876 -0.003 
v -0.0265238 -0.0220729 -0.003 
v -0.02665 -0.0221421 -0.003 
v -0.0234762 -0.0220729 -0.003 
v -0.0236054 -0.0220092 -0.003 
v -0.0228788 -0.0224721 -0.003 
v -0.0232269 -0.0222168 -0.003 
v -0.0227706 -0.022567 -0.003 
v 0.0265238 -0.0220729 -0.003 
v 0.0263946 -0.0220092 -0.003 
v -0.0217031 -0.0248561 -0.003 
v 0.0217126 -0.0247124 -0.003 
v 0.0217031 -0.0248561 -0.003 
v -0.0282874 0.0252876 -0.003 
v -0.0282969 0.0251439 -0.003 
v -0.0282499 0.025573 -0.003 
v -0.0282718 0.0254307 -0.003 
v -0.0281876 0.0258541 -0.003 
v -0.0282218 0.0257143 -0.003 
v -0.028101 0.0261287 -0.003 
v -0.0281473 0.0259923 -0.003 
v -0.0278579 0.02665 -0.003 
v -0.0223819 0.0270089 -0.003 
v -0.0220729 0.0265238 -0.003 
v -0.0221421 0.02665 -0.003 
v -0.022567 0.0227706 -0.003 
v -0.0224721 0.0228788 -0.003 
v -0.0232269 0.0222168 -0.003 
v -0.0231072 0.0222968 -0.003 
v -0.0237371 0.0219512 -0.003 
v -0.0236054 0.0220092 -0.003 
v 0.0282218 -0.0257143 -0.003 
v 0.0282499 -0.025573 -0.003 
v 0.0267731 -0.0277832 -0.003 
v 0.0268928 -0.0277032 -0.003 
v 0.0265238 -0.0279271 -0.003 
v 0.025 -0.0283 -0.003 
v 0.0251439 -0.0282969 -0.003 
v 0.0247124 -0.0282874 -0.003 
v 0.0248561 -0.0282969 -0.003 
v 0.0242857 -0.0282218 -0.003 
v 0.024427 -0.0282499 -0.003 
v 0.0238713 -0.028101 -0.003 
v 0.0240077 -0.0281473 -0.003 
v -0.025 -0.0283 -0.003 
v -0.0252876 -0.0282874 -0.003 
v -0.0251439 -0.0282969 -0.003 
v -0.025573 -0.0282499 -0.003 
v -0.0254307 -0.0282718 -0.003 
v -0.0248561 0.0217031 -0.003 
v -0.0247124 0.0217126 -0.003 
v -0.027433 -0.0227706 -0.003 
v -0.0237371 -0.0219512 -0.003 
v -0.02335 -0.0221421 -0.003 
v 0.0258541 -0.0218124 -0.003 
v 0.0257143 -0.0217782 -0.003 
v 0.0261287 -0.021899 -0.003 
v 0.0259923 -0.0218527 -0.003 
v 0.0262629 -0.0219512 -0.003 
v 0.0267731 -0.0222168 -0.003 
v 0.02665 -0.0221421 -0.003 
v -0.0217 -0.025 -0.003 
v -0.0279908 0.0263946 -0.003 
v -0.0280488 0.0262629 -0.003 
v -0.0279271 0.0265238 -0.003 
v -0.0220092 0.0263946 -0.003 
v -0.021899 0.0261287 -0.003 
v -0.0219512 0.0262629 -0.003 
v -0.0223819 0.0229911 -0.003 
v -0.0229911 0.0223819 -0.003 
v -0.0228788 0.0224721 -0.003 
v -0.02335 0.0221421 -0.003 
v -0.0234762 0.0220729 -0.003 
v -0.0245693 0.0217282 -0.003 
v 0.0282718 -0.0254307 -0.003 
v 0.0282718 -0.0245693 -0.003 
v 0.0277032 -0.0268928 -0.003 
v 0.0277832 -0.0267731 -0.003 
v 0.02665 -0.0278579 -0.003 
v 0.0245693 -0.0282718 -0.003 
v 0.0241459 -0.0281876 -0.003 
v 0.0231072 -0.0277032 -0.003 
v 0.0232269 -0.0277832 -0.003 
v -0.0257143 -0.0282218 -0.003 
v -0.0261287 -0.028101 -0.003 
v -0.0259923 -0.0281473 -0.003 
v 0.0271212 -0.0224721 -0.003 
v -0.0275279 -0.0228788 -0.003 
v -0.0276181 -0.0229911 -0.003 
v -0.0222168 -0.0232269 -0.003 
v -0.0222968 -0.0231072 -0.003 
v -0.0217126 -0.0247124 -0.003 
v 0.0217 -0.025 -0.003 
v -0.0217126 -0.0252876 -0.003 
v -0.0217031 -0.0251439 -0.003 
v -0.021899 -0.0238713 -0.003 
v 0.024427 -0.0217501 -0.003 
v 0.0242857 -0.0217782 -0.003 
v -0.0227706 0.022567 -0.003 
v -0.0226665 0.0226665 -0.003 
v 0.0279271 -0.0265238 -0.003 
v 0.0279908 -0.0263946 -0.003 
v 0.0278579 -0.02665 -0.003 
v 0.0252876 -0.0282874 -0.003 
v 0.0254307 -0.0282718 -0.003 
v 0.02335 -0.0278579 -0.003 
v 0.0234762 -0.0279271 -0.003 
v -0.0258541 -0.0281876 -0.003 
v 0.0272294 -0.022567 -0.003 
v -0.0277032 -0.0231072 -0.003 
v -0.0220092 -0.0236054 -0.003 
v -0.0220729 -0.0234762 -0.003 
v 0.0217501 -0.024427 -0.003 
v -0.0217501 -0.024427 -0.003 
v -0.0217782 -0.0242857 -0.003 
v -0.0217282 -0.0245693 -0.003 
v 0.0217282 -0.0245693 -0.003 
v 0.0241459 -0.0218124 -0.003 
v 0.0240077 -0.0218527 -0.003 
v 0.0247124 -0.0217126 -0.003 
v 0.0245693 -0.0217282 -0.003 
v 0.0280488 -0.0262629 -0.003 
v 0.028101 -0.0261287 -0.003 
v 0.0236054 -0.0279908 -0.003 
v 0.0237371 -0.0280488 -0.003 
v 0.0222168 -0.0267731 -0.003 
v 0.0222968 -0.0268928 -0.003 
v 0.0220092 -0.0263946 -0.003 
v 0.0220729 -0.0265238 -0.003 
v 0.021899 -0.0261287 -0.003 
v 0.0219512 -0.0262629 -0.003 
v 0.0218124 -0.0258541 -0.003 
v 0.0218527 -0.0259923 -0.003 
v 0.0217501 -0.025573 -0.003 
v 0.0217782 -0.0257143 -0.003 
v 0.0217031 -0.0251439 -0.003 
v -0.0263946 0.0220092 -0.003 
v -0.0262629 0.0219512 -0.003 
v -0.0268928 0.0222968 -0.003 
v -0.0267731 0.0222168 -0.003 
v -0.025573 0.0217501 -0.003 
v -0.0254307 0.0217282 -0.003 
v -0.025 0.0217 -0.003 
v -0.0276181 0.0229911 -0.003 
v -0.028101 -0.0238713 -0.003 
v -0.0281473 -0.0240077 -0.003 
v -0.0277832 -0.0232269 -0.003 
v -0.0221421 -0.02335 -0.003 
v -0.0219512 -0.0237371 -0.003 
v -0.0270089 0.0223819 -0.003 
v 0.0270089 -0.0223819 -0.003 
v -0.0217782 -0.0257143 -0.003 
v -0.0217501 -0.025573 -0.003 
v 0.0238713 -0.021899 -0.003 
v -0.024427 -0.0282499 -0.003 
v -0.0242857 -0.0282218 -0.003 
v 0.0281473 -0.0259923 -0.003 
v 0.0281876 -0.0258541 -0.003 
v 0.027433 -0.0272294 -0.003 
v 0.0275279 -0.0271212 -0.003 
v 0.0272294 -0.027433 -0.003 
v 0.0273335 -0.0273335 -0.003 
v 0.0270089 -0.0276181 -0.003 
v 0.0271212 -0.0275279 -0.003 
v 0.0223819 -0.0270089 -0.003 
v 0.0224721 -0.0271212 -0.003 
v 0.0221421 -0.02665 -0.003 
v -0.0263946 -0.0279908 -0.003 
v -0.0262629 -0.0280488 -0.003 
v -0.0268928 -0.0277032 -0.003 
v -0.0267731 -0.0277832 -0.003 
v -0.0280488 -0.0262629 -0.003 
v -0.0279908 -0.0263946 -0.003 
v -0.0261287 0.021899 -0.003 
v -0.0259923 0.0218527 -0.003 
v -0.0265238 0.0220729 -0.003 
v -0.02665 0.0221421 -0.003 
v -0.0252876 0.0217126 -0.003 
v -0.0251439 0.0217031 -0.003 
v -0.0257143 0.0217782 -0.003 
v 0.0273335 -0.0226665 -0.003 
v 0.0282499 -0.024427 -0.003 
v 0.028101 -0.0238713 -0.003 
v -0.0282874 -0.0247124 -0.003 
v -0.0282969 -0.0248561 -0.003 
v -0.0282499 -0.024427 -0.003 
v -0.0282718 -0.0245693 -0.003 
v -0.0281876 -0.0241459 -0.003 
v -0.0282218 -0.0242857 -0.003 
v -0.0278579 -0.02335 -0.003 
v -0.0279271 -0.0234762 -0.003 
v 0.0268928 -0.0222968 -0.003 
v -0.0275279 0.0228788 -0.003 
v -0.0280488 0.0237371 -0.003 
v -0.0279908 0.0236054 -0.003 
v -0.0282499 0.024427 -0.003 
v -0.0282218 0.0242857 -0.003 
v -0.0217282 -0.0254307 -0.003 
v -0.0218124 -0.0241459 -0.003 
v 0.0218124 -0.0241459 -0.003 
v 0.0217782 -0.0242857 -0.003 
v 0.021899 -0.0238713 -0.003 
v 0.0218527 -0.0240077 -0.003 
v 0.0222968 -0.0231072 -0.003 
v 0.0222168 -0.0232269 -0.003 
v 0.0228788 -0.0224721 -0.003 
v 0.0227706 -0.022567 -0.003 
v 0.0232269 -0.0222168 -0.003 
v 0.0231072 -0.0222968 -0.003 
v 0.0234762 -0.0220729 -0.003 
v 0.02335 -0.0221421 -0.003 
v 0.0237371 -0.0219512 -0.003 
v -0.0222968 -0.0268928 -0.003 
v -0.0222168 -0.0267731 -0.003 
v -0.0240077 -0.0281473 -0.003 
v -0.0238713 -0.028101 -0.003 
v -0.0241459 -0.0281876 -0.003 
v 0.0276181 -0.0270089 -0.003 
v 0.0226665 -0.0273335 -0.003 
v 0.0227706 -0.027433 -0.003 
v 0.022567 -0.0272294 -0.003 
v -0.0265238 -0.0279271 -0.003 
v -0.02665 -0.0278579 -0.003 
v -0.0276181 -0.0270089 -0.003 
v -0.0275279 -0.0271212 -0.003 
v -0.0277832 -0.0267731 -0.003 
v -0.0277032 -0.0268928 -0.003 
v -0.0279271 -0.0265238 -0.003 
v -0.0281876 -0.0258541 -0.003 
v -0.0281473 -0.0259923 -0.003 
v -0.0282499 -0.025573 -0.003 
v -0.0282218 -0.0257143 -0.003 
v -0.0282874 -0.0252876 -0.003 
v -0.0282718 -0.0254307 -0.003 
v -0.0283 -0.025 -0.003 
v -0.0282969 -0.0251439 -0.003 
v -0.0258541 0.0218124 -0.003 
v 0.0276181 -0.0229911 -0.003 
v 0.0275279 -0.0228788 -0.003 
v 0.0279271 -0.0234762 -0.003 
v 0.0278579 -0.02335 -0.003 
v 0.0282218 -0.0242857 -0.003 
v -0.0279908 -0.0236054 -0.003 
v -0.0280488 -0.0237371 -0.003 
v -0.0273335 0.0226665 -0.003 
v -0.0272294 0.022567 -0.003 
v -0.027433 0.0227706 -0.003 
v -0.0277832 0.0232269 -0.003 
v -0.0277032 0.0231072 -0.003 
v -0.0279271 0.0234762 -0.003 
v -0.0278579 0.02335 -0.003 
v -0.0281876 0.0241459 -0.003 
v -0.0281473 0.0240077 -0.003 
v -0.0282874 0.0247124 -0.003 
v -0.0282718 0.0245693 -0.003 
v -0.0283 0.025 -0.003 
v -0.0282969 0.0248561 -0.003 
v 0.0221421 -0.02335 -0.003 
v 0.0226665 -0.0226665 -0.003 
v 0.022567 -0.0227706 -0.003 
v 0.0229911 -0.0223819 -0.003 
v 0.0236054 -0.0220092 -0.003 
v -0.0220729 -0.0265238 -0.003 
v -0.0220092 -0.0263946 -0.003 
v -0.0221421 -0.02665 -0.003 
v -0.0232269 -0.0277832 -0.003 
v -0.0231072 -0.0277032 -0.003 
v -0.0237371 -0.0280488 -0.003 
v -0.0236054 -0.0279908 -0.003 
v 0.0228788 -0.0275279 -0.003 
v 0.0229911 -0.0276181 -0.003 
v -0.0273335 -0.0273335 -0.003 
v -0.0272294 -0.027433 -0.003 
v -0.027433 -0.0272294 -0.003 
v -0.0278579 -0.02665 -0.003 
v -0.028101 -0.0261287 -0.003 
v 0.027433 -0.0227706 -0.003 
v 0.0279908 -0.0236054 -0.003 
v 0.0277832 -0.0232269 -0.003 
v 0.0280488 -0.0237371 -0.003 
v 0.0281876 -0.0241459 -0.003 
v 0.0281473 -0.0240077 -0.003 
v -0.028101 0.0238713 -0.003 
v -0.0218527 -0.0240077 -0.003 
v 0.0220092 -0.0236054 -0.003 
v 0.0219512 -0.0237371 -0.003 
v 0.0220729 -0.0234762 -0.003 
v 0.0224721 -0.0228788 -0.003 
v 0.0223819 -0.0229911 -0.003 
v -0.0219512 -0.0262629 -0.003 
v -0.021899 -0.0261287 -0.003 
v -0.0229911 -0.0276181 -0.003 
v -0.0228788 -0.0275279 -0.003 
v -0.02335 -0.0278579 -0.003 
v -0.0234762 -0.0279271 -0.003 
v -0.0245693 -0.0282718 -0.003 
v -0.0271212 -0.0275279 -0.003 
v -0.0270089 -0.0276181 -0.003 
v 0.0277032 -0.0231072 -0.003 
v -0.0218527 -0.0259923 -0.003 
v -0.0218124 -0.0258541 -0.003 
v -0.022567 -0.0272294 -0.003 
v -0.0224721 -0.0271212 -0.003 
v -0.0227706 -0.027433 -0.003 
v -0.0226665 -0.0273335 -0.003 
v -0.0223819 -0.0270089 -0.003 
v -0.02085 0.0325 0 
v -0.0325 0.0325 0 
v 0.0325 0.0325 0 
v -0.0325 -0.0325 0 
v -0.0325 0.02085 0 
v 0.0325 -0.0325 0 
v -0.02085 -0.0325 0 
v 0.0325 0.02085 0 
v -0.0217031 -0.0251439 0 
v -0.0217 -0.025 0 
v -0.0217126 -0.0252876 0 
v -0.0217282 -0.0254307 0 
v -0.0217501 -0.025573 0 
v -0.0217782 -0.0257143 0 
v -0.0218124 -0.0258541 0 
v -0.0218527 -0.0259923 0 
v -0.021899 -0.0261287 0 
v -0.0219512 -0.0262629 0 
v -0.0220092 -0.0263946 0 
v -0.0220729 -0.0265238 0 
v -0.0221421 -0.02665 0 
v -0.0222168 -0.0267731 0 
v -0.0222968 -0.0268928 0 
v -0.0223819 -0.0270089 0 
v -0.0224721 -0.0271212 0 
v -0.022567 -0.0272294 0 
v -0.0226665 -0.0273335 0 
v -0.0227706 -0.027433 0 
v -0.0228788 -0.0275279 0 
v -0.0229911 -0.0276181 0 
v -0.0231072 -0.0277032 0 
v -0.0232269 -0.0277832 0 
v -0.02335 -0.0278579 0 
v -0.0234762 -0.0279271 0 
v -0.0236054 -0.0279908 0 
v -0.0237371 -0.0280488 0 
v -0.0238713 -0.028101 0 
v -0.0240077 -0.0281473 0 
v -0.0241459 -0.0281876 0 
v -0.0242857 -0.0282218 0 
v -0.024427 -0.0282499 0 
v -0.0245693 -0.0282718 0 
v -0.0247124 -0.0282874 0 
v -0.0248561 -0.0282969 0 
v -0.025 -0.0283 0 
v -0.0251439 -0.0282969 0 
v -0.0252876 -0.0282874 0 
v -0.0254307 -0.0282718 0 
v -0.025573 -0.0282499 0 
v -0.0257143 -0.0282218 0 
v -0.0258541 -0.0281876 0 
v -0.0259923 -0.0281473 0 
v -0.0261287 -0.028101 0 
v -0.0262629 -0.0280488 0 
v -0.0263946 -0.0279908 0 
v -0.0265238 -0.0279271 0 
v -0.02665 -0.0278579 0 
v -0.0267731 -0.0277832 0 
v -0.0268928 -0.0277032 0 
v -0.0270089 -0.0276181 0 
v -0.0271212 -0.0275279 0 
v -0.0272294 -0.027433 0 
v -0.0273335 -0.0273335 0 
v -0.027433 -0.0272294 0 
v -0.0275279 -0.0271212 0 
v -0.0276181 -0.0270089 0 
v -0.0277032 -0.0268928 0 
v -0.0277832 -0.0267731 0 
v -0.0278579 -0.02665 0 
v -0.0279271 -0.0265238 0 
v -0.0279908 -0.0263946 0 
v -0.0280488 -0.0262629 0 
v -0.028101 -0.0261287 0 
v -0.0281473 -0.0259923 0 
v -0.0281876 -0.0258541 0 
v -0.0282218 -0.0257143 0 
v -0.0282499 -0.025573 0 
v -0.0282718 -0.0254307 0 
v -0.0282874 -0.0252876 0 
v -0.0282969 -0.0251439 0 
v -0.0283 -0.025 0 
v -0.0282969 -0.0248561 0 
v -0.0282874 -0.0247124 0 
v -0.0282718 -0.0245693 0 
v -0.0282499 -0.024427 0 
v -0.0282218 -0.0242857 0 
v -0.0281876 -0.0241459 0 
v -0.0281473 -0.0240077 0 
v -0.028101 -0.0238713 0 
v -0.0280488 -0.0237371 0 
v -0.0279908 -0.0236054 0 
v -0.0279271 -0.0234762 0 
v -0.0278579 -0.02335 0 
v -0.0277832 -0.0232269 0 
v -0.0277032 -0.0231072 0 
v -0.0276181 -0.0229911 0 
v -0.0275279 -0.0228788 0 
v -0.027433 -0.0227706 0 
v -0.0273335 -0.0226665 0 
v -0.0272294 -0.022567 0 
v -0.0271212 -0.0224721 0 
v -0.0270089 -0.0223819 0 
v -0.0268928 -0.0222968 0 
v -0.0267731 -0.0222168 0 
v -0.02665 -0.0221421 0 
v -0.0265238 -0.0220729 0 
v -0.0263946 -0.0220092 0 
v -0.0262629 -0.0219512 0 
v -0.0261287 -0.021899 0 
v -0.0259923 -0.0218527 0 
v -0.0258541 -0.0218124 0 
v -0.0257143 -0.0217782 0 
v -0.025573 -0.0217501 0 
v -0.0254307 -0.0217282 0 
v -0.0252876 -0.0217126 0 
v -0.0251439 -0.0217031 0 
v -0.025 -0.0217 0 
v -0.0248561 -0.0217031 0 
v -0.0247124 -0.0217126 0 
v -0.0245693 -0.0217282 0 
v -0.024427 -0.0217501 0 
v -0.0242857 -0.0217782 0 
v -0.0241459 -0.0218124 0 
v -0.0240077 -0.0218527 0 
v -0.0238713 -0.021899 0 
v -0.0237371 -0.0219512 0 
v -0.0236054 -0.0220092 0 
v -0.0234762 -0.0220729 0 
v -0.02335 -0.0221421 0 
v -0.0232269 -0.0222168 0 
v -0.0231072 -0.0222968 0 
v -0.0229911 -0.0223819 0 
v -0.0228788 -0.0224721 0 
v -0.0227706 -0.022567 0 
v -0.0226665 -0.0226665 0 
v -0.022567 -0.0227706 0 
v -0.0224721 -0.0228788 0 
v -0.0223819 -0.0229911 0 
v -0.0222968 -0.0231072 0 
v -0.0222168 -0.0232269 0 
v -0.0221421 -0.02335 0 
v -0.0220729 -0.0234762 0 
v -0.0220092 -0.0236054 0 
v -0.0219512 -0.0237371 0 
v -0.021899 -0.0238713 0 
v -0.0218527 -0.0240077 0 
v -0.0218124 -0.0241459 0 
v -0.0217782 -0.0242857 0 
v -0.0217501 -0.024427 0 
v -0.0217282 -0.0245693 0 
v -0.0217126 -0.0247124 0 
v -0.0217031 -0.0248561 0 
v 0.0282969 -0.0251439 0 
v 0.0283 -0.025 0 
v 0.0282874 -0.0252876 0 
v 0.0282718 -0.0254307 0 
v 0.0282499 -0.025573 0 
v 0.0282218 -0.0257143 0 
v 0.0281876 -0.0258541 0 
v 0.0281473 -0.0259923 0 
v 0.028101 -0.0261287 0 
v 0.0280488 -0.0262629 0 
v 0.0279908 -0.0263946 0 
v 0.0279271 -0.0265238 0 
v 0.0278579 -0.02665 0 
v 0.0277832 -0.0267731 0 
v 0.0277032 -0.0268928 0 
v 0.0276181 -0.0270089 0 
v 0.0275279 -0.0271212 0 
v 0.027433 -0.0272294 0 
v 0.0273335 -0.0273335 0 
v 0.0272294 -0.027433 0 
v 0.0271212 -0.0275279 0 
v 0.0270089 -0.0276181 0 
v 0.0268928 -0.0277032 0 
v 0.0267731 -0.0277832 0 
v 0.02665 -0.0278579 0 
v 0.0265238 -0.0279271 0 
v 0.0263946 -0.0279908 0 
v 0.0262629 -0.0280488 0 
v 0.0261287 -0.028101 0 
v 0.0259923 -0.0281473 0 
v 0.0258541 -0.0281876 0 
v 0.0257143 -0.0282218 0 
v 0.025573 -0.0282499 0 
v 0.0254307 -0.0282718 0 
v 0.0252876 -0.0282874 0 
v 0.0251439 -0.0282969 0 
v 0.025 -0.0283 0 
v 0.0248561 -0.0282969 0 
v 0.0247124 -0.0282874 0 
v 0.0245693 -0.0282718 0 
v 0.024427 -0.0282499 0 
v 0.0242857 -0.0282218 0 
v 0.0241459 -0.0281876 0 
v 0.0240077 -0.0281473 0 
v 0.0238713 -0.028101 0 
v 0.0237371 -0.0280488 0 
v 0.0236054 -0.0279908 0 
v 0.0234762 -0.0279271 0 
v 0.02335 -0.0278579 0 
v 0.0232269 -0.0277832 0 
v 0.0231072 -0.0277032 0 
v 0.0229911 -0.0276181 0 
v 0.0228788 -0.0275279 0 
v 0.0227706 -0.027433 0 
v 0.0226665 -0.0273335 0 
v 0.022567 -0.0272294 0 
v 0.0224721 -0.0271212 0 
v 0.0223819 -0.0270089 0 
v 0.0222968 -0.0268928 0 
v 0.0222168 -0.0267731 0 
v 0.0221421 -0.02665 0 
v 0.0220729 -0.0265238 0 
v 0.0220092 -0.0263946 0 
v 0.0219512 -0.0262629 0 
v 0.021899 -0.0261287 0 
v 0.0218527 -0.0259923 0 
v 0.0218124 -0.0258541 0 
v 0.0217782 -0.0257143 0 
v 0.0217501 -0.025573 0 
v 0.0217282 -0.0254307 0 
v 0.0217126 -0.0252876 0 
v 0.0217031 -0.0251439 0 
v 0.0217 -0.025 0 
v 0.0217031 -0.0248561 0 
v 0.0217126 -0.0247124 0 
v 0.0217282 -0.0245693 0 
v 0.0217501 -0.024427 0 
v 0.0217782 -0.0242857 0 
v 0.0218124 -0.0241459 0 
v 0.0218527 -0.0240077 0 
v 0.021899 -0.0238713 0 
v 0.0219512 -0.0237371 0 
v 0.0220092 -0.0236054 0 
v 0.0220729 -0.0234762 0 
v 0.0221421 -0.02335 0 
v 0.0222168 -0.0232269 0 
v 0.0222968 -0.0231072 0 
v 0.0223819 -0.0229911 0 
v 0.0224721 -0.0228788 0 
v 0.022567 -0.0227706 0 
v 0.0226665 -0.0226665 0 
v 0.0227706 -0.022567 0 
v 0.0228788 -0.0224721 0 
v 0.0229911 -0.0223819 0 
v 0.0231072 -0.0222968 0 
v 0.0232269 -0.0222168 0 
v 0.02335 -0.0221421 0 
v 0.0234762 -0.0220729 0 
v 0.0236054 -0.0220092 0 
v 0.0237371 -0.0219512 0 
v 0.0238713 -0.021899 0 
v 0.0240077 -0.0218527 0 
v 0.0241459 -0.0218124 0 
v 0.0242857 -0.0217782 0 
v 0.024427 -0.0217501 0 
v 0.0245693 -0.0217282 0 
v 0.0247124 -0.0217126 0 
v 0.0248561 -0.0217031 0 
v 0.025 -0.0217 0 
v 0.0251439 -0.0217031 0 
v 0.0252876 -0.0217126 0 
v 0.0254307 -0.0217282 0 
v 0.025573 -0.0217501 0 
v 0.0257143 -0.0217782 0 
v 0.0258541 -0.0218124 0 
v 0.0259923 -0.0218527 0 
v 0.0261287 -0.021899 0 
v 0.0262629 -0.0219512 0 
v 0.0263946 -0.0220092 0 
v 0.0265238 -0.0220729 0 
v 0.02665 -0.0221421 0 
v 0.0267731 -0.0222168 0 
v 0.0268928 -0.0222968 0 
v 0.0270089 -0.0223819 0 
v 0.0271212 -0.0224721 0 
v 0.0272294 -0.022567 0 
v 0.0273335 -0.0226665 0 
v 0.027433 -0.0227706 0 
v 0.0275279 -0.0228788 0 
v 0.0276181 -0.0229911 0 
v 0.0277032 -0.0231072 0 
v 0.0277832 -0.0232269 0 
v 0.0278579 -0.02335 0 
v 0.0279271 -0.0234762 0 
v 0.0279908 -0.0236054 0 
v 0.0280488 -0.0237371 0 
v 0.028101 -0.0238713 0 
v 0.0281473 -0.0240077 0 
v 0.0281876 -0.0241459 0 
v 0.0282218 -0.0242857 0 
v 0.0282499 -0.024427 0 
v 0.0282718 -0.0245693 0 
v 0.0282874 -0.0247124 0 
v 0.0282969 -0.0248561 0 
v -0.0217031 0.0248561 0 
v -0.0217 0.025 0 
v -0.0217126 0.0247124 0 
v -0.0217282 0.0245693 0 
v -0.0217501 0.024427 0 
v -0.0217782 0.0242857 0 
v -0.0218124 0.0241459 0 
v -0.0218527 0.0240077 0 
v -0.021899 0.0238713 0 
v -0.0219512 0.0237371 0 
v -0.0220092 0.0236054 0 
v -0.0220729 0.0234762 0 
v -0.0221421 0.02335 0 
v -0.0222168 0.0232269 0 
v -0.0222968 0.0231072 0 
v -0.0223819 0.0229911 0 
v -0.0224721 0.0228788 0 
v -0.022567 0.0227706 0 
v -0.0226665 0.0226665 0 
v -0.0227706 0.022567 0 
v -0.0228788 0.0224721 0 
v -0.0229911 0.0223819 0 
v -0.0231072 0.0222968 0 
v -0.0232269 0.0222168 0 
v -0.02335 0.0221421 0 
v -0.0234762 0.0220729 0 
v -0.0236054 0.0220092 0 
v -0.0237371 0.0219512 0 
v -0.0238713 0.021899 0 
v -0.0240077 0.0218527 0 
v -0.0241459 0.0218124 0 
v -0.0242857 0.0217782 0 
v -0.024427 0.0217501 0 
v -0.0245693 0.0217282 0 
v -0.0247124 0.0217126 0 
v -0.0248561 0.0217031 0 
v -0.025 0.0217 0 
v -0.0251439 0.0217031 0 
v -0.0252876 0.0217126 0 
v -0.0254307 0.0217282 0 
v -0.025573 0.0217501 0 
v -0.0257143 0.0217782 0 
v -0.0258541 0.0218124 0 
v -0.0259923 0.0218527 0 
v -0.0261287 0.021899 0 
v -0.0262629 0.0219512 0 
v -0.0263946 0.0220092 0 
v -0.0265238 0.0220729 0 
v -0.02665 0.0221421 0 
v -0.0267731 0.0222168 0 
v -0.0268928 0.0222968 0 
v -0.0270089 0.0223819 0 
v -0.0271212 0.0224721 0 
v -0.0272294 0.022567 0 
v -0.0273335 0.0226665 0 
v -0.027433 0.0227706 0 
v -0.0275279 0.0228788 0 
v -0.0276181 0.0229911 0 
v -0.0277032 0.0231072 0 
v -0.0277832 0.0232269 0 
v -0.0278579 0.02335 0 
v -0.0279271 0.0234762 0 
v -0.0279908 0.0236054 0 
v -0.0280488 0.0237371 0 
v -0.028101 0.0238713 0 
v -0.0281473 0.0240077 0 
v -0.0281876 0.0241459 0 
v -0.0282218 0.0242857 0 
v -0.0282499 0.024427 0 
v -0.0282718 0.0245693 0 
v -0.0282874 0.0247124 0 
v -0.0282969 0.0248561 0 
v -0.0283 0.025 0 
v -0.0282969 0.0251439 0 
v -0.0282874 0.0252876 0 
v -0.0282718 0.0254307 0 
v -0.0282499 0.025573 0 
v -0.0282218 0.0257143 0 
v -0.0281876 0.0258541 0 
v -0.0281473 0.0259923 0 
v -0.028101 0.0261287 0 
v -0.0280488 0.0262629 0 
v -0.0279908 0.0263946 0 
v -0.0279271 0.0265238 0 
v -0.0278579 0.02665 0 
v -0.0277832 0.0267731 0 
v -0.0277032 0.0268928 0 
v -0.0276181 0.0270089 0 
v -0.0275279 0.0271212 0 
v -0.027433 0.0272294 0 
v -0.0273335 0.0273335 0 
v -0.0272294 0.027433 0 
v -0.0271212 0.0275279 0 
v -0.0270089 0.0276181 0 
v -0.0268928 0.0277032 0 
v -0.0267731 0.0277832 0 
v -0.02665 0.0278579 0 
v -0.0265238 0.0279271 0 
v -0.0263946 0.0279908 0 
v -0.0262629 0.0280488 0 
v -0.0261287 0.028101 0 
v -0.0259923 0.0281473 0 
v -0.0258541 0.0281876 0 
v -0.0257143 0.0282218 0 
v -0.025573 0.0282499 0 
v -0.0254307 0.0282718 0 
v -0.0252876 0.0282874 0 
v -0.0251439 0.0282969 0 
v -0.025 0.0283 0 
v -0.0248561 0.0282969 0 
v -0.0247124 0.0282874 0 
v -0.0245693 0.0282718 0 
v -0.024427 0.0282499 0 
v -0.0242857 0.0282218 0 
v -0.0241459 0.0281876 0 
v -0.0240077 0.0281473 0 
v -0.0238713 0.028101 0 
v -0.0237371 0.0280488 0 
v -0.0236054 0.0279908 0 
v -0.0234762 0.0279271 0 
v -0.02335 0.0278579 0 
v -0.0232269 0.0277832 0 
v -0.0231072 0.0277032 0 
v -0.0229911 0.0276181 0 
v -0.0228788 0.0275279 0 
v -0.0227706 0.027433 0 
v -0.0226665 0.0273335 0 
v -0.022567 0.0272294 0 
v -0.0224721 0.0271212 0 
v -0.0223819 0.0270089 0 
v -0.0222968 0.0268928 0 
v -0.0222168 0.0267731 0 
v -0.0221421 0.02665 0 
v -0.0220729 0.0265238 0 
v -0.0220092 0.0263946 0 
v -0.0219512 0.0262629 0 
v -0.021899 0.0261287 0 
v -0.0218527 0.0259923 0 
v -0.0218124 0.0258541 0 
v -0.0217782 0.0257143 0 
v -0.0217501 0.025573 0 
v -0.0217282 0.0254307 0 
v -0.0217126 0.0252876 0 
v -0.0217031 0.0251439 0 
v 0.02 0.02 0 
v 0.02 -0.02 0 
v -0.02 -0.02 0 
v -0.02 0.02 0 
v -0.02085 0.02085 0 
v 0.02 -0.02 0.02936 
v -0.02 -0.02 0.02936 
v -0.02 0.02 0.02936 
v 0.02 0.02 0.02936 
v -0.01556 0.01556 0.02936 
v -0.01556 -0.01556 0.02936 
v 0.01556 -0.01556 0.02936 
v 0.01556 0.01556 0.02936 
v -0.01556 0.01556 0.02733 
v 0.01556 0.01556 0.02733 
v -0.01556 -0.01556 0.02733 
v 0.01556 -0.01556 0.02733 
v -0.012815 -0.012815 0.02733 
v 0.012815 -0.012815 0.02733 
v 0.012815 0.012815 0.02733 
v -0.012815 0.012815 0.02733 
v -0.012815 -0.012815 0 
v -0.012815 0.012815 0 
v 0.012815 -0.012815 0 
v 0.012815 0.012815 0 
vn -0.999048 0.0436194 0 
vn -1 2.44929e-16 0 
vn -0.996195 0.0871557 0 
vn -0.999048 0.0436194 0 
vn -0.991445 0.130526 0 
vn -0.996195 0.0871557 0 
vn -0.984808 0.173648 0 
vn -0.991445 0.130526 0 
vn -0.976296 0.21644 0 
vn -0.984808 0.173648 0 
vn -0.965926 0.258819 0 
vn -0.976296 0.21644 0 
vn -0.953717 0.300706 0 
vn -0.965926 0.258819 0 
vn -0.939693 0.34202 0 
vn -0.953717 0.300706 0 
vn -0.92388 0.382683 0 
vn -0.939693 0.34202 0 
vn -0.906308 0.422618 0 
vn -0.92388 0.382683 0 
vn -0.887011 0.461749 0 
vn -0.906308 0.422618 0 
vn -0.866025 0.5 0 
vn -0.887011 0.461749 0 
vn -0.843391 0.5373 0 
vn -0.866025 0.5 0 
vn -0.819152 0.573576 0 
vn -0.843391 0.5373 0 
vn -0.793353 0.608761 0 
vn -0.819152 0.573576 0 
vn -0.766044 0.642788 0 
vn -0.793353 0.608761 0 
vn -0.737277 0.67559 0 
vn -0.766044 0.642788 0 
vn -0.707107 0.707107 0 
vn -0.737277 0.67559 0 
vn -0.67559 0.737277 0 
vn -0.707107 0.707107 0 
vn -0.642788 0.766044 0 
vn -0.67559 0.737277 0 
vn -0.608761 0.793353 0 
vn -0.642788 0.766044 0 
vn -0.573576 0.819152 0 
vn -0.608761 0.793353 0 
vn -0.5373 0.843391 0 
vn -0.573576 0.819152 0 
vn -0.5 0.866025 0 
vn -0.5373 0.843391 0 
vn -0.461749 0.887011 0 
vn -0.5 0.866025 0 
vn -0.422618 0.906308 0 
vn -0.461749 0.887011 0 
vn -0.382683 0.92388 0 
vn -0.422618 0.906308 0 
vn -0.34202 0.939693 0 
vn -0.382683 0.92388 0 
vn -0.300706 0.953717 0 
vn -0.34202 0.939693 0 
vn -0.258819 0.965926 0 
vn -0.300706 0.953717 0 
vn -0.21644 0.976296 0 
vn -0.258819 0.965926 0 
vn -0.173648 0.984808 0 
vn -0.21644 0.976296 0 
vn -0.130526 0.991445 0 
vn -0.173648 0.984808 0 
vn -0.0871557 0.996195 0 
vn -0.130526 0.991445 0 
vn -0.0436194 0.999048 0 
vn -0.0871557 0.996195 0 
vn 1.83697e-16 1 0 
vn -0.0436194 0.999048 0 
vn 0.0436194 0.999048 0 
vn 1.83697e-16 1 0 
vn 0.0871557 0.996195 0 
vn 0.0436194 0.999048 0 
vn 0.130526 0.991445 0 
vn 0.0871557 0.996195 0 
vn 0.173648 0.984808 0 
vn 0.130526 0.991445 0 
vn 0.21644 0.976296 0 
vn 0.173648 0.984808 0 
vn 0.258819 0.965926 0 
vn 0.21644 0.976296 0 
vn 0.300706 0.953717 0 
vn 0.258819 0.965926 0 
vn 0.34202 0.939693 0 
vn 0.300706 0.953717 0 
vn 0.382683 0.92388 0 
vn 0.34202 0.939693 0 
vn 0.422618 0.906308 0 
vn 0.382683 0.92388 0 
vn 0.461749 0.887011 0 
vn 0.422618 0.906308 0 
vn 0.5 0.866025 0 
vn 0.461749 0.887011 0 
vn 0.5373 0.843391 0 
vn 0.5 0.866025 0 
vn 0.573576 0.819152 0 
vn 0.5373 0.843391 0 
vn 0.608761 0.793353 0 
vn 0.573576 0.819152 0 
vn 0.642788 0.766044 0 
vn 0.608761 0.793353 0 
vn 0.67559 0.737277 0 
vn 0.642788 0.766044 0 
vn 0.707107 0.707107 0 
vn 0.67559 0.737277 0 
vn 0.737277 0.67559 0 
vn 0.707107 0.707107 0 
vn 0.766044 0.642788 0 
vn 0.737277 0.67559 0 
vn 0.793353 0.608761 0 
vn 0.766044 0.642788 0 
vn 0.819152 0.573576 0 
vn 0.793353 0.608761 0 
vn 0.843391 0.5373 0 
vn 0.819152 0.573576 0 
vn 0.866025 0.5 0 
vn 0.843391 0.5373 0 
vn 0.887011 0.461749 0 
vn 0.866025 0.5 0 
vn 0.906308 0.422618 0 
vn 0.887011 0.461749 0 
vn 0.92388 0.382683 0 
vn 0.906308 0.422618 0 
vn 0.939693 0.34202 0 
vn 0.92388 0.382683 0 
vn 0.953717 0.300706 0 
vn 0.939693 0.34202 0 
vn 0.965926 0.258819 0 
vn 0.953717 0.300706 0 
vn 0.976296 0.21644 0 
vn 0.965926 0.258819 0 
vn 0.984808 0.173648 0 
vn 0.976296 0.21644 0 
vn 0.991445 0.130526 0 
vn 0.984808 0.173648 0 
vn 0.996195 0.0871557 0 
vn 0.991445 0.130526 0 
vn 0.999048 0.0436194 0 
vn 0.996195 0.0871557 0 
vn 1 -1.22465e-16 0 
vn 0.999048 0.0436194 0 
vn 0.999048 -0.0436194 0 
vn 1 -1.22465e-16 0 
vn 0.996195 -0.0871557 0 
vn 0.999048 -0.0436194 0 
vn 0.991445 -0.130526 0 
vn 0.996195 -0.0871557 0 
vn 0.984808 -0.173648 0 
vn 0.991445 -0.130526 0 
vn 0.976296 -0.21644 0 
vn 0.984808 -0.173648 0 
vn 0.965926 -0.258819 0 
vn 0.976296 -0.21644 0 
vn 0.953717 -0.300706 0 
vn 0.965926 -0.258819 0 
vn 0.939693 -0.34202 0 
vn 0.953717 -0.300706 0 
vn 0.92388 -0.382683 0 
vn 0.939693 -0.34202 0 
vn 0.906308 -0.422618 0 
vn 0.92388 -0.382683 0 
vn 0.887011 -0.461749 0 
vn 0.906308 -0.422618 0 
vn 0.866025 -0.5 0 
vn 0.887011 -0.461749 0 
vn 0.843391 -0.5373 0 
vn 0.866025 -0.5 0 
vn 0.819152 -0.573576 0 
vn 0.843391 -0.5373 0 
vn 0.793353 -0.608761 0 
vn 0.819152 -0.573576 0 
vn 0.766044 -0.642788 0 
vn 0.793353 -0.608761 0 
vn 0.737277 -0.67559 0 
vn 0.766044 -0.642788 0 
vn 0.707107 -0.707107 0 
vn 0.737277 -0.67559 0 
vn 0.67559 -0.737277 0 
vn 0.707107 -0.707107 0 
vn 0.642788 -0.766044 0 
vn 0.67559 -0.737277 0 
vn 0.608761 -0.793353 0 
vn 0.642788 -0.766044 0 
vn 0.573576 -0.819152 0 
vn 0.608761 -0.793353 0 
vn 0.5373 -0.843391 0 
vn 0.573576 -0.819152 0 
vn 0.5 -0.866025 0 
vn 0.5373 -0.843391 0 
vn 0.461749 -0.887011 0 
vn 0.5 -0.866025 0 
vn 0.422618 -0.906308 0 
vn 0.461749 -0.887011 0 
vn 0.382683 -0.92388 0 
vn 0.422618 -0.906308 0 
vn 0.34202 -0.939693 0 
vn 0.382683 -0.92388 0 
vn 0.300706 -0.953717 0 
vn 0.34202 -0.939693 0 
vn 0.258819 -0.965926 0 
vn 0.300706 -0.953717 0 
vn 0.21644 -0.976296 0 
vn 0.258819 -0.965926 0 
vn 0.173648 -0.984808 0 
vn 0.21644 -0.976296 0 
vn 0.130526 -0.991445 0 
vn 0.173648 -0.984808 0 
vn 0.0871557 -0.996195 0 
vn 0.130526 -0.991445 0 
vn 0.0436194 -0.999048 0 
vn 0.0871557 -0.996195 0 
vn -6.12323e-17 -1 0 
vn 0.0436194 -0.999048 0 
vn -0.0436194 -0.999048 0 
vn -6.12323e-17 -1 0 
vn -0.0871557 -0.996195 0 
vn -0.0436194 -0.999048 0 
vn -0.130526 -0.991445 0 
vn -0.0871557 -0.996195 0 
vn -0.173648 -0.984808 0 
vn -0.130526 -0.991445 0 
vn -0.21644 -0.976296 0 
vn -0.173648 -0.984808 0 
vn -0.258819 -0.965926 0 
vn -0.21644 -0.976296 0 
vn -0.300706 -0.953717 0 
vn -0.258819 -0.965926 0 
vn -0.34202 -0.939693 0 
vn -0.300706 -0.953717 0 
vn -0.382683 -0.92388 0 
vn -0.34202 -0.939693 0 
vn -0.422618 -0.906308 0 
vn -0.382683 -0.92388 0 
vn -0.461749 -0.887011 0 
vn -0.422618 -0.906308 0 
vn -0.5 -0.866025 0 
vn -0.461749 -0.887011 0 
vn -0.5373 -0.843391 0 
vn -0.5 -0.866025 0 
vn -0.573576 -0.819152 0 
vn -0.5373 -0.843391 0 
vn -0.608761 -0.793353 0 
vn -0.573576 -0.819152 0 
vn -0.642788 -0.766044 0 
vn -0.608761 -0.793353 0 
vn -0.67559 -0.737277 0 
vn -0.642788 -0.766044 0 
vn -0.707107 -0.707107 0 
vn -0.67559 -0.737277 0 
vn -0.737277 -0.67559 0 
vn -0.707107 -0.707107 0 
vn -0.766044 -0.642788 0 
vn -0.737277 -0.67559 0 
vn -0.793353 -0.608761 0 
vn -0.766044 -0.642788 0 
vn -0.819152 -0.573576 0 
vn -0.793353 -0.608761 0 
vn -0.843391 -0.5373 0 
vn -0.819152 -0.573576 0 
vn -0.866025 -0.5 0 
vn -0.843391 -0.5373 0 
vn -0.887011 -0.461749 0 
vn -0.866025 -0.5 0 
vn -0.906308 -0.422618 0 
vn -0.887011 -0.461749 0 
vn -0.92388 -0.382683 0 
vn -0.906308 -0.422618 0 
vn -0.939693 -0.34202 0 
vn -0.92388 -0.382683 0 
vn -0.953717 -0.300706 0 
vn -0.939693 -0.34202 0 
vn -0.965926 -0.258819 0 
vn -0.953717 -0.300706 0 
vn -0.976296 -0.21644 0 
vn -0.965926 -0.258819 0 
vn -0.984808 -0.173648 0 
vn -0.976296 -0.21644 0 
vn -0.991445 -0.130526 0 
vn -0.984808 -0.173648 0 
vn -0.996195 -0.0871557 0 
vn -0.991445 -0.130526 0 
vn -0.999048 -0.0436194 0 
vn -0.996195 -0.0871557 0 
vn 0 0 -1 
vn 0 1 0 
vn -1 0 0 
vn 0 -1 0 
vn 1 0 0 
vn -0.999048 0.0436194 0 
vn -1 2.44929e-16 0 
vn -0.996195 0.0871557 0 
vn -0.999048 0.0436194 0 
vn -0.991445 0.130526 0 
vn -0.996195 0.0871557 0 
vn -0.984808 0.173648 0 
vn -0.991445 0.130526 0 
vn -0.976296 0.21644 0 
vn -0.984808 0.173648 0 
vn -0.965926 0.258819 0 
vn -0.976296 0.21644 0 
vn -0.953717 0.300706 0 
vn -0.965926 0.258819 0 
vn -0.939693 0.34202 0 
vn -0.953717 0.300706 0 
vn -0.92388 0.382683 0 
vn -0.939693 0.34202 0 
vn -0.906308 0.422618 0 
vn -0.92388 0.382683 0 
vn -0.887011 0.461749 0 
vn -0.906308 0.422618 0 
vn -0.866025 0.5 0 
vn -0.887011 0.461749 0 
vn -0.843391 0.5373 0 
vn -0.866025 0.5 0 
vn -0.819152 0.573576 0 
vn -0.843391 0.5373 0 
vn -0.793353 0.608761 0 
vn -0.819152 0.573576 0 
vn -0.766044 0.642788 0 
vn -0.793353 0.608761 0 
vn -0.737277 0.67559 0 
vn -0.766044 0.642788 0 
vn -0.707107 0.707107 0 
vn -0.737277 0.67559 0 
vn -0.67559 0.737277 0 
vn -0.707107 0.707107 0 
vn -0.642788 0.766044 0 
vn -0.67559 0.737277 0 
vn -0.608761 0.793353 0 
vn -0.642788 0.766044 0 
vn -0.573576 0.819152 0 
vn -0.608761 0.793353 0 
vn -0.5373 0.843391 0 
vn -0.573576 0.819152 0 
vn -0.5 0.866025 0 
vn -0.5373 0.843391 0 
vn -0.461749 0.887011 0 
vn -0.5 0.866025 0 
vn -0.422618 0.906308 0 
vn -0.461749 0.887011 0 
vn -0.382683 0.92388 0 
vn -0.422618 0.906308 0 
vn -0.34202 0.939693 0 
vn -0.382683 0.92388 0 
vn -0.300706 0.953717 0 
vn -0.34202 0.939693 0 
vn -0.258819 0.965926 0 
vn -0.300706 0.953717 0 
vn -0.21644 0.976296 0 
vn -0.258819 0.965926 0 
vn -0.173648 0.984808 0 
vn -0.21644 0.976296 0 
vn -0.130526 0.991445 0 
vn -0.173648 0.984808 0 
vn -0.0871557 0.996195 0 
vn -0.130526 0.991445 0 
vn -0.0436194 0.999048 0 
vn -0.0871557 0.996195 0 
vn 1.83697e-16 1 0 
vn -0.0436194 0.999048 0 
vn 0.0436194 0.999048 0 
vn 1.83697e-16 1 0 
vn 0.0871557 0.996195 0 
vn 0.0436194 0.999048 0 
vn 0.130526 0.991445 0 
vn 0.0871557 0.996195 0 
vn 0.173648 0.984808 0 
vn 0.130526 0.991445 0 
vn 0.21644 0.976296 0 
vn 0.173648 0.984808 0 
vn 0.258819 0.965926 0 
vn 0.21644 0.976296 0 
vn 0.300706 0.953717 0 
vn 0.258819 0.965926 0 
vn 0.34202 0.939693 0 
vn 0.300706 0.953717 0 
vn 0.382683 0.92388 0 
vn 0.34202 0.939693 0 
vn 0.422618 0.906308 0 
vn 0.382683 0.92388 0 
vn 0.461749 0.887011 0 
vn 0.422618 0.906308 0 
vn 0.5 0.866025 0 
vn 0.461749 0.887011 0 
vn 0.5373 0.843391 0 
vn 0.5 0.866025 0 
vn 0.573576 0.819152 0 
vn 0.5373 0.843391 0 
vn 0.608761 0.793353 0 
vn 0.573576 0.819152 0 
vn 0.642788 0.766044 0 
vn 0.608761 0.793353 0 
vn 0.67559 0.737277 0 
vn 0.642788 0.766044 0 
vn 0.707107 0.707107 0 
vn 0.67559 0.737277 0 
vn 0.737277 0.67559 0 
vn 0.707107 0.707107 0 
vn 0.766044 0.642788 0 
vn 0.737277 0.67559 0 
vn 0.793353 0.608761 0 
vn 0.766044 0.642788 0 
vn 0.819152 0.573576 0 
vn 0.793353 0.608761 0 
vn 0.843391 0.5373 0 
vn 0.819152 0.573576 0 
vn 0.866025 0.5 0 
vn 0.843391 0.5373 0 
vn 0.887011 0.461749 0 
vn 0.866025 0.5 0 
vn 0.906308 0.422618 0 
vn 0.887011 0.461749 0 
vn 0.92388 0.382683 0 
vn 0.906308 0.422618 0 
vn 0.939693 0.34202 0 
vn 0.92388 0.382683 0 
vn 0.953717 0.300706 0 
vn 0.939693 0.34202 0 
vn 0.965926 0.258819 0 
vn 0.953717 0.300706 0 
vn 0.976296 0.21644 0 
vn 0.965926 0.258819 0 
vn 0.984808 0.173648 0 
vn 0.976296 0.21644 0 
vn 0.991445 0.130526 0 
vn 0.984808 0.173648 0 
vn 0.996195 0.0871557 0 
vn 0.991445 0.130526 0 
vn 0.999048 0.0436194 0 
vn 0.996195 0.0871557 0 
vn 1 -1.22465e-16 0 
vn 0.999048 0.0436194 0 
vn 0.999048 -0.0436194 0 
vn 1 -1.22465e-16 0 
vn 0.996195 -0.0871557 0 
vn 0.999048 -0.0436194 0 
vn 0.991445 -0.130526 0 
vn 0.996195 -0.0871557 0 
vn 0.984808 -0.173648 0 
vn 0.991445 -0.130526 0 
vn 0.976296 -0.21644 0 
vn 0.984808 -0.173648 0 
vn 0.965926 -0.258819 0 
vn 0.976296 -0.21644 0 
vn 0.953717 -0.300706 0 
vn 0.965926 -0.258819 0 
vn 0.939693 -0.34202 0 
vn 0.953717 -0.300706 0 
vn 0.92388 -0.382683 0 
vn 0.939693 -0.34202 0 
vn 0.906308 -0.422618 0 
vn 0.92388 -0.382683 0 
vn 0.887011 -0.461749 0 
vn 0.906308 -0.422618 0 
vn 0.866025 -0.5 0 
vn 0.887011 -0.461749 0 
vn 0.843391 -0.5373 0 
vn 0.866025 -0.5 0 
vn 0.819152 -0.573576 0 
vn 0.843391 -0.5373 0 
vn 0.793353 -0.608761 0 
vn 0.819152 -0.573576 0 
vn 0.766044 -0.642788 0 
vn 0.793353 -0.608761 0 
vn 0.737277 -0.67559 0 
vn 0.766044 -0.642788 0 
vn 0.707107 -0.707107 0 
vn 0.737277 -0.67559 0 
vn 0.67559 -0.737277 0 
vn 0.707107 -0.707107 0 
vn 0.642788 -0.766044 0 
vn 0.67559 -0.737277 0 
vn 0.608761 -0.793353 0 
vn 0.642788 -0.766044 0 
vn 0.573576 -0.819152 0 
vn 0.608761 -0.793353 0 
vn 0.5373 -0.843391 0 
vn 0.573576 -0.819152 0 
vn 0.5 -0.866025 0 
vn 0.5373 -0.843391 0 
vn 0.461749 -0.887011 0 
vn 0.5 -0.866025 0 
vn 0.422618 -0.906308 0 
vn 0.461749 -0.887011 0 
vn 0.382683 -0.92388 0 
vn 0.422618 -0.906308 0 
vn 0.34202 -0.939693 0 
vn 0.382683 -0.92388 0 
vn 0.300706 -0.953717 0 
vn 0.34202 -0.939693 0 
vn 0.258819 -0.965926 0 
vn 0.300706 -0.953717 0 
vn 0.21644 -0.976296 0 
vn 0.258819 -0.965926 0 
vn 0.173648 -0.984808 0 
vn 0.21644 -0.976296 0 
vn 0.130526 -0.991445 0 
vn 0.173648 -0.984808 0 
vn 0.0871557 -0.996195 0 
vn 0.130526 -0.991445 0 
vn 0.0436194 -0.999048 0 
vn 0.0871557 -0.996195 0 
vn -6.12323e-17 -1 0 
vn 0.0436194 -0.999048 0 
vn -0.0436194 -0.999048 0 
vn -6.12323e-17 -1 0 
vn -0.0871557 -0.996195 0 
vn -0.0436194 -0.999048 0 
vn -0.130526 -0.991445 0 
vn -0.0871557 -0.996195 0 
vn -0.173648 -0.984808 0 
vn -0.130526 -0.991445 0 
vn -0.21644 -0.976296 0 
vn -0.173648 -0.984808 0 
vn -0.258819 -0.965926 0 
vn -0.21644 -0.976296 0 
vn -0.300706 -0.953717 0 
vn -0.258819 -0.965926 0 
vn -0.34202 -0.939693 0 
vn -0.300706 -0.953717 0 
vn -0.382683 -0.92388 0 
vn -0.34202 -0.939693 0 
vn -0.422618 -0.906308 0 
vn -0.382683 -0.92388 0 
vn -0.461749 -0.887011 0 
vn -0.422618 -0.906308 0 
vn -0.5 -0.866025 0 
vn -0.461749 -0.887011 0 
vn -0.5373 -0.843391 0 
vn -0.5 -0.866025 0 
vn -0.573576 -0.819152 0 
vn -0.5373 -0.843391 0 
vn -0.608761 -0.793353 0 
vn -0.573576 -0.819152 0 
vn -0.642788 -0.766044 0 
vn -0.608761 -0.793353 0 
vn -0.67559 -0.737277 0 
vn -0.642788 -0.766044 0 
vn -0.707107 -0.707107 0 
vn -0.67559 -0.737277 0 
vn -0.737277 -0.67559 0 
vn -0.707107 -0.707107 0 
vn -0.766044 -0.642788 0 
vn -0.737277 -0.67559 0 
vn -0.793353 -0.608761 0 
vn -0.766044 -0.642788 0 
vn -0.819152 -0.573576 0 
vn -0.793353 -0.608761 0 
vn -0.843391 -0.5373 0 
vn -0.819152 -0.573576 0 
vn -0.866025 -0.5 0 
vn -0.843391 -0.5373 0 
vn -0.887011 -0.461749 0 
vn -0.866025 -0.5 0 
vn -0.906308 -0.422618 0 
vn -0.887011 -0.461749 0 
vn -0.92388 -0.382683 0 
vn -0.906308 -0.422618 0 
vn -0.939693 -0.34202 0 
vn -0.92388 -0.382683 0 
vn -0.953717 -0.300706 0 
vn -0.939693 -0.34202 0 
vn -0.965926 -0.258819 0 
vn -0.953717 -0.300706 0 
vn -0.976296 -0.21644 0 
vn -0.965926 -0.258819 0 
vn -0.984808 -0.173648 0 
vn -0.976296 -0.21644 0 
vn -0.991445 -0.130526 0 
vn -0.984808 -0.173648 0 
vn -0.996195 -0.0871557 0 
vn -0.991445 -0.130526 0 
vn -0.999048 -0.0436194 0 
vn -0.996195 -0.0871557 0 
vn -0.999048 0.0436194 0 
vn -1 2.44929e-16 0 
vn -0.996195 0.0871557 0 
vn -0.999048 0.0436194 0 
vn -0.991445 0.130526 0 
vn -0.996195 0.0871557 0 
vn -0.984808 0.173648 0 
vn -0.991445 0.130526 0 
vn -0.976296 0.21644 0 
vn -0.984808 0.173648 0 
vn -0.965926 0.258819 0 
vn -0.976296 0.21644 0 
vn -0.953717 0.300706 0 
vn -0.965926 0.258819 0 
vn -0.939693 0.34202 0 
vn -0.953717 0.300706 0 
vn -0.92388 0.382683 0 
vn -0.939693 0.34202 0 
vn -0.906308 0.422618 0 
vn -0.92388 0.382683 0 
vn -0.887011 0.461749 0 
vn -0.906308 0.422618 0 
vn -0.866025 0.5 0 
vn -0.887011 0.461749 0 
vn -0.843391 0.5373 0 
vn -0.866025 0.5 0 
vn -0.819152 0.573576 0 
vn -0.843391 0.5373 0 
vn -0.793353 0.608761 0 
vn -0.819152 0.573576 0 
vn -0.766044 0.642788 0 
vn -0.793353 0.608761 0 
vn -0.737277 0.67559 0 
vn -0.766044 0.642788 0 
vn -0.707107 0.707107 0 
vn -0.737277 0.67559 0 
vn -0.67559 0.737277 0 
vn -0.707107 0.707107 0 
vn -0.642788 0.766044 0 
vn -0.67559 0.737277 0 
vn -0.608761 0.793353 0 
vn -0.642788 0.766044 0 
vn -0.573576 0.819152 0 
vn -0.608761 0.793353 0 
vn -0.5373 0.843391 0 
vn -0.573576 0.819152 0 
vn -0.5 0.866025 0 
vn -0.5373 0.843391 0 
vn -0.461749 0.887011 0 
vn -0.5 0.866025 0 
vn -0.422618 0.906308 0 
vn -0.461749 0.887011 0 
vn -0.382683 0.92388 0 
vn -0.422618 0.906308 0 
vn -0.34202 0.939693 0 
vn -0.382683 0.92388 0 
vn -0.300706 0.953717 0 
vn -0.34202 0.939693 0 
vn -0.258819 0.965926 0 
vn -0.300706 0.953717 0 
vn -0.21644 0.976296 0 
vn -0.258819 0.965926 0 
vn -0.173648 0.984808 0 
vn -0.21644 0.976296 0 
vn -0.130526 0.991445 0 
vn -0.173648 0.984808 0 
vn -0.0871557 0.996195 0 
vn -0.130526 0.991445 0 
vn -0.0436194 0.999048 0 
vn -0.0871557 0.996195 0 
vn 1.83697e-16 1 0 
vn -0.0436194 0.999048 0 
vn 0.0436194 0.999048 0 
vn 1.83697e-16 1 0 
vn 0.0871557 0.996195 0 
vn 0.0436194 0.999048 0 
vn 0.130526 0.991445 0 
vn 0.0871557 0.996195 0 
vn 0.173648 0.984808 0 
vn 0.130526 0.991445 0 
vn 0.21644 0.976296 0 
vn 0.173648 0.984808 0 
vn 0.258819 0.965926 0 
vn 0.21644 0.976296 0 
vn 0.300706 0.953717 0 
vn 0.258819 0.965926 0 
vn 0.34202 0.939693 0 
vn 0.300706 0.953717 0 
vn 0.382683 0.92388 0 
vn 0.34202 0.939693 0 
vn 0.422618 0.906308 0 
vn 0.382683 0.92388 0 
vn 0.461749 0.887011 0 
vn 0.422618 0.906308 0 
vn 0.5 0.866025 0 
vn 0.461749 0.887011 0 
vn 0.5373 0.843391 0 
vn 0.5 0.866025 0 
vn 0.573576 0.819152 0 
vn 0.5373 0.843391 0 
vn 0.608761 0.793353 0 
vn 0.573576 0.819152 0 
vn 0.642788 0.766044 0 
vn 0.608761 0.793353 0 
vn 0.67559 0.737277 0 
vn 0.642788 0.766044 0 
vn 0.707107 0.707107 0 
vn 0.67559 0.737277 0 
vn 0.737277 0.67559 0 
vn 0.707107 0.707107 0 
vn 0.766044 0.642788 0 
vn 0.737277 0.67559 0 
vn 0.793353 0.608761 0 
vn 0.766044 0.642788 0 
vn 0.819152 0.573576 0 
vn 0.793353 0.608761 0 
vn 0.843391 0.5373 0 
vn 0.819152 0.573576 0 
vn 0.866025 0.5 0 
vn 0.843391 0.5373 0 
vn 0.887011 0.461749 0 
vn 0.866025 0.5 0 
vn 0.906308 0.422618 0 
vn 0.887011 0.461749 0 
vn 0.92388 0.382683 0 
vn 0.906308 0.422618 0 
vn 0.939693 0.34202 0 
vn 0.92388 0.382683 0 
vn 0.953717 0.300706 0 
vn 0.939693 0.34202 0 
vn 0.965926 0.258819 0 
vn 0.953717 0.300706 0 
vn 0.976296 0.21644 0 
vn 0.965926 0.258819 0 
vn 0.984808 0.173648 0 
vn 0.976296 0.21644 0 
vn 0.991445 0.130526 0 
vn 0.984808 0.173648 0 
vn 0.996195 0.0871557 0 
vn 0.991445 0.130526 0 
vn 0.999048 0.0436194 0 
vn 0.996195 0.0871557 0 
vn 1 -1.22465e-16 0 
vn 0.999048 0.0436194 0 
vn 0.999048 -0.0436194 0 
vn 1 -1.22465e-16 0 
vn 0.996195 -0.0871557 0 
vn 0.999048 -0.0436194 0 
vn 0.991445 -0.130526 0 
vn 0.996195 -0.0871557 0 
vn 0.984808 -0.173648 0 
vn 0.991445 -0.130526 0 
vn 0.976296 -0.21644 0 
vn 0.984808 -0.173648 0 
vn 0.965926 -0.258819 0 
vn 0.976296 -0.21644 0 
vn 0.953717 -0.300706 0 
vn 0.965926 -0.258819 0 
vn 0.939693 -0.34202 0 
vn 0.953717 -0.300706 0 
vn 0.92388 -0.382683 0 
vn 0.939693 -0.34202 0 
vn 0.906308 -0.422618 0 
vn 0.92388 -0.382683 0 
vn 0.887011 -0.461749 0 
vn 0.906308 -0.422618 0 
vn 0.866025 -0.5 0 
vn 0.887011 -0.461749 0 
vn 0.843391 -0.5373 0 
vn 0.866025 -0.5 0 
vn 0.819152 -0.573576 0 
vn 0.843391 -0.5373 0 
vn 0.793353 -0.608761 0 
vn 0.819152 -0.573576 0 
vn 0.766044 -0.642788 0 
vn 0.793353 -0.608761 0 
vn 0.737277 -0.67559 0 
vn 0.766044 -0.642788 0 
vn 0.707107 -0.707107 0 
vn 0.737277 -0.67559 0 
vn 0.67559 -0.737277 0 
vn 0.707107 -0.707107 0 
vn 0.642788 -0.766044 0 
vn 0.67559 -0.737277 0 
vn 0.608761 -0.793353 0 
vn 0.642788 -0.766044 0 
vn 0.573576 -0.819152 0 
vn 0.608761 -0.793353 0 
vn 0.5373 -0.843391 0 
vn 0.573576 -0.819152 0 
vn 0.5 -0.866025 0 
vn 0.5373 -0.843391 0 
vn 0.461749 -0.887011 0 
vn 0.5 -0.866025 0 
vn 0.422618 -0.906308 0 
vn 0.461749 -0.887011 0 
vn 0.382683 -0.92388 0 
vn 0.422618 -0.906308 0 
vn 0.34202 -0.939693 0 
vn 0.382683 -0.92388 0 
vn 0.300706 -0.953717 0 
vn 0.34202 -0.939693 0 
vn 0.258819 -0.965926 0 
vn 0.300706 -0.953717 0 
vn 0.21644 -0.976296 0 
vn 0.258819 -0.965926 0 
vn 0.173648 -0.984808 0 
vn 0.21644 -0.976296 0 
vn 0.130526 -0.991445 0 
vn 0.173648 -0.984808 0 
vn 0.0871557 -0.996195 0 
vn 0.130526 -0.991445 0 
vn 0.0436194 -0.999048 0 
vn 0.0871557 -0.996195 0 
vn -6.12323e-17 -1 0 
vn 0.0436194 -0.999048 0 
vn -0.0436194 -0.999048 0 
vn -6.12323e-17 -1 0 
vn -0.0871557 -0.996195 0 
vn -0.0436194 -0.999048 0 
vn -0.130526 -0.991445 0 
vn -0.0871557 -0.996195 0 
vn -0.173648 -0.984808 0 
vn -0.130526 -0.991445 0 
vn -0.21644 -0.976296 0 
vn -0.173648 -0.984808 0 
vn -0.258819 -0.965926 0 
vn -0.21644 -0.976296 0 
vn -0.300706 -0.953717 0 
vn -0.258819 -0.965926 0 
vn -0.34202 -0.939693 0 
vn -0.300706 -0.953717 0 
vn -0.382683 -0.92388 0 
vn -0.34202 -0.939693 0 
vn -0.422618 -0.906308 0 
vn -0.382683 -0.92388 0 
vn -0.461749 -0.887011 0 
vn -0.422618 -0.906308 0 
vn -0.5 -0.866025 0 
vn -0.461749 -0.887011 0 
vn -0.5373 -0.843391 0 
vn -0.5 -0.866025 0 
vn -0.573576 -0.819152 0 
vn -0.5373 -0.843391 0 
vn -0.608761 -0.793353 0 
vn -0.573576 -0.819152 0 
vn -0.642788 -0.766044 0 
vn -0.608761 -0.793353 0 
vn -0.67559 -0.737277 0 
vn -0.642788 -0.766044 0 
vn -0.707107 -0.707107 0 
vn -0.67559 -0.737277 0 
vn -0.737277 -0.67559 0 
vn -0.707107 -0.707107 0 
vn -0.766044 -0.642788 0 
vn -0.737277 -0.67559 0 
vn -0.793353 -0.608761 0 
vn -0.766044 -0.642788 0 
vn -0.819152 -0.573576 0 
vn -0.793353 -0.608761 0 
vn -0.843391 -0.5373 0 
vn -0.819152 -0.573576 0 
vn -0.866025 -0.5 0 
vn -0.843391 -0.5373 0 
vn -0.887011 -0.461749 0 
vn -0.866025 -0.5 0 
vn -0.906308 -0.422618 0 
vn -0.887011 -0.461749 0 
vn -0.92388 -0.382683 0 
vn -0.906308 -0.422618 0 
vn -0.939693 -0.34202 0 
vn -0.92388 -0.382683 0 
vn -0.953717 -0.300706 0 
vn -0.939693 -0.34202 0 
vn -0.965926 -0.258819 0 
vn -0.953717 -0.300706 0 
vn -0.976296 -0.21644 0 
vn -0.965926 -0.258819 0 
vn -0.984808 -0.173648 0 
vn -0.976296 -0.21644 0 
vn -0.991445 -0.130526 0 
vn -0.984808 -0.173648 0 
vn -0.996195 -0.0871557 0 
vn -0.991445 -0.130526 0 
vn -0.999048 -0.0436194 0 
vn -0.996195 -0.0871557 0 
vn -0.999048 0.0436194 0 
vn -1 2.44929e-16 0 
vn -0.996195 0.0871557 0 
vn -0.999048 0.0436194 0 
vn -0.991445 0.130526 0 
vn -0.996195 0.0871557 0 
vn -0.984808 0.173648 0 
vn -0.991445 0.130526 0 
vn -0.976296 0.21644 0 
vn -0.984808 0.173648 0 
vn -0.965926 0.258819 0 
vn -0.976296 0.21644 0 
vn -0.953717 0.300706 0 
vn -0.965926 0.258819 0 
vn -0.939693 0.34202 0 
vn -0.953717 0.300706 0 
vn -0.92388 0.382683 0 
vn -0.939693 0.34202 0 
vn -0.906308 0.422618 0 
vn -0.92388 0.382683 0 
vn -0.887011 0.461749 0 
vn -0.906308 0.422618 0 
vn -0.866025 0.5 0 
vn -0.887011 0.461749 0 
vn -0.843391 0.5373 0 
vn -0.866025 0.5 0 
vn -0.819152 0.573576 0 
vn -0.843391 0.5373 0 
vn -0.793353 0.608761 0 
vn -0.819152 0.573576 0 
vn -0.766044 0.642788 0 
vn -0.793353 0.608761 0 
vn -0.737277 0.67559 0 
vn -0.766044 0.642788 0 
vn -0.707107 0.707107 0 
vn -0.737277 0.67559 0 
vn -0.67559 0.737277 0 
vn -0.707107 0.707107 0 
vn -0.642788 0.766044 0 
vn -0.67559 0.737277 0 
vn -0.608761 0.793353 0 
vn -0.642788 0.766044 0 
vn -0.573576 0.819152 0 
vn -0.608761 0.793353 0 
vn -0.5373 0.843391 0 
vn -0.573576 0.819152 0 
vn -0.5 0.866025 0 
vn -0.5373 0.843391 0 
vn -0.461749 0.887011 0 
vn -0.5 0.866025 0 
vn -0.422618 0.906308 0 
vn -0.461749 0.887011 0 
vn -0.382683 0.92388 0 
vn -0.422618 0.906308 0 
vn -0.34202 0.939693 0 
vn -0.382683 0.92388 0 
vn -0.300706 0.953717 0 
vn -0.34202 0.939693 0 
vn -0.258819 0.965926 0 
vn -0.300706 0.953717 0 
vn -0.21644 0.976296 0 
vn -0.258819 0.965926 0 
vn -0.173648 0.984808 0 
vn -0.21644 0.976296 0 
vn -0.130526 0.991445 0 
vn -0.173648 0.984808 0 
vn -0.0871557 0.996195 0 
vn -0.130526 0.991445 0 
vn -0.0436194 0.999048 0 
vn -0.0871557 0.996195 0 
vn 1.83697e-16 1 0 
vn -0.0436194 0.999048 0 
vn 0.0436194 0.999048 0 
vn 1.83697e-16 1 0 
vn 0.0871557 0.996195 0 
vn 0.0436194 0.999048 0 
vn 0.130526 0.991445 0 
vn 0.0871557 0.996195 0 
vn 0.173648 0.984808 0 
vn 0.130526 0.991445 0 
vn 0.21644 0.976296 0 
vn 0.173648 0.984808 0 
vn 0.258819 0.965926 0 
vn 0.21644 0.976296 0 
vn 0.300706 0.953717 0 
vn 0.258819 0.965926 0 
vn 0.34202 0.939693 0 
vn 0.300706 0.953717 0 
vn 0.382683 0.92388 0 
vn 0.34202 0.939693 0 
vn 0.422618 0.906308 0 
vn 0.382683 0.92388 0 
vn 0.461749 0.887011 0 
vn 0.422618 0.906308 0 
vn 0.5 0.866025 0 
vn 0.461749 0.887011 0 
vn 0.5373 0.843391 0 
vn 0.5 0.866025 0 
vn 0.573576 0.819152 0 
vn 0.5373 0.843391 0 
vn 0.608761 0.793353 0 
vn 0.573576 0.819152 0 
vn 0.642788 0.766044 0 
vn 0.608761 0.793353 0 
vn 0.67559 0.737277 0 
vn 0.642788 0.766044 0 
vn 0.707107 0.707107 0 
vn 0.67559 0.737277 0 
vn 0.737277 0.67559 0 
vn 0.707107 0.707107 0 
vn 0.766044 0.642788 0 
vn 0.737277 0.67559 0 
vn 0.793353 0.608761 0 
vn 0.766044 0.642788 0 
vn 0.819152 0.573576 0 
vn 0.793353 0.608761 0 
vn 0.843391 0.5373 0 
vn 0.819152 0.573576 0 
vn 0.866025 0.5 0 
vn 0.843391 0.5373 0 
vn 0.887011 0.461749 0 
vn 0.866025 0.5 0 
vn 0.906308 0.422618 0 
vn 0.887011 0.461749 0 
vn 0.92388 0.382683 0 
vn 0.906308 0.422618 0 
vn 0.939693 0.34202 0 
vn 0.92388 0.382683 0 
vn 0.953717 0.300706 0 
vn 0.939693 0.34202 0 
vn 0.965926 0.258819 0 
vn 0.953717 0.300706 0 
vn 0.976296 0.21644 0 
vn 0.965926 0.258819 0 
vn 0.984808 0.173648 0 
vn 0.976296 0.21644 0 
vn 0.991445 0.130526 0 
vn 0.984808 0.173648 0 
vn 0.996195 0.0871557 0 
vn 0.991445 0.130526 0 
vn 0.999048 0.0436194 0 
vn 0.996195 0.0871557 0 
vn 1 -1.22465e-16 0 
vn 0.999048 0.0436194 0 
vn 0.999048 -0.0436194 0 
vn 1 -1.22465e-16 0 
vn 0.996195 -0.0871557 0 
vn 0.999048 -0.0436194 0 
vn 0.991445 -0.130526 0 
vn 0.996195 -0.0871557 0 
vn 0.984808 -0.173648 0 
vn 0.991445 -0.130526 0 
vn 0.976296 -0.21644 0 
vn 0.984808 -0.173648 0 
vn 0.965926 -0.258819 0 
vn 0.976296 -0.21644 0 
vn 0.953717 -0.300706 0 
vn 0.965926 -0.258819 0 
vn 0.939693 -0.34202 0 
vn 0.953717 -0.300706 0 
vn 0.92388 -0.382683 0 
vn 0.939693 -0.34202 0 
vn 0.906308 -0.422618 0 
vn 0.92388 -0.382683 0 
vn 0.887011 -0.461749 0 
vn 0.906308 -0.422618 0 
vn 0.866025 -0.5 0 
vn 0.887011 -0.461749 0 
vn 0.843391 -0.5373 0 
vn 0.866025 -0.5 0 
vn 0.819152 -0.573576 0 
vn 0.843391 -0.5373 0 
vn 0.793353 -0.608761 0 
vn 0.819152 -0.573576 0 
vn 0.766044 -0.642788 0 
vn 0.793353 -0.608761 0 
vn 0.737277 -0.67559 0 
vn 0.766044 -0.642788 0 
vn 0.707107 -0.707107 0 
vn 0.737277 -0.67559 0 
vn 0.67559 -0.737277 0 
vn 0.707107 -0.707107 0 
vn 0.642788 -0.766044 0 
vn 0.67559 -0.737277 0 
vn 0.608761 -0.793353 0 
vn 0.642788 -0.766044 0 
vn 0.573576 -0.819152 0 
vn 0.608761 -0.793353 0 
vn 0.5373 -0.843391 0 
vn 0.573576 -0.819152 0 
vn 0.5 -0.866025 0 
vn 0.5373 -0.843391 0 
vn 0.461749 -0.887011 0 
vn 0.5 -0.866025 0 
vn 0.422618 -0.906308 0 
vn 0.461749 -0.887011 0 
vn 0.382683 -0.92388 0 
vn 0.422618 -0.906308 0 
vn 0.34202 -0.939693 0 
vn 0.382683 -0.92388 0 
vn 0.300706 -0.953717 0 
vn 0.34202 -0.939693 0 
vn 0.258819 -0.965926 0 
vn 0.300706 -0.953717 0 
vn 0.21644 -0.976296 0 
vn 0.258819 -0.965926 0 
vn 0.173648 -0.984808 0 
vn 0.21644 -0.976296 0 
vn 0.130526 -0.991445 0 
vn 0.173648 -0.984808 0 
vn 0.0871557 -0.996195 0 
vn 0.130526 -0.991445 0 
vn 0.0436194 -0.999048 0 
vn 0.0871557 -0.996195 0 
vn -6.12323e-17 -1 0 
vn 0.0436194 -0.999048 0 
vn -0.0436194 -0.999048 0 
vn -6.12323e-17 -1 0 
vn -0.0871557 -0.996195 0 
vn -0.0436194 -0.999048 0 
vn -0.130526 -0.991445 0 
vn -0.0871557 -0.996195 0 
vn -0.173648 -0.984808 0 
vn -0.130526 -0.991445 0 
vn -0.21644 -0.976296 0 
vn -0.173648 -0.984808 0 
vn -0.258819 -0.965926 0 
vn -0.21644 -0.976296 0 
vn -0.300706 -0.953717 0 
vn -0.258819 -0.965926 0 
vn -0.34202 -0.939693 0 
vn -0.300706 -0.953717 0 
vn -0.382683 -0.92388 0 
vn -0.34202 -0.939693 0 
vn -0.422618 -0.906308 0 
vn -0.382683 -0.92388 0 
vn -0.461749 -0.887011 0 
vn -0.422618 -0.906308 0 
vn -0.5 -0.866025 0 
vn -0.461749 -0.887011 0 
vn -0.5373 -0.843391 0 
vn -0.5 -0.866025 0 
vn -0.573576 -0.819152 0 
vn -0.5373 -0.843391 0 
vn -0.608761 -0.793353 0 
vn -0.573576 -0.819152 0 
vn -0.642788 -0.766044 0 
vn -0.608761 -0.793353 0 
vn -0.67559 -0.737277 0 
vn -0.642788 -0.766044 0 
vn -0.707107 -0.707107 0 
vn -0.67559 -0.737277 0 
vn -0.737277 -0.67559 0 
vn -0.707107 -0.707107 0 
vn -0.766044 -0.642788 0 
vn -0.737277 -0.67559 0 
vn -0.793353 -0.608761 0 
vn -0.766044 -0.642788 0 
vn -0.819152 -0.573576 0 
vn -0.793353 -0.608761 0 
vn -0.843391 -0.5373 0 
vn -0.819152 -0.573576 0 
vn -0.866025 -0.5 0 
vn -0.843391 -0.5373 0 
vn -0.887011 -0.461749 0 
vn -0.866025 -0.5 0 
vn -0.906308 -0.422618 0 
vn -0.887011 -0.461749 0 
vn -0.92388 -0.382683 0 
vn -0.906308 -0.422618 0 
vn -0.939693 -0.34202 0 
vn -0.92388 -0.382683 0 
vn -0.953717 -0.300706 0 
vn -0.939693 -0.34202 0 
vn -0.965926 -0.258819 0 
vn -0.953717 -0.300706 0 
vn -0.976296 -0.21644 0 
vn -0.965926 -0.258819 0 
vn -0.984808 -0.173648 0 
vn -0.976296 -0.21644 0 
vn -0.991445 -0.130526 0 
vn -0.984808 -0.173648 0 
vn -0.996195 -0.0871557 0 
vn -0.991445 -0.130526 0 
vn -0.999048 -0.0436194 0 
vn -0.996195 -0.0871557 0 
vn 0 0 1 
vn 0 -1 0 
vn -1 -1.73472e-16 0 
vn 0 1 0 
vn 1 1.73472e-16 0 
vn 0 0 1 
vn 0 -1 0 
vn 1 2.22972e-16 0 
vn 0 1 0 
vn -1 -2.22972e-16 0 
vn 0 0 1 
vn 1 0 0 
vn 0 1 0 
vn -1 0 0 
vn 0 -1 0 
vn 0 0 1 
usemtl 0.615686_0.811765_0.929412_0.000000_0.000000
o mesh0
f 1//1 2//2 3//2 
f 4//3 1//1 5//4 
f 6//5 4//3 7//6 
f 8//7 6//5 9//8 
f 10//9 8//7 11//10 
f 12//11 10//9 13//12 
f 14//13 12//11 15//14 
f 16//15 14//13 17//16 
f 18//17 16//15 19//18 
f 20//19 18//17 21//20 
f 22//21 20//19 23//22 
f 24//23 22//21 25//24 
f 26//25 24//23 27//26 
f 28//27 26//25 29//28 
f 30//29 28//27 31//30 
f 32//31 30//29 33//32 
f 34//33 32//31 35//34 
f 36//35 34//33 37//36 
f 38//37 36//35 39//38 
f 40//39 38//37 41//40 
f 42//41 40//39 43//42 
f 44//43 42//41 45//44 
f 46//45 44//43 47//46 
f 48//47 46//45 49//48 
f 50//49 48//47 51//50 
f 52//51 50//49 53//52 
f 54//53 52//51 55//54 
f 56//55 54//53 57//56 
f 58//57 56//55 59//58 
f 60//59 58//57 61//60 
f 62//61 60//59 63//62 
f 64//63 62//61 65//64 
f 66//65 64//63 67//66 
f 68//67 66//65 69//68 
f 70//69 68//67 71//70 
f 72//71 70//69 73//72 
f 74//73 72//71 75//74 
f 76//75 74//73 77//76 
f 78//77 76//75 79//78 
f 80//79 78//77 81//80 
f 82//81 80//79 83//82 
f 84//83 82//81 85//84 
f 86//85 84//83 87//86 
f 88//87 86//85 89//88 
f 90//89 88//87 91//90 
f 92//91 90//89 93//92 
f 94//93 92//91 95//94 
f 96//95 94//93 97//96 
f 98//97 96//95 99//98 
f 100//99 98//97 101//100 
f 102//101 100//99 103//102 
f 104//103 102//101 105//104 
f 106//105 104//103 107//106 
f 108//107 106//105 109//108 
f 110//109 108//107 111//110 
f 112//111 110//109 113//112 
f 114//113 112//111 115//114 
f 116//115 114//113 117//116 
f 118//117 116//115 119//118 
f 120//119 118//117 121//120 
f 122//121 120//119 123//122 
f 124//123 122//121 125//124 
f 126//125 124//123 127//126 
f 128//127 126//125 129//128 
f 130//129 128//127 131//130 
f 132//131 130//129 133//132 
f 134//133 132//131 135//134 
f 136//135 134//133 137//136 
f 138//137 136//135 139//138 
f 140//139 138//137 141//140 
f 142//141 140//139 143//142 
f 144//143 142//141 145//144 
f 146//145 144//143 147//146 
f 148//147 146//145 149//148 
f 150//149 148//147 151//150 
f 152//151 150//149 153//152 
f 154//153 152//151 155//154 
f 156//155 154//153 157//156 
f 158//157 156//155 159//158 
f 160//159 158//157 161//160 
f 162//161 160//159 163//162 
f 164//163 162//161 165//164 
f 166//165 164//163 167//166 
f 168//167 166//165 169//168 
f 170//169 168//167 171//170 
f 172//171 170//169 173//172 
f 174//173 172//171 175//174 
f 176//175 174//173 177//176 
f 178//177 176//175 179//178 
f 180//179 178//177 181//180 
f 182//181 180//179 183//182 
f 184//183 182//181 185//184 
f 186//185 184//183 187//186 
f 188//187 186//185 189//188 
f 190//189 188//187 191//190 
f 192//191 190//189 193//192 
f 194//193 192//191 195//194 
f 196//195 194//193 197//196 
f 198//197 196//195 199//198 
f 200//199 198//197 201//200 
f 202//201 200//199 203//202 
f 204//203 202//201 205//204 
f 206//205 204//203 207//206 
f 208//207 206//205 209//208 
f 210//209 208//207 211//210 
f 212//211 210//209 213//212 
f 214//213 212//211 215//214 
f 216//215 214//213 217//216 
f 218//217 216//215 219//218 
f 220//219 218//217 221//220 
f 222//221 220//219 223//222 
f 224//223 222//221 225//224 
f 226//225 224//223 227//226 
f 228//227 226//225 229//228 
f 230//229 228//227 231//230 
f 232//231 230//229 233//232 
f 234//233 232//231 235//234 
f 236//235 234//233 237//236 
f 238//237 236//235 239//238 
f 240//239 238//237 241//240 
f 242//241 240//239 243//242 
f 244//243 242//241 245//244 
f 246//245 244//243 247//246 
f 248//247 246//245 249//248 
f 250//249 248//247 251//250 
f 252//251 250//249 253//252 
f 254//253 252//251 255//254 
f 256//255 254//253 257//256 
f 258//257 256//255 259//258 
f 260//259 258//257 261//260 
f 262//261 260//259 263//262 
f 264//263 262//261 265//264 
f 266//265 264//263 267//266 
f 268//267 266//265 269//268 
f 270//269 268//267 271//270 
f 272//271 270//269 273//272 
f 274//273 272//271 275//274 
f 276//275 274//273 277//276 
f 278//277 276//275 279//278 
f 280//279 278//277 281//280 
f 282//281 280//279 283//282 
f 284//283 282//281 285//284 
f 286//285 284//283 287//286 
f 2//2 286//285 288//285 
f 288//285 3//2 2//2 
f 287//286 288//285 286//285 
f 285//284 287//286 284//283 
f 283//282 285//284 282//281 
f 281//280 283//282 280//279 
f 279//278 281//280 278//277 
f 277//276 279//278 276//275 
f 275//274 277//276 274//273 
f 273//272 275//274 272//271 
f 271//270 273//272 270//269 
f 269//268 271//270 268//267 
f 267//266 269//268 266//265 
f 265//264 267//266 264//263 
f 263//262 265//264 262//261 
f 261//260 263//262 260//259 
f 259//258 261//260 258//257 
f 257//256 259//258 256//255 
f 255//254 257//256 254//253 
f 253//252 255//254 252//251 
f 251//250 253//252 250//249 
f 249//248 251//250 248//247 
f 247//246 249//248 246//245 
f 245//244 247//246 244//243 
f 243//242 245//244 242//241 
f 241//240 243//242 240//239 
f 239//238 241//240 238//237 
f 237//236 239//238 236//235 
f 235//234 237//236 234//233 
f 233//232 235//234 232//231 
f 231//230 233//232 230//229 
f 229//228 231//230 228//227 
f 227//226 229//228 226//225 
f 225//224 227//226 224//223 
f 223//222 225//224 222//221 
f 221//220 223//222 220//219 
f 219//218 221//220 218//217 
f 217//216 219//218 216//215 
f 215//214 217//216 214//213 
f 213//212 215//214 212//211 
f 211//210 213//212 210//209 
f 209//208 211//210 208//207 
f 207//206 209//208 206//205 
f 205//204 207//206 204//203 
f 203//202 205//204 202//201 
f 201//200 203//202 200//199 
f 199//198 201//200 198//197 
f 197//196 199//198 196//195 
f 195//194 197//196 194//193 
f 193//192 195//194 192//191 
f 191//190 193//192 190//189 
f 189//188 191//190 188//187 
f 187//186 189//188 186//185 
f 185//184 187//186 184//183 
f 183//182 185//184 182//181 
f 181//180 183//182 180//179 
f 179//178 181//180 178//177 
f 177//176 179//178 176//175 
f 175//174 177//176 174//173 
f 173//172 175//174 172//171 
f 171//170 173//172 170//169 
f 169//168 171//170 168//167 
f 167//166 169//168 166//165 
f 165//164 167//166 164//163 
f 163//162 165//164 162//161 
f 161//160 163//162 160//159 
f 159//158 161//160 158//157 
f 157//156 159//158 156//155 
f 155//154 157//156 154//153 
f 153//152 155//154 152//151 
f 151//150 153//152 150//149 
f 149//148 151//150 148//147 
f 147//146 149//148 146//145 
f 145//144 147//146 144//143 
f 143//142 145//144 142//141 
f 141//140 143//142 140//139 
f 139//138 141//140 138//137 
f 137//136 139//138 136//135 
f 135//134 137//136 134//133 
f 133//132 135//134 132//131 
f 131//130 133//132 130//129 
f 129//128 131//130 128//127 
f 127//126 129//128 126//125 
f 125//124 127//126 124//123 
f 123//122 125//124 122//121 
f 121//120 123//122 120//119 
f 119//118 121//120 118//117 
f 117//116 119//118 116//115 
f 115//114 117//116 114//113 
f 113//112 115//114 112//111 
f 111//110 113//112 110//109 
f 109//108 111//110 108//107 
f 107//106 109//108 106//105 
f 105//104 107//106 104//103 
f 103//102 105//104 102//101 
f 101//100 103//102 100//99 
f 99//98 101//100 98//97 
f 97//96 99//98 96//95 
f 95//94 97//96 94//93 
f 93//92 95//94 92//91 
f 91//90 93//92 90//89 
f 89//88 91//90 88//87 
f 87//86 89//88 86//85 
f 85//84 87//86 84//83 
f 83//82 85//84 82//81 
f 81//80 83//82 80//79 
f 79//78 81//80 78//77 
f 77//76 79//78 76//75 
f 75//74 77//76 74//73 
f 73//72 75//74 72//71 
f 71//70 73//72 70//69 
f 69//68 71//70 68//67 
f 67//66 69//68 66//65 
f 65//64 67//66 64//63 
f 63//62 65//64 62//61 
f 61//60 63//62 60//59 
f 59//58 61//60 58//57 
f 57//56 59//58 56//55 
f 55//54 57//56 54//53 
f 53//52 55//54 52//51 
f 51//50 53//52 50//49 
f 49//48 51//50 48//47 
f 47//46 49//48 46//45 
f 45//44 47//46 44//43 
f 43//42 45//44 42//41 
f 41//40 43//42 40//39 
f 39//38 41//40 38//37 
f 37//36 39//38 36//35 
f 35//34 37//36 34//33 
f 33//32 35//34 32//31 
f 31//30 33//32 30//29 
f 29//28 31//30 28//27 
f 27//26 29//28 26//25 
f 25//24 27//26 24//23 
f 23//22 25//24 22//21 
f 21//20 23//22 20//19 
f 19//18 21//20 18//17 
f 17//16 19//18 16//15 
f 15//14 17//16 14//13 
f 13//12 15//14 12//11 
f 11//10 13//12 10//9 
f 9//8 11//10 8//7 
f 7//6 9//8 6//5 
f 5//4 7//6 4//3 
f 3//2 5//4 1//1 
o mesh1
f 289//287 290//287 215//287 
f 290//287 217//287 215//287 
f 291//287 292//287 293//287 
f 291//287 294//287 295//287 
f 215//287 296//287 289//287 
f 291//287 297//287 298//287 
f 291//287 299//287 300//287 
f 295//287 292//287 291//287 
f 290//287 219//287 217//287 
f 290//287 223//287 221//287 
f 291//287 301//287 302//287 
f 298//287 303//287 291//287 
f 293//287 299//287 291//287 
f 291//287 304//287 305//287 
f 290//287 306//287 307//287 
f 221//287 219//287 290//287 
f 308//287 309//287 310//287 
f 308//287 311//287 312//287 
f 291//287 313//287 301//287 
f 291//287 314//287 315//287 
f 303//287 316//287 291//287 
f 305//287 294//287 291//287 
f 290//287 317//287 318//287 
f 289//287 306//287 290//287 
f 290//287 227//287 225//287 
f 215//287 319//287 320//287 
f 215//287 321//287 322//287 
f 308//287 323//287 324//287 
f 308//287 325//287 326//287 
f 312//287 309//287 308//287 
f 291//287 327//287 313//287 
f 315//287 328//287 291//287 
f 300//287 297//287 291//287 
f 291//287 329//287 330//287 
f 318//287 291//287 290//287 
f 318//287 329//287 291//287 
f 225//287 223//287 290//287 
f 322//287 319//287 215//287 
f 215//287 331//287 332//287 
f 149//287 333//287 334//287 
f 335//287 67//287 65//287 
f 69//287 335//287 336//287 
f 324//287 337//287 308//287 
f 310//287 325//287 308//287 
f 308//287 338//287 339//287 
f 291//287 340//287 327//287 
f 291//287 341//287 342//287 
f 316//287 314//287 291//287 
f 330//287 304//287 291//287 
f 290//287 343//287 344//287 
f 290//287 345//287 346//287 
f 290//287 347//287 348//287 
f 320//287 296//287 215//287 
f 307//287 349//287 290//287 
f 332//287 350//287 215//287 
f 290//287 249//287 247//287 
f 290//287 253//287 251//287 
f 334//287 151//287 149//287 
f 334//287 331//287 151//287 
f 147//287 351//287 352//287 
f 331//287 211//287 209//287 
f 335//287 57//287 55//287 
f 335//287 61//287 59//287 
f 65//287 63//287 335//287 
f 335//287 353//287 336//287 
f 354//287 355//287 356//287 
f 308//287 357//287 358//287 
f 308//287 359//287 360//287 
f 337//287 361//287 308//287 
f 339//287 311//287 308//287 
f 308//287 362//287 363//287 
f 342//287 340//287 291//287 
f 346//287 343//287 290//287 
f 344//287 364//287 290//287 
f 348//287 365//287 290//287 
f 365//287 366//287 290//287 
f 290//287 367//287 368//287 
f 290//287 349//287 369//287 
f 350//287 321//287 215//287 
f 290//287 231//287 229//287 
f 290//287 235//287 233//287 
f 290//287 241//287 239//287 
f 251//287 249//287 290//287 
f 290//287 257//287 255//287 
f 149//287 147//287 333//287 
f 331//287 155//287 153//287 
f 331//287 159//287 157//287 
f 331//287 163//287 161//287 
f 147//287 370//287 371//287 
f 352//287 372//287 147//287 
f 209//287 207//287 331//287 
f 207//287 205//287 331//287 
f 147//287 373//287 374//287 
f 335//287 49//287 47//287 
f 55//287 53//287 335//287 
f 53//287 51//287 335//287 
f 63//287 61//287 335//287 
f 336//287 71//287 69//287 
f 335//287 375//287 376//287 
f 355//287 377//287 356//287 
f 308//287 378//287 357//287 
f 358//287 379//287 308//287 
f 308//287 380//287 381//287 
f 360//287 382//287 308//287 
f 326//287 323//287 308//287 
f 308//287 383//287 384//287 
f 308//287 385//287 386//287 
f 308//287 387//287 388//287 
f 308//287 389//287 390//287 
f 391//287 392//287 393//287 
f 363//287 394//287 308//287 
f 394//287 391//287 308//287 
f 308//287 395//287 396//287 
f 291//287 397//287 398//287 
f 291//287 399//287 400//287 
f 291//287 401//287 402//287 
f 328//287 341//287 291//287 
f 364//287 317//287 290//287 
f 366//287 345//287 290//287 
f 290//287 403//287 367//287 
f 368//287 347//287 290//287 
f 290//287 404//287 405//287 
f 233//287 231//287 290//287 
f 239//287 237//287 290//287 
f 290//287 245//287 243//287 
f 255//287 253//287 290//287 
f 290//287 261//287 259//287 
f 290//287 283//287 281//287 
f 290//287 287//287 285//287 
f 290//287 3//287 288//287 
f 290//287 7//287 5//287 
f 290//287 335//287 13//287 
f 153//287 151//287 331//287 
f 161//287 159//287 331//287 
f 147//287 406//287 407//287 
f 372//287 370//287 147//287 
f 331//287 175//287 173//287 
f 331//287 187//287 185//287 
f 331//287 193//287 191//287 
f 331//287 197//287 195//287 
f 331//287 203//287 201//287 
f 205//287 203//287 331//287 
f 331//287 215//287 213//287 
f 147//287 408//287 409//287 
f 374//287 410//287 147//287 
f 410//287 408//287 147//287 
f 335//287 31//287 29//287 
f 335//287 51//287 49//287 
f 47//287 45//287 335//287 
f 59//287 57//287 335//287 
f 335//287 411//287 353//287 
f 335//287 412//287 413//287 
f 336//287 75//287 73//287 
f 336//287 79//287 77//287 
f 336//287 85//287 83//287 
f 335//287 414//287 415//287 
f 335//287 416//287 417//287 
f 376//287 418//287 335//287 
f 356//287 419//287 354//287 
f 381//287 378//287 308//287 
f 308//287 420//287 421//287 
f 361//287 359//287 308//287 
f 386//287 383//287 308//287 
f 308//287 422//287 423//287 
f 308//287 424//287 387//287 
f 388//287 425//287 308//287 
f 390//287 426//287 308//287 
f 426//287 424//287 308//287 
f 393//287 308//287 391//287 
f 393//287 389//287 308//287 
f 396//287 362//287 308//287 
f 308//287 427//287 428//287 
f 429//287 430//287 431//287 
f 291//287 432//287 433//287 
f 291//287 434//287 435//287 
f 291//287 436//287 437//287 
f 291//287 438//287 439//287 
f 398//287 440//287 291//287 
f 402//287 399//287 291//287 
f 405//287 441//287 290//287 
f 441//287 403//287 290//287 
f 290//287 442//287 443//287 
f 229//287 227//287 290//287 
f 243//287 241//287 290//287 
f 259//287 257//287 290//287 
f 290//287 265//287 263//287 
f 290//287 269//287 267//287 
f 285//287 283//287 290//287 
f 5//287 3//287 290//287 
f 13//287 11//287 290//287 
f 157//287 155//287 331//287 
f 371//287 406//287 147//287 
f 147//287 444//287 445//287 
f 173//287 171//287 331//287 
f 331//287 183//287 181//287 
f 331//287 189//287 187//287 
f 185//287 183//287 331//287 
f 195//287 193//287 331//287 
f 191//287 189//287 331//287 
f 201//287 199//287 331//287 
f 199//287 197//287 331//287 
f 213//287 211//287 331//287 
f 147//287 446//287 447//287 
f 147//287 448//287 449//287 
f 409//287 448//287 147//287 
f 29//287 27//287 335//287 
f 27//287 25//287 335//287 
f 413//287 411//287 335//287 
f 335//287 450//287 451//287 
f 77//287 75//287 336//287 
f 83//287 81//287 336//287 
f 81//287 79//287 336//287 
f 336//287 91//287 89//287 
f 335//287 452//287 453//287 
f 415//287 454//287 335//287 
f 418//287 416//287 335//287 
f 335//287 455//287 456//287 
f 335//287 457//287 458//287 
f 335//287 459//287 460//287 
f 355//287 461//287 462//287 
f 355//287 463//287 377//287 
f 355//287 464//287 465//287 
f 355//287 466//287 467//287 
f 141//287 468//287 469//287 
f 308//287 379//287 470//287 
f 421//287 380//287 308//287 
f 384//287 338//287 308//287 
f 423//287 471//287 308//287 
f 308//287 425//287 472//287 
f 308//287 473//287 474//287 
f 308//287 475//287 476//287 
f 428//287 477//287 308//287 
f 477//287 475//287 308//287 
f 308//287 478//287 479//287 
f 431//287 480//287 429//287 
f 435//287 432//287 291//287 
f 439//287 436//287 291//287 
f 291//287 481//287 482//287 
f 440//287 483//287 291//287 
f 302//287 401//287 291//287 
f 290//287 484//287 442//287 
f 443//287 404//287 290//287 
f 290//287 485//287 486//287 
f 237//287 235//287 290//287 
f 263//287 261//287 290//287 
f 290//287 271//287 269//287 
f 290//287 275//287 273//287 
f 288//287 287//287 290//287 
f 11//287 9//287 290//287 
f 407//287 333//287 147//287 
f 445//287 487//287 147//287 
f 487//287 351//287 147//287 
f 331//287 167//287 165//287 
f 171//287 169//287 331//287 
f 181//287 179//287 331//287 
f 179//287 177//287 331//287 
f 147//287 488//287 489//287 
f 147//287 490//287 446//287 
f 447//287 488//287 147//287 
f 449//287 491//287 147//287 
f 147//287 469//287 492//287 
f 25//287 23//287 335//287 
f 69//287 67//287 335//287 
f 451//287 493//287 335//287 
f 89//287 87//287 336//287 
f 336//287 95//287 93//287 
f 95//287 336//287 494//287 
f 494//287 103//287 101//287 
f 335//287 495//287 496//287 
f 335//287 497//287 452//287 
f 417//287 414//287 335//287 
f 458//287 455//287 335//287 
f 460//287 498//287 335//287 
f 498//287 457//287 335//287 
f 462//287 335//287 355//287 
f 462//287 499//287 335//287 
f 355//287 500//287 501//287 
f 465//287 463//287 355//287 
f 355//287 502//287 466//287 
f 355//287 503//287 504//287 
f 469//287 143//287 141//287 
f 141//287 505//287 468//287 
f 470//287 506//287 308//287 
f 506//287 507//287 308//287 
f 382//287 420//287 308//287 
f 472//287 422//287 308//287 
f 391//287 508//287 509//287 
f 476//287 473//287 308//287 
f 474//287 395//287 308//287 
f 479//287 427//287 308//287 
f 429//287 510//287 430//287 
f 431//287 511//287 480//287 
f 511//287 512//287 513//287 
f 514//287 515//287 516//287 
f 437//287 434//287 291//287 
f 483//287 481//287 291//287 
f 486//287 484//287 290//287 
f 247//287 245//287 290//287 
f 273//287 271//287 290//287 
f 290//287 279//287 277//287 
f 9//287 7//287 290//287 
f 169//287 167//287 331//287 
f 177//287 175//287 331//287 
f 489//287 517//287 147//287 
f 517//287 518//287 147//287 
f 147//287 491//287 490//287 
f 492//287 373//287 147//287 
f 335//287 21//287 19//287 
f 23//287 21//287 335//287 
f 335//287 45//287 43//287 
f 493//287 412//287 335//287 
f 87//287 85//287 336//287 
f 494//287 97//287 95//287 
f 93//287 91//287 336//287 
f 101//287 99//287 494//287 
f 99//287 97//287 494//287 
f 335//287 519//287 520//287 
f 496//287 521//287 335//287 
f 454//287 497//287 335//287 
f 335//287 522//287 523//287 
f 499//287 459//287 335//287 
f 501//287 524//287 355//287 
f 524//287 525//287 355//287 
f 467//287 464//287 355//287 
f 504//287 526//287 355//287 
f 141//287 527//287 505//287 
f 507//287 528//287 308//287 
f 471//287 385//287 308//287 
f 509//287 392//287 391//287 
f 391//287 529//287 530//287 
f 531//287 532//287 533//287 
f 531//287 510//287 534//287 
f 513//287 480//287 511//287 
f 510//287 531//287 535//287 
f 516//287 536//287 514//287 
f 536//287 537//287 514//287 
f 514//287 538//287 539//287 
f 482//287 438//287 291//287 
f 267//287 265//287 290//287 
f 281//287 279//287 290//287 
f 165//287 163//287 331//287 
f 518//287 444//287 147//287 
f 335//287 17//287 15//287 
f 335//287 37//287 35//287 
f 43//287 41//287 335//287 
f 41//287 39//287 335//287 
f 73//287 71//287 336//287 
f 335//287 540//287 541//287 
f 521//287 519//287 335//287 
f 523//287 375//287 335//287 
f 456//287 522//287 335//287 
f 355//287 542//287 543//287 
f 525//287 542//287 355//287 
f 355//287 544//287 545//287 
f 355//287 546//287 547//287 
f 355//287 548//287 549//287 
f 355//287 550//287 551//287 
f 355//287 552//287 553//287 
f 526//287 502//287 355//287 
f 356//287 511//287 554//287 
f 505//287 555//287 556//287 
f 505//287 557//287 558//287 
f 505//287 559//287 560//287 
f 505//287 561//287 468//287 
f 562//287 563//287 564//287 
f 562//287 528//287 565//287 
f 530//287 566//287 391//287 
f 566//287 508//287 391//287 
f 391//287 514//287 567//287 
f 568//287 505//287 569//287 
f 534//287 532//287 531//287 
f 535//287 430//287 510//287 
f 511//287 570//287 571//287 
f 537//287 572//287 514//287 
f 514//287 391//287 538//287 
f 539//287 515//287 514//287 
f 511//287 573//287 574//287 
f 400//287 397//287 291//287 
f 277//287 275//287 290//287 
f 19//287 17//287 335//287 
f 35//287 33//287 335//287 
f 33//287 31//287 335//287 
f 39//287 37//287 335//287 
f 335//287 575//287 576//287 
f 520//287 540//287 335//287 
f 335//287 577//287 578//287 
f 335//287 579//287 580//287 
f 335//287 581//287 582//287 
f 543//287 461//287 355//287 
f 355//287 583//287 584//287 
f 355//287 585//287 544//287 
f 545//287 583//287 355//287 
f 549//287 546//287 355//287 
f 547//287 585//287 355//287 
f 553//287 550//287 355//287 
f 554//287 419//287 356//287 
f 354//287 552//287 355//287 
f 355//287 586//287 587//287 
f 355//287 588//287 589//287 
f 355//287 590//287 591//287 
f 505//287 592//287 593//287 
f 505//287 594//287 555//287 
f 556//287 592//287 505//287 
f 558//287 595//287 505//287 
f 595//287 594//287 505//287 
f 505//287 596//287 597//287 
f 505//287 598//287 559//287 
f 560//287 596//287 505//287 
f 469//287 147//287 145//287 
f 141//287 599//287 527//287 
f 105//287 494//287 600//287 
f 601//287 129//287 127//287 
f 601//287 135//287 133//287 
f 601//287 139//287 137//287 
f 355//287 602//287 603//287 
f 355//287 604//287 605//287 
f 355//287 606//287 607//287 
f 564//287 355//287 562//287 
f 564//287 606//287 355//287 
f 565//287 608//287 562//287 
f 608//287 609//287 562//287 
f 567//287 529//287 391//287 
f 308//287 569//287 610//287 
f 569//287 308//287 568//287 
f 568//287 557//287 505//287 
f 528//287 562//287 611//287 
f 355//287 612//287 613//287 
f 291//287 614//287 615//287 
f 571//287 616//287 511//287 
f 617//287 618//287 619//287 
f 617//287 620//287 621//287 
f 514//287 622//287 623//287 
f 514//287 624//287 625//287 
f 514//287 626//287 627//287 
f 514//287 628//287 629//287 
f 514//287 572//287 630//287 
f 511//287 631//287 632//287 
f 511//287 633//287 634//287 
f 574//287 635//287 511//287 
f 635//287 633//287 511//287 
f 369//287 485//287 290//287 
f 541//287 575//287 335//287 
f 578//287 636//287 335//287 
f 582//287 579//287 335//287 
f 355//287 637//287 638//287 
f 584//287 639//287 355//287 
f 639//287 637//287 355//287 
f 355//287 640//287 586//287 
f 589//287 641//287 355//287 
f 355//287 642//287 643//287 
f 355//287 644//287 645//287 
f 591//287 646//287 355//287 
f 355//287 647//287 648//287 
f 355//287 649//287 650//287 
f 355//287 651//287 652//287 
f 355//287 653//287 654//287 
f 593//287 655//287 505//287 
f 655//287 598//287 505//287 
f 597//287 561//287 505//287 
f 145//287 143//287 469//287 
f 141//287 656//287 657//287 
f 141//287 658//287 659//287 
f 107//287 600//287 660//287 
f 600//287 107//287 105//287 
f 105//287 103//287 494//287 
f 601//287 117//287 115//287 
f 127//287 125//287 601//287 
f 125//287 123//287 601//287 
f 137//287 135//287 601//287 
f 133//287 131//287 601//287 
f 605//287 602//287 355//287 
f 607//287 604//287 355//287 
f 562//287 661//287 662//287 
f 609//287 661//287 562//287 
f 610//287 478//287 308//287 
f 528//287 663//287 664//287 
f 611//287 665//287 528//287 
f 665//287 663//287 528//287 
f 355//287 666//287 667//287 
f 613//287 668//287 355//287 
f 668//287 669//287 355//287 
f 355//287 670//287 671//287 
f 615//287 355//287 291//287 
f 291//287 672//287 673//287 
f 291//287 674//287 675//287 
f 616//287 512//287 511//287 
f 621//287 618//287 617//287 
f 623//287 676//287 514//287 
f 514//287 677//287 678//287 
f 514//287 679//287 624//287 
f 625//287 677//287 514//287 
f 629//287 626//287 514//287 
f 627//287 679//287 514//287 
f 630//287 680//287 514//287 
f 511//287 681//287 682//287 
f 632//287 683//287 511//287 
f 511//287 684//287 685//287 
f 511//287 686//287 687//287 
f 634//287 686//287 511//287 
f 636//287 495//287 335//287 
f 453//287 581//287 335//287 
f 355//287 688//287 689//287 
f 551//287 548//287 355//287 
f 641//287 640//287 355//287 
f 355//287 690//287 691//287 
f 643//287 692//287 355//287 
f 355//287 693//287 644//287 
f 355//287 694//287 590//287 
f 650//287 647//287 355//287 
f 654//287 651//287 355//287 
f 657//287 695//287 141//287 
f 695//287 599//287 141//287 
f 141//287 696//287 658//287 
f 659//287 697//287 141//287 
f 141//287 601//287 698//287 
f 107//287 699//287 700//287 
f 660//287 699//287 107//287 
f 601//287 111//287 109//287 
f 115//287 113//287 601//287 
f 113//287 111//287 601//287 
f 601//287 121//287 119//287 
f 601//287 131//287 129//287 
f 601//287 141//287 139//287 
f 355//287 669//287 666//287 
f 667//287 562//287 355//287 
f 355//287 701//287 612//287 
f 615//287 670//287 355//287 
f 675//287 672//287 291//287 
f 620//287 617//287 702//287 
f 619//287 531//287 617//287 
f 514//287 703//287 704//287 
f 676//287 705//287 514//287 
f 678//287 706//287 514//287 
f 706//287 707//287 514//287 
f 680//287 628//287 514//287 
f 511//287 708//287 709//287 
f 683//287 681//287 511//287 
f 511//287 710//287 711//287 
f 511//287 712//287 684//287 
f 685//287 710//287 511//287 
f 687//287 713//287 511//287 
f 511//287 356//287 714//287 
f 15//287 13//287 335//287 
f 580//287 577//287 335//287 
f 638//287 688//287 355//287 
f 587//287 503//287 355//287 
f 355//287 715//287 716//287 
f 692//287 690//287 355//287 
f 646//287 693//287 355//287 
f 652//287 649//287 355//287 
f 141//287 717//287 656//287 
f 698//287 696//287 141//287 
f 700//287 601//287 107//287 
f 601//287 123//287 121//287 
f 119//287 117//287 601//287 
f 662//287 563//287 562//287 
f 664//287 308//287 528//287 
f 673//287 614//287 291//287 
f 533//287 617//287 531//287 
f 705//287 703//287 514//287 
f 707//287 622//287 514//287 
f 511//287 718//287 719//287 
f 682//287 708//287 511//287 
f 511//287 720//287 721//287 
f 711//287 722//287 511//287 
f 722//287 723//287 511//287 
f 511//287 713//287 712//287 
f 714//287 573//287 511//287 
f 576//287 450//287 335//287 
f 691//287 715//287 355//287 
f 648//287 694//287 355//287 
f 697//287 717//287 141//287 
f 109//287 107//287 601//287 
f 671//287 701//287 355//287 
f 704//287 620//287 514//287 
f 709//287 718//287 511//287 
f 721//287 724//287 511//287 
f 724//287 631//287 511//287 
f 723//287 720//287 511//287 
f 689//287 500//287 355//287 
f 645//287 642//287 355//287 
f 716//287 588//287 355//287 
f 702//287 514//287 620//287 
f 719//287 570//287 511//287 
f 603//287 653//287 355//287 
f 433//287 674//287 291//287 
o mesh2
f 290//288 291//288 725//288 
f 291//288 726//288 725//288 
f 725//288 727//288 290//288 
o mesh3
f 355//289 728//289 729//289 
f 729//289 291//289 355//289 
f 729//289 726//289 291//289 
o mesh4
f 335//290 730//290 731//290 
f 731//290 355//290 335//290 
f 731//290 728//290 355//290 
o mesh5
f 335//291 290//291 732//291 
f 290//291 727//291 732//291 
f 732//291 730//291 335//291 
o mesh6
f 733//292 734//293 480//293 
f 735//294 733//292 513//295 
f 736//296 735//294 512//297 
f 737//298 736//296 616//299 
f 738//300 737//298 571//301 
f 739//302 738//300 570//303 
f 740//304 739//302 719//305 
f 741//306 740//304 718//307 
f 742//308 741//306 709//309 
f 743//310 742//308 708//311 
f 744//312 743//310 682//313 
f 745//314 744//312 681//315 
f 746//316 745//314 683//317 
f 747//318 746//316 632//319 
f 748//320 747//318 631//321 
f 749//322 748//320 724//323 
f 750//324 749//322 721//325 
f 751//326 750//324 720//327 
f 752//328 751//326 723//329 
f 753//330 752//328 722//331 
f 754//332 753//330 711//333 
f 755//334 754//332 710//335 
f 756//336 755//334 685//337 
f 757//338 756//336 684//339 
f 758//340 757//338 712//341 
f 759//342 758//340 713//343 
f 760//344 759//342 687//345 
f 761//346 760//344 686//347 
f 762//348 761//346 634//349 
f 763//350 762//348 633//351 
f 764//352 763//350 635//353 
f 765//354 764//352 574//355 
f 766//356 765//354 573//357 
f 767//358 766//356 714//359 
f 768//360 767//358 356//361 
f 769//362 768//360 377//363 
f 770//364 769//362 463//365 
f 771//366 770//364 465//367 
f 772//368 771//366 464//369 
f 773//370 772//368 467//371 
f 774//372 773//370 466//373 
f 775//374 774//372 502//375 
f 776//376 775//374 526//377 
f 777//378 776//376 504//379 
f 778//380 777//378 503//381 
f 779//382 778//380 587//383 
f 780//384 779//382 586//385 
f 781//386 780//384 640//387 
f 782//388 781//386 641//389 
f 783//390 782//388 589//391 
f 784//392 783//390 588//393 
f 785//394 784//392 716//395 
f 786//396 785//394 715//397 
f 787//398 786//396 691//399 
f 788//400 787//398 690//401 
f 789//402 788//400 692//403 
f 790//404 789//402 643//405 
f 791//406 790//404 642//407 
f 792//408 791//406 645//409 
f 793//410 792//408 644//411 
f 794//412 793//410 693//413 
f 795//414 794//412 646//415 
f 796//416 795//414 591//417 
f 797//418 796//416 590//419 
f 798//420 797//418 694//421 
f 799//422 798//420 648//423 
f 800//424 799//422 647//425 
f 801//426 800//424 650//427 
f 802//428 801//426 649//429 
f 803//430 802//428 652//431 
f 804//432 803//430 651//433 
f 805//434 804//432 654//435 
f 806//436 805//434 653//437 
f 807//438 806//436 603//439 
f 808//440 807//438 602//441 
f 809//442 808//440 605//443 
f 810//444 809//442 604//445 
f 811//446 810//444 607//447 
f 812//448 811//446 606//449 
f 813//450 812//448 564//451 
f 814//452 813//450 563//453 
f 815//454 814//452 662//455 
f 816//456 815//454 661//457 
f 817//458 816//456 609//459 
f 818//460 817//458 608//461 
f 819//462 818//460 565//463 
f 820//464 819//462 528//465 
f 821//466 820//464 507//467 
f 822//468 821//466 506//469 
f 823//470 822//468 470//471 
f 824//472 823//470 379//473 
f 825//474 824//472 358//475 
f 826//476 825//474 357//477 
f 827//478 826//476 378//479 
f 828//480 827//478 381//481 
f 829//482 828//480 380//483 
f 830//484 829//482 421//485 
f 831//486 830//484 420//487 
f 832//488 831//486 382//489 
f 833//490 832//488 360//491 
f 834//492 833//490 359//493 
f 835//494 834//492 361//495 
f 836//496 835//494 337//497 
f 837//498 836//496 324//499 
f 838//500 837//498 323//501 
f 839//502 838//500 326//503 
f 840//504 839//502 325//505 
f 841//506 840//504 310//507 
f 842//508 841//506 309//509 
f 843//510 842//508 312//511 
f 844//512 843//510 311//513 
f 845//514 844//512 339//515 
f 846//516 845//514 338//517 
f 847//518 846//516 384//519 
f 848//520 847//518 383//521 
f 849//522 848//520 386//523 
f 850//524 849//522 385//525 
f 851//526 850//524 471//527 
f 852//528 851//526 423//529 
f 853//530 852//528 422//531 
f 854//532 853//530 472//533 
f 855//534 854//532 425//535 
f 856//536 855//534 388//537 
f 857//538 856//536 387//539 
f 858//540 857//538 424//541 
f 859//542 858//540 426//543 
f 860//544 859//542 390//545 
f 861//546 860//544 389//547 
f 862//548 861//546 393//549 
f 863//550 862//548 392//551 
f 864//552 863//550 509//553 
f 865//554 864//552 508//555 
f 866//556 865//554 566//557 
f 867//558 866//556 530//559 
f 868//560 867//558 529//561 
f 869//562 868//560 567//563 
f 870//564 869//562 514//565 
f 871//566 870//564 702//567 
f 872//568 871//566 617//569 
f 873//570 872//568 533//571 
f 874//572 873//570 532//573 
f 875//574 874//572 534//575 
f 876//576 875//574 510//577 
f 734//293 876//576 429//576 
f 429//576 480//293 734//293 
f 510//577 429//576 876//576 
f 534//575 510//577 875//574 
f 532//573 534//575 874//572 
f 533//571 532//573 873//570 
f 617//569 533//571 872//568 
f 702//567 617//569 871//566 
f 514//565 702//567 870//564 
f 567//563 514//565 869//562 
f 529//561 567//563 868//560 
f 530//559 529//561 867//558 
f 566//557 530//559 866//556 
f 508//555 566//557 865//554 
f 509//553 508//555 864//552 
f 392//551 509//553 863//550 
f 393//549 392//551 862//548 
f 389//547 393//549 861//546 
f 390//545 389//547 860//544 
f 426//543 390//545 859//542 
f 424//541 426//543 858//540 
f 387//539 424//541 857//538 
f 388//537 387//539 856//536 
f 425//535 388//537 855//534 
f 472//533 425//535 854//532 
f 422//531 472//533 853//530 
f 423//529 422//531 852//528 
f 471//527 423//529 851//526 
f 385//525 471//527 850//524 
f 386//523 385//525 849//522 
f 383//521 386//523 848//520 
f 384//519 383//521 847//518 
f 338//517 384//519 846//516 
f 339//515 338//517 845//514 
f 311//513 339//515 844//512 
f 312//511 311//513 843//510 
f 309//509 312//511 842//508 
f 310//507 309//509 841//506 
f 325//505 310//507 840//504 
f 326//503 325//505 839//502 
f 323//501 326//503 838//500 
f 324//499 323//501 837//498 
f 337//497 324//499 836//496 
f 361//495 337//497 835//494 
f 359//493 361//495 834//492 
f 360//491 359//493 833//490 
f 382//489 360//491 832//488 
f 420//487 382//489 831//486 
f 421//485 420//487 830//484 
f 380//483 421//485 829//482 
f 381//481 380//483 828//480 
f 378//479 381//481 827//478 
f 357//477 378//479 826//476 
f 358//475 357//477 825//474 
f 379//473 358//475 824//472 
f 470//471 379//473 823//470 
f 506//469 470//471 822//468 
f 507//467 506//469 821//466 
f 528//465 507//467 820//464 
f 565//463 528//465 819//462 
f 608//461 565//463 818//460 
f 609//459 608//461 817//458 
f 661//457 609//459 816//456 
f 662//455 661//457 815//454 
f 563//453 662//455 814//452 
f 564//451 563//453 813//450 
f 606//449 564//451 812//448 
f 607//447 606//449 811//446 
f 604//445 607//447 810//444 
f 605//443 604//445 809//442 
f 602//441 605//443 808//440 
f 603//439 602//441 807//438 
f 653//437 603//439 806//436 
f 654//435 653//437 805//434 
f 651//433 654//435 804//432 
f 652//431 651//433 803//430 
f 649//429 652//431 802//428 
f 650//427 649//429 801//426 
f 647//425 650//427 800//424 
f 648//423 647//425 799//422 
f 694//421 648//423 798//420 
f 590//419 694//421 797//418 
f 591//417 590//419 796//416 
f 646//415 591//417 795//414 
f 693//413 646//415 794//412 
f 644//411 693//413 793//410 
f 645//409 644//411 792//408 
f 642//407 645//409 791//406 
f 643//405 642//407 790//404 
f 692//403 643//405 789//402 
f 690//401 692//403 788//400 
f 691//399 690//401 787//398 
f 715//397 691//399 786//396 
f 716//395 715//397 785//394 
f 588//393 716//395 784//392 
f 589//391 588//393 783//390 
f 641//389 589//391 782//388 
f 640//387 641//389 781//386 
f 586//385 640//387 780//384 
f 587//383 586//385 779//382 
f 503//381 587//383 778//380 
f 504//379 503//381 777//378 
f 526//377 504//379 776//376 
f 502//375 526//377 775//374 
f 466//373 502//375 774//372 
f 467//371 466//373 773//370 
f 464//369 467//371 772//368 
f 465//367 464//369 771//366 
f 463//365 465//367 770//364 
f 377//363 463//365 769//362 
f 356//361 377//363 768//360 
f 714//359 356//361 767//358 
f 573//357 714//359 766//356 
f 574//355 573//357 765//354 
f 635//353 574//355 764//352 
f 633//351 635//353 763//350 
f 634//349 633//351 762//348 
f 686//347 634//349 761//346 
f 687//345 686//347 760//344 
f 713//343 687//345 759//342 
f 712//341 713//343 758//340 
f 684//339 712//341 757//338 
f 685//337 684//339 756//336 
f 710//335 685//337 755//334 
f 711//333 710//335 754//332 
f 722//331 711//333 753//330 
f 723//329 722//331 752//328 
f 720//327 723//329 751//326 
f 721//325 720//327 750//324 
f 724//323 721//325 749//322 
f 631//321 724//323 748//320 
f 632//319 631//321 747//318 
f 683//317 632//319 746//316 
f 681//315 683//317 745//314 
f 682//313 681//315 744//312 
f 708//311 682//313 743//310 
f 709//309 708//311 742//308 
f 718//307 709//309 741//306 
f 719//305 718//307 740//304 
f 570//303 719//305 739//302 
f 571//301 570//303 738//300 
f 616//299 571//301 737//298 
f 512//297 616//299 736//296 
f 513//295 512//297 735//294 
f 480//293 513//295 733//292 
o mesh7
f 877//578 878//579 411//579 
f 879//580 877//578 413//581 
f 880//582 879//580 412//583 
f 881//584 880//582 493//585 
f 882//586 881//584 451//587 
f 883//588 882//586 450//589 
f 884//590 883//588 576//591 
f 885//592 884//590 575//593 
f 886//594 885//592 541//595 
f 887//596 886//594 540//597 
f 888//598 887//596 520//599 
f 889//600 888//598 519//601 
f 890//602 889//600 521//603 
f 891//604 890//602 496//605 
f 892//606 891//604 495//607 
f 893//608 892//606 636//609 
f 894//610 893//608 578//611 
f 895//612 894//610 577//613 
f 896//614 895//612 580//615 
f 897//616 896//614 579//617 
f 898//618 897//616 582//619 
f 899//620 898//618 581//621 
f 900//622 899//620 453//623 
f 901//624 900//622 452//625 
f 902//626 901//624 497//627 
f 903//628 902//626 454//629 
f 904//630 903//628 415//631 
f 905//632 904//630 414//633 
f 906//634 905//632 417//635 
f 907//636 906//634 416//637 
f 908//638 907//636 418//639 
f 909//640 908//638 376//641 
f 910//642 909//640 375//643 
f 911//644 910//642 523//645 
f 912//646 911//644 522//647 
f 913//648 912//646 456//649 
f 914//650 913//648 455//651 
f 915//652 914//650 458//653 
f 916//654 915//652 457//655 
f 917//656 916//654 498//657 
f 918//658 917//656 460//659 
f 919//660 918//658 459//661 
f 920//662 919//660 499//663 
f 921//664 920//662 462//665 
f 922//666 921//664 461//667 
f 923//668 922//666 543//669 
f 924//670 923//668 542//671 
f 925//672 924//670 525//673 
f 926//674 925//672 524//675 
f 927//676 926//674 501//677 
f 928//678 927//676 500//679 
f 929//680 928//678 689//681 
f 930//682 929//680 688//683 
f 931//684 930//682 638//685 
f 932//686 931//684 637//687 
f 933//688 932//686 639//689 
f 934//690 933//688 584//691 
f 935//692 934//690 583//693 
f 936//694 935//692 545//695 
f 937//696 936//694 544//697 
f 938//698 937//696 585//699 
f 939//700 938//698 547//701 
f 940//702 939//700 546//703 
f 941//704 940//702 549//705 
f 942//706 941//704 548//707 
f 943//708 942//706 551//709 
f 944//710 943//708 550//711 
f 945//712 944//710 553//713 
f 946//714 945//712 552//715 
f 947//716 946//714 354//717 
f 948//718 947//716 419//719 
f 949//720 948//718 554//721 
f 950//722 949//720 511//723 
f 951//724 950//722 431//725 
f 952//726 951//724 430//727 
f 953//728 952//726 535//729 
f 954//730 953//728 531//731 
f 955//732 954//730 619//733 
f 956//734 955//732 618//735 
f 957//736 956//734 621//737 
f 958//738 957//736 620//739 
f 959//740 958//738 704//741 
f 960//742 959//740 703//743 
f 961//744 960//742 705//745 
f 962//746 961//744 676//747 
f 963//748 962//746 623//749 
f 964//750 963//748 622//751 
f 965//752 964//750 707//753 
f 966//754 965//752 706//755 
f 967//756 966//754 678//757 
f 968//758 967//756 677//759 
f 969//760 968//758 625//761 
f 970//762 969//760 624//763 
f 971//764 970//762 679//765 
f 972//766 971//764 627//767 
f 973//768 972//766 626//769 
f 974//770 973//768 629//771 
f 975//772 974//770 628//773 
f 976//774 975//772 680//775 
f 977//776 976//774 630//777 
f 978//778 977//776 572//779 
f 979//780 978//778 537//781 
f 980//782 979//780 536//783 
f 981//784 980//782 516//785 
f 982//786 981//784 515//787 
f 983//788 982//786 539//789 
f 984//790 983//788 538//791 
f 985//792 984//790 391//793 
f 986//794 985//792 394//795 
f 987//796 986//794 363//797 
f 988//798 987//796 362//799 
f 989//800 988//798 396//801 
f 990//802 989//800 395//803 
f 991//804 990//802 474//805 
f 992//806 991//804 473//807 
f 993//808 992//806 476//809 
f 994//810 993//808 475//811 
f 995//812 994//810 477//813 
f 996//814 995//812 428//815 
f 997//816 996//814 427//817 
f 998//818 997//816 479//819 
f 999//820 998//818 478//821 
f 1000//822 999//820 610//823 
f 1001//824 1000//822 569//825 
f 1002//826 1001//824 505//827 
f 1003//828 1002//826 527//829 
f 1004//830 1003//828 599//831 
f 1005//832 1004//830 695//833 
f 1006//834 1005//832 657//835 
f 1007//836 1006//834 656//837 
f 1008//838 1007//836 717//839 
f 1009//840 1008//838 697//841 
f 1010//842 1009//840 659//843 
f 1011//844 1010//842 658//845 
f 1012//846 1011//844 696//847 
f 1013//848 1012//846 698//849 
f 1014//850 1013//848 601//851 
f 1015//852 1014//850 700//853 
f 1016//854 1015//852 699//855 
f 1017//856 1016//854 660//857 
f 1018//858 1017//856 600//859 
f 1019//860 1018//858 494//861 
f 1020//862 1019//860 336//863 
f 878//579 1020//862 353//862 
f 353//862 411//579 878//579 
f 336//863 353//862 1020//862 
f 494//861 336//863 1019//860 
f 600//859 494//861 1018//858 
f 660//857 600//859 1017//856 
f 699//855 660//857 1016//854 
f 700//853 699//855 1015//852 
f 601//851 700//853 1014//850 
f 698//849 601//851 1013//848 
f 696//847 698//849 1012//846 
f 658//845 696//847 1011//844 
f 659//843 658//845 1010//842 
f 697//841 659//843 1009//840 
f 717//839 697//841 1008//838 
f 656//837 717//839 1007//836 
f 657//835 656//837 1006//834 
f 695//833 657//835 1005//832 
f 599//831 695//833 1004//830 
f 527//829 599//831 1003//828 
f 505//827 527//829 1002//826 
f 569//825 505//827 1001//824 
f 610//823 569//825 1000//822 
f 478//821 610//823 999//820 
f 479//819 478//821 998//818 
f 427//817 479//819 997//816 
f 428//815 427//817 996//814 
f 477//813 428//815 995//812 
f 475//811 477//813 994//810 
f 476//809 475//811 993//808 
f 473//807 476//809 992//806 
f 474//805 473//807 991//804 
f 395//803 474//805 990//802 
f 396//801 395//803 989//800 
f 362//799 396//801 988//798 
f 363//797 362//799 987//796 
f 394//795 363//797 986//794 
f 391//793 394//795 985//792 
f 538//791 391//793 984//790 
f 539//789 538//791 983//788 
f 515//787 539//789 982//786 
f 516//785 515//787 981//784 
f 536//783 516//785 980//782 
f 537//781 536//783 979//780 
f 572//779 537//781 978//778 
f 630//777 572//779 977//776 
f 680//775 630//777 976//774 
f 628//773 680//775 975//772 
f 629//771 628//773 974//770 
f 626//769 629//771 973//768 
f 627//767 626//769 972//766 
f 679//765 627//767 971//764 
f 624//763 679//765 970//762 
f 625//761 624//763 969//760 
f 677//759 625//761 968//758 
f 678//757 677//759 967//756 
f 706//755 678//757 966//754 
f 707//753 706//755 965//752 
f 622//751 707//753 964//750 
f 623//749 622//751 963//748 
f 676//747 623//749 962//746 
f 705//745 676//747 961//744 
f 703//743 705//745 960//742 
f 704//741 703//743 959//740 
f 620//739 704//741 958//738 
f 621//737 620//739 957//736 
f 618//735 621//737 956//734 
f 619//733 618//735 955//732 
f 531//731 619//733 954//730 
f 535//729 531//731 953//728 
f 430//727 535//729 952//726 
f 431//725 430//727 951//724 
f 511//723 431//725 950//722 
f 554//721 511//723 949//720 
f 419//719 554//721 948//718 
f 354//717 419//719 947//716 
f 552//715 354//717 946//714 
f 553//713 552//715 945//712 
f 550//711 553//713 944//710 
f 551//709 550//711 943//708 
f 548//707 551//709 942//706 
f 549//705 548//707 941//704 
f 546//703 549//705 940//702 
f 547//701 546//703 939//700 
f 585//699 547//701 938//698 
f 544//697 585//699 937//696 
f 545//695 544//697 936//694 
f 583//693 545//695 935//692 
f 584//691 583//693 934//690 
f 639//689 584//691 933//688 
f 637//687 639//689 932//686 
f 638//685 637//687 931//684 
f 688//683 638//685 930//682 
f 689//681 688//683 929//680 
f 500//679 689//681 928//678 
f 501//677 500//679 927//676 
f 524//675 501//677 926//674 
f 525//673 524//675 925//672 
f 542//671 525//673 924//670 
f 543//669 542//671 923//668 
f 461//667 543//669 922//666 
f 462//665 461//667 921//664 
f 499//663 462//665 920//662 
f 459//661 499//663 919//660 
f 460//659 459//661 918//658 
f 498//657 460//659 917//656 
f 457//655 498//657 916//654 
f 458//653 457//655 915//652 
f 455//651 458//653 914//650 
f 456//649 455//651 913//648 
f 522//647 456//649 912//646 
f 523//645 522//647 911//644 
f 375//643 523//645 910//642 
f 376//641 375//643 909//640 
f 418//639 376//641 908//638 
f 416//637 418//639 907//636 
f 417//635 416//637 906//634 
f 414//633 417//635 905//632 
f 415//631 414//633 904//630 
f 454//629 415//631 903//628 
f 497//627 454//629 902//626 
f 452//625 497//627 901//624 
f 453//623 452//625 900//622 
f 581//621 453//623 899//620 
f 582//619 581//621 898//618 
f 579//617 582//619 897//616 
f 580//615 579//617 896//614 
f 577//613 580//615 895//612 
f 578//611 577//613 894//610 
f 636//609 578//611 893//608 
f 495//607 636//609 892//606 
f 496//605 495//607 891//604 
f 521//603 496//605 890//602 
f 519//601 521//603 889//600 
f 520//599 519//601 888//598 
f 540//597 520//599 887//596 
f 541//595 540//597 886//594 
f 575//593 541//595 885//592 
f 576//591 575//593 884//590 
f 450//589 576//591 883//588 
f 451//587 450//589 882//586 
f 493//585 451//587 881//584 
f 412//583 493//585 880//582 
f 413//581 412//583 879//580 
f 411//579 413//581 877//578 
o mesh8
f 1021//864 1022//865 319//865 
f 1023//866 1021//864 322//867 
f 1024//868 1023//866 321//869 
f 1025//870 1024//868 350//871 
f 1026//872 1025//870 332//873 
f 1027//874 1026//872 331//875 
f 1028//876 1027//874 334//877 
f 1029//878 1028//876 333//879 
f 1030//880 1029//878 407//881 
f 1031//882 1030//880 406//883 
f 1032//884 1031//882 371//885 
f 1033//886 1032//884 370//887 
f 1034//888 1033//886 372//889 
f 1035//890 1034//888 352//891 
f 1036//892 1035//890 351//893 
f 1037//894 1036//892 487//895 
f 1038//896 1037//894 445//897 
f 1039//898 1038//896 444//899 
f 1040//900 1039//898 518//901 
f 1041//902 1040//900 517//903 
f 1042//904 1041//902 489//905 
f 1043//906 1042//904 488//907 
f 1044//908 1043//906 447//909 
f 1045//910 1044//908 446//911 
f 1046//912 1045//910 490//913 
f 1047//914 1046//912 491//915 
f 1048//916 1047//914 449//917 
f 1049//918 1048//916 448//919 
f 1050//920 1049//918 409//921 
f 1051//922 1050//920 408//923 
f 1052//924 1051//922 410//925 
f 1053//926 1052//924 374//927 
f 1054//928 1053//926 373//929 
f 1055//930 1054//928 492//931 
f 1056//932 1055//930 469//933 
f 1057//934 1056//932 468//935 
f 1058//936 1057//934 561//937 
f 1059//938 1058//936 597//939 
f 1060//940 1059//938 596//941 
f 1061//942 1060//940 560//943 
f 1062//944 1061//942 559//945 
f 1063//946 1062//944 598//947 
f 1064//948 1063//946 655//949 
f 1065//950 1064//948 593//951 
f 1066//952 1065//950 592//953 
f 1067//954 1066//952 556//955 
f 1068//956 1067//954 555//957 
f 1069//958 1068//956 594//959 
f 1070//960 1069//958 595//961 
f 1071//962 1070//960 558//963 
f 1072//964 1071//962 557//965 
f 1073//966 1072//964 568//967 
f 1074//968 1073//966 308//969 
f 1075//970 1074//968 664//971 
f 1076//972 1075//970 663//973 
f 1077//974 1076//972 665//975 
f 1078//976 1077//974 611//977 
f 1079//978 1078//976 562//979 
f 1080//980 1079//978 667//981 
f 1081//982 1080//980 666//983 
f 1082//984 1081//982 669//985 
f 1083//986 1082//984 668//987 
f 1084//988 1083//986 613//989 
f 1085//990 1084//988 612//991 
f 1086//992 1085//990 701//993 
f 1087//994 1086//992 671//995 
f 1088//996 1087//994 670//997 
f 1089//998 1088//996 615//999 
f 1090//1000 1089//998 614//1001 
f 1091//1002 1090//1000 673//1003 
f 1092//1004 1091//1002 672//1005 
f 1093//1006 1092//1004 675//1007 
f 1094//1008 1093//1006 674//1009 
f 1095//1010 1094//1008 433//1011 
f 1096//1012 1095//1010 432//1013 
f 1097//1014 1096//1012 435//1015 
f 1098//1016 1097//1014 434//1017 
f 1099//1018 1098//1016 437//1019 
f 1100//1020 1099//1018 436//1021 
f 1101//1022 1100//1020 439//1023 
f 1102//1024 1101//1022 438//1025 
f 1103//1026 1102//1024 482//1027 
f 1104//1028 1103//1026 481//1029 
f 1105//1030 1104//1028 483//1031 
f 1106//1032 1105//1030 440//1033 
f 1107//1034 1106//1032 398//1035 
f 1108//1036 1107//1034 397//1037 
f 1109//1038 1108//1036 400//1039 
f 1110//1040 1109//1038 399//1041 
f 1111//1042 1110//1040 402//1043 
f 1112//1044 1111//1042 401//1045 
f 1113//1046 1112//1044 302//1047 
f 1114//1048 1113//1046 301//1049 
f 1115//1050 1114//1048 313//1051 
f 1116//1052 1115//1050 327//1053 
f 1117//1054 1116//1052 340//1055 
f 1118//1056 1117//1054 342//1057 
f 1119//1058 1118//1056 341//1059 
f 1120//1060 1119//1058 328//1061 
f 1121//1062 1120//1060 315//1063 
f 1122//1064 1121//1062 314//1065 
f 1123//1066 1122//1064 316//1067 
f 1124//1068 1123//1066 303//1069 
f 1125//1070 1124//1068 298//1071 
f 1126//1072 1125//1070 297//1073 
f 1127//1074 1126//1072 300//1075 
f 1128//1076 1127//1074 299//1077 
f 1129//1078 1128//1076 293//1079 
f 1130//1080 1129//1078 292//1081 
f 1131//1082 1130//1080 295//1083 
f 1132//1084 1131//1082 294//1085 
f 1133//1086 1132//1084 305//1087 
f 1134//1088 1133//1086 304//1089 
f 1135//1090 1134//1088 330//1091 
f 1136//1092 1135//1090 329//1093 
f 1137//1094 1136//1092 318//1095 
f 1138//1096 1137//1094 317//1097 
f 1139//1098 1138//1096 364//1099 
f 1140//1100 1139//1098 344//1101 
f 1141//1102 1140//1100 343//1103 
f 1142//1104 1141//1102 346//1105 
f 1143//1106 1142//1104 345//1107 
f 1144//1108 1143//1106 366//1109 
f 1145//1110 1144//1108 365//1111 
f 1146//1112 1145//1110 348//1113 
f 1147//1114 1146//1112 347//1115 
f 1148//1116 1147//1114 368//1117 
f 1149//1118 1148//1116 367//1119 
f 1150//1120 1149//1118 403//1121 
f 1151//1122 1150//1120 441//1123 
f 1152//1124 1151//1122 405//1125 
f 1153//1126 1152//1124 404//1127 
f 1154//1128 1153//1126 443//1129 
f 1155//1130 1154//1128 442//1131 
f 1156//1132 1155//1130 484//1133 
f 1157//1134 1156//1132 486//1135 
f 1158//1136 1157//1134 485//1137 
f 1159//1138 1158//1136 369//1139 
f 1160//1140 1159//1138 349//1141 
f 1161//1142 1160//1140 307//1143 
f 1162//1144 1161//1142 306//1145 
f 1163//1146 1162//1144 289//1147 
f 1164//1148 1163//1146 296//1149 
f 1022//865 1164//1148 320//1148 
f 320//1148 319//865 1022//865 
f 296//1149 320//1148 1164//1148 
f 289//1147 296//1149 1163//1146 
f 306//1145 289//1147 1162//1144 
f 307//1143 306//1145 1161//1142 
f 349//1141 307//1143 1160//1140 
f 369//1139 349//1141 1159//1138 
f 485//1137 369//1139 1158//1136 
f 486//1135 485//1137 1157//1134 
f 484//1133 486//1135 1156//1132 
f 442//1131 484//1133 1155//1130 
f 443//1129 442//1131 1154//1128 
f 404//1127 443//1129 1153//1126 
f 405//1125 404//1127 1152//1124 
f 441//1123 405//1125 1151//1122 
f 403//1121 441//1123 1150//1120 
f 367//1119 403//1121 1149//1118 
f 368//1117 367//1119 1148//1116 
f 347//1115 368//1117 1147//1114 
f 348//1113 347//1115 1146//1112 
f 365//1111 348//1113 1145//1110 
f 366//1109 365//1111 1144//1108 
f 345//1107 366//1109 1143//1106 
f 346//1105 345//1107 1142//1104 
f 343//1103 346//1105 1141//1102 
f 344//1101 343//1103 1140//1100 
f 364//1099 344//1101 1139//1098 
f 317//1097 364//1099 1138//1096 
f 318//1095 317//1097 1137//1094 
f 329//1093 318//1095 1136//1092 
f 330//1091 329//1093 1135//1090 
f 304//1089 330//1091 1134//1088 
f 305//1087 304//1089 1133//1086 
f 294//1085 305//1087 1132//1084 
f 295//1083 294//1085 1131//1082 
f 292//1081 295//1083 1130//1080 
f 293//1079 292//1081 1129//1078 
f 299//1077 293//1079 1128//1076 
f 300//1075 299//1077 1127//1074 
f 297//1073 300//1075 1126//1072 
f 298//1071 297//1073 1125//1070 
f 303//1069 298//1071 1124//1068 
f 316//1067 303//1069 1123//1066 
f 314//1065 316//1067 1122//1064 
f 315//1063 314//1065 1121//1062 
f 328//1061 315//1063 1120//1060 
f 341//1059 328//1061 1119//1058 
f 342//1057 341//1059 1118//1056 
f 340//1055 342//1057 1117//1054 
f 327//1053 340//1055 1116//1052 
f 313//1051 327//1053 1115//1050 
f 301//1049 313//1051 1114//1048 
f 302//1047 301//1049 1113//1046 
f 401//1045 302//1047 1112//1044 
f 402//1043 401//1045 1111//1042 
f 399//1041 402//1043 1110//1040 
f 400//1039 399//1041 1109//1038 
f 397//1037 400//1039 1108//1036 
f 398//1035 397//1037 1107//1034 
f 440//1033 398//1035 1106//1032 
f 483//1031 440//1033 1105//1030 
f 481//1029 483//1031 1104//1028 
f 482//1027 481//1029 1103//1026 
f 438//1025 482//1027 1102//1024 
f 439//1023 438//1025 1101//1022 
f 436//1021 439//1023 1100//1020 
f 437//1019 436//1021 1099//1018 
f 434//1017 437//1019 1098//1016 
f 435//1015 434//1017 1097//1014 
f 432//1013 435//1015 1096//1012 
f 433//1011 432//1013 1095//1010 
f 674//1009 433//1011 1094//1008 
f 675//1007 674//1009 1093//1006 
f 672//1005 675//1007 1092//1004 
f 673//1003 672//1005 1091//1002 
f 614//1001 673//1003 1090//1000 
f 615//999 614//1001 1089//998 
f 670//997 615//999 1088//996 
f 671//995 670//997 1087//994 
f 701//993 671//995 1086//992 
f 612//991 701//993 1085//990 
f 613//989 612//991 1084//988 
f 668//987 613//989 1083//986 
f 669//985 668//987 1082//984 
f 666//983 669//985 1081//982 
f 667//981 666//983 1080//980 
f 562//979 667//981 1079//978 
f 611//977 562//979 1078//976 
f 665//975 611//977 1077//974 
f 663//973 665//975 1076//972 
f 664//971 663//973 1075//970 
f 308//969 664//971 1074//968 
f 568//967 308//969 1073//966 
f 557//965 568//967 1072//964 
f 558//963 557//965 1071//962 
f 595//961 558//963 1070//960 
f 594//959 595//961 1069//958 
f 555//957 594//959 1068//956 
f 556//955 555//957 1067//954 
f 592//953 556//955 1066//952 
f 593//951 592//953 1065//950 
f 655//949 593//951 1064//948 
f 598//947 655//949 1063//946 
f 559//945 598//947 1062//944 
f 560//943 559//945 1061//942 
f 596//941 560//943 1060//940 
f 597//939 596//941 1059//938 
f 561//937 597//939 1058//936 
f 468//935 561//937 1057//934 
f 469//933 468//935 1056//932 
f 492//931 469//933 1055//930 
f 373//929 492//931 1054//928 
f 374//927 373//929 1053//926 
f 410//925 374//927 1052//924 
f 408//923 410//925 1051//922 
f 409//921 408//923 1050//920 
f 448//919 409//921 1049//918 
f 449//917 448//919 1048//916 
f 491//915 449//917 1047//914 
f 490//913 491//915 1046//912 
f 446//911 490//913 1045//910 
f 447//909 446//911 1044//908 
f 488//907 447//909 1043//906 
f 489//905 488//907 1042//904 
f 517//903 489//905 1041//902 
f 518//901 517//903 1040//900 
f 444//899 518//901 1039//898 
f 445//897 444//899 1038//896 
f 487//895 445//897 1037//894 
f 351//893 487//895 1036//892 
f 352//891 351//893 1035//890 
f 372//889 352//891 1034//888 
f 370//887 372//889 1033//886 
f 371//885 370//887 1032//884 
f 406//883 371//885 1031//882 
f 407//881 406//883 1030//880 
f 333//879 407//881 1029//878 
f 334//877 333//879 1028//876 
f 331//875 334//877 1027//874 
f 332//873 331//875 1026//872 
f 350//871 332//873 1025//870 
f 321//869 350//871 1024//868 
f 322//867 321//869 1023//866 
f 319//865 322//867 1021//864 
o mesh9
f 729//1150 839//1150 840//1150 
f 1169//1150 841//1150 842//1150 
f 840//1150 1169//1150 729//1150 
f 840//1150 841//1150 1169//1150 
f 1169//1150 843//1150 844//1150 
f 842//1150 843//1150 1169//1150 
f 729//1150 837//1150 838//1150 
f 729//1150 835//1150 836//1150 
f 729//1150 833//1150 834//1150 
f 729//1150 823//1150 824//1150 
f 838//1150 839//1150 729//1150 
f 834//1150 835//1150 729//1150 
f 836//1150 837//1150 729//1150 
f 729//1150 830//1150 831//1150 
f 824//1150 825//1150 729//1150 
f 729//1150 728//1150 809//1150 
f 728//1150 805//1150 806//1150 
f 728//1150 803//1150 804//1150 
f 731//1150 763//1150 764//1150 
f 1169//1150 858//1150 859//1150 
f 1169//1150 847//1150 848//1150 
f 1169//1150 845//1150 846//1150 
f 831//1150 832//1150 729//1150 
f 832//1150 833//1150 729//1150 
f 825//1150 826//1150 729//1150 
f 729//1150 811//1150 812//1150 
f 809//1150 810//1150 729//1150 
f 728//1150 807//1150 808//1150 
f 804//1150 805//1150 728//1150 
f 731//1150 771//1150 772//1150 
f 731//1150 762//1150 763//1150 
f 731//1150 760//1150 761//1150 
f 731//1150 758//1150 759//1150 
f 1169//1150 864//1150 865//1150 
f 859//1150 860//1150 1169//1150 
f 860//1150 861//1150 1169//1150 
f 1169//1150 856//1150 857//1150 
f 1169//1150 854//1150 855//1150 
f 1169//1150 849//1150 850//1150 
f 846//1150 847//1150 1169//1150 
f 729//1150 828//1150 829//1150 
f 826//1150 827//1150 729//1150 
f 810//1150 811//1150 729//1150 
f 806//1150 807//1150 728//1150 
f 728//1150 794//1150 795//1150 
f 772//1150 728//1150 731//1150 
f 731//1150 769//1150 770//1150 
f 731//1150 767//1150 768//1150 
f 761//1150 762//1150 731//1150 
f 731//1150 757//1150 758//1150 
f 731//1150 754//1150 755//1150 
f 865//1150 866//1150 1169//1150 
f 866//1150 867//1150 1169//1150 
f 861//1150 862//1150 1169//1150 
f 855//1150 856//1150 1169//1150 
f 1169//1150 852//1150 853//1150 
f 850//1150 851//1150 1169//1150 
f 851//1150 852//1150 1169//1150 
f 844//1150 845//1150 1169//1150 
f 827//1150 828//1150 729//1150 
f 729//1150 819//1150 820//1150 
f 808//1150 809//1150 728//1150 
f 728//1150 801//1150 802//1150 
f 728//1150 799//1150 800//1150 
f 728//1150 797//1150 798//1150 
f 728//1150 793//1150 794//1150 
f 728//1150 790//1150 791//1150 
f 728//1150 775//1150 776//1150 
f 772//1150 773//1150 728//1150 
f 768//1150 769//1150 731//1150 
f 759//1150 760//1150 731//1150 
f 755//1150 756//1150 731//1150 
f 731//1150 745//1150 746//1150 
f 867//1150 868//1150 1169//1150 
f 1169//1150 862//1150 863//1150 
f 857//1150 858//1150 1169//1150 
f 829//1150 830//1150 729//1150 
f 820//1150 821//1150 729//1150 
f 821//1150 822//1150 729//1150 
f 729//1150 815//1150 816//1150 
f 729//1150 813//1150 814//1150 
f 802//1150 803//1150 728//1150 
f 798//1150 799//1150 728//1150 
f 795//1150 796//1150 728//1150 
f 791//1150 792//1150 728//1150 
f 728//1150 781//1150 782//1150 
f 728//1150 777//1150 778//1150 
f 728//1150 774//1150 775//1150 
f 770//1150 771//1150 731//1150 
f 731//1150 765//1150 766//1150 
f 756//1150 757//1150 731//1150 
f 731//1150 744//1150 745//1150 
f 731//1150 742//1150 743//1150 
f 1169//1150 874//1150 875//1150 
f 868//1150 869//1150 1169//1150 
f 848//1150 849//1150 1169//1150 
f 822//1150 823//1150 729//1150 
f 729//1150 817//1150 818//1150 
f 814//1150 815//1150 729//1150 
f 816//1150 817//1150 729//1150 
f 800//1150 801//1150 728//1150 
f 792//1150 793//1150 728//1150 
f 728//1150 788//1150 789//1150 
f 728//1150 780//1150 781//1150 
f 778//1150 779//1150 728//1150 
f 773//1150 774//1150 728//1150 
f 764//1150 765//1150 731//1150 
f 743//1150 744//1150 731//1150 
f 731//1150 740//1150 741//1150 
f 1169//1150 873//1150 874//1150 
f 875//1150 731//1150 1169//1150 
f 1169//1150 871//1150 872//1150 
f 863//1150 864//1150 1169//1150 
f 818//1150 819//1150 729//1150 
f 796//1150 797//1150 728//1150 
f 728//1150 787//1150 788//1150 
f 728//1150 785//1150 786//1150 
f 779//1150 780//1150 728//1150 
f 766//1150 767//1150 731//1150 
f 731//1150 752//1150 753//1150 
f 731//1150 750//1150 751//1150 
f 731//1150 748//1150 749//1150 
f 741//1150 742//1150 731//1150 
f 731//1150 738//1150 739//1150 
f 872//1150 873//1150 1169//1150 
f 1169//1150 869//1150 870//1150 
f 853//1150 854//1150 1169//1150 
f 812//1150 813//1150 729//1150 
f 786//1150 787//1150 728//1150 
f 728//1150 783//1150 784//1150 
f 776//1150 777//1150 728//1150 
f 751//1150 752//1150 731//1150 
f 731//1150 747//1150 748//1150 
f 739//1150 740//1150 731//1150 
f 731//1150 735//1150 736//1150 
f 731//1150 875//1150 876//1150 
f 870//1150 871//1150 1169//1150 
f 784//1150 785//1150 728//1150 
f 753//1150 754//1150 731//1150 
f 746//1150 747//1150 731//1150 
f 736//1150 737//1150 731//1150 
f 737//1150 738//1150 731//1150 
f 731//1150 734//1150 733//1150 
f 876//1150 734//1150 731//1150 
f 789//1150 790//1150 728//1150 
f 749//1150 750//1150 731//1150 
f 733//1150 735//1150 731//1150 
f 782//1150 783//1150 728//1150 
f 1165//1150 985//1150 986//1150 
f 986//1150 732//1150 1165//1150 
f 1165//1150 983//1150 984//1150 
f 732//1150 987//1150 988//1150 
f 984//1150 985//1150 1165//1150 
f 986//1150 987//1150 732//1150 
f 1165//1150 981//1150 982//1150 
f 1165//1150 979//1150 980//1150 
f 1165//1150 977//1150 978//1150 
f 1166//1150 967//1150 968//1150 
f 982//1150 983//1150 1165//1150 
f 978//1150 979//1150 1165//1150 
f 980//1150 981//1150 1165//1150 
f 1165//1150 974//1150 975//1150 
f 968//1150 969//1150 1166//1150 
f 730//1150 907//1150 908//1150 
f 732//1150 991//1150 992//1150 
f 732//1150 989//1150 990//1150 
f 975//1150 976//1150 1165//1150 
f 976//1150 977//1150 1165//1150 
f 973//1150 1165//1150 1166//1150 
f 969//1150 970//1150 1166//1150 
f 1166//1150 949//1150 950//1150 
f 1166//1150 947//1150 948//1150 
f 730//1150 906//1150 907//1150 
f 730//1150 904//1150 905//1150 
f 730//1150 902//1150 903//1150 
f 732//1150 1004//1150 1005//1150 
f 732//1150 1002//1150 1003//1150 
f 732//1150 1000//1150 1001//1150 
f 732//1150 998//1150 999//1150 
f 732//1150 993//1150 994//1150 
f 990//1150 991//1150 732//1150 
f 1166//1150 972//1150 973//1150 
f 970//1150 971//1150 1166//1150 
f 1166//1150 955//1150 956//1150 
f 1166//1150 953//1150 954//1150 
f 1166//1150 951//1150 952//1150 
f 948//1150 949//1150 1166//1150 
f 731//1150 730//1150 917//1150 
f 730//1150 915//1150 916//1150 
f 730//1150 913//1150 914//1150 
f 730//1150 911//1150 912//1150 
f 905//1150 906//1150 730//1150 
f 730//1150 901//1150 902//1150 
f 730//1150 898//1150 899//1150 
f 732//1150 1008//1150 1009//1150 
f 1003//1150 1004//1150 732//1150 
f 999//1150 1000//1150 732//1150 
f 732//1150 996//1150 997//1150 
f 994//1150 995//1150 732//1150 
f 995//1150 996//1150 732//1150 
f 988//1150 989//1150 732//1150 
f 971//1150 972//1150 1166//1150 
f 1166//1150 961//1150 962//1150 
f 954//1150 955//1150 1166//1150 
f 950//1150 951//1150 1166//1150 
f 1166//1150 943//1150 944//1150 
f 731//1150 921//1150 922//1150 
f 731//1150 919//1150 920//1150 
f 916//1150 917//1150 730//1150 
f 912//1150 913//1150 730//1150 
f 903//1150 904//1150 730//1150 
f 899//1150 900//1150 730//1150 
f 730//1150 889//1150 890//1150 
f 732//1150 1011//1150 1012//1150 
f 1009//1150 1010//1150 732//1150 
f 1010//1150 1011//1150 732//1150 
f 732//1150 1006//1150 1007//1150 
f 1001//1150 1002//1150 732//1150 
f 973//1150 974//1150 1165//1150 
f 1166//1150 965//1150 966//1150 
f 1166//1150 963//1150 964//1150 
f 1166//1150 960//1150 961//1150 
f 952//1150 953//1150 1166//1150 
f 1166//1150 942//1150 943//1150 
f 944//1150 945//1150 1166//1150 
f 922//1150 923//1150 731//1150 
f 923//1150 924//1150 731//1150 
f 731//1150 918//1150 919//1150 
f 920//1150 921//1150 731//1150 
f 914//1150 915//1150 730//1150 
f 730//1150 909//1150 910//1150 
f 900//1150 901//1150 730//1150 
f 730//1150 888//1150 889//1150 
f 730//1150 886//1150 887//1150 
f 730//1150 1017//1150 1018//1150 
f 730//1150 1015//1150 1016//1150 
f 1005//1150 1006//1150 732//1150 
f 992//1150 993//1150 732//1150 
f 964//1150 965//1150 1166//1150 
f 1166//1150 959//1150 960//1150 
f 1166//1150 957//1150 958//1150 
f 1166//1150 946//1150 947//1150 
f 945//1150 946//1150 1166//1150 
f 731//1150 937//1150 938//1150 
f 731//1150 925//1150 926//1150 
f 924//1150 925//1150 731//1150 
f 917//1150 918//1150 731//1150 
f 908//1150 909//1150 730//1150 
f 887//1150 888//1150 730//1150 
f 730//1150 884//1150 885//1150 
f 730//1150 1019//1150 1020//1150 
f 1016//1150 1017//1150 730//1150 
f 732//1150 1013//1150 1014//1150 
f 1007//1150 1008//1150 732//1150 
f 966//1150 967//1150 1166//1150 
f 958//1150 959//1150 1166//1150 
f 956//1150 957//1150 1166//1150 
f 938//1150 939//1150 731//1150 
f 939//1150 940//1150 731//1150 
f 731//1150 934//1150 935//1150 
f 926//1150 927//1150 731//1150 
f 910//1150 911//1150 730//1150 
f 730//1150 896//1150 897//1150 
f 730//1150 894//1150 895//1150 
f 730//1150 892//1150 893//1150 
f 885//1150 886//1150 730//1150 
f 730//1150 882//1150 883//1150 
f 1018//1150 1019//1150 730//1150 
f 1014//1150 730//1150 732//1150 
f 1014//1150 1015//1150 730//1150 
f 997//1150 998//1150 732//1150 
f 731//1150 941//1150 942//1150 
f 935//1150 936//1150 731//1150 
f 731//1150 932//1150 933//1150 
f 731//1150 930//1150 931//1150 
f 731//1150 927//1150 928//1150 
f 895//1150 896//1150 730//1150 
f 730//1150 891//1150 892//1150 
f 883//1150 884//1150 730//1150 
f 730//1150 880//1150 881//1150 
f 1020//1150 878//1150 730//1150 
f 962//1150 963//1150 1166//1150 
f 942//1150 1167//1150 731//1150 
f 942//1150 1166//1150 1167//1150 
f 936//1150 937//1150 731//1150 
f 931//1150 932//1150 731//1150 
f 933//1150 934//1150 731//1150 
f 928//1150 929//1150 731//1150 
f 929//1150 930//1150 731//1150 
f 897//1150 898//1150 730//1150 
f 890//1150 891//1150 730//1150 
f 730//1150 879//1150 880//1150 
f 730//1150 878//1150 877//1150 
f 1012//1150 1013//1150 732//1150 
f 1169//1150 1168//1150 1165//1150 
f 940//1150 941//1150 731//1150 
f 893//1150 894//1150 730//1150 
f 877//1150 879//1150 730//1150 
f 1165//1150 732//1150 1169//1150 
f 1169//1150 731//1150 1167//1150 
f 881//1150 882//1150 730//1150 
f 1167//1150 1168//1150 1169//1150 
f 725//1150 1129//1150 1130//1150 
f 725//1150 1127//1150 1128//1150 
f 725//1150 1131//1150 1132//1150 
f 1128//1150 1129//1150 725//1150 
f 725//1150 726//1150 1126//1150 
f 726//1150 1123//1150 1124//1150 
f 1130//1150 1131//1150 725//1150 
f 726//1150 1125//1150 1126//1150 
f 726//1150 1122//1150 1123//1150 
f 726//1150 1111//1150 1112//1150 
f 1126//1150 1127//1150 725//1150 
f 726//1150 1121//1150 1122//1150 
f 726//1150 1119//1150 1120//1150 
f 1112//1150 1113//1150 726//1150 
f 729//1150 1095//1150 1096//1150 
f 729//1150 1093//1150 1094//1150 
f 729//1150 1091//1150 1092//1150 
f 1169//1150 1051//1150 1052//1150 
f 725//1150 1135//1150 1136//1150 
f 725//1150 1133//1150 1134//1150 
f 1124//1150 1125//1150 726//1150 
f 726//1150 1118//1150 1119//1150 
f 1113//1150 1114//1150 726//1150 
f 726//1150 1099//1150 1100//1150 
f 726//1150 1097//1150 1098//1150 
f 1096//1150 726//1150 729//1150 
f 1092//1150 1093//1150 729//1150 
f 1169//1150 1057//1150 1058//1150 
f 1169//1150 1050//1150 1051//1150 
f 1169//1150 1048//1150 1049//1150 
f 1169//1150 1046//1150 1047//1150 
f 725//1150 1148//1150 1149//1150 
f 725//1150 1146//1150 1147//1150 
f 725//1150 1144//1150 1145//1150 
f 725//1150 1142//1150 1143//1150 
f 725//1150 1138//1150 1139//1150 
f 1134//1150 1135//1150 725//1150 
f 1120//1150 1121//1150 726//1150 
f 726//1150 1116//1150 1117//1150 
f 1114//1150 1115//1150 726//1150 
f 1098//1150 1099//1150 726//1150 
f 1094//1150 1095//1150 729//1150 
f 729//1150 1082//1150 1083//1150 
f 729//1150 1059//1150 1060//1150 
f 1058//1150 729//1150 1169//1150 
f 1169//1150 1055//1150 1056//1150 
f 1049//1150 1050//1150 1169//1150 
f 1169//1150 1045//1150 1046//1150 
f 1169//1150 1042//1150 1043//1150 
f 725//1150 1152//1150 1153//1150 
f 1147//1150 1148//1150 725//1150 
f 1143//1150 1144//1150 725//1150 
f 725//1150 1140//1150 1141//1150 
f 725//1150 1137//1150 1138//1150 
f 1132//1150 1133//1150 725//1150 
f 1115//1150 1116//1150 726//1150 
f 726//1150 1105//1150 1106//1150 
f 1096//1150 1097//1150 726//1150 
f 729//1150 1089//1150 1090//1150 
f 729//1150 1087//1150 1088//1150 
f 729//1150 1085//1150 1086//1150 
f 729//1150 1081//1150 1082//1150 
f 729//1150 1078//1150 1079//1150 
f 729//1150 1063//1150 1064//1150 
f 1060//1150 1061//1150 729//1150 
f 1056//1150 1057//1150 1169//1150 
f 1047//1150 1048//1150 1169//1150 
f 1043//1150 1044//1150 1169//1150 
f 1169//1150 1033//1150 1034//1150 
f 725//1150 1155//1150 1156//1150 
f 1153//1150 1154//1150 725//1150 
f 725//1150 1150//1150 1151//1150 
f 1145//1150 1146//1150 725//1150 
f 1139//1150 1140//1150 725//1150 
f 1117//1150 1118//1150 726//1150 
f 726//1150 1109//1150 1110//1150 
f 726//1150 1107//1150 1108//1150 
f 726//1150 1104//1150 1105//1150 
f 1090//1150 1091//1150 729//1150 
f 1086//1150 1087//1150 729//1150 
f 1083//1150 1084//1150 729//1150 
f 1079//1150 1080//1150 729//1150 
f 729//1150 1069//1150 1070//1150 
f 729//1150 1065//1150 1066//1150 
f 729//1150 1062//1150 1063//1150 
f 1058//1150 1059//1150 729//1150 
f 1169//1150 1053//1150 1054//1150 
f 1044//1150 1045//1150 1169//1150 
f 1169//1150 1032//1150 1033//1150 
f 1169//1150 1030//1150 1031//1150 
f 1154//1150 1155//1150 725//1150 
f 1149//1150 1150//1150 725//1150 
f 1136//1150 1137//1150 725//1150 
f 1108//1150 1109//1150 726//1150 
f 726//1150 1103//1150 1104//1150 
f 726//1150 1101//1150 1102//1150 
f 1088//1150 1089//1150 729//1150 
f 1080//1150 1081//1150 729//1150 
f 729//1150 1076//1150 1077//1150 
f 729//1150 1068//1150 1069//1150 
f 1066//1150 1067//1150 729//1150 
f 1061//1150 1062//1150 729//1150 
f 1052//1150 1053//1150 1169//1150 
f 1031//1150 1032//1150 1169//1150 
f 1169//1150 1028//1150 1029//1150 
f 725//1150 1163//1150 1164//1150 
f 725//1150 1161//1150 1162//1150 
f 725//1150 1159//1150 1160//1150 
f 1151//1150 1152//1150 725//1150 
f 1110//1150 1111//1150 726//1150 
f 1102//1150 1103//1150 726//1150 
f 1084//1150 1085//1150 729//1150 
f 729//1150 1075//1150 1076//1150 
f 729//1150 1073//1150 1074//1150 
f 1067//1150 1068//1150 729//1150 
f 1054//1150 1055//1150 1169//1150 
f 1169//1150 1040//1150 1041//1150 
f 1169//1150 1038//1150 1039//1150 
f 1169//1150 1036//1150 1037//1150 
f 1029//1150 1030//1150 1169//1150 
f 1169//1150 1026//1150 1027//1150 
f 1164//1150 1169//1150 725//1150 
f 1164//1150 1022//1150 1169//1150 
f 1160//1150 1161//1150 725//1150 
f 1141//1150 1142//1150 725//1150 
f 1100//1150 1101//1150 726//1150 
f 1074//1150 1075//1150 729//1150 
f 729//1150 1071//1150 1072//1150 
f 1064//1150 1065//1150 729//1150 
f 1039//1150 1040//1150 1169//1150 
f 1169//1150 1035//1150 1036//1150 
f 1027//1150 1028//1150 1169//1150 
f 1169//1150 1024//1150 1025//1150 
f 1162//1150 1163//1150 725//1150 
f 725//1150 1157//1150 1158//1150 
f 1106//1150 1107//1150 726//1150 
f 1072//1150 1073//1150 729//1150 
f 1041//1150 1042//1150 1169//1150 
f 1034//1150 1035//1150 1169//1150 
f 1169//1150 1023//1150 1024//1150 
f 1169//1150 1022//1150 1021//1150 
f 1158//1150 1159//1150 725//1150 
f 1077//1150 1078//1150 729//1150 
f 1037//1150 1038//1150 1169//1150 
f 1021//1150 1023//1150 1169//1150 
f 1156//1150 1157//1150 725//1150 
f 1025//1150 1026//1150 1169//1150 
f 1070//1150 1071//1150 729//1150 
f 727//1150 216//1150 218//1150 
f 727//1150 212//1150 214//1150 
f 727//1150 220//1150 222//1150 
f 214//1150 216//1150 727//1150 
f 218//1150 220//1150 727//1150 
f 727//1150 208//1150 210//1150 
f 727//1150 204//1150 206//1150 
f 727//1150 200//1150 202//1150 
f 725//1150 180//1150 182//1150 
f 1169//1150 144//1150 146//1150 
f 210//1150 212//1150 727//1150 
f 202//1150 204//1150 727//1150 
f 206//1150 208//1150 727//1150 
f 727//1150 196//1150 198//1150 
f 725//1150 194//1150 196//1150 
f 182//1150 184//1150 725//1150 
f 184//1150 186//1150 725//1150 
f 146//1150 725//1150 1169//1150 
f 1169//1150 140//1150 142//1150 
f 732//1150 60//1150 62//1150 
f 727//1150 228//1150 230//1150 
f 727//1150 224//1150 226//1150 
f 196//1150 727//1150 725//1150 
f 198//1150 200//1150 727//1150 
f 725//1150 156//1150 158//1150 
f 725//1150 152//1150 154//1150 
f 725//1150 148//1150 150//1150 
f 142//1150 144//1150 1169//1150 
f 732//1150 72//1150 74//1150 
f 732//1150 58//1150 60//1150 
f 732//1150 54//1150 56//1150 
f 732//1150 50//1150 52//1150 
f 727//1150 254//1150 256//1150 
f 727//1150 250//1150 252//1150 
f 727//1150 246//1150 248//1150 
f 727//1150 242//1150 244//1150 
f 727//1150 234//1150 236//1150 
f 226//1150 228//1150 727//1150 
f 222//1150 224//1150 727//1150 
f 725//1150 190//1150 192//1150 
f 186//1150 188//1150 725//1150 
f 154//1150 156//1150 725//1150 
f 146//1150 148//1150 725//1150 
f 1169//1150 120//1150 122//1150 
f 1169//1150 76//1150 78//1150 
f 74//1150 1169//1150 732//1150 
f 74//1150 76//1150 1169//1150 
f 732//1150 68//1150 70//1150 
f 56//1150 58//1150 732//1150 
f 732//1150 48//1150 50//1150 
f 732//1150 42//1150 44//1150 
f 727//1150 262//1150 264//1150 
f 252//1150 254//1150 727//1150 
f 244//1150 246//1150 727//1150 
f 727//1150 238//1150 240//1150 
f 727//1150 232//1150 234//1150 
f 188//1150 190//1150 725//1150 
f 150//1150 152//1150 725//1150 
f 1169//1150 136//1150 138//1150 
f 1169//1150 132//1150 134//1150 
f 1169//1150 128//1150 130//1150 
f 122//1150 124//1150 1169//1150 
f 124//1150 126//1150 1169//1150 
f 1169//1150 114//1150 116//1150 
f 1169//1150 88//1150 90//1150 
f 1169//1150 84//1150 86//1150 
f 78//1150 80//1150 1169//1150 
f 80//1150 82//1150 1169//1150 
f 70//1150 72//1150 732//1150 
f 52//1150 54//1150 732//1150 
f 44//1150 46//1150 732//1150 
f 732//1150 24//1150 26//1150 
f 727//1150 268//1150 270//1150 
f 264//1150 266//1150 727//1150 
f 727//1150 258//1150 260//1150 
f 248//1150 250//1150 727//1150 
f 236//1150 238//1150 727//1150 
f 192//1150 194//1150 725//1150 
f 725//1150 176//1150 178//1150 
f 725//1150 172//1150 174//1150 
f 725//1150 168//1150 170//1150 
f 725//1150 164//1150 166//1150 
f 138//1150 140//1150 1169//1150 
f 130//1150 132//1150 1169//1150 
f 116//1150 118//1150 1169//1150 
f 90//1150 92//1150 1169//1150 
f 92//1150 94//1150 1169//1150 
f 1169//1150 82//1150 84//1150 
f 86//1150 88//1150 1169//1150 
f 732//1150 64//1150 66//1150 
f 46//1150 48//1150 732//1150 
f 732//1150 22//1150 24//1150 
f 732//1150 18//1150 20//1150 
f 732//1150 727//1150 282//1150 
f 266//1150 268//1150 727//1150 
f 256//1150 258//1150 727//1150 
f 230//1150 232//1150 727//1150 
f 174//1150 176//1150 725//1150 
f 166//1150 168//1150 725//1150 
f 170//1150 172//1150 725//1150 
f 725//1150 160//1150 162//1150 
f 134//1150 136//1150 1169//1150 
f 118//1150 120//1150 1169//1150 
f 1169//1150 108//1150 110//1150 
f 1169//1150 96//1150 98//1150 
f 94//1150 96//1150 1169//1150 
f 62//1150 64//1150 732//1150 
f 20//1150 22//1150 732//1150 
f 732//1150 14//1150 16//1150 
f 727//1150 280//1150 282//1150 
f 727//1150 276//1150 278//1150 
f 260//1150 262//1150 727//1150 
f 178//1150 180//1150 725//1150 
f 162//1150 164//1150 725//1150 
f 126//1150 128//1150 1169//1150 
f 1169//1150 106//1150 108//1150 
f 110//1150 112//1150 1169//1150 
f 1169//1150 100//1150 102//1150 
f 98//1150 100//1150 1169//1150 
f 66//1150 68//1150 732//1150 
f 732//1150 38//1150 40//1150 
f 732//1150 34//1150 36//1150 
f 732//1150 30//1150 32//1150 
f 16//1150 18//1150 732//1150 
f 732//1150 10//1150 12//1150 
f 732//1150 284//1150 286//1150 
f 278//1150 280//1150 727//1150 
f 240//1150 242//1150 727//1150 
f 158//1150 160//1150 725//1150 
f 112//1150 114//1150 1169//1150 
f 102//1150 104//1150 1169//1150 
f 104//1150 106//1150 1169//1150 
f 36//1150 38//1150 732//1150 
f 732//1150 28//1150 30//1150 
f 12//1150 14//1150 732//1150 
f 732//1150 6//1150 8//1150 
f 282//1150 284//1150 732//1150 
f 727//1150 272//1150 274//1150 
f 40//1150 42//1150 732//1150 
f 26//1150 28//1150 732//1150 
f 732//1150 4//1150 6//1150 
f 732//1150 2//1150 1//1150 
f 274//1150 276//1150 727//1150 
f 32//1150 34//1150 732//1150 
f 1//1150 4//1150 732//1150 
f 270//1150 272//1150 727//1150 
f 8//1150 10//1150 732//1150 
f 286//1150 2//1150 732//1150 
o mesh10
f 1170//1151 1171//1151 1167//1151 
f 1167//1151 1166//1151 1170//1151 
o mesh11
f 1171//1152 1172//1152 1168//1152 
f 1168//1152 1167//1152 1171//1152 
o mesh12
f 1172//1153 1173//1153 1165//1153 
f 1165//1153 1168//1153 1172//1153 
o mesh13
f 1173//1154 1170//1154 1166//1154 
f 1166//1154 1165//1154 1173//1154 
o mesh14
f 1173//1155 1172//1155 1174//1155 
f 1172//1155 1171//1155 1175//1155 
f 1175//1155 1174//1155 1172//1155 
f 1171//1155 1170//1155 1176//1155 
f 1176//1155 1175//1155 1171//1155 
f 1170//1155 1173//1155 1177//1155 
f 1177//1155 1176//1155 1170//1155 
f 1174//1155 1177//1155 1173//1155 
o mesh15
f 1177//1156 1174//1156 1178//1156 
f 1178//1156 1179//1156 1177//1156 
o mesh16
f 1174//1157 1175//1157 1180//1157 
f 1180//1157 1178//1157 1174//1157 
o mesh17
f 1176//1158 1181//1158 1180//1158 
f 1180//1158 1175//1158 1176//1158 
o mesh18
f 1177//1159 1179//1159 1181//1159 
f 1181//1159 1176//1159 1177//1159 
o mesh19
f 1178//1160 1180//1160 1182//1160 
f 1180//1160 1181//1160 1183//1160 
f 1183//1160 1182//1160 1180//1160 
f 1181//1160 1179//1160 1184//1160 
f 1179//1160 1178//1160 1185//1160 
f 1184//1160 1183//1160 1181//1160 
f 1182//1160 1185//1160 1178//1160 
f 1185//1160 1184//1160 1179//1160 
o mesh20
f 1182//1161 1186//1161 1187//1161 
f 1187//1161 1185//1161 1182//1161 
o mesh21
f 1182//1162 1183//1162 1188//1162 
f 1188//1162 1186//1162 1182//1162 
o mesh22
f 1183//1163 1184//1163 1189//1163 
f 1189//1163 1188//1163 1183//1163 
o mesh23
f 1185//1164 1187//1164 1189//1164 
f 1189//1164 1184//1164 1185//1164 
o mesh24
f 1188//1165 1189//1165 1187//1165 
f 1187//1165 1186//1165 1188//1165 
