solid Mesh
  facet normal -0.999762 -0.0218119 0
    outer loop
      vertex -0.0217 0.025 -0.003
      vertex -0.0217 0.025 0
      vertex -0.0217031 0.0251439 -0.003
    endloop
  endfacet
  facet normal -0.999762 -0.0218119 0
    outer loop
      vertex -0.0217 0.025 0
      vertex -0.0217031 0.0251439 0
      vertex -0.0217031 0.0251439 -0.003
    endloop
  endfacet
  facet normal -0.997858 -0.0654096 0
    outer loop
      vertex -0.0217031 0.0251439 -0.003
      vertex -0.0217031 0.0251439 0
      vertex -0.0217126 0.0252876 -0.003
    endloop
  endfacet
  facet normal -0.997858 -0.0654096 0
    outer loop
      vertex -0.0217031 0.0251439 0
      vertex -0.0217126 0.0252876 0
      vertex -0.0217126 0.0252876 -0.003
    endloop
  endfacet
  facet normal -0.994057 -0.108864 0
    outer loop
      vertex -0.0217126 0.0252876 -0.003
      vertex -0.0217126 0.0252876 0
      vertex -0.0217282 0.0254307 -0.003
    endloop
  endfacet
  facet normal -0.994057 -0.108864 0
    outer loop
      vertex -0.0217126 0.0252876 0
      vertex -0.0217282 0.0254307 0
      vertex -0.0217282 0.0254307 -0.003
    endloop
  endfacet
  facet normal -0.988363 -0.152114 0
    outer loop
      vertex -0.0217282 0.0254307 -0.003
      vertex -0.0217282 0.0254307 0
      vertex -0.0217501 0.025573 -0.003
    endloop
  endfacet
  facet normal -0.988363 -0.152114 0
    outer loop
      vertex -0.0217282 0.0254307 0
      vertex -0.0217501 0.025573 0
      vertex -0.0217501 0.025573 -0.003
    endloop
  endfacet
  facet normal -0.980783 -0.195103 0
    outer loop
      vertex -0.0217501 0.025573 -0.003
      vertex -0.0217501 0.025573 0
      vertex -0.0217782 0.0257143 -0.003
    endloop
  endfacet
  facet normal -0.980783 -0.195103 0
    outer loop
      vertex -0.0217501 0.025573 0
      vertex -0.0217782 0.0257143 0
      vertex -0.0217782 0.0257143 -0.003
    endloop
  endfacet
  facet normal -0.971344 -0.237677 0
    outer loop
      vertex -0.0217782 0.0257143 -0.003
      vertex -0.0217782 0.0257143 0
      vertex -0.0218124 0.0258541 -0.003
    endloop
  endfacet
  facet normal -0.971344 -0.237677 0
    outer loop
      vertex -0.0217782 0.0257143 0
      vertex -0.0218124 0.0258541 0
      vertex -0.0218124 0.0258541 -0.003
    endloop
  endfacet
  facet normal -0.96005 -0.27983 0
    outer loop
      vertex -0.0218124 0.0258541 -0.003
      vertex -0.0218124 0.0258541 0
      vertex -0.0218527 0.0259923 -0.003
    endloop
  endfacet
  facet normal -0.96005 -0.27983 0
    outer loop
      vertex -0.0218124 0.0258541 0
      vertex -0.0218527 0.0259923 0
      vertex -0.0218527 0.0259923 -0.003
    endloop
  endfacet
  facet normal -0.946929 -0.321443 0
    outer loop
      vertex -0.0218527 0.0259923 -0.003
      vertex -0.0218527 0.0259923 0
      vertex -0.021899 0.0261287 -0.003
    endloop
  endfacet
  facet normal -0.946929 -0.321443 0
    outer loop
      vertex -0.0218527 0.0259923 0
      vertex -0.021899 0.0261287 0
      vertex -0.021899 0.0261287 -0.003
    endloop
  endfacet
  facet normal -0.93201 -0.362431 0
    outer loop
      vertex -0.021899 0.0261287 -0.003
      vertex -0.021899 0.0261287 0
      vertex -0.0219512 0.0262629 -0.003
    endloop
  endfacet
  facet normal -0.93201 -0.362431 0
    outer loop
      vertex -0.021899 0.0261287 0
      vertex -0.0219512 0.0262629 0
      vertex -0.0219512 0.0262629 -0.003
    endloop
  endfacet
  facet normal -0.91531 -0.402751 0
    outer loop
      vertex -0.0219512 0.0262629 -0.003
      vertex -0.0219512 0.0262629 0
      vertex -0.0220092 0.0263946 -0.003
    endloop
  endfacet
  facet normal -0.91531 -0.402751 0
    outer loop
      vertex -0.0219512 0.0262629 0
      vertex -0.0220092 0.0263946 0
      vertex -0.0220092 0.0263946 -0.003
    endloop
  endfacet
  facet normal -0.896872 -0.442291 0
    outer loop
      vertex -0.0220092 0.0263946 -0.003
      vertex -0.0220092 0.0263946 0
      vertex -0.0220729 0.0265238 -0.003
    endloop
  endfacet
  facet normal -0.896872 -0.442291 0
    outer loop
      vertex -0.0220092 0.0263946 0
      vertex -0.0220729 0.0265238 0
      vertex -0.0220729 0.0265238 -0.003
    endloop
  endfacet
  facet normal -0.876729 -0.480985 0
    outer loop
      vertex -0.0220729 0.0265238 -0.003
      vertex -0.0220729 0.0265238 0
      vertex -0.0221421 0.02665 -0.003
    endloop
  endfacet
  facet normal -0.876729 -0.480985 0
    outer loop
      vertex -0.0220729 0.0265238 0
      vertex -0.0221421 0.02665 0
      vertex -0.0221421 0.02665 -0.003
    endloop
  endfacet
  facet normal -0.854913 -0.518772 0
    outer loop
      vertex -0.0221421 0.02665 -0.003
      vertex -0.0221421 0.02665 0
      vertex -0.0222168 0.0267731 -0.003
    endloop
  endfacet
  facet normal -0.854913 -0.518772 0
    outer loop
      vertex -0.0221421 0.02665 0
      vertex -0.0222168 0.0267731 0
      vertex -0.0222168 0.0267731 -0.003
    endloop
  endfacet
  facet normal -0.831469 -0.555572 0
    outer loop
      vertex -0.0222168 0.0267731 -0.003
      vertex -0.0222168 0.0267731 0
      vertex -0.0222968 0.0268928 -0.003
    endloop
  endfacet
  facet normal -0.831469 -0.555572 0
    outer loop
      vertex -0.0222168 0.0267731 0
      vertex -0.0222968 0.0268928 0
      vertex -0.0222968 0.0268928 -0.003
    endloop
  endfacet
  facet normal -0.806447 -0.591306 0
    outer loop
      vertex -0.0222968 0.0268928 -0.003
      vertex -0.0222968 0.0268928 0
      vertex -0.0223819 0.0270089 -0.003
    endloop
  endfacet
  facet normal -0.806447 -0.591306 0
    outer loop
      vertex -0.0222968 0.0268928 0
      vertex -0.0223819 0.0270089 0
      vertex -0.0223819 0.0270089 -0.003
    endloop
  endfacet
  facet normal -0.77988 -0.62593 0
    outer loop
      vertex -0.0223819 0.0270089 -0.003
      vertex -0.0223819 0.0270089 0
      vertex -0.0224721 0.0271212 -0.003
    endloop
  endfacet
  facet normal -0.77988 -0.62593 0
    outer loop
      vertex -0.0223819 0.0270089 0
      vertex -0.0224721 0.0271212 0
      vertex -0.0224721 0.0271212 -0.003
    endloop
  endfacet
  facet normal -0.751837 -0.65935 0
    outer loop
      vertex -0.0224721 0.0271212 -0.003
      vertex -0.0224721 0.0271212 0
      vertex -0.022567 0.0272294 -0.003
    endloop
  endfacet
  facet normal -0.751837 -0.65935 0
    outer loop
      vertex -0.0224721 0.0271212 0
      vertex -0.022567 0.0272294 0
      vertex -0.022567 0.0272294 -0.003
    endloop
  endfacet
  facet normal -0.722372 -0.691505 0
    outer loop
      vertex -0.022567 0.0272294 -0.003
      vertex -0.022567 0.0272294 0
      vertex -0.0226665 0.0273335 -0.003
    endloop
  endfacet
  facet normal -0.722372 -0.691505 0
    outer loop
      vertex -0.022567 0.0272294 0
      vertex -0.0226665 0.0273335 0
      vertex -0.0226665 0.0273335 -0.003
    endloop
  endfacet
  facet normal -0.691511 -0.722366 0
    outer loop
      vertex -0.0226665 0.0273335 -0.003
      vertex -0.0226665 0.0273335 0
      vertex -0.0227706 0.027433 -0.003
    endloop
  endfacet
  facet normal -0.691511 -0.722366 0
    outer loop
      vertex -0.0226665 0.0273335 0
      vertex -0.0227706 0.027433 0
      vertex -0.0227706 0.027433 -0.003
    endloop
  endfacet
  facet normal -0.659343 -0.751842 0
    outer loop
      vertex -0.0227706 0.027433 -0.003
      vertex -0.0227706 0.027433 0
      vertex -0.0228788 0.0275279 -0.003
    endloop
  endfacet
  facet normal -0.659343 -0.751842 0
    outer loop
      vertex -0.0227706 0.027433 0
      vertex -0.0228788 0.0275279 0
      vertex -0.0228788 0.0275279 -0.003
    endloop
  endfacet
  facet normal -0.625922 -0.779886 0
    outer loop
      vertex -0.0228788 0.0275279 -0.003
      vertex -0.0228788 0.0275279 0
      vertex -0.0229911 0.0276181 -0.003
    endloop
  endfacet
  facet normal -0.625922 -0.779886 0
    outer loop
      vertex -0.0228788 0.0275279 0
      vertex -0.0229911 0.0276181 0
      vertex -0.0229911 0.0276181 -0.003
    endloop
  endfacet
  facet normal -0.591313 -0.806442 0
    outer loop
      vertex -0.0229911 0.0276181 -0.003
      vertex -0.0229911 0.0276181 0
      vertex -0.0231072 0.0277032 -0.003
    endloop
  endfacet
  facet normal -0.591313 -0.806442 0
    outer loop
      vertex -0.0229911 0.0276181 0
      vertex -0.0231072 0.0277032 0
      vertex -0.0231072 0.0277032 -0.003
    endloop
  endfacet
  facet normal -0.555575 -0.831467 0
    outer loop
      vertex -0.0231072 0.0277032 -0.003
      vertex -0.0231072 0.0277032 0
      vertex -0.0232269 0.0277832 -0.003
    endloop
  endfacet
  facet normal -0.555575 -0.831467 0
    outer loop
      vertex -0.0231072 0.0277032 0
      vertex -0.0232269 0.0277832 0
      vertex -0.0232269 0.0277832 -0.003
    endloop
  endfacet
  facet normal -0.518762 -0.854918 0
    outer loop
      vertex -0.0232269 0.0277832 -0.003
      vertex -0.0232269 0.0277832 0
      vertex -0.02335 0.0278579 -0.003
    endloop
  endfacet
  facet normal -0.518762 -0.854918 0
    outer loop
      vertex -0.0232269 0.0277832 0
      vertex -0.02335 0.0278579 0
      vertex -0.02335 0.0278579 -0.003
    endloop
  endfacet
  facet normal -0.480995 -0.876723 0
    outer loop
      vertex -0.02335 0.0278579 -0.003
      vertex -0.02335 0.0278579 0
      vertex -0.0234762 0.0279271 -0.003
    endloop
  endfacet
  facet normal -0.480995 -0.876723 0
    outer loop
      vertex -0.02335 0.0278579 0
      vertex -0.0234762 0.0279271 0
      vertex -0.0234762 0.0279271 -0.003
    endloop
  endfacet
  facet normal -0.442291 -0.896872 0
    outer loop
      vertex -0.0234762 0.0279271 -0.003
      vertex -0.0234762 0.0279271 0
      vertex -0.0236054 0.0279908 -0.003
    endloop
  endfacet
  facet normal -0.442291 -0.896872 0
    outer loop
      vertex -0.0234762 0.0279271 0
      vertex -0.0236054 0.0279908 0
      vertex -0.0236054 0.0279908 -0.003
    endloop
  endfacet
  facet normal -0.40274 -0.915314 0
    outer loop
      vertex -0.0236054 0.0279908 -0.003
      vertex -0.0236054 0.0279908 0
      vertex -0.0237371 0.0280488 -0.003
    endloop
  endfacet
  facet normal -0.40274 -0.915314 0
    outer loop
      vertex -0.0236054 0.0279908 0
      vertex -0.0237371 0.0280488 0
      vertex -0.0237371 0.0280488 -0.003
    endloop
  endfacet
  facet normal -0.362443 -0.932006 0
    outer loop
      vertex -0.0237371 0.0280488 -0.003
      vertex -0.0237371 0.0280488 0
      vertex -0.0238713 0.028101 -0.003
    endloop
  endfacet
  facet normal -0.362443 -0.932006 0
    outer loop
      vertex -0.0237371 0.0280488 0
      vertex -0.0238713 0.028101 0
      vertex -0.0238713 0.028101 -0.003
    endloop
  endfacet
  facet normal -0.321435 -0.946932 0
    outer loop
      vertex -0.0238713 0.028101 -0.003
      vertex -0.0238713 0.028101 0
      vertex -0.0240077 0.0281473 -0.003
    endloop
  endfacet
  facet normal -0.321435 -0.946932 0
    outer loop
      vertex -0.0238713 0.028101 0
      vertex -0.0240077 0.0281473 0
      vertex -0.0240077 0.0281473 -0.003
    endloop
  endfacet
  facet normal -0.279826 -0.960051 0
    outer loop
      vertex -0.0240077 0.0281473 -0.003
      vertex -0.0240077 0.0281473 0
      vertex -0.0241459 0.0281876 -0.003
    endloop
  endfacet
  facet normal -0.279826 -0.960051 0
    outer loop
      vertex -0.0240077 0.0281473 0
      vertex -0.0241459 0.0281876 0
      vertex -0.0241459 0.0281876 -0.003
    endloop
  endfacet
  facet normal -0.237693 -0.97134 0
    outer loop
      vertex -0.0241459 0.0281876 -0.003
      vertex -0.0241459 0.0281876 0
      vertex -0.0242857 0.0282218 -0.003
    endloop
  endfacet
  facet normal -0.237693 -0.97134 0
    outer loop
      vertex -0.0241459 0.0281876 0
      vertex -0.0242857 0.0282218 0
      vertex -0.0242857 0.0282218 -0.003
    endloop
  endfacet
  facet normal -0.195089 -0.980786 0
    outer loop
      vertex -0.0242857 0.0282218 -0.003
      vertex -0.0242857 0.0282218 0
      vertex -0.024427 0.0282499 -0.003
    endloop
  endfacet
  facet normal -0.195089 -0.980786 0
    outer loop
      vertex -0.0242857 0.0282218 0
      vertex -0.024427 0.0282499 0
      vertex -0.024427 0.0282499 -0.003
    endloop
  endfacet
  facet normal -0.152126 -0.988361 0
    outer loop
      vertex -0.024427 0.0282499 -0.003
      vertex -0.024427 0.0282499 0
      vertex -0.0245693 0.0282718 -0.003
    endloop
  endfacet
  facet normal -0.152126 -0.988361 0
    outer loop
      vertex -0.024427 0.0282499 0
      vertex -0.0245693 0.0282718 0
      vertex -0.0245693 0.0282718 -0.003
    endloop
  endfacet
  facet normal -0.108865 -0.994057 0
    outer loop
      vertex -0.0245693 0.0282718 -0.003
      vertex -0.0245693 0.0282718 0
      vertex -0.0247124 0.0282874 -0.003
    endloop
  endfacet
  facet normal -0.108865 -0.994057 0
    outer loop
      vertex -0.0245693 0.0282718 0
      vertex -0.0247124 0.0282874 0
      vertex -0.0247124 0.0282874 -0.003
    endloop
  endfacet
  facet normal -0.0654096 -0.997858 0
    outer loop
      vertex -0.0247124 0.0282874 -0.003
      vertex -0.0247124 0.0282874 0
      vertex -0.0248561 0.0282969 -0.003
    endloop
  endfacet
  facet normal -0.0654096 -0.997858 0
    outer loop
      vertex -0.0247124 0.0282874 0
      vertex -0.0248561 0.0282969 0
      vertex -0.0248561 0.0282969 -0.003
    endloop
  endfacet
  facet normal -0.0218116 -0.999762 0
    outer loop
      vertex -0.0248561 0.0282969 -0.003
      vertex -0.0248561 0.0282969 0
      vertex -0.025 0.0283 -0.003
    endloop
  endfacet
  facet normal -0.0218116 -0.999762 0
    outer loop
      vertex -0.0248561 0.0282969 0
      vertex -0.025 0.0283 0
      vertex -0.025 0.0283 -0.003
    endloop
  endfacet
  facet normal 0.0218119 -0.999762 0
    outer loop
      vertex -0.025 0.0283 -0.003
      vertex -0.025 0.0283 0
      vertex -0.0251439 0.0282969 -0.003
    endloop
  endfacet
  facet normal 0.0218119 -0.999762 0
    outer loop
      vertex -0.025 0.0283 0
      vertex -0.0251439 0.0282969 0
      vertex -0.0251439 0.0282969 -0.003
    endloop
  endfacet
  facet normal 0.0654096 -0.997858 0
    outer loop
      vertex -0.0251439 0.0282969 -0.003
      vertex -0.0251439 0.0282969 0
      vertex -0.0252876 0.0282874 -0.003
    endloop
  endfacet
  facet normal 0.0654096 -0.997858 0
    outer loop
      vertex -0.0251439 0.0282969 0
      vertex -0.0252876 0.0282874 0
      vertex -0.0252876 0.0282874 -0.003
    endloop
  endfacet
  facet normal 0.108864 -0.994057 0
    outer loop
      vertex -0.0252876 0.0282874 -0.003
      vertex -0.0252876 0.0282874 0
      vertex -0.0254307 0.0282718 -0.003
    endloop
  endfacet
  facet normal 0.108864 -0.994057 0
    outer loop
      vertex -0.0252876 0.0282874 0
      vertex -0.0254307 0.0282718 0
      vertex -0.0254307 0.0282718 -0.003
    endloop
  endfacet
  facet normal 0.152126 -0.988361 0
    outer loop
      vertex -0.0254307 0.0282718 -0.003
      vertex -0.0254307 0.0282718 0
      vertex -0.025573 0.0282499 -0.003
    endloop
  endfacet
  facet normal 0.152126 -0.988361 0
    outer loop
      vertex -0.0254307 0.0282718 0
      vertex -0.025573 0.0282499 0
      vertex -0.025573 0.0282499 -0.003
    endloop
  endfacet
  facet normal 0.195091 -0.980785 0
    outer loop
      vertex -0.025573 0.0282499 -0.003
      vertex -0.025573 0.0282499 0
      vertex -0.0257143 0.0282218 -0.003
    endloop
  endfacet
  facet normal 0.195091 -0.980785 0
    outer loop
      vertex -0.025573 0.0282499 0
      vertex -0.0257143 0.0282218 0
      vertex -0.0257143 0.0282218 -0.003
    endloop
  endfacet
  facet normal 0.23769 -0.971341 0
    outer loop
      vertex -0.0257143 0.0282218 -0.003
      vertex -0.0257143 0.0282218 0
      vertex -0.0258541 0.0281876 -0.003
    endloop
  endfacet
  facet normal 0.23769 -0.971341 0
    outer loop
      vertex -0.0257143 0.0282218 0
      vertex -0.0258541 0.0281876 0
      vertex -0.0258541 0.0281876 -0.003
    endloop
  endfacet
  facet normal 0.27983 -0.96005 0
    outer loop
      vertex -0.0258541 0.0281876 -0.003
      vertex -0.0258541 0.0281876 0
      vertex -0.0259923 0.0281473 -0.003
    endloop
  endfacet
  facet normal 0.27983 -0.96005 0
    outer loop
      vertex -0.0258541 0.0281876 0
      vertex -0.0259923 0.0281473 0
      vertex -0.0259923 0.0281473 -0.003
    endloop
  endfacet
  facet normal 0.321431 -0.946933 0
    outer loop
      vertex -0.0259923 0.0281473 -0.003
      vertex -0.0259923 0.0281473 0
      vertex -0.0261287 0.028101 -0.003
    endloop
  endfacet
  facet normal 0.321431 -0.946933 0
    outer loop
      vertex -0.0259923 0.0281473 0
      vertex -0.0261287 0.028101 0
      vertex -0.0261287 0.028101 -0.003
    endloop
  endfacet
  facet normal 0.362443 -0.932006 0
    outer loop
      vertex -0.0261287 0.028101 -0.003
      vertex -0.0261287 0.028101 0
      vertex -0.0262629 0.0280488 -0.003
    endloop
  endfacet
  facet normal 0.362443 -0.932006 0
    outer loop
      vertex -0.0261287 0.028101 0
      vertex -0.0262629 0.0280488 0
      vertex -0.0262629 0.0280488 -0.003
    endloop
  endfacet
  facet normal 0.40274 -0.915314 0
    outer loop
      vertex -0.0262629 0.0280488 -0.003
      vertex -0.0262629 0.0280488 0
      vertex -0.0263946 0.0279908 -0.003
    endloop
  endfacet
  facet normal 0.40274 -0.915314 0
    outer loop
      vertex -0.0262629 0.0280488 0
      vertex -0.0263946 0.0279908 0
      vertex -0.0263946 0.0279908 -0.003
    endloop
  endfacet
  facet normal 0.442291 -0.896872 0
    outer loop
      vertex -0.0263946 0.0279908 -0.003
      vertex -0.0263946 0.0279908 0
      vertex -0.0265238 0.0279271 -0.003
    endloop
  endfacet
  facet normal 0.442291 -0.896872 0
    outer loop
      vertex -0.0263946 0.0279908 0
      vertex -0.0265238 0.0279271 0
      vertex -0.0265238 0.0279271 -0.003
    endloop
  endfacet
  facet normal 0.480995 -0.876723 0
    outer loop
      vertex -0.0265238 0.0279271 -0.003
      vertex -0.0265238 0.0279271 0
      vertex -0.02665 0.0278579 -0.003
    endloop
  endfacet
  facet normal 0.480995 -0.876723 0
    outer loop
      vertex -0.0265238 0.0279271 0
      vertex -0.02665 0.0278579 0
      vertex -0.02665 0.0278579 -0.003
    endloop
  endfacet
  facet normal 0.518762 -0.854918 0
    outer loop
      vertex -0.02665 0.0278579 -0.003
      vertex -0.02665 0.0278579 0
      vertex -0.0267731 0.0277832 -0.003
    endloop
  endfacet
  facet normal 0.518762 -0.854918 0
    outer loop
      vertex -0.02665 0.0278579 0
      vertex -0.0267731 0.0277832 0
      vertex -0.0267731 0.0277832 -0.003
    endloop
  endfacet
  facet normal 0.555581 -0.831463 0
    outer loop
      vertex -0.0267731 0.0277832 -0.003
      vertex -0.0267731 0.0277832 0
      vertex -0.0268928 0.0277032 -0.003
    endloop
  endfacet
  facet normal 0.555581 -0.831463 0
    outer loop
      vertex -0.0267731 0.0277832 0
      vertex -0.0268928 0.0277032 0
      vertex -0.0268928 0.0277032 -0.003
    endloop
  endfacet
  facet normal 0.591306 -0.806447 0
    outer loop
      vertex -0.0268928 0.0277032 -0.003
      vertex -0.0268928 0.0277032 0
      vertex -0.0270089 0.0276181 -0.003
    endloop
  endfacet
  facet normal 0.591306 -0.806447 0
    outer loop
      vertex -0.0268928 0.0277032 0
      vertex -0.0270089 0.0276181 0
      vertex -0.0270089 0.0276181 -0.003
    endloop
  endfacet
  facet normal 0.625922 -0.779886 0
    outer loop
      vertex -0.0270089 0.0276181 -0.003
      vertex -0.0270089 0.0276181 0
      vertex -0.0271212 0.0275279 -0.003
    endloop
  endfacet
  facet normal 0.625922 -0.779886 0
    outer loop
      vertex -0.0270089 0.0276181 0
      vertex -0.0271212 0.0275279 0
      vertex -0.0271212 0.0275279 -0.003
    endloop
  endfacet
  facet normal 0.65935 -0.751837 0
    outer loop
      vertex -0.0271212 0.0275279 -0.003
      vertex -0.0271212 0.0275279 0
      vertex -0.0272294 0.027433 -0.003
    endloop
  endfacet
  facet normal 0.65935 -0.751837 0
    outer loop
      vertex -0.0271212 0.0275279 0
      vertex -0.0272294 0.027433 0
      vertex -0.0272294 0.027433 -0.003
    endloop
  endfacet
  facet normal 0.691505 -0.722372 0
    outer loop
      vertex -0.0272294 0.027433 -0.003
      vertex -0.0272294 0.027433 0
      vertex -0.0273335 0.0273335 -0.003
    endloop
  endfacet
  facet normal 0.691505 -0.722372 0
    outer loop
      vertex -0.0272294 0.027433 0
      vertex -0.0273335 0.0273335 0
      vertex -0.0273335 0.0273335 -0.003
    endloop
  endfacet
  facet normal 0.722372 -0.691505 0
    outer loop
      vertex -0.0273335 0.0273335 -0.003
      vertex -0.0273335 0.0273335 0
      vertex -0.027433 0.0272294 -0.003
    endloop
  endfacet
  facet normal 0.722372 -0.691505 0
    outer loop
      vertex -0.0273335 0.0273335 0
      vertex -0.027433 0.0272294 0
      vertex -0.027433 0.0272294 -0.003
    endloop
  endfacet
  facet normal 0.751837 -0.65935 0
    outer loop
      vertex -0.027433 0.0272294 -0.003
      vertex -0.027433 0.0272294 0
      vertex -0.0275279 0.0271212 -0.003
    endloop
  endfacet
  facet normal 0.751837 -0.65935 0
    outer loop
      vertex -0.027433 0.0272294 0
      vertex -0.0275279 0.0271212 0
      vertex -0.0275279 0.0271212 -0.003
    endloop
  endfacet
  facet normal 0.779886 -0.625922 0
    outer loop
      vertex -0.0275279 0.0271212 -0.003
      vertex -0.0275279 0.0271212 0
      vertex -0.0276181 0.0270089 -0.003
    endloop
  endfacet
  facet normal 0.779886 -0.625922 0
    outer loop
      vertex -0.0275279 0.0271212 0
      vertex -0.0276181 0.0270089 0
      vertex -0.0276181 0.0270089 -0.003
    endloop
  endfacet
  facet normal 0.806447 -0.591306 0
    outer loop
      vertex -0.0276181 0.0270089 -0.003
      vertex -0.0276181 0.0270089 0
      vertex -0.0277032 0.0268928 -0.003
    endloop
  endfacet
  facet normal 0.806447 -0.591306 0
    outer loop
      vertex -0.0276181 0.0270089 0
      vertex -0.0277032 0.0268928 0
      vertex -0.0277032 0.0268928 -0.003
    endloop
  endfacet
  facet normal 0.831463 -0.555581 0
    outer loop
      vertex -0.0277032 0.0268928 -0.003
      vertex -0.0277032 0.0268928 0
      vertex -0.0277832 0.0267731 -0.003
    endloop
  endfacet
  facet normal 0.831463 -0.555581 0
    outer loop
      vertex -0.0277032 0.0268928 0
      vertex -0.0277832 0.0267731 0
      vertex -0.0277832 0.0267731 -0.003
    endloop
  endfacet
  facet normal 0.854918 -0.518762 0
    outer loop
      vertex -0.0277832 0.0267731 -0.003
      vertex -0.0277832 0.0267731 0
      vertex -0.0278579 0.02665 -0.003
    endloop
  endfacet
  facet normal 0.854918 -0.518762 0
    outer loop
      vertex -0.0277832 0.0267731 0
      vertex -0.0278579 0.02665 0
      vertex -0.0278579 0.02665 -0.003
    endloop
  endfacet
  facet normal 0.876723 -0.480995 0
    outer loop
      vertex -0.0278579 0.02665 -0.003
      vertex -0.0278579 0.02665 0
      vertex -0.0279271 0.0265238 -0.003
    endloop
  endfacet
  facet normal 0.876723 -0.480995 0
    outer loop
      vertex -0.0278579 0.02665 0
      vertex -0.0279271 0.0265238 0
      vertex -0.0279271 0.0265238 -0.003
    endloop
  endfacet
  facet normal 0.896872 -0.442291 0
    outer loop
      vertex -0.0279271 0.0265238 -0.003
      vertex -0.0279271 0.0265238 0
      vertex -0.0279908 0.0263946 -0.003
    endloop
  endfacet
  facet normal 0.896872 -0.442291 0
    outer loop
      vertex -0.0279271 0.0265238 0
      vertex -0.0279908 0.0263946 0
      vertex -0.0279908 0.0263946 -0.003
    endloop
  endfacet
  facet normal 0.915314 -0.40274 0
    outer loop
      vertex -0.0279908 0.0263946 -0.003
      vertex -0.0279908 0.0263946 0
      vertex -0.0280488 0.0262629 -0.003
    endloop
  endfacet
  facet normal 0.915314 -0.40274 0
    outer loop
      vertex -0.0279908 0.0263946 0
      vertex -0.0280488 0.0262629 0
      vertex -0.0280488 0.0262629 -0.003
    endloop
  endfacet
  facet normal 0.932006 -0.362443 0
    outer loop
      vertex -0.0280488 0.0262629 -0.003
      vertex -0.0280488 0.0262629 0
      vertex -0.028101 0.0261287 -0.003
    endloop
  endfacet
  facet normal 0.932006 -0.362443 0
    outer loop
      vertex -0.0280488 0.0262629 0
      vertex -0.028101 0.0261287 0
      vertex -0.028101 0.0261287 -0.003
    endloop
  endfacet
  facet normal 0.946933 -0.321431 0
    outer loop
      vertex -0.028101 0.0261287 -0.003
      vertex -0.028101 0.0261287 0
      vertex -0.0281473 0.0259923 -0.003
    endloop
  endfacet
  facet normal 0.946933 -0.321431 0
    outer loop
      vertex -0.028101 0.0261287 0
      vertex -0.0281473 0.0259923 0
      vertex -0.0281473 0.0259923 -0.003
    endloop
  endfacet
  facet normal 0.96005 -0.27983 0
    outer loop
      vertex -0.0281473 0.0259923 -0.003
      vertex -0.0281473 0.0259923 0
      vertex -0.0281876 0.0258541 -0.003
    endloop
  endfacet
  facet normal 0.96005 -0.27983 0
    outer loop
      vertex -0.0281473 0.0259923 0
      vertex -0.0281876 0.0258541 0
      vertex -0.0281876 0.0258541 -0.003
    endloop
  endfacet
  facet normal 0.971341 -0.23769 0
    outer loop
      vertex -0.0281876 0.0258541 -0.003
      vertex -0.0281876 0.0258541 0
      vertex -0.0282218 0.0257143 -0.003
    endloop
  endfacet
  facet normal 0.971341 -0.23769 0
    outer loop
      vertex -0.0281876 0.0258541 0
      vertex -0.0282218 0.0257143 0
      vertex -0.0282218 0.0257143 -0.003
    endloop
  endfacet
  facet normal 0.980785 -0.195091 0
    outer loop
      vertex -0.0282218 0.0257143 -0.003
      vertex -0.0282218 0.0257143 0
      vertex -0.0282499 0.025573 -0.003
    endloop
  endfacet
  facet normal 0.980785 -0.195091 0
    outer loop
      vertex -0.0282218 0.0257143 0
      vertex -0.0282499 0.025573 0
      vertex -0.0282499 0.025573 -0.003
    endloop
  endfacet
  facet normal 0.988361 -0.152126 0
    outer loop
      vertex -0.0282499 0.025573 -0.003
      vertex -0.0282499 0.025573 0
      vertex -0.0282718 0.0254307 -0.003
    endloop
  endfacet
  facet normal 0.988361 -0.152126 0
    outer loop
      vertex -0.0282499 0.025573 0
      vertex -0.0282718 0.0254307 0
      vertex -0.0282718 0.0254307 -0.003
    endloop
  endfacet
  facet normal 0.994057 -0.108864 0
    outer loop
      vertex -0.0282718 0.0254307 -0.003
      vertex -0.0282718 0.0254307 0
      vertex -0.0282874 0.0252876 -0.003
    endloop
  endfacet
  facet normal 0.994057 -0.108864 0
    outer loop
      vertex -0.0282718 0.0254307 0
      vertex -0.0282874 0.0252876 0
      vertex -0.0282874 0.0252876 -0.003
    endloop
  endfacet
  facet normal 0.997858 -0.0654096 0
    outer loop
      vertex -0.0282874 0.0252876 -0.003
      vertex -0.0282874 0.0252876 0
      vertex -0.0282969 0.0251439 -0.003
    endloop
  endfacet
  facet normal 0.997858 -0.0654096 0
    outer loop
      vertex -0.0282874 0.0252876 0
      vertex -0.0282969 0.0251439 0
      vertex -0.0282969 0.0251439 -0.003
    endloop
  endfacet
  facet normal 0.999762 -0.0218119 0
    outer loop
      vertex -0.0282969 0.0251439 -0.003
      vertex -0.0282969 0.0251439 0
      vertex -0.0283 0.025 -0.003
    endloop
  endfacet
  facet normal 0.999762 -0.0218119 0
    outer loop
      vertex -0.0282969 0.0251439 0
      vertex -0.0283 0.025 0
      vertex -0.0283 0.025 -0.003
    endloop
  endfacet
  facet normal 0.999762 0.0218116 0
    outer loop
      vertex -0.0283 0.025 -0.003
      vertex -0.0283 0.025 0
      vertex -0.0282969 0.0248561 -0.003
    endloop
  endfacet
  facet normal 0.999762 0.0218116 0
    outer loop
      vertex -0.0283 0.025 0
      vertex -0.0282969 0.0248561 0
      vertex -0.0282969 0.0248561 -0.003
    endloop
  endfacet
  facet normal 0.997858 0.0654096 0
    outer loop
      vertex -0.0282969 0.0248561 -0.003
      vertex -0.0282969 0.0248561 0
      vertex -0.0282874 0.0247124 -0.003
    endloop
  endfacet
  facet normal 0.997858 0.0654096 0
    outer loop
      vertex -0.0282969 0.0248561 0
      vertex -0.0282874 0.0247124 0
      vertex -0.0282874 0.0247124 -0.003
    endloop
  endfacet
  facet normal 0.994057 0.108865 0
    outer loop
      vertex -0.0282874 0.0247124 -0.003
      vertex -0.0282874 0.0247124 0
      vertex -0.0282718 0.0245693 -0.003
    endloop
  endfacet
  facet normal 0.994057 0.108865 0
    outer loop
      vertex -0.0282874 0.0247124 0
      vertex -0.0282718 0.0245693 0
      vertex -0.0282718 0.0245693 -0.003
    endloop
  endfacet
  facet normal 0.988361 0.152126 0
    outer loop
      vertex -0.0282718 0.0245693 -0.003
      vertex -0.0282718 0.0245693 0
      vertex -0.0282499 0.024427 -0.003
    endloop
  endfacet
  facet normal 0.988361 0.152126 0
    outer loop
      vertex -0.0282718 0.0245693 0
      vertex -0.0282499 0.024427 0
      vertex -0.0282499 0.024427 -0.003
    endloop
  endfacet
  facet normal 0.980786 0.195089 0
    outer loop
      vertex -0.0282499 0.024427 -0.003
      vertex -0.0282499 0.024427 0
      vertex -0.0282218 0.0242857 -0.003
    endloop
  endfacet
  facet normal 0.980786 0.195089 0
    outer loop
      vertex -0.0282499 0.024427 0
      vertex -0.0282218 0.0242857 0
      vertex -0.0282218 0.0242857 -0.003
    endloop
  endfacet
  facet normal 0.97134 0.237693 0
    outer loop
      vertex -0.0282218 0.0242857 -0.003
      vertex -0.0282218 0.0242857 0
      vertex -0.0281876 0.0241459 -0.003
    endloop
  endfacet
  facet normal 0.97134 0.237693 0
    outer loop
      vertex -0.0282218 0.0242857 0
      vertex -0.0281876 0.0241459 0
      vertex -0.0281876 0.0241459 -0.003
    endloop
  endfacet
  facet normal 0.960051 0.279826 0
    outer loop
      vertex -0.0281876 0.0241459 -0.003
      vertex -0.0281876 0.0241459 0
      vertex -0.0281473 0.0240077 -0.003
    endloop
  endfacet
  facet normal 0.960051 0.279826 0
    outer loop
      vertex -0.0281876 0.0241459 0
      vertex -0.0281473 0.0240077 0
      vertex -0.0281473 0.0240077 -0.003
    endloop
  endfacet
  facet normal 0.946932 0.321435 0
    outer loop
      vertex -0.0281473 0.0240077 -0.003
      vertex -0.0281473 0.0240077 0
      vertex -0.028101 0.0238713 -0.003
    endloop
  endfacet
  facet normal 0.946932 0.321435 0
    outer loop
      vertex -0.0281473 0.0240077 0
      vertex -0.028101 0.0238713 0
      vertex -0.028101 0.0238713 -0.003
    endloop
  endfacet
  facet normal 0.932006 0.362443 0
    outer loop
      vertex -0.028101 0.0238713 -0.003
      vertex -0.028101 0.0238713 0
      vertex -0.0280488 0.0237371 -0.003
    endloop
  endfacet
  facet normal 0.932006 0.362443 0
    outer loop
      vertex -0.028101 0.0238713 0
      vertex -0.0280488 0.0237371 0
      vertex -0.0280488 0.0237371 -0.003
    endloop
  endfacet
  facet normal 0.915314 0.40274 0
    outer loop
      vertex -0.0280488 0.0237371 -0.003
      vertex -0.0280488 0.0237371 0
      vertex -0.0279908 0.0236054 -0.003
    endloop
  endfacet
  facet normal 0.915314 0.40274 0
    outer loop
      vertex -0.0280488 0.0237371 0
      vertex -0.0279908 0.0236054 0
      vertex -0.0279908 0.0236054 -0.003
    endloop
  endfacet
  facet normal 0.896872 0.442291 0
    outer loop
      vertex -0.0279908 0.0236054 -0.003
      vertex -0.0279908 0.0236054 0
      vertex -0.0279271 0.0234762 -0.003
    endloop
  endfacet
  facet normal 0.896872 0.442291 0
    outer loop
      vertex -0.0279908 0.0236054 0
      vertex -0.0279271 0.0234762 0
      vertex -0.0279271 0.0234762 -0.003
    endloop
  endfacet
  facet normal 0.876723 0.480995 0
    outer loop
      vertex -0.0279271 0.0234762 -0.003
      vertex -0.0279271 0.0234762 0
      vertex -0.0278579 0.02335 -0.003
    endloop
  endfacet
  facet normal 0.876723 0.480995 0
    outer loop
      vertex -0.0279271 0.0234762 0
      vertex -0.0278579 0.02335 0
      vertex -0.0278579 0.02335 -0.003
    endloop
  endfacet
  facet normal 0.854918 0.518762 0
    outer loop
      vertex -0.0278579 0.02335 -0.003
      vertex -0.0278579 0.02335 0
      vertex -0.0277832 0.0232269 -0.003
    endloop
  endfacet
  facet normal 0.854918 0.518762 0
    outer loop
      vertex -0.0278579 0.02335 0
      vertex -0.0277832 0.0232269 0
      vertex -0.0277832 0.0232269 -0.003
    endloop
  endfacet
  facet normal 0.831467 0.555575 0
    outer loop
      vertex -0.0277832 0.0232269 -0.003
      vertex -0.0277832 0.0232269 0
      vertex -0.0277032 0.0231072 -0.003
    endloop
  endfacet
  facet normal 0.831467 0.555575 0
    outer loop
      vertex -0.0277832 0.0232269 0
      vertex -0.0277032 0.0231072 0
      vertex -0.0277032 0.0231072 -0.003
    endloop
  endfacet
  facet normal 0.806442 0.591313 0
    outer loop
      vertex -0.0277032 0.0231072 -0.003
      vertex -0.0277032 0.0231072 0
      vertex -0.0276181 0.0229911 -0.003
    endloop
  endfacet
  facet normal 0.806442 0.591313 0
    outer loop
      vertex -0.0277032 0.0231072 0
      vertex -0.0276181 0.0229911 0
      vertex -0.0276181 0.0229911 -0.003
    endloop
  endfacet
  facet normal 0.779886 0.625922 0
    outer loop
      vertex -0.0276181 0.0229911 -0.003
      vertex -0.0276181 0.0229911 0
      vertex -0.0275279 0.0228788 -0.003
    endloop
  endfacet
  facet normal 0.779886 0.625922 0
    outer loop
      vertex -0.0276181 0.0229911 0
      vertex -0.0275279 0.0228788 0
      vertex -0.0275279 0.0228788 -0.003
    endloop
  endfacet
  facet normal 0.751842 0.659343 0
    outer loop
      vertex -0.0275279 0.0228788 -0.003
      vertex -0.0275279 0.0228788 0
      vertex -0.027433 0.0227706 -0.003
    endloop
  endfacet
  facet normal 0.751842 0.659343 0
    outer loop
      vertex -0.0275279 0.0228788 0
      vertex -0.027433 0.0227706 0
      vertex -0.027433 0.0227706 -0.003
    endloop
  endfacet
  facet normal 0.722366 0.691511 0
    outer loop
      vertex -0.027433 0.0227706 -0.003
      vertex -0.027433 0.0227706 0
      vertex -0.0273335 0.0226665 -0.003
    endloop
  endfacet
  facet normal 0.722366 0.691511 0
    outer loop
      vertex -0.027433 0.0227706 0
      vertex -0.0273335 0.0226665 0
      vertex -0.0273335 0.0226665 -0.003
    endloop
  endfacet
  facet normal 0.691505 0.722372 0
    outer loop
      vertex -0.0273335 0.0226665 -0.003
      vertex -0.0273335 0.0226665 0
      vertex -0.0272294 0.022567 -0.003
    endloop
  endfacet
  facet normal 0.691505 0.722372 0
    outer loop
      vertex -0.0273335 0.0226665 0
      vertex -0.0272294 0.022567 0
      vertex -0.0272294 0.022567 -0.003
    endloop
  endfacet
  facet normal 0.65935 0.751837 0
    outer loop
      vertex -0.0272294 0.022567 -0.003
      vertex -0.0272294 0.022567 0
      vertex -0.0271212 0.0224721 -0.003
    endloop
  endfacet
  facet normal 0.65935 0.751837 0
    outer loop
      vertex -0.0272294 0.022567 0
      vertex -0.0271212 0.0224721 0
      vertex -0.0271212 0.0224721 -0.003
    endloop
  endfacet
  facet normal 0.62593 0.77988 0
    outer loop
      vertex -0.0271212 0.0224721 -0.003
      vertex -0.0271212 0.0224721 0
      vertex -0.0270089 0.0223819 -0.003
    endloop
  endfacet
  facet normal 0.62593 0.77988 0
    outer loop
      vertex -0.0271212 0.0224721 0
      vertex -0.0270089 0.0223819 0
      vertex -0.0270089 0.0223819 -0.003
    endloop
  endfacet
  facet normal 0.591306 0.806447 0
    outer loop
      vertex -0.0270089 0.0223819 -0.003
      vertex -0.0270089 0.0223819 0
      vertex -0.0268928 0.0222968 -0.003
    endloop
  endfacet
  facet normal 0.591306 0.806447 0
    outer loop
      vertex -0.0270089 0.0223819 0
      vertex -0.0268928 0.0222968 0
      vertex -0.0268928 0.0222968 -0.003
    endloop
  endfacet
  facet normal 0.555572 0.831469 0
    outer loop
      vertex -0.0268928 0.0222968 -0.003
      vertex -0.0268928 0.0222968 0
      vertex -0.0267731 0.0222168 -0.003
    endloop
  endfacet
  facet normal 0.555572 0.831469 0
    outer loop
      vertex -0.0268928 0.0222968 0
      vertex -0.0267731 0.0222168 0
      vertex -0.0267731 0.0222168 -0.003
    endloop
  endfacet
  facet normal 0.518772 0.854913 0
    outer loop
      vertex -0.0267731 0.0222168 -0.003
      vertex -0.0267731 0.0222168 0
      vertex -0.02665 0.0221421 -0.003
    endloop
  endfacet
  facet normal 0.518772 0.854913 0
    outer loop
      vertex -0.0267731 0.0222168 0
      vertex -0.02665 0.0221421 0
      vertex -0.02665 0.0221421 -0.003
    endloop
  endfacet
  facet normal 0.480985 0.876729 0
    outer loop
      vertex -0.02665 0.0221421 -0.003
      vertex -0.02665 0.0221421 0
      vertex -0.0265238 0.0220729 -0.003
    endloop
  endfacet
  facet normal 0.480985 0.876729 0
    outer loop
      vertex -0.02665 0.0221421 0
      vertex -0.0265238 0.0220729 0
      vertex -0.0265238 0.0220729 -0.003
    endloop
  endfacet
  facet normal 0.442291 0.896872 0
    outer loop
      vertex -0.0265238 0.0220729 -0.003
      vertex -0.0265238 0.0220729 0
      vertex -0.0263946 0.0220092 -0.003
    endloop
  endfacet
  facet normal 0.442291 0.896872 0
    outer loop
      vertex -0.0265238 0.0220729 0
      vertex -0.0263946 0.0220092 0
      vertex -0.0263946 0.0220092 -0.003
    endloop
  endfacet
  facet normal 0.402751 0.91531 0
    outer loop
      vertex -0.0263946 0.0220092 -0.003
      vertex -0.0263946 0.0220092 0
      vertex -0.0262629 0.0219512 -0.003
    endloop
  endfacet
  facet normal 0.402751 0.91531 0
    outer loop
      vertex -0.0263946 0.0220092 0
      vertex -0.0262629 0.0219512 0
      vertex -0.0262629 0.0219512 -0.003
    endloop
  endfacet
  facet normal 0.362431 0.93201 0
    outer loop
      vertex -0.0262629 0.0219512 -0.003
      vertex -0.0262629 0.0219512 0
      vertex -0.0261287 0.021899 -0.003
    endloop
  endfacet
  facet normal 0.362431 0.93201 0
    outer loop
      vertex -0.0262629 0.0219512 0
      vertex -0.0261287 0.021899 0
      vertex -0.0261287 0.021899 -0.003
    endloop
  endfacet
  facet normal 0.321443 0.946929 0
    outer loop
      vertex -0.0261287 0.021899 -0.003
      vertex -0.0261287 0.021899 0
      vertex -0.0259923 0.0218527 -0.003
    endloop
  endfacet
  facet normal 0.321443 0.946929 0
    outer loop
      vertex -0.0261287 0.021899 0
      vertex -0.0259923 0.0218527 0
      vertex -0.0259923 0.0218527 -0.003
    endloop
  endfacet
  facet normal 0.27983 0.96005 0
    outer loop
      vertex -0.0259923 0.0218527 -0.003
      vertex -0.0259923 0.0218527 0
      vertex -0.0258541 0.0218124 -0.003
    endloop
  endfacet
  facet normal 0.27983 0.96005 0
    outer loop
      vertex -0.0259923 0.0218527 0
      vertex -0.0258541 0.0218124 0
      vertex -0.0258541 0.0218124 -0.003
    endloop
  endfacet
  facet normal 0.237677 0.971344 0
    outer loop
      vertex -0.0258541 0.0218124 -0.003
      vertex -0.0258541 0.0218124 0
      vertex -0.0257143 0.0217782 -0.003
    endloop
  endfacet
  facet normal 0.237677 0.971344 0
    outer loop
      vertex -0.0258541 0.0218124 0
      vertex -0.0257143 0.0217782 0
      vertex -0.0257143 0.0217782 -0.003
    endloop
  endfacet
  facet normal 0.195103 0.980783 0
    outer loop
      vertex -0.0257143 0.0217782 -0.003
      vertex -0.0257143 0.0217782 0
      vertex -0.025573 0.0217501 -0.003
    endloop
  endfacet
  facet normal 0.195103 0.980783 0
    outer loop
      vertex -0.0257143 0.0217782 0
      vertex -0.025573 0.0217501 0
      vertex -0.025573 0.0217501 -0.003
    endloop
  endfacet
  facet normal 0.152114 0.988363 0
    outer loop
      vertex -0.025573 0.0217501 -0.003
      vertex -0.025573 0.0217501 0
      vertex -0.0254307 0.0217282 -0.003
    endloop
  endfacet
  facet normal 0.152114 0.988363 0
    outer loop
      vertex -0.025573 0.0217501 0
      vertex -0.0254307 0.0217282 0
      vertex -0.0254307 0.0217282 -0.003
    endloop
  endfacet
  facet normal 0.108864 0.994057 0
    outer loop
      vertex -0.0254307 0.0217282 -0.003
      vertex -0.0254307 0.0217282 0
      vertex -0.0252876 0.0217126 -0.003
    endloop
  endfacet
  facet normal 0.108864 0.994057 0
    outer loop
      vertex -0.0254307 0.0217282 0
      vertex -0.0252876 0.0217126 0
      vertex -0.0252876 0.0217126 -0.003
    endloop
  endfacet
  facet normal 0.0654096 0.997858 0
    outer loop
      vertex -0.0252876 0.0217126 -0.003
      vertex -0.0252876 0.0217126 0
      vertex -0.0251439 0.0217031 -0.003
    endloop
  endfacet
  facet normal 0.0654096 0.997858 0
    outer loop
      vertex -0.0252876 0.0217126 0
      vertex -0.0251439 0.0217031 0
      vertex -0.0251439 0.0217031 -0.003
    endloop
  endfacet
  facet normal 0.0218119 0.999762 0
    outer loop
      vertex -0.0251439 0.0217031 -0.003
      vertex -0.0251439 0.0217031 0
      vertex -0.025 0.0217 -0.003
    endloop
  endfacet
  facet normal 0.0218119 0.999762 0
    outer loop
      vertex -0.0251439 0.0217031 0
      vertex -0.025 0.0217 0
      vertex -0.025 0.0217 -0.003
    endloop
  endfacet
  facet normal -0.0218116 0.999762 0
    outer loop
      vertex -0.025 0.0217 -0.003
      vertex -0.025 0.0217 0
      vertex -0.0248561 0.0217031 -0.003
    endloop
  endfacet
  facet normal -0.0218116 0.999762 0
    outer loop
      vertex -0.025 0.0217 0
      vertex -0.0248561 0.0217031 0
      vertex -0.0248561 0.0217031 -0.003
    endloop
  endfacet
  facet normal -0.0654096 0.997858 0
    outer loop
      vertex -0.0248561 0.0217031 -0.003
      vertex -0.0248561 0.0217031 0
      vertex -0.0247124 0.0217126 -0.003
    endloop
  endfacet
  facet normal -0.0654096 0.997858 0
    outer loop
      vertex -0.0248561 0.0217031 0
      vertex -0.0247124 0.0217126 0
      vertex -0.0247124 0.0217126 -0.003
    endloop
  endfacet
  facet normal -0.108865 0.994057 0
    outer loop
      vertex -0.0247124 0.0217126 -0.003
      vertex -0.0247124 0.0217126 0
      vertex -0.0245693 0.0217282 -0.003
    endloop
  endfacet
  facet normal -0.108865 0.994057 0
    outer loop
      vertex -0.0247124 0.0217126 0
      vertex -0.0245693 0.0217282 0
      vertex -0.0245693 0.0217282 -0.003
    endloop
  endfacet
  facet normal -0.152114 0.988363 0
    outer loop
      vertex -0.0245693 0.0217282 -0.003
      vertex -0.0245693 0.0217282 0
      vertex -0.024427 0.0217501 -0.003
    endloop
  endfacet
  facet normal -0.152114 0.988363 0
    outer loop
      vertex -0.0245693 0.0217282 0
      vertex -0.024427 0.0217501 0
      vertex -0.024427 0.0217501 -0.003
    endloop
  endfacet
  facet normal -0.195101 0.980783 0
    outer loop
      vertex -0.024427 0.0217501 -0.003
      vertex -0.024427 0.0217501 0
      vertex -0.0242857 0.0217782 -0.003
    endloop
  endfacet
  facet normal -0.195101 0.980783 0
    outer loop
      vertex -0.024427 0.0217501 0
      vertex -0.0242857 0.0217782 0
      vertex -0.0242857 0.0217782 -0.003
    endloop
  endfacet
  facet normal -0.23768 0.971343 0
    outer loop
      vertex -0.0242857 0.0217782 -0.003
      vertex -0.0242857 0.0217782 0
      vertex -0.0241459 0.0218124 -0.003
    endloop
  endfacet
  facet normal -0.23768 0.971343 0
    outer loop
      vertex -0.0242857 0.0217782 0
      vertex -0.0241459 0.0218124 0
      vertex -0.0241459 0.0218124 -0.003
    endloop
  endfacet
  facet normal -0.279826 0.960051 0
    outer loop
      vertex -0.0241459 0.0218124 -0.003
      vertex -0.0241459 0.0218124 0
      vertex -0.0240077 0.0218527 -0.003
    endloop
  endfacet
  facet normal -0.279826 0.960051 0
    outer loop
      vertex -0.0241459 0.0218124 0
      vertex -0.0240077 0.0218527 0
      vertex -0.0240077 0.0218527 -0.003
    endloop
  endfacet
  facet normal -0.321447 0.946928 0
    outer loop
      vertex -0.0240077 0.0218527 -0.003
      vertex -0.0240077 0.0218527 0
      vertex -0.0238713 0.021899 -0.003
    endloop
  endfacet
  facet normal -0.321447 0.946928 0
    outer loop
      vertex -0.0240077 0.0218527 0
      vertex -0.0238713 0.021899 0
      vertex -0.0238713 0.021899 -0.003
    endloop
  endfacet
  facet normal -0.362431 0.93201 0
    outer loop
      vertex -0.0238713 0.021899 -0.003
      vertex -0.0238713 0.021899 0
      vertex -0.0237371 0.0219512 -0.003
    endloop
  endfacet
  facet normal -0.362431 0.93201 0
    outer loop
      vertex -0.0238713 0.021899 0
      vertex -0.0237371 0.0219512 0
      vertex -0.0237371 0.0219512 -0.003
    endloop
  endfacet
  facet normal -0.402751 0.91531 0
    outer loop
      vertex -0.0237371 0.0219512 -0.003
      vertex -0.0237371 0.0219512 0
      vertex -0.0236054 0.0220092 -0.003
    endloop
  endfacet
  facet normal -0.402751 0.91531 0
    outer loop
      vertex -0.0237371 0.0219512 0
      vertex -0.0236054 0.0220092 0
      vertex -0.0236054 0.0220092 -0.003
    endloop
  endfacet
  facet normal -0.442291 0.896872 0
    outer loop
      vertex -0.0236054 0.0220092 -0.003
      vertex -0.0236054 0.0220092 0
      vertex -0.0234762 0.0220729 -0.003
    endloop
  endfacet
  facet normal -0.442291 0.896872 0
    outer loop
      vertex -0.0236054 0.0220092 0
      vertex -0.0234762 0.0220729 0
      vertex -0.0234762 0.0220729 -0.003
    endloop
  endfacet
  facet normal -0.480985 0.876729 0
    outer loop
      vertex -0.0234762 0.0220729 -0.003
      vertex -0.0234762 0.0220729 0
      vertex -0.02335 0.0221421 -0.003
    endloop
  endfacet
  facet normal -0.480985 0.876729 0
    outer loop
      vertex -0.0234762 0.0220729 0
      vertex -0.02335 0.0221421 0
      vertex -0.02335 0.0221421 -0.003
    endloop
  endfacet
  facet normal -0.518772 0.854913 0
    outer loop
      vertex -0.02335 0.0221421 -0.003
      vertex -0.02335 0.0221421 0
      vertex -0.0232269 0.0222168 -0.003
    endloop
  endfacet
  facet normal -0.518772 0.854913 0
    outer loop
      vertex -0.02335 0.0221421 0
      vertex -0.0232269 0.0222168 0
      vertex -0.0232269 0.0222168 -0.003
    endloop
  endfacet
  facet normal -0.555566 0.831473 0
    outer loop
      vertex -0.0232269 0.0222168 -0.003
      vertex -0.0232269 0.0222168 0
      vertex -0.0231072 0.0222968 -0.003
    endloop
  endfacet
  facet normal -0.555566 0.831473 0
    outer loop
      vertex -0.0232269 0.0222168 0
      vertex -0.0231072 0.0222968 0
      vertex -0.0231072 0.0222968 -0.003
    endloop
  endfacet
  facet normal -0.591313 0.806442 0
    outer loop
      vertex -0.0231072 0.0222968 -0.003
      vertex -0.0231072 0.0222968 0
      vertex -0.0229911 0.0223819 -0.003
    endloop
  endfacet
  facet normal -0.591313 0.806442 0
    outer loop
      vertex -0.0231072 0.0222968 0
      vertex -0.0229911 0.0223819 0
      vertex -0.0229911 0.0223819 -0.003
    endloop
  endfacet
  facet normal -0.62593 0.77988 0
    outer loop
      vertex -0.0229911 0.0223819 -0.003
      vertex -0.0229911 0.0223819 0
      vertex -0.0228788 0.0224721 -0.003
    endloop
  endfacet
  facet normal -0.62593 0.77988 0
    outer loop
      vertex -0.0229911 0.0223819 0
      vertex -0.0228788 0.0224721 0
      vertex -0.0228788 0.0224721 -0.003
    endloop
  endfacet
  facet normal -0.659343 0.751842 0
    outer loop
      vertex -0.0228788 0.0224721 -0.003
      vertex -0.0228788 0.0224721 0
      vertex -0.0227706 0.022567 -0.003
    endloop
  endfacet
  facet normal -0.659343 0.751842 0
    outer loop
      vertex -0.0228788 0.0224721 0
      vertex -0.0227706 0.022567 0
      vertex -0.0227706 0.022567 -0.003
    endloop
  endfacet
  facet normal -0.691511 0.722366 0
    outer loop
      vertex -0.0227706 0.022567 -0.003
      vertex -0.0227706 0.022567 0
      vertex -0.0226665 0.0226665 -0.003
    endloop
  endfacet
  facet normal -0.691511 0.722366 0
    outer loop
      vertex -0.0227706 0.022567 0
      vertex -0.0226665 0.0226665 0
      vertex -0.0226665 0.0226665 -0.003
    endloop
  endfacet
  facet normal -0.722366 0.691511 0
    outer loop
      vertex -0.0226665 0.0226665 -0.003
      vertex -0.0226665 0.0226665 0
      vertex -0.022567 0.0227706 -0.003
    endloop
  endfacet
  facet normal -0.722366 0.691511 0
    outer loop
      vertex -0.0226665 0.0226665 0
      vertex -0.022567 0.0227706 0
      vertex -0.022567 0.0227706 -0.003
    endloop
  endfacet
  facet normal -0.751842 0.659343 0
    outer loop
      vertex -0.022567 0.0227706 -0.003
      vertex -0.022567 0.0227706 0
      vertex -0.0224721 0.0228788 -0.003
    endloop
  endfacet
  facet normal -0.751842 0.659343 0
    outer loop
      vertex -0.022567 0.0227706 0
      vertex -0.0224721 0.0228788 0
      vertex -0.0224721 0.0228788 -0.003
    endloop
  endfacet
  facet normal -0.77988 0.62593 0
    outer loop
      vertex -0.0224721 0.0228788 -0.003
      vertex -0.0224721 0.0228788 0
      vertex -0.0223819 0.0229911 -0.003
    endloop
  endfacet
  facet normal -0.77988 0.62593 0
    outer loop
      vertex -0.0224721 0.0228788 0
      vertex -0.0223819 0.0229911 0
      vertex -0.0223819 0.0229911 -0.003
    endloop
  endfacet
  facet normal -0.806442 0.591313 0
    outer loop
      vertex -0.0223819 0.0229911 -0.003
      vertex -0.0223819 0.0229911 0
      vertex -0.0222968 0.0231072 -0.003
    endloop
  endfacet
  facet normal -0.806442 0.591313 0
    outer loop
      vertex -0.0223819 0.0229911 0
      vertex -0.0222968 0.0231072 0
      vertex -0.0222968 0.0231072 -0.003
    endloop
  endfacet
  facet normal -0.831473 0.555566 0
    outer loop
      vertex -0.0222968 0.0231072 -0.003
      vertex -0.0222968 0.0231072 0
      vertex -0.0222168 0.0232269 -0.003
    endloop
  endfacet
  facet normal -0.831473 0.555566 0
    outer loop
      vertex -0.0222968 0.0231072 0
      vertex -0.0222168 0.0232269 0
      vertex -0.0222168 0.0232269 -0.003
    endloop
  endfacet
  facet normal -0.854913 0.518772 0
    outer loop
      vertex -0.0222168 0.0232269 -0.003
      vertex -0.0222168 0.0232269 0
      vertex -0.0221421 0.02335 -0.003
    endloop
  endfacet
  facet normal -0.854913 0.518772 0
    outer loop
      vertex -0.0222168 0.0232269 0
      vertex -0.0221421 0.02335 0
      vertex -0.0221421 0.02335 -0.003
    endloop
  endfacet
  facet normal -0.876729 0.480985 0
    outer loop
      vertex -0.0221421 0.02335 -0.003
      vertex -0.0221421 0.02335 0
      vertex -0.0220729 0.0234762 -0.003
    endloop
  endfacet
  facet normal -0.876729 0.480985 0
    outer loop
      vertex -0.0221421 0.02335 0
      vertex -0.0220729 0.0234762 0
      vertex -0.0220729 0.0234762 -0.003
    endloop
  endfacet
  facet normal -0.896872 0.442291 0
    outer loop
      vertex -0.0220729 0.0234762 -0.003
      vertex -0.0220729 0.0234762 0
      vertex -0.0220092 0.0236054 -0.003
    endloop
  endfacet
  facet normal -0.896872 0.442291 0
    outer loop
      vertex -0.0220729 0.0234762 0
      vertex -0.0220092 0.0236054 0
      vertex -0.0220092 0.0236054 -0.003
    endloop
  endfacet
  facet normal -0.91531 0.402751 0
    outer loop
      vertex -0.0220092 0.0236054 -0.003
      vertex -0.0220092 0.0236054 0
      vertex -0.0219512 0.0237371 -0.003
    endloop
  endfacet
  facet normal -0.91531 0.402751 0
    outer loop
      vertex -0.0220092 0.0236054 0
      vertex -0.0219512 0.0237371 0
      vertex -0.0219512 0.0237371 -0.003
    endloop
  endfacet
  facet normal -0.93201 0.362431 0
    outer loop
      vertex -0.0219512 0.0237371 -0.003
      vertex -0.0219512 0.0237371 0
      vertex -0.021899 0.0238713 -0.003
    endloop
  endfacet
  facet normal -0.93201 0.362431 0
    outer loop
      vertex -0.0219512 0.0237371 0
      vertex -0.021899 0.0238713 0
      vertex -0.021899 0.0238713 -0.003
    endloop
  endfacet
  facet normal -0.946928 0.321447 0
    outer loop
      vertex -0.021899 0.0238713 -0.003
      vertex -0.021899 0.0238713 0
      vertex -0.0218527 0.0240077 -0.003
    endloop
  endfacet
  facet normal -0.946928 0.321447 0
    outer loop
      vertex -0.021899 0.0238713 0
      vertex -0.0218527 0.0240077 0
      vertex -0.0218527 0.0240077 -0.003
    endloop
  endfacet
  facet normal -0.960051 0.279826 0
    outer loop
      vertex -0.0218527 0.0240077 -0.003
      vertex -0.0218527 0.0240077 0
      vertex -0.0218124 0.0241459 -0.003
    endloop
  endfacet
  facet normal -0.960051 0.279826 0
    outer loop
      vertex -0.0218527 0.0240077 0
      vertex -0.0218124 0.0241459 0
      vertex -0.0218124 0.0241459 -0.003
    endloop
  endfacet
  facet normal -0.971343 0.23768 0
    outer loop
      vertex -0.0218124 0.0241459 -0.003
      vertex -0.0218124 0.0241459 0
      vertex -0.0217782 0.0242857 -0.003
    endloop
  endfacet
  facet normal -0.971343 0.23768 0
    outer loop
      vertex -0.0218124 0.0241459 0
      vertex -0.0217782 0.0242857 0
      vertex -0.0217782 0.0242857 -0.003
    endloop
  endfacet
  facet normal -0.980783 0.195101 0
    outer loop
      vertex -0.0217782 0.0242857 -0.003
      vertex -0.0217782 0.0242857 0
      vertex -0.0217501 0.024427 -0.003
    endloop
  endfacet
  facet normal -0.980783 0.195101 0
    outer loop
      vertex -0.0217782 0.0242857 0
      vertex -0.0217501 0.024427 0
      vertex -0.0217501 0.024427 -0.003
    endloop
  endfacet
  facet normal -0.988363 0.152114 0
    outer loop
      vertex -0.0217501 0.024427 -0.003
      vertex -0.0217501 0.024427 0
      vertex -0.0217282 0.0245693 -0.003
    endloop
  endfacet
  facet normal -0.988363 0.152114 0
    outer loop
      vertex -0.0217501 0.024427 0
      vertex -0.0217282 0.0245693 0
      vertex -0.0217282 0.0245693 -0.003
    endloop
  endfacet
  facet normal -0.994057 0.108865 0
    outer loop
      vertex -0.0217282 0.0245693 -0.003
      vertex -0.0217282 0.0245693 0
      vertex -0.0217126 0.0247124 -0.003
    endloop
  endfacet
  facet normal -0.994057 0.108865 0
    outer loop
      vertex -0.0217282 0.0245693 0
      vertex -0.0217126 0.0247124 0
      vertex -0.0217126 0.0247124 -0.003
    endloop
  endfacet
  facet normal -0.997858 0.0654096 0
    outer loop
      vertex -0.0217126 0.0247124 -0.003
      vertex -0.0217126 0.0247124 0
      vertex -0.0217031 0.0248561 -0.003
    endloop
  endfacet
  facet normal -0.997858 0.0654096 0
    outer loop
      vertex -0.0217126 0.0247124 0
      vertex -0.0217031 0.0248561 0
      vertex -0.0217031 0.0248561 -0.003
    endloop
  endfacet
  facet normal -0.999762 0.0218116 0
    outer loop
      vertex -0.0217031 0.0248561 -0.003
      vertex -0.0217031 0.0248561 0
      vertex -0.0217 0.025 -0.003
    endloop
  endfacet
  facet normal -0.999762 0.0218116 0
    outer loop
      vertex -0.0217031 0.0248561 0
      vertex -0.0217 0.025 0
      vertex -0.0217 0.025 -0.003
    endloop
  endfacet
  facet normal -0.999762 -0.0218116 0
    outer loop
      vertex 0.0283 -0.025 -0.003
      vertex 0.0283 -0.025 0
      vertex 0.0282969 -0.0248561 -0.003
    endloop
  endfacet
  facet normal -0.999762 -0.0218116 0
    outer loop
      vertex 0.0283 -0.025 0
      vertex 0.0282969 -0.0248561 0
      vertex 0.0282969 -0.0248561 -0.003
    endloop
  endfacet
  facet normal -0.997858 -0.0654096 0
    outer loop
      vertex 0.0282969 -0.0248561 -0.003
      vertex 0.0282969 -0.0248561 0
      vertex 0.0282874 -0.0247124 -0.003
    endloop
  endfacet
  facet normal -0.997858 -0.0654096 0
    outer loop
      vertex 0.0282969 -0.0248561 0
      vertex 0.0282874 -0.0247124 0
      vertex 0.0282874 -0.0247124 -0.003
    endloop
  endfacet
  facet normal -0.994057 -0.108865 0
    outer loop
      vertex 0.0282874 -0.0247124 -0.003
      vertex 0.0282874 -0.0247124 0
      vertex 0.0282718 -0.0245693 -0.003
    endloop
  endfacet
  facet normal -0.994057 -0.108865 0
    outer loop
      vertex 0.0282874 -0.0247124 0
      vertex 0.0282718 -0.0245693 0
      vertex 0.0282718 -0.0245693 -0.003
    endloop
  endfacet
  facet normal -0.988361 -0.152126 0
    outer loop
      vertex 0.0282718 -0.0245693 -0.003
      vertex 0.0282718 -0.0245693 0
      vertex 0.0282499 -0.024427 -0.003
    endloop
  endfacet
  facet normal -0.988361 -0.152126 0
    outer loop
      vertex 0.0282718 -0.0245693 0
      vertex 0.0282499 -0.024427 0
      vertex 0.0282499 -0.024427 -0.003
    endloop
  endfacet
  facet normal -0.980786 -0.195089 0
    outer loop
      vertex 0.0282499 -0.024427 -0.003
      vertex 0.0282499 -0.024427 0
      vertex 0.0282218 -0.0242857 -0.003
    endloop
  endfacet
  facet normal -0.980786 -0.195089 0
    outer loop
      vertex 0.0282499 -0.024427 0
      vertex 0.0282218 -0.0242857 0
      vertex 0.0282218 -0.0242857 -0.003
    endloop
  endfacet
  facet normal -0.97134 -0.237693 0
    outer loop
      vertex 0.0282218 -0.0242857 -0.003
      vertex 0.0282218 -0.0242857 0
      vertex 0.0281876 -0.0241459 -0.003
    endloop
  endfacet
  facet normal -0.97134 -0.237693 0
    outer loop
      vertex 0.0282218 -0.0242857 0
      vertex 0.0281876 -0.0241459 0
      vertex 0.0281876 -0.0241459 -0.003
    endloop
  endfacet
  facet normal -0.960051 -0.279826 0
    outer loop
      vertex 0.0281876 -0.0241459 -0.003
      vertex 0.0281876 -0.0241459 0
      vertex 0.0281473 -0.0240077 -0.003
    endloop
  endfacet
  facet normal -0.960051 -0.279826 0
    outer loop
      vertex 0.0281876 -0.0241459 0
      vertex 0.0281473 -0.0240077 0
      vertex 0.0281473 -0.0240077 -0.003
    endloop
  endfacet
  facet normal -0.946932 -0.321435 0
    outer loop
      vertex 0.0281473 -0.0240077 -0.003
      vertex 0.0281473 -0.0240077 0
      vertex 0.028101 -0.0238713 -0.003
    endloop
  endfacet
  facet normal -0.946932 -0.321435 0
    outer loop
      vertex 0.0281473 -0.0240077 0
      vertex 0.028101 -0.0238713 0
      vertex 0.028101 -0.0238713 -0.003
    endloop
  endfacet
  facet normal -0.932006 -0.362443 0
    outer loop
      vertex 0.028101 -0.0238713 -0.003
      vertex 0.028101 -0.0238713 0
      vertex 0.0280488 -0.0237371 -0.003
    endloop
  endfacet
  facet normal -0.932006 -0.362443 0
    outer loop
      vertex 0.028101 -0.0238713 0
      vertex 0.0280488 -0.0237371 0
      vertex 0.0280488 -0.0237371 -0.003
    endloop
  endfacet
  facet normal -0.915314 -0.40274 0
    outer loop
      vertex 0.0280488 -0.0237371 -0.003
      vertex 0.0280488 -0.0237371 0
      vertex 0.0279908 -0.0236054 -0.003
    endloop
  endfacet
  facet normal -0.915314 -0.40274 0
    outer loop
      vertex 0.0280488 -0.0237371 0
      vertex 0.0279908 -0.0236054 0
      vertex 0.0279908 -0.0236054 -0.003
    endloop
  endfacet
  facet normal -0.896872 -0.442291 0
    outer loop
      vertex 0.0279908 -0.0236054 -0.003
      vertex 0.0279908 -0.0236054 0
      vertex 0.0279271 -0.0234762 -0.003
    endloop
  endfacet
  facet normal -0.896872 -0.442291 0
    outer loop
      vertex 0.0279908 -0.0236054 0
      vertex 0.0279271 -0.0234762 0
      vertex 0.0279271 -0.0234762 -0.003
    endloop
  endfacet
  facet normal -0.876723 -0.480995 0
    outer loop
      vertex 0.0279271 -0.0234762 -0.003
      vertex 0.0279271 -0.0234762 0
      vertex 0.0278579 -0.02335 -0.003
    endloop
  endfacet
  facet normal -0.876723 -0.480995 0
    outer loop
      vertex 0.0279271 -0.0234762 0
      vertex 0.0278579 -0.02335 0
      vertex 0.0278579 -0.02335 -0.003
    endloop
  endfacet
  facet normal -0.854918 -0.518762 0
    outer loop
      vertex 0.0278579 -0.02335 -0.003
      vertex 0.0278579 -0.02335 0
      vertex 0.0277832 -0.0232269 -0.003
    endloop
  endfacet
  facet normal -0.854918 -0.518762 0
    outer loop
      vertex 0.0278579 -0.02335 0
      vertex 0.0277832 -0.0232269 0
      vertex 0.0277832 -0.0232269 -0.003
    endloop
  endfacet
  facet normal -0.831467 -0.555575 0
    outer loop
      vertex 0.0277832 -0.0232269 -0.003
      vertex 0.0277832 -0.0232269 0
      vertex 0.0277032 -0.0231072 -0.003
    endloop
  endfacet
  facet normal -0.831467 -0.555575 0
    outer loop
      vertex 0.0277832 -0.0232269 0
      vertex 0.0277032 -0.0231072 0
      vertex 0.0277032 -0.0231072 -0.003
    endloop
  endfacet
  facet normal -0.806442 -0.591313 0
    outer loop
      vertex 0.0277032 -0.0231072 -0.003
      vertex 0.0277032 -0.0231072 0
      vertex 0.0276181 -0.0229911 -0.003
    endloop
  endfacet
  facet normal -0.806442 -0.591313 0
    outer loop
      vertex 0.0277032 -0.0231072 0
      vertex 0.0276181 -0.0229911 0
      vertex 0.0276181 -0.0229911 -0.003
    endloop
  endfacet
  facet normal -0.779886 -0.625922 0
    outer loop
      vertex 0.0276181 -0.0229911 -0.003
      vertex 0.0276181 -0.0229911 0
      vertex 0.0275279 -0.0228788 -0.003
    endloop
  endfacet
  facet normal -0.779886 -0.625922 0
    outer loop
      vertex 0.0276181 -0.0229911 0
      vertex 0.0275279 -0.0228788 0
      vertex 0.0275279 -0.0228788 -0.003
    endloop
  endfacet
  facet normal -0.751842 -0.659343 0
    outer loop
      vertex 0.0275279 -0.0228788 -0.003
      vertex 0.0275279 -0.0228788 0
      vertex 0.027433 -0.0227706 -0.003
    endloop
  endfacet
  facet normal -0.751842 -0.659343 0
    outer loop
      vertex 0.0275279 -0.0228788 0
      vertex 0.027433 -0.0227706 0
      vertex 0.027433 -0.0227706 -0.003
    endloop
  endfacet
  facet normal -0.722366 -0.691511 0
    outer loop
      vertex 0.027433 -0.0227706 -0.003
      vertex 0.027433 -0.0227706 0
      vertex 0.0273335 -0.0226665 -0.003
    endloop
  endfacet
  facet normal -0.722366 -0.691511 0
    outer loop
      vertex 0.027433 -0.0227706 0
      vertex 0.0273335 -0.0226665 0
      vertex 0.0273335 -0.0226665 -0.003
    endloop
  endfacet
  facet normal -0.691505 -0.722372 0
    outer loop
      vertex 0.0273335 -0.0226665 -0.003
      vertex 0.0273335 -0.0226665 0
      vertex 0.0272294 -0.022567 -0.003
    endloop
  endfacet
  facet normal -0.691505 -0.722372 0
    outer loop
      vertex 0.0273335 -0.0226665 0
      vertex 0.0272294 -0.022567 0
      vertex 0.0272294 -0.022567 -0.003
    endloop
  endfacet
  facet normal -0.65935 -0.751837 0
    outer loop
      vertex 0.0272294 -0.022567 -0.003
      vertex 0.0272294 -0.022567 0
      vertex 0.0271212 -0.0224721 -0.003
    endloop
  endfacet
  facet normal -0.65935 -0.751837 0
    outer loop
      vertex 0.0272294 -0.022567 0
      vertex 0.0271212 -0.0224721 0
      vertex 0.0271212 -0.0224721 -0.003
    endloop
  endfacet
  facet normal -0.62593 -0.77988 0
    outer loop
      vertex 0.0271212 -0.0224721 -0.003
      vertex 0.0271212 -0.0224721 0
      vertex 0.0270089 -0.0223819 -0.003
    endloop
  endfacet
  facet normal -0.62593 -0.77988 0
    outer loop
      vertex 0.0271212 -0.0224721 0
      vertex 0.0270089 -0.0223819 0
      vertex 0.0270089 -0.0223819 -0.003
    endloop
  endfacet
  facet normal -0.591306 -0.806447 0
    outer loop
      vertex 0.0270089 -0.0223819 -0.003
      vertex 0.0270089 -0.0223819 0
      vertex 0.0268928 -0.0222968 -0.003
    endloop
  endfacet
  facet normal -0.591306 -0.806447 0
    outer loop
      vertex 0.0270089 -0.0223819 0
      vertex 0.0268928 -0.0222968 0
      vertex 0.0268928 -0.0222968 -0.003
    endloop
  endfacet
  facet normal -0.555572 -0.831469 0
    outer loop
      vertex 0.0268928 -0.0222968 -0.003
      vertex 0.0268928 -0.0222968 0
      vertex 0.0267731 -0.0222168 -0.003
    endloop
  endfacet
  facet normal -0.555572 -0.831469 0
    outer loop
      vertex 0.0268928 -0.0222968 0
      vertex 0.0267731 -0.0222168 0
      vertex 0.0267731 -0.0222168 -0.003
    endloop
  endfacet
  facet normal -0.518772 -0.854913 0
    outer loop
      vertex 0.0267731 -0.0222168 -0.003
      vertex 0.0267731 -0.0222168 0
      vertex 0.02665 -0.0221421 -0.003
    endloop
  endfacet
  facet normal -0.518772 -0.854913 0
    outer loop
      vertex 0.0267731 -0.0222168 0
      vertex 0.02665 -0.0221421 0
      vertex 0.02665 -0.0221421 -0.003
    endloop
  endfacet
  facet normal -0.480985 -0.876729 0
    outer loop
      vertex 0.02665 -0.0221421 -0.003
      vertex 0.02665 -0.0221421 0
      vertex 0.0265238 -0.0220729 -0.003
    endloop
  endfacet
  facet normal -0.480985 -0.876729 0
    outer loop
      vertex 0.02665 -0.0221421 0
      vertex 0.0265238 -0.0220729 0
      vertex 0.0265238 -0.0220729 -0.003
    endloop
  endfacet
  facet normal -0.442291 -0.896872 0
    outer loop
      vertex 0.0265238 -0.0220729 -0.003
      vertex 0.0265238 -0.0220729 0
      vertex 0.0263946 -0.0220092 -0.003
    endloop
  endfacet
  facet normal -0.442291 -0.896872 0
    outer loop
      vertex 0.0265238 -0.0220729 0
      vertex 0.0263946 -0.0220092 0
      vertex 0.0263946 -0.0220092 -0.003
    endloop
  endfacet
  facet normal -0.402751 -0.91531 0
    outer loop
      vertex 0.0263946 -0.0220092 -0.003
      vertex 0.0263946 -0.0220092 0
      vertex 0.0262629 -0.0219512 -0.003
    endloop
  endfacet
  facet normal -0.402751 -0.91531 0
    outer loop
      vertex 0.0263946 -0.0220092 0
      vertex 0.0262629 -0.0219512 0
      vertex 0.0262629 -0.0219512 -0.003
    endloop
  endfacet
  facet normal -0.362431 -0.93201 0
    outer loop
      vertex 0.0262629 -0.0219512 -0.003
      vertex 0.0262629 -0.0219512 0
      vertex 0.0261287 -0.021899 -0.003
    endloop
  endfacet
  facet normal -0.362431 -0.93201 0
    outer loop
      vertex 0.0262629 -0.0219512 0
      vertex 0.0261287 -0.021899 0
      vertex 0.0261287 -0.021899 -0.003
    endloop
  endfacet
  facet normal -0.321443 -0.946929 0
    outer loop
      vertex 0.0261287 -0.021899 -0.003
      vertex 0.0261287 -0.021899 0
      vertex 0.0259923 -0.0218527 -0.003
    endloop
  endfacet
  facet normal -0.321443 -0.946929 0
    outer loop
      vertex 0.0261287 -0.021899 0
      vertex 0.0259923 -0.0218527 0
      vertex 0.0259923 -0.0218527 -0.003
    endloop
  endfacet
  facet normal -0.27983 -0.96005 0
    outer loop
      vertex 0.0259923 -0.0218527 -0.003
      vertex 0.0259923 -0.0218527 0
      vertex 0.0258541 -0.0218124 -0.003
    endloop
  endfacet
  facet normal -0.27983 -0.96005 0
    outer loop
      vertex 0.0259923 -0.0218527 0
      vertex 0.0258541 -0.0218124 0
      vertex 0.0258541 -0.0218124 -0.003
    endloop
  endfacet
  facet normal -0.237677 -0.971344 0
    outer loop
      vertex 0.0258541 -0.0218124 -0.003
      vertex 0.0258541 -0.0218124 0
      vertex 0.0257143 -0.0217782 -0.003
    endloop
  endfacet
  facet normal -0.237677 -0.971344 0
    outer loop
      vertex 0.0258541 -0.0218124 0
      vertex 0.0257143 -0.0217782 0
      vertex 0.0257143 -0.0217782 -0.003
    endloop
  endfacet
  facet normal -0.195103 -0.980783 0
    outer loop
      vertex 0.0257143 -0.0217782 -0.003
      vertex 0.0257143 -0.0217782 0
      vertex 0.025573 -0.0217501 -0.003
    endloop
  endfacet
  facet normal -0.195103 -0.980783 0
    outer loop
      vertex 0.0257143 -0.0217782 0
      vertex 0.025573 -0.0217501 0
      vertex 0.025573 -0.0217501 -0.003
    endloop
  endfacet
  facet normal -0.152114 -0.988363 0
    outer loop
      vertex 0.025573 -0.0217501 -0.003
      vertex 0.025573 -0.0217501 0
      vertex 0.0254307 -0.0217282 -0.003
    endloop
  endfacet
  facet normal -0.152114 -0.988363 0
    outer loop
      vertex 0.025573 -0.0217501 0
      vertex 0.0254307 -0.0217282 0
      vertex 0.0254307 -0.0217282 -0.003
    endloop
  endfacet
  facet normal -0.108864 -0.994057 0
    outer loop
      vertex 0.0254307 -0.0217282 -0.003
      vertex 0.0254307 -0.0217282 0
      vertex 0.0252876 -0.0217126 -0.003
    endloop
  endfacet
  facet normal -0.108864 -0.994057 0
    outer loop
      vertex 0.0254307 -0.0217282 0
      vertex 0.0252876 -0.0217126 0
      vertex 0.0252876 -0.0217126 -0.003
    endloop
  endfacet
  facet normal -0.0654096 -0.997858 0
    outer loop
      vertex 0.0252876 -0.0217126 -0.003
      vertex 0.0252876 -0.0217126 0
      vertex 0.0251439 -0.0217031 -0.003
    endloop
  endfacet
  facet normal -0.0654096 -0.997858 0
    outer loop
      vertex 0.0252876 -0.0217126 0
      vertex 0.0251439 -0.0217031 0
      vertex 0.0251439 -0.0217031 -0.003
    endloop
  endfacet
  facet normal -0.0218119 -0.999762 0
    outer loop
      vertex 0.0251439 -0.0217031 -0.003
      vertex 0.0251439 -0.0217031 0
      vertex 0.025 -0.0217 -0.003
    endloop
  endfacet
  facet normal -0.0218119 -0.999762 0
    outer loop
      vertex 0.0251439 -0.0217031 0
      vertex 0.025 -0.0217 0
      vertex 0.025 -0.0217 -0.003
    endloop
  endfacet
  facet normal 0.0218116 -0.999762 0
    outer loop
      vertex 0.025 -0.0217 -0.003
      vertex 0.025 -0.0217 0
      vertex 0.0248561 -0.0217031 -0.003
    endloop
  endfacet
  facet normal 0.0218116 -0.999762 0
    outer loop
      vertex 0.025 -0.0217 0
      vertex 0.0248561 -0.0217031 0
      vertex 0.0248561 -0.0217031 -0.003
    endloop
  endfacet
  facet normal 0.0654096 -0.997858 0
    outer loop
      vertex 0.0248561 -0.0217031 -0.003
      vertex 0.0248561 -0.0217031 0
      vertex 0.0247124 -0.0217126 -0.003
    endloop
  endfacet
  facet normal 0.0654096 -0.997858 0
    outer loop
      vertex 0.0248561 -0.0217031 0
      vertex 0.0247124 -0.0217126 0
      vertex 0.0247124 -0.0217126 -0.003
    endloop
  endfacet
  facet normal 0.108865 -0.994057 0
    outer loop
      vertex 0.0247124 -0.0217126 -0.003
      vertex 0.0247124 -0.0217126 0
      vertex 0.0245693 -0.0217282 -0.003
    endloop
  endfacet
  facet normal 0.108865 -0.994057 0
    outer loop
      vertex 0.0247124 -0.0217126 0
      vertex 0.0245693 -0.0217282 0
      vertex 0.0245693 -0.0217282 -0.003
    endloop
  endfacet
  facet normal 0.152114 -0.988363 0
    outer loop
      vertex 0.0245693 -0.0217282 -0.003
      vertex 0.0245693 -0.0217282 0
      vertex 0.024427 -0.0217501 -0.003
    endloop
  endfacet
  facet normal 0.152114 -0.988363 0
    outer loop
      vertex 0.0245693 -0.0217282 0
      vertex 0.024427 -0.0217501 0
      vertex 0.024427 -0.0217501 -0.003
    endloop
  endfacet
  facet normal 0.195101 -0.980783 0
    outer loop
      vertex 0.024427 -0.0217501 -0.003
      vertex 0.024427 -0.0217501 0
      vertex 0.0242857 -0.0217782 -0.003
    endloop
  endfacet
  facet normal 0.195101 -0.980783 0
    outer loop
      vertex 0.024427 -0.0217501 0
      vertex 0.0242857 -0.0217782 0
      vertex 0.0242857 -0.0217782 -0.003
    endloop
  endfacet
  facet normal 0.23768 -0.971343 0
    outer loop
      vertex 0.0242857 -0.0217782 -0.003
      vertex 0.0242857 -0.0217782 0
      vertex 0.0241459 -0.0218124 -0.003
    endloop
  endfacet
  facet normal 0.23768 -0.971343 0
    outer loop
      vertex 0.0242857 -0.0217782 0
      vertex 0.0241459 -0.0218124 0
      vertex 0.0241459 -0.0218124 -0.003
    endloop
  endfacet
  facet normal 0.279826 -0.960051 0
    outer loop
      vertex 0.0241459 -0.0218124 -0.003
      vertex 0.0241459 -0.0218124 0
      vertex 0.0240077 -0.0218527 -0.003
    endloop
  endfacet
  facet normal 0.279826 -0.960051 0
    outer loop
      vertex 0.0241459 -0.0218124 0
      vertex 0.0240077 -0.0218527 0
      vertex 0.0240077 -0.0218527 -0.003
    endloop
  endfacet
  facet normal 0.321447 -0.946928 0
    outer loop
      vertex 0.0240077 -0.0218527 -0.003
      vertex 0.0240077 -0.0218527 0
      vertex 0.0238713 -0.021899 -0.003
    endloop
  endfacet
  facet normal 0.321447 -0.946928 0
    outer loop
      vertex 0.0240077 -0.0218527 0
      vertex 0.0238713 -0.021899 0
      vertex 0.0238713 -0.021899 -0.003
    endloop
  endfacet
  facet normal 0.362431 -0.93201 0
    outer loop
      vertex 0.0238713 -0.021899 -0.003
      vertex 0.0238713 -0.021899 0
      vertex 0.0237371 -0.0219512 -0.003
    endloop
  endfacet
  facet normal 0.362431 -0.93201 0
    outer loop
      vertex 0.0238713 -0.021899 0
      vertex 0.0237371 -0.0219512 0
      vertex 0.0237371 -0.0219512 -0.003
    endloop
  endfacet
  facet normal 0.402751 -0.91531 0
    outer loop
      vertex 0.0237371 -0.0219512 -0.003
      vertex 0.0237371 -0.0219512 0
      vertex 0.0236054 -0.0220092 -0.003
    endloop
  endfacet
  facet normal 0.402751 -0.91531 0
    outer loop
      vertex 0.0237371 -0.0219512 0
      vertex 0.0236054 -0.0220092 0
      vertex 0.0236054 -0.0220092 -0.003
    endloop
  endfacet
  facet normal 0.442291 -0.896872 0
    outer loop
      vertex 0.0236054 -0.0220092 -0.003
      vertex 0.0236054 -0.0220092 0
      vertex 0.0234762 -0.0220729 -0.003
    endloop
  endfacet
  facet normal 0.442291 -0.896872 0
    outer loop
      vertex 0.0236054 -0.0220092 0
      vertex 0.0234762 -0.0220729 0
      vertex 0.0234762 -0.0220729 -0.003
    endloop
  endfacet
  facet normal 0.480985 -0.876729 0
    outer loop
      vertex 0.0234762 -0.0220729 -0.003
      vertex 0.0234762 -0.0220729 0
      vertex 0.02335 -0.0221421 -0.003
    endloop
  endfacet
  facet normal 0.480985 -0.876729 0
    outer loop
      vertex 0.0234762 -0.0220729 0
      vertex 0.02335 -0.0221421 0
      vertex 0.02335 -0.0221421 -0.003
    endloop
  endfacet
  facet normal 0.518772 -0.854913 0
    outer loop
      vertex 0.02335 -0.0221421 -0.003
      vertex 0.02335 -0.0221421 0
      vertex 0.0232269 -0.0222168 -0.003
    endloop
  endfacet
  facet normal 0.518772 -0.854913 0
    outer loop
      vertex 0.02335 -0.0221421 0
      vertex 0.0232269 -0.0222168 0
      vertex 0.0232269 -0.0222168 -0.003
    endloop
  endfacet
  facet normal 0.555566 -0.831473 0
    outer loop
      vertex 0.0232269 -0.0222168 -0.003
      vertex 0.0232269 -0.0222168 0
      vertex 0.0231072 -0.0222968 -0.003
    endloop
  endfacet
  facet normal 0.555566 -0.831473 0
    outer loop
      vertex 0.0232269 -0.0222168 0
      vertex 0.0231072 -0.0222968 0
      vertex 0.0231072 -0.0222968 -0.003
    endloop
  endfacet
  facet normal 0.591313 -0.806442 0
    outer loop
      vertex 0.0231072 -0.0222968 -0.003
      vertex 0.0231072 -0.0222968 0
      vertex 0.0229911 -0.0223819 -0.003
    endloop
  endfacet
  facet normal 0.591313 -0.806442 0
    outer loop
      vertex 0.0231072 -0.0222968 0
      vertex 0.0229911 -0.0223819 0
      vertex 0.0229911 -0.0223819 -0.003
    endloop
  endfacet
  facet normal 0.62593 -0.77988 0
    outer loop
      vertex 0.0229911 -0.0223819 -0.003
      vertex 0.0229911 -0.0223819 0
      vertex 0.0228788 -0.0224721 -0.003
    endloop
  endfacet
  facet normal 0.62593 -0.77988 0
    outer loop
      vertex 0.0229911 -0.0223819 0
      vertex 0.0228788 -0.0224721 0
      vertex 0.0228788 -0.0224721 -0.003
    endloop
  endfacet
  facet normal 0.659343 -0.751842 0
    outer loop
      vertex 0.0228788 -0.0224721 -0.003
      vertex 0.0228788 -0.0224721 0
      vertex 0.0227706 -0.022567 -0.003
    endloop
  endfacet
  facet normal 0.659343 -0.751842 0
    outer loop
      vertex 0.0228788 -0.0224721 0
      vertex 0.0227706 -0.022567 0
      vertex 0.0227706 -0.022567 -0.003
    endloop
  endfacet
  facet normal 0.691511 -0.722366 0
    outer loop
      vertex 0.0227706 -0.022567 -0.003
      vertex 0.0227706 -0.022567 0
      vertex 0.0226665 -0.0226665 -0.003
    endloop
  endfacet
  facet normal 0.691511 -0.722366 0
    outer loop
      vertex 0.0227706 -0.022567 0
      vertex 0.0226665 -0.0226665 0
      vertex 0.0226665 -0.0226665 -0.003
    endloop
  endfacet
  facet normal 0.722366 -0.691511 0
    outer loop
      vertex 0.0226665 -0.0226665 -0.003
      vertex 0.0226665 -0.0226665 0
      vertex 0.022567 -0.0227706 -0.003
    endloop
  endfacet
  facet normal 0.722366 -0.691511 0
    outer loop
      vertex 0.0226665 -0.0226665 0
      vertex 0.022567 -0.0227706 0
      vertex 0.022567 -0.0227706 -0.003
    endloop
  endfacet
  facet normal 0.751842 -0.659343 0
    outer loop
      vertex 0.022567 -0.0227706 -0.003
      vertex 0.022567 -0.0227706 0
      vertex 0.0224721 -0.0228788 -0.003
    endloop
  endfacet
  facet normal 0.751842 -0.659343 0
    outer loop
      vertex 0.022567 -0.0227706 0
      vertex 0.0224721 -0.0228788 0
      vertex 0.0224721 -0.0228788 -0.003
    endloop
  endfacet
  facet normal 0.77988 -0.62593 0
    outer loop
      vertex 0.0224721 -0.0228788 -0.003
      vertex 0.0224721 -0.0228788 0
      vertex 0.0223819 -0.0229911 -0.003
    endloop
  endfacet
  facet normal 0.77988 -0.62593 0
    outer loop
      vertex 0.0224721 -0.0228788 0
      vertex 0.0223819 -0.0229911 0
      vertex 0.0223819 -0.0229911 -0.003
    endloop
  endfacet
  facet normal 0.806442 -0.591313 0
    outer loop
      vertex 0.0223819 -0.0229911 -0.003
      vertex 0.0223819 -0.0229911 0
      vertex 0.0222968 -0.0231072 -0.003
    endloop
  endfacet
  facet normal 0.806442 -0.591313 0
    outer loop
      vertex 0.0223819 -0.0229911 0
      vertex 0.0222968 -0.0231072 0
      vertex 0.0222968 -0.0231072 -0.003
    endloop
  endfacet
  facet normal 0.831473 -0.555566 0
    outer loop
      vertex 0.0222968 -0.0231072 -0.003
      vertex 0.0222968 -0.0231072 0
      vertex 0.0222168 -0.0232269 -0.003
    endloop
  endfacet
  facet normal 0.831473 -0.555566 0
    outer loop
      vertex 0.0222968 -0.0231072 0
      vertex 0.0222168 -0.0232269 0
      vertex 0.0222168 -0.0232269 -0.003
    endloop
  endfacet
  facet normal 0.854913 -0.518772 0
    outer loop
      vertex 0.0222168 -0.0232269 -0.003
      vertex 0.0222168 -0.0232269 0
      vertex 0.0221421 -0.02335 -0.003
    endloop
  endfacet
  facet normal 0.854913 -0.518772 0
    outer loop
      vertex 0.0222168 -0.0232269 0
      vertex 0.0221421 -0.02335 0
      vertex 0.0221421 -0.02335 -0.003
    endloop
  endfacet
  facet normal 0.876729 -0.480985 0
    outer loop
      vertex 0.0221421 -0.02335 -0.003
      vertex 0.0221421 -0.02335 0
      vertex 0.0220729 -0.0234762 -0.003
    endloop
  endfacet
  facet normal 0.876729 -0.480985 0
    outer loop
      vertex 0.0221421 -0.02335 0
      vertex 0.0220729 -0.0234762 0
      vertex 0.0220729 -0.0234762 -0.003
    endloop
  endfacet
  facet normal 0.896872 -0.442291 0
    outer loop
      vertex 0.0220729 -0.0234762 -0.003
      vertex 0.0220729 -0.0234762 0
      vertex 0.0220092 -0.0236054 -0.003
    endloop
  endfacet
  facet normal 0.896872 -0.442291 0
    outer loop
      vertex 0.0220729 -0.0234762 0
      vertex 0.0220092 -0.0236054 0
      vertex 0.0220092 -0.0236054 -0.003
    endloop
  endfacet
  facet normal 0.91531 -0.402751 0
    outer loop
      vertex 0.0220092 -0.0236054 -0.003
      vertex 0.0220092 -0.0236054 0
      vertex 0.0219512 -0.0237371 -0.003
    endloop
  endfacet
  facet normal 0.91531 -0.402751 0
    outer loop
      vertex 0.0220092 -0.0236054 0
      vertex 0.0219512 -0.0237371 0
      vertex 0.0219512 -0.0237371 -0.003
    endloop
  endfacet
  facet normal 0.93201 -0.362431 0
    outer loop
      vertex 0.0219512 -0.0237371 -0.003
      vertex 0.0219512 -0.0237371 0
      vertex 0.021899 -0.0238713 -0.003
    endloop
  endfacet
  facet normal 0.93201 -0.362431 0
    outer loop
      vertex 0.0219512 -0.0237371 0
      vertex 0.021899 -0.0238713 0
      vertex 0.021899 -0.0238713 -0.003
    endloop
  endfacet
  facet normal 0.946928 -0.321447 0
    outer loop
      vertex 0.021899 -0.0238713 -0.003
      vertex 0.021899 -0.0238713 0
      vertex 0.0218527 -0.0240077 -0.003
    endloop
  endfacet
  facet normal 0.946928 -0.321447 0
    outer loop
      vertex 0.021899 -0.0238713 0
      vertex 0.0218527 -0.0240077 0
      vertex 0.0218527 -0.0240077 -0.003
    endloop
  endfacet
  facet normal 0.960051 -0.279826 0
    outer loop
      vertex 0.0218527 -0.0240077 -0.003
      vertex 0.0218527 -0.0240077 0
      vertex 0.0218124 -0.0241459 -0.003
    endloop
  endfacet
  facet normal 0.960051 -0.279826 0
    outer loop
      vertex 0.0218527 -0.0240077 0
      vertex 0.0218124 -0.0241459 0
      vertex 0.0218124 -0.0241459 -0.003
    endloop
  endfacet
  facet normal 0.971343 -0.23768 0
    outer loop
      vertex 0.0218124 -0.0241459 -0.003
      vertex 0.0218124 -0.0241459 0
      vertex 0.0217782 -0.0242857 -0.003
    endloop
  endfacet
  facet normal 0.971343 -0.23768 0
    outer loop
      vertex 0.0218124 -0.0241459 0
      vertex 0.0217782 -0.0242857 0
      vertex 0.0217782 -0.0242857 -0.003
    endloop
  endfacet
  facet normal 0.980783 -0.195101 0
    outer loop
      vertex 0.0217782 -0.0242857 -0.003
      vertex 0.0217782 -0.0242857 0
      vertex 0.0217501 -0.024427 -0.003
    endloop
  endfacet
  facet normal 0.980783 -0.195101 0
    outer loop
      vertex 0.0217782 -0.0242857 0
      vertex 0.0217501 -0.024427 0
      vertex 0.0217501 -0.024427 -0.003
    endloop
  endfacet
  facet normal 0.988363 -0.152114 0
    outer loop
      vertex 0.0217501 -0.024427 -0.003
      vertex 0.0217501 -0.024427 0
      vertex 0.0217282 -0.0245693 -0.003
    endloop
  endfacet
  facet normal 0.988363 -0.152114 0
    outer loop
      vertex 0.0217501 -0.024427 0
      vertex 0.0217282 -0.0245693 0
      vertex 0.0217282 -0.0245693 -0.003
    endloop
  endfacet
  facet normal 0.994057 -0.108865 0
    outer loop
      vertex 0.0217282 -0.0245693 -0.003
      vertex 0.0217282 -0.0245693 0
      vertex 0.0217126 -0.0247124 -0.003
    endloop
  endfacet
  facet normal 0.994057 -0.108865 0
    outer loop
      vertex 0.0217282 -0.0245693 0
      vertex 0.0217126 -0.0247124 0
      vertex 0.0217126 -0.0247124 -0.003
    endloop
  endfacet
  facet normal 0.997858 -0.0654096 0
    outer loop
      vertex 0.0217126 -0.0247124 -0.003
      vertex 0.0217126 -0.0247124 0
      vertex 0.0217031 -0.0248561 -0.003
    endloop
  endfacet
  facet normal 0.997858 -0.0654096 0
    outer loop
      vertex 0.0217126 -0.0247124 0
      vertex 0.0217031 -0.0248561 0
      vertex 0.0217031 -0.0248561 -0.003
    endloop
  endfacet
  facet normal 0.999762 -0.0218116 0
    outer loop
      vertex 0.0217031 -0.0248561 -0.003
      vertex 0.0217031 -0.0248561 0
      vertex 0.0217 -0.025 -0.003
    endloop
  endfacet
  facet normal 0.999762 -0.0218116 0
    outer loop
      vertex 0.0217031 -0.0248561 0
      vertex 0.0217 -0.025 0
      vertex 0.0217 -0.025 -0.003
    endloop
  endfacet
  facet normal 0.999762 0.0218119 0
    outer loop
      vertex 0.0217 -0.025 -0.003
      vertex 0.0217 -0.025 0
      vertex 0.0217031 -0.0251439 -0.003
    endloop
  endfacet
  facet normal 0.999762 0.0218119 0
    outer loop
      vertex 0.0217 -0.025 0
      vertex 0.0217031 -0.0251439 0
      vertex 0.0217031 -0.0251439 -0.003
    endloop
  endfacet
  facet normal 0.997858 0.0654096 0
    outer loop
      vertex 0.0217031 -0.0251439 -0.003
      vertex 0.0217031 -0.0251439 0
      vertex 0.0217126 -0.0252876 -0.003
    endloop
  endfacet
  facet normal 0.997858 0.0654096 0
    outer loop
      vertex 0.0217031 -0.0251439 0
      vertex 0.0217126 -0.0252876 0
      vertex 0.0217126 -0.0252876 -0.003
    endloop
  endfacet
  facet normal 0.994057 0.108864 0
    outer loop
      vertex 0.0217126 -0.0252876 -0.003
      vertex 0.0217126 -0.0252876 0
      vertex 0.0217282 -0.0254307 -0.003
    endloop
  endfacet
  facet normal 0.994057 0.108864 0
    outer loop
      vertex 0.0217126 -0.0252876 0
      vertex 0.0217282 -0.0254307 0
      vertex 0.0217282 -0.0254307 -0.003
    endloop
  endfacet
  facet normal 0.988363 0.152114 0
    outer loop
      vertex 0.0217282 -0.0254307 -0.003
      vertex 0.0217282 -0.0254307 0
      vertex 0.0217501 -0.025573 -0.003
    endloop
  endfacet
  facet normal 0.988363 0.152114 0
    outer loop
      vertex 0.0217282 -0.0254307 0
      vertex 0.0217501 -0.025573 0
      vertex 0.0217501 -0.025573 -0.003
    endloop
  endfacet
  facet normal 0.980783 0.195103 0
    outer loop
      vertex 0.0217501 -0.025573 -0.003
      vertex 0.0217501 -0.025573 0
      vertex 0.0217782 -0.0257143 -0.003
    endloop
  endfacet
  facet normal 0.980783 0.195103 0
    outer loop
      vertex 0.0217501 -0.025573 0
      vertex 0.0217782 -0.0257143 0
      vertex 0.0217782 -0.0257143 -0.003
    endloop
  endfacet
  facet normal 0.971344 0.237677 0
    outer loop
      vertex 0.0217782 -0.0257143 -0.003
      vertex 0.0217782 -0.0257143 0
      vertex 0.0218124 -0.0258541 -0.003
    endloop
  endfacet
  facet normal 0.971344 0.237677 0
    outer loop
      vertex 0.0217782 -0.0257143 0
      vertex 0.0218124 -0.0258541 0
      vertex 0.0218124 -0.0258541 -0.003
    endloop
  endfacet
  facet normal 0.96005 0.27983 0
    outer loop
      vertex 0.0218124 -0.0258541 -0.003
      vertex 0.0218124 -0.0258541 0
      vertex 0.0218527 -0.0259923 -0.003
    endloop
  endfacet
  facet normal 0.96005 0.27983 0
    outer loop
      vertex 0.0218124 -0.0258541 0
      vertex 0.0218527 -0.0259923 0
      vertex 0.0218527 -0.0259923 -0.003
    endloop
  endfacet
  facet normal 0.946929 0.321443 0
    outer loop
      vertex 0.0218527 -0.0259923 -0.003
      vertex 0.0218527 -0.0259923 0
      vertex 0.021899 -0.0261287 -0.003
    endloop
  endfacet
  facet normal 0.946929 0.321443 0
    outer loop
      vertex 0.0218527 -0.0259923 0
      vertex 0.021899 -0.0261287 0
      vertex 0.021899 -0.0261287 -0.003
    endloop
  endfacet
  facet normal 0.93201 0.362431 0
    outer loop
      vertex 0.021899 -0.0261287 -0.003
      vertex 0.021899 -0.0261287 0
      vertex 0.0219512 -0.0262629 -0.003
    endloop
  endfacet
  facet normal 0.93201 0.362431 0
    outer loop
      vertex 0.021899 -0.0261287 0
      vertex 0.0219512 -0.0262629 0
      vertex 0.0219512 -0.0262629 -0.003
    endloop
  endfacet
  facet normal 0.91531 0.402751 0
    outer loop
      vertex 0.0219512 -0.0262629 -0.003
      vertex 0.0219512 -0.0262629 0
      vertex 0.0220092 -0.0263946 -0.003
    endloop
  endfacet
  facet normal 0.91531 0.402751 0
    outer loop
      vertex 0.0219512 -0.0262629 0
      vertex 0.0220092 -0.0263946 0
      vertex 0.0220092 -0.0263946 -0.003
    endloop
  endfacet
  facet normal 0.896872 0.442291 0
    outer loop
      vertex 0.0220092 -0.0263946 -0.003
      vertex 0.0220092 -0.0263946 0
      vertex 0.0220729 -0.0265238 -0.003
    endloop
  endfacet
  facet normal 0.896872 0.442291 0
    outer loop
      vertex 0.0220092 -0.0263946 0
      vertex 0.0220729 -0.0265238 0
      vertex 0.0220729 -0.0265238 -0.003
    endloop
  endfacet
  facet normal 0.876729 0.480985 0
    outer loop
      vertex 0.0220729 -0.0265238 -0.003
      vertex 0.0220729 -0.0265238 0
      vertex 0.0221421 -0.02665 -0.003
    endloop
  endfacet
  facet normal 0.876729 0.480985 0
    outer loop
      vertex 0.0220729 -0.0265238 0
      vertex 0.0221421 -0.02665 0
      vertex 0.0221421 -0.02665 -0.003
    endloop
  endfacet
  facet normal 0.854913 0.518772 0
    outer loop
      vertex 0.0221421 -0.02665 -0.003
      vertex 0.0221421 -0.02665 0
      vertex 0.0222168 -0.0267731 -0.003
    endloop
  endfacet
  facet normal 0.854913 0.518772 0
    outer loop
      vertex 0.0221421 -0.02665 0
      vertex 0.0222168 -0.0267731 0
      vertex 0.0222168 -0.0267731 -0.003
    endloop
  endfacet
  facet normal 0.831469 0.555572 0
    outer loop
      vertex 0.0222168 -0.0267731 -0.003
      vertex 0.0222168 -0.0267731 0
      vertex 0.0222968 -0.0268928 -0.003
    endloop
  endfacet
  facet normal 0.831469 0.555572 0
    outer loop
      vertex 0.0222168 -0.0267731 0
      vertex 0.0222968 -0.0268928 0
      vertex 0.0222968 -0.0268928 -0.003
    endloop
  endfacet
  facet normal 0.806447 0.591306 0
    outer loop
      vertex 0.0222968 -0.0268928 -0.003
      vertex 0.0222968 -0.0268928 0
      vertex 0.0223819 -0.0270089 -0.003
    endloop
  endfacet
  facet normal 0.806447 0.591306 0
    outer loop
      vertex 0.0222968 -0.0268928 0
      vertex 0.0223819 -0.0270089 0
      vertex 0.0223819 -0.0270089 -0.003
    endloop
  endfacet
  facet normal 0.77988 0.62593 0
    outer loop
      vertex 0.0223819 -0.0270089 -0.003
      vertex 0.0223819 -0.0270089 0
      vertex 0.0224721 -0.0271212 -0.003
    endloop
  endfacet
  facet normal 0.77988 0.62593 0
    outer loop
      vertex 0.0223819 -0.0270089 0
      vertex 0.0224721 -0.0271212 0
      vertex 0.0224721 -0.0271212 -0.003
    endloop
  endfacet
  facet normal 0.751837 0.65935 0
    outer loop
      vertex 0.0224721 -0.0271212 -0.003
      vertex 0.0224721 -0.0271212 0
      vertex 0.022567 -0.0272294 -0.003
    endloop
  endfacet
  facet normal 0.751837 0.65935 0
    outer loop
      vertex 0.0224721 -0.0271212 0
      vertex 0.022567 -0.0272294 0
      vertex 0.022567 -0.0272294 -0.003
    endloop
  endfacet
  facet normal 0.722372 0.691505 0
    outer loop
      vertex 0.022567 -0.0272294 -0.003
      vertex 0.022567 -0.0272294 0
      vertex 0.0226665 -0.0273335 -0.003
    endloop
  endfacet
  facet normal 0.722372 0.691505 0
    outer loop
      vertex 0.022567 -0.0272294 0
      vertex 0.0226665 -0.0273335 0
      vertex 0.0226665 -0.0273335 -0.003
    endloop
  endfacet
  facet normal 0.691511 0.722366 0
    outer loop
      vertex 0.0226665 -0.0273335 -0.003
      vertex 0.0226665 -0.0273335 0
      vertex 0.0227706 -0.027433 -0.003
    endloop
  endfacet
  facet normal 0.691511 0.722366 0
    outer loop
      vertex 0.0226665 -0.0273335 0
      vertex 0.0227706 -0.027433 0
      vertex 0.0227706 -0.027433 -0.003
    endloop
  endfacet
  facet normal 0.659343 0.751842 0
    outer loop
      vertex 0.0227706 -0.027433 -0.003
      vertex 0.0227706 -0.027433 0
      vertex 0.0228788 -0.0275279 -0.003
    endloop
  endfacet
  facet normal 0.659343 0.751842 0
    outer loop
      vertex 0.0227706 -0.027433 0
      vertex 0.0228788 -0.0275279 0
      vertex 0.0228788 -0.0275279 -0.003
    endloop
  endfacet
  facet normal 0.625922 0.779886 0
    outer loop
      vertex 0.0228788 -0.0275279 -0.003
      vertex 0.0228788 -0.0275279 0
      vertex 0.0229911 -0.0276181 -0.003
    endloop
  endfacet
  facet normal 0.625922 0.779886 0
    outer loop
      vertex 0.0228788 -0.0275279 0
      vertex 0.0229911 -0.0276181 0
      vertex 0.0229911 -0.0276181 -0.003
    endloop
  endfacet
  facet normal 0.591313 0.806442 0
    outer loop
      vertex 0.0229911 -0.0276181 -0.003
      vertex 0.0229911 -0.0276181 0
      vertex 0.0231072 -0.0277032 -0.003
    endloop
  endfacet
  facet normal 0.591313 0.806442 0
    outer loop
      vertex 0.0229911 -0.0276181 0
      vertex 0.0231072 -0.0277032 0
      vertex 0.0231072 -0.0277032 -0.003
    endloop
  endfacet
  facet normal 0.555575 0.831467 0
    outer loop
      vertex 0.0231072 -0.0277032 -0.003
      vertex 0.0231072 -0.0277032 0
      vertex 0.0232269 -0.0277832 -0.003
    endloop
  endfacet
  facet normal 0.555575 0.831467 0
    outer loop
      vertex 0.0231072 -0.0277032 0
      vertex 0.0232269 -0.0277832 0
      vertex 0.0232269 -0.0277832 -0.003
    endloop
  endfacet
  facet normal 0.518762 0.854918 0
    outer loop
      vertex 0.0232269 -0.0277832 -0.003
      vertex 0.0232269 -0.0277832 0
      vertex 0.02335 -0.0278579 -0.003
    endloop
  endfacet
  facet normal 0.518762 0.854918 0
    outer loop
      vertex 0.0232269 -0.0277832 0
      vertex 0.02335 -0.0278579 0
      vertex 0.02335 -0.0278579 -0.003
    endloop
  endfacet
  facet normal 0.480995 0.876723 0
    outer loop
      vertex 0.02335 -0.0278579 -0.003
      vertex 0.02335 -0.0278579 0
      vertex 0.0234762 -0.0279271 -0.003
    endloop
  endfacet
  facet normal 0.480995 0.876723 0
    outer loop
      vertex 0.02335 -0.0278579 0
      vertex 0.0234762 -0.0279271 0
      vertex 0.0234762 -0.0279271 -0.003
    endloop
  endfacet
  facet normal 0.442291 0.896872 0
    outer loop
      vertex 0.0234762 -0.0279271 -0.003
      vertex 0.0234762 -0.0279271 0
      vertex 0.0236054 -0.0279908 -0.003
    endloop
  endfacet
  facet normal 0.442291 0.896872 0
    outer loop
      vertex 0.0234762 -0.0279271 0
      vertex 0.0236054 -0.0279908 0
      vertex 0.0236054 -0.0279908 -0.003
    endloop
  endfacet
  facet normal 0.40274 0.915314 0
    outer loop
      vertex 0.0236054 -0.0279908 -0.003
      vertex 0.0236054 -0.0279908 0
      vertex 0.0237371 -0.0280488 -0.003
    endloop
  endfacet
  facet normal 0.40274 0.915314 0
    outer loop
      vertex 0.0236054 -0.0279908 0
      vertex 0.0237371 -0.0280488 0
      vertex 0.0237371 -0.0280488 -0.003
    endloop
  endfacet
  facet normal 0.362443 0.932006 0
    outer loop
      vertex 0.0237371 -0.0280488 -0.003
      vertex 0.0237371 -0.0280488 0
      vertex 0.0238713 -0.028101 -0.003
    endloop
  endfacet
  facet normal 0.362443 0.932006 0
    outer loop
      vertex 0.0237371 -0.0280488 0
      vertex 0.0238713 -0.028101 0
      vertex 0.0238713 -0.028101 -0.003
    endloop
  endfacet
  facet normal 0.321435 0.946932 0
    outer loop
      vertex 0.0238713 -0.028101 -0.003
      vertex 0.0238713 -0.028101 0
      vertex 0.0240077 -0.0281473 -0.003
    endloop
  endfacet
  facet normal 0.321435 0.946932 0
    outer loop
      vertex 0.0238713 -0.028101 0
      vertex 0.0240077 -0.0281473 0
      vertex 0.0240077 -0.0281473 -0.003
    endloop
  endfacet
  facet normal 0.279826 0.960051 0
    outer loop
      vertex 0.0240077 -0.0281473 -0.003
      vertex 0.0240077 -0.0281473 0
      vertex 0.0241459 -0.0281876 -0.003
    endloop
  endfacet
  facet normal 0.279826 0.960051 0
    outer loop
      vertex 0.0240077 -0.0281473 0
      vertex 0.0241459 -0.0281876 0
      vertex 0.0241459 -0.0281876 -0.003
    endloop
  endfacet
  facet normal 0.237693 0.97134 0
    outer loop
      vertex 0.0241459 -0.0281876 -0.003
      vertex 0.0241459 -0.0281876 0
      vertex 0.0242857 -0.0282218 -0.003
    endloop
  endfacet
  facet normal 0.237693 0.97134 0
    outer loop
      vertex 0.0241459 -0.0281876 0
      vertex 0.0242857 -0.0282218 0
      vertex 0.0242857 -0.0282218 -0.003
    endloop
  endfacet
  facet normal 0.195089 0.980786 0
    outer loop
      vertex 0.0242857 -0.0282218 -0.003
      vertex 0.0242857 -0.0282218 0
      vertex 0.024427 -0.0282499 -0.003
    endloop
  endfacet
  facet normal 0.195089 0.980786 0
    outer loop
      vertex 0.0242857 -0.0282218 0
      vertex 0.024427 -0.0282499 0
      vertex 0.024427 -0.0282499 -0.003
    endloop
  endfacet
  facet normal 0.152126 0.988361 0
    outer loop
      vertex 0.024427 -0.0282499 -0.003
      vertex 0.024427 -0.0282499 0
      vertex 0.0245693 -0.0282718 -0.003
    endloop
  endfacet
  facet normal 0.152126 0.988361 0
    outer loop
      vertex 0.024427 -0.0282499 0
      vertex 0.0245693 -0.0282718 0
      vertex 0.0245693 -0.0282718 -0.003
    endloop
  endfacet
  facet normal 0.108865 0.994057 0
    outer loop
      vertex 0.0245693 -0.0282718 -0.003
      vertex 0.0245693 -0.0282718 0
      vertex 0.0247124 -0.0282874 -0.003
    endloop
  endfacet
  facet normal 0.108865 0.994057 0
    outer loop
      vertex 0.0245693 -0.0282718 0
      vertex 0.0247124 -0.0282874 0
      vertex 0.0247124 -0.0282874 -0.003
    endloop
  endfacet
  facet normal 0.0654096 0.997858 0
    outer loop
      vertex 0.0247124 -0.0282874 -0.003
      vertex 0.0247124 -0.0282874 0
      vertex 0.0248561 -0.0282969 -0.003
    endloop
  endfacet
  facet normal 0.0654096 0.997858 0
    outer loop
      vertex 0.0247124 -0.0282874 0
      vertex 0.0248561 -0.0282969 0
      vertex 0.0248561 -0.0282969 -0.003
    endloop
  endfacet
  facet normal 0.0218116 0.999762 0
    outer loop
      vertex 0.0248561 -0.0282969 -0.003
      vertex 0.0248561 -0.0282969 0
      vertex 0.025 -0.0283 -0.003
    endloop
  endfacet
  facet normal 0.0218116 0.999762 0
    outer loop
      vertex 0.0248561 -0.0282969 0
      vertex 0.025 -0.0283 0
      vertex 0.025 -0.0283 -0.003
    endloop
  endfacet
  facet normal -0.0218119 0.999762 0
    outer loop
      vertex 0.025 -0.0283 -0.003
      vertex 0.025 -0.0283 0
      vertex 0.0251439 -0.0282969 -0.003
    endloop
  endfacet
  facet normal -0.0218119 0.999762 0
    outer loop
      vertex 0.025 -0.0283 0
      vertex 0.0251439 -0.0282969 0
      vertex 0.0251439 -0.0282969 -0.003
    endloop
  endfacet
  facet normal -0.0654096 0.997858 0
    outer loop
      vertex 0.0251439 -0.0282969 -0.003
      vertex 0.0251439 -0.0282969 0
      vertex 0.0252876 -0.0282874 -0.003
    endloop
  endfacet
  facet normal -0.0654096 0.997858 0
    outer loop
      vertex 0.0251439 -0.0282969 0
      vertex 0.0252876 -0.0282874 0
      vertex 0.0252876 -0.0282874 -0.003
    endloop
  endfacet
  facet normal -0.108864 0.994057 0
    outer loop
      vertex 0.0252876 -0.0282874 -0.003
      vertex 0.0252876 -0.0282874 0
      vertex 0.0254307 -0.0282718 -0.003
    endloop
  endfacet
  facet normal -0.108864 0.994057 0
    outer loop
      vertex 0.0252876 -0.0282874 0
      vertex 0.0254307 -0.0282718 0
      vertex 0.0254307 -0.0282718 -0.003
    endloop
  endfacet
  facet normal -0.152126 0.988361 0
    outer loop
      vertex 0.0254307 -0.0282718 -0.003
      vertex 0.0254307 -0.0282718 0
      vertex 0.025573 -0.0282499 -0.003
    endloop
  endfacet
  facet normal -0.152126 0.988361 0
    outer loop
      vertex 0.0254307 -0.0282718 0
      vertex 0.025573 -0.0282499 0
      vertex 0.025573 -0.0282499 -0.003
    endloop
  endfacet
  facet normal -0.195091 0.980785 0
    outer loop
      vertex 0.025573 -0.0282499 -0.003
      vertex 0.025573 -0.0282499 0
      vertex 0.0257143 -0.0282218 -0.003
    endloop
  endfacet
  facet normal -0.195091 0.980785 0
    outer loop
      vertex 0.025573 -0.0282499 0
      vertex 0.0257143 -0.0282218 0
      vertex 0.0257143 -0.0282218 -0.003
    endloop
  endfacet
  facet normal -0.23769 0.971341 0
    outer loop
      vertex 0.0257143 -0.0282218 -0.003
      vertex 0.0257143 -0.0282218 0
      vertex 0.0258541 -0.0281876 -0.003
    endloop
  endfacet
  facet normal -0.23769 0.971341 0
    outer loop
      vertex 0.0257143 -0.0282218 0
      vertex 0.0258541 -0.0281876 0
      vertex 0.0258541 -0.0281876 -0.003
    endloop
  endfacet
  facet normal -0.27983 0.96005 0
    outer loop
      vertex 0.0258541 -0.0281876 -0.003
      vertex 0.0258541 -0.0281876 0
      vertex 0.0259923 -0.0281473 -0.003
    endloop
  endfacet
  facet normal -0.27983 0.96005 0
    outer loop
      vertex 0.0258541 -0.0281876 0
      vertex 0.0259923 -0.0281473 0
      vertex 0.0259923 -0.0281473 -0.003
    endloop
  endfacet
  facet normal -0.321431 0.946933 0
    outer loop
      vertex 0.0259923 -0.0281473 -0.003
      vertex 0.0259923 -0.0281473 0
      vertex 0.0261287 -0.028101 -0.003
    endloop
  endfacet
  facet normal -0.321431 0.946933 0
    outer loop
      vertex 0.0259923 -0.0281473 0
      vertex 0.0261287 -0.028101 0
      vertex 0.0261287 -0.028101 -0.003
    endloop
  endfacet
  facet normal -0.362443 0.932006 0
    outer loop
      vertex 0.0261287 -0.028101 -0.003
      vertex 0.0261287 -0.028101 0
      vertex 0.0262629 -0.0280488 -0.003
    endloop
  endfacet
  facet normal -0.362443 0.932006 0
    outer loop
      vertex 0.0261287 -0.028101 0
      vertex 0.0262629 -0.0280488 0
      vertex 0.0262629 -0.0280488 -0.003
    endloop
  endfacet
  facet normal -0.40274 0.915314 0
    outer loop
      vertex 0.0262629 -0.0280488 -0.003
      vertex 0.0262629 -0.0280488 0
      vertex 0.0263946 -0.0279908 -0.003
    endloop
  endfacet
  facet normal -0.40274 0.915314 0
    outer loop
      vertex 0.0262629 -0.0280488 0
      vertex 0.0263946 -0.0279908 0
      vertex 0.0263946 -0.0279908 -0.003
    endloop
  endfacet
  facet normal -0.442291 0.896872 0
    outer loop
      vertex 0.0263946 -0.0279908 -0.003
      vertex 0.0263946 -0.0279908 0
      vertex 0.0265238 -0.0279271 -0.003
    endloop
  endfacet
  facet normal -0.442291 0.896872 0
    outer loop
      vertex 0.0263946 -0.0279908 0
      vertex 0.0265238 -0.0279271 0
      vertex 0.0265238 -0.0279271 -0.003
    endloop
  endfacet
  facet normal -0.480995 0.876723 0
    outer loop
      vertex 0.0265238 -0.0279271 -0.003
      vertex 0.0265238 -0.0279271 0
      vertex 0.02665 -0.0278579 -0.003
    endloop
  endfacet
  facet normal -0.480995 0.876723 0
    outer loop
      vertex 0.0265238 -0.0279271 0
      vertex 0.02665 -0.0278579 0
      vertex 0.02665 -0.0278579 -0.003
    endloop
  endfacet
  facet normal -0.518762 0.854918 0
    outer loop
      vertex 0.02665 -0.0278579 -0.003
      vertex 0.02665 -0.0278579 0
      vertex 0.0267731 -0.0277832 -0.003
    endloop
  endfacet
  facet normal -0.518762 0.854918 0
    outer loop
      vertex 0.02665 -0.0278579 0
      vertex 0.0267731 -0.0277832 0
      vertex 0.0267731 -0.0277832 -0.003
    endloop
  endfacet
  facet normal -0.555581 0.831463 0
    outer loop
      vertex 0.0267731 -0.0277832 -0.003
      vertex 0.0267731 -0.0277832 0
      vertex 0.0268928 -0.0277032 -0.003
    endloop
  endfacet
  facet normal -0.555581 0.831463 0
    outer loop
      vertex 0.0267731 -0.0277832 0
      vertex 0.0268928 -0.0277032 0
      vertex 0.0268928 -0.0277032 -0.003
    endloop
  endfacet
  facet normal -0.591306 0.806447 0
    outer loop
      vertex 0.0268928 -0.0277032 -0.003
      vertex 0.0268928 -0.0277032 0
      vertex 0.0270089 -0.0276181 -0.003
    endloop
  endfacet
  facet normal -0.591306 0.806447 0
    outer loop
      vertex 0.0268928 -0.0277032 0
      vertex 0.0270089 -0.0276181 0
      vertex 0.0270089 -0.0276181 -0.003
    endloop
  endfacet
  facet normal -0.625922 0.779886 0
    outer loop
      vertex 0.0270089 -0.0276181 -0.003
      vertex 0.0270089 -0.0276181 0
      vertex 0.0271212 -0.0275279 -0.003
    endloop
  endfacet
  facet normal -0.625922 0.779886 0
    outer loop
      vertex 0.0270089 -0.0276181 0
      vertex 0.0271212 -0.0275279 0
      vertex 0.0271212 -0.0275279 -0.003
    endloop
  endfacet
  facet normal -0.65935 0.751837 0
    outer loop
      vertex 0.0271212 -0.0275279 -0.003
      vertex 0.0271212 -0.0275279 0
      vertex 0.0272294 -0.027433 -0.003
    endloop
  endfacet
  facet normal -0.65935 0.751837 0
    outer loop
      vertex 0.0271212 -0.0275279 0
      vertex 0.0272294 -0.027433 0
      vertex 0.0272294 -0.027433 -0.003
    endloop
  endfacet
  facet normal -0.691505 0.722372 0
    outer loop
      vertex 0.0272294 -0.027433 -0.003
      vertex 0.0272294 -0.027433 0
      vertex 0.0273335 -0.0273335 -0.003
    endloop
  endfacet
  facet normal -0.691505 0.722372 0
    outer loop
      vertex 0.0272294 -0.027433 0
      vertex 0.0273335 -0.0273335 0
      vertex 0.0273335 -0.0273335 -0.003
    endloop
  endfacet
  facet normal -0.722372 0.691505 0
    outer loop
      vertex 0.0273335 -0.0273335 -0.003
      vertex 0.0273335 -0.0273335 0
      vertex 0.027433 -0.0272294 -0.003
    endloop
  endfacet
  facet normal -0.722372 0.691505 0
    outer loop
      vertex 0.0273335 -0.0273335 0
      vertex 0.027433 -0.0272294 0
      vertex 0.027433 -0.0272294 -0.003
    endloop
  endfacet
  facet normal -0.751837 0.65935 0
    outer loop
      vertex 0.027433 -0.0272294 -0.003
      vertex 0.027433 -0.0272294 0
      vertex 0.0275279 -0.0271212 -0.003
    endloop
  endfacet
  facet normal -0.751837 0.65935 0
    outer loop
      vertex 0.027433 -0.0272294 0
      vertex 0.0275279 -0.0271212 0
      vertex 0.0275279 -0.0271212 -0.003
    endloop
  endfacet
  facet normal -0.779886 0.625922 0
    outer loop
      vertex 0.0275279 -0.0271212 -0.003
      vertex 0.0275279 -0.0271212 0
      vertex 0.0276181 -0.0270089 -0.003
    endloop
  endfacet
  facet normal -0.779886 0.625922 0
    outer loop
      vertex 0.0275279 -0.0271212 0
      vertex 0.0276181 -0.0270089 0
      vertex 0.0276181 -0.0270089 -0.003
    endloop
  endfacet
  facet normal -0.806447 0.591306 0
    outer loop
      vertex 0.0276181 -0.0270089 -0.003
      vertex 0.0276181 -0.0270089 0
      vertex 0.0277032 -0.0268928 -0.003
    endloop
  endfacet
  facet normal -0.806447 0.591306 0
    outer loop
      vertex 0.0276181 -0.0270089 0
      vertex 0.0277032 -0.0268928 0
      vertex 0.0277032 -0.0268928 -0.003
    endloop
  endfacet
  facet normal -0.831463 0.555581 0
    outer loop
      vertex 0.0277032 -0.0268928 -0.003
      vertex 0.0277032 -0.0268928 0
      vertex 0.0277832 -0.0267731 -0.003
    endloop
  endfacet
  facet normal -0.831463 0.555581 0
    outer loop
      vertex 0.0277032 -0.0268928 0
      vertex 0.0277832 -0.0267731 0
      vertex 0.0277832 -0.0267731 -0.003
    endloop
  endfacet
  facet normal -0.854918 0.518762 0
    outer loop
      vertex 0.0277832 -0.0267731 -0.003
      vertex 0.0277832 -0.0267731 0
      vertex 0.0278579 -0.02665 -0.003
    endloop
  endfacet
  facet normal -0.854918 0.518762 0
    outer loop
      vertex 0.0277832 -0.0267731 0
      vertex 0.0278579 -0.02665 0
      vertex 0.0278579 -0.02665 -0.003
    endloop
  endfacet
  facet normal -0.876723 0.480995 0
    outer loop
      vertex 0.0278579 -0.02665 -0.003
      vertex 0.0278579 -0.02665 0
      vertex 0.0279271 -0.0265238 -0.003
    endloop
  endfacet
  facet normal -0.876723 0.480995 0
    outer loop
      vertex 0.0278579 -0.02665 0
      vertex 0.0279271 -0.0265238 0
      vertex 0.0279271 -0.0265238 -0.003
    endloop
  endfacet
  facet normal -0.896872 0.442291 0
    outer loop
      vertex 0.0279271 -0.0265238 -0.003
      vertex 0.0279271 -0.0265238 0
      vertex 0.0279908 -0.0263946 -0.003
    endloop
  endfacet
  facet normal -0.896872 0.442291 0
    outer loop
      vertex 0.0279271 -0.0265238 0
      vertex 0.0279908 -0.0263946 0
      vertex 0.0279908 -0.0263946 -0.003
    endloop
  endfacet
  facet normal -0.915314 0.40274 0
    outer loop
      vertex 0.0279908 -0.0263946 -0.003
      vertex 0.0279908 -0.0263946 0
      vertex 0.0280488 -0.0262629 -0.003
    endloop
  endfacet
  facet normal -0.915314 0.40274 0
    outer loop
      vertex 0.0279908 -0.0263946 0
      vertex 0.0280488 -0.0262629 0
      vertex 0.0280488 -0.0262629 -0.003
    endloop
  endfacet
  facet normal -0.932006 0.362443 0
    outer loop
      vertex 0.0280488 -0.0262629 -0.003
      vertex 0.0280488 -0.0262629 0
      vertex 0.028101 -0.0261287 -0.003
    endloop
  endfacet
  facet normal -0.932006 0.362443 0
    outer loop
      vertex 0.0280488 -0.0262629 0
      vertex 0.028101 -0.0261287 0
      vertex 0.028101 -0.0261287 -0.003
    endloop
  endfacet
  facet normal -0.946933 0.321431 0
    outer loop
      vertex 0.028101 -0.0261287 -0.003
      vertex 0.028101 -0.0261287 0
      vertex 0.0281473 -0.0259923 -0.003
    endloop
  endfacet
  facet normal -0.946933 0.321431 0
    outer loop
      vertex 0.028101 -0.0261287 0
      vertex 0.0281473 -0.0259923 0
      vertex 0.0281473 -0.0259923 -0.003
    endloop
  endfacet
  facet normal -0.96005 0.27983 0
    outer loop
      vertex 0.0281473 -0.0259923 -0.003
      vertex 0.0281473 -0.0259923 0
      vertex 0.0281876 -0.0258541 -0.003
    endloop
  endfacet
  facet normal -0.96005 0.27983 0
    outer loop
      vertex 0.0281473 -0.0259923 0
      vertex 0.0281876 -0.0258541 0
      vertex 0.0281876 -0.0258541 -0.003
    endloop
  endfacet
  facet normal -0.971341 0.23769 0
    outer loop
      vertex 0.0281876 -0.0258541 -0.003
      vertex 0.0281876 -0.0258541 0
      vertex 0.0282218 -0.0257143 -0.003
    endloop
  endfacet
  facet normal -0.971341 0.23769 0
    outer loop
      vertex 0.0281876 -0.0258541 0
      vertex 0.0282218 -0.0257143 0
      vertex 0.0282218 -0.0257143 -0.003
    endloop
  endfacet
  facet normal -0.980785 0.195091 0
    outer loop
      vertex 0.0282218 -0.0257143 -0.003
      vertex 0.0282218 -0.0257143 0
      vertex 0.0282499 -0.025573 -0.003
    endloop
  endfacet
  facet normal -0.980785 0.195091 0
    outer loop
      vertex 0.0282218 -0.0257143 0
      vertex 0.0282499 -0.025573 0
      vertex 0.0282499 -0.025573 -0.003
    endloop
  endfacet
  facet normal -0.988361 0.152126 0
    outer loop
      vertex 0.0282499 -0.025573 -0.003
      vertex 0.0282499 -0.025573 0
      vertex 0.0282718 -0.0254307 -0.003
    endloop
  endfacet
  facet normal -0.988361 0.152126 0
    outer loop
      vertex 0.0282499 -0.025573 0
      vertex 0.0282718 -0.0254307 0
      vertex 0.0282718 -0.0254307 -0.003
    endloop
  endfacet
  facet normal -0.994057 0.108864 0
    outer loop
      vertex 0.0282718 -0.0254307 -0.003
      vertex 0.0282718 -0.0254307 0
      vertex 0.0282874 -0.0252876 -0.003
    endloop
  endfacet
  facet normal -0.994057 0.108864 0
    outer loop
      vertex 0.0282718 -0.0254307 0
      vertex 0.0282874 -0.0252876 0
      vertex 0.0282874 -0.0252876 -0.003
    endloop
  endfacet
  facet normal -0.997858 0.0654096 0
    outer loop
      vertex 0.0282874 -0.0252876 -0.003
      vertex 0.0282874 -0.0252876 0
      vertex 0.0282969 -0.0251439 -0.003
    endloop
  endfacet
  facet normal -0.997858 0.0654096 0
    outer loop
      vertex 0.0282874 -0.0252876 0
      vertex 0.0282969 -0.0251439 0
      vertex 0.0282969 -0.0251439 -0.003
    endloop
  endfacet
  facet normal -0.999762 0.0218119 0
    outer loop
      vertex 0.0282969 -0.0251439 -0.003
      vertex 0.0282969 -0.0251439 0
      vertex 0.0283 -0.025 -0.003
    endloop
  endfacet
  facet normal -0.999762 0.0218119 0
    outer loop
      vertex 0.0282969 -0.0251439 0
      vertex 0.0283 -0.025 0
      vertex 0.0283 -0.025 -0.003
    endloop
  endfacet
  facet normal -0.999762 -0.0218116 0
    outer loop
      vertex -0.0217 -0.025 -0.003
      vertex -0.0217 -0.025 0
      vertex -0.0217031 -0.0248561 -0.003
    endloop
  endfacet
  facet normal -0.999762 -0.0218116 0
    outer loop
      vertex -0.0217 -0.025 0
      vertex -0.0217031 -0.0248561 0
      vertex -0.0217031 -0.0248561 -0.003
    endloop
  endfacet
  facet normal -0.997858 -0.0654096 0
    outer loop
      vertex -0.0217031 -0.0248561 -0.003
      vertex -0.0217031 -0.0248561 0
      vertex -0.0217126 -0.0247124 -0.003
    endloop
  endfacet
  facet normal -0.997858 -0.0654096 0
    outer loop
      vertex -0.0217031 -0.0248561 0
      vertex -0.0217126 -0.0247124 0
      vertex -0.0217126 -0.0247124 -0.003
    endloop
  endfacet
  facet normal -0.994057 -0.108865 0
    outer loop
      vertex -0.0217126 -0.0247124 -0.003
      vertex -0.0217126 -0.0247124 0
      vertex -0.0217282 -0.0245693 -0.003
    endloop
  endfacet
  facet normal -0.994057 -0.108865 0
    outer loop
      vertex -0.0217126 -0.0247124 0
      vertex -0.0217282 -0.0245693 0
      vertex -0.0217282 -0.0245693 -0.003
    endloop
  endfacet
  facet normal -0.988363 -0.152114 0
    outer loop
      vertex -0.0217282 -0.0245693 -0.003
      vertex -0.0217282 -0.0245693 0
      vertex -0.0217501 -0.024427 -0.003
    endloop
  endfacet
  facet normal -0.988363 -0.152114 0
    outer loop
      vertex -0.0217282 -0.0245693 0
      vertex -0.0217501 -0.024427 0
      vertex -0.0217501 -0.024427 -0.003
    endloop
  endfacet
  facet normal -0.980783 -0.195101 0
    outer loop
      vertex -0.0217501 -0.024427 -0.003
      vertex -0.0217501 -0.024427 0
      vertex -0.0217782 -0.0242857 -0.003
    endloop
  endfacet
  facet normal -0.980783 -0.195101 0
    outer loop
      vertex -0.0217501 -0.024427 0
      vertex -0.0217782 -0.0242857 0
      vertex -0.0217782 -0.0242857 -0.003
    endloop
  endfacet
  facet normal -0.971343 -0.23768 0
    outer loop
      vertex -0.0217782 -0.0242857 -0.003
      vertex -0.0217782 -0.0242857 0
      vertex -0.0218124 -0.0241459 -0.003
    endloop
  endfacet
  facet normal -0.971343 -0.23768 0
    outer loop
      vertex -0.0217782 -0.0242857 0
      vertex -0.0218124 -0.0241459 0
      vertex -0.0218124 -0.0241459 -0.003
    endloop
  endfacet
  facet normal -0.960051 -0.279826 0
    outer loop
      vertex -0.0218124 -0.0241459 -0.003
      vertex -0.0218124 -0.0241459 0
      vertex -0.0218527 -0.0240077 -0.003
    endloop
  endfacet
  facet normal -0.960051 -0.279826 0
    outer loop
      vertex -0.0218124 -0.0241459 0
      vertex -0.0218527 -0.0240077 0
      vertex -0.0218527 -0.0240077 -0.003
    endloop
  endfacet
  facet normal -0.946928 -0.321447 0
    outer loop
      vertex -0.0218527 -0.0240077 -0.003
      vertex -0.0218527 -0.0240077 0
      vertex -0.021899 -0.0238713 -0.003
    endloop
  endfacet
  facet normal -0.946928 -0.321447 0
    outer loop
      vertex -0.0218527 -0.0240077 0
      vertex -0.021899 -0.0238713 0
      vertex -0.021899 -0.0238713 -0.003
    endloop
  endfacet
  facet normal -0.93201 -0.362431 0
    outer loop
      vertex -0.021899 -0.0238713 -0.003
      vertex -0.021899 -0.0238713 0
      vertex -0.0219512 -0.0237371 -0.003
    endloop
  endfacet
  facet normal -0.93201 -0.362431 0
    outer loop
      vertex -0.021899 -0.0238713 0
      vertex -0.0219512 -0.0237371 0
      vertex -0.0219512 -0.0237371 -0.003
    endloop
  endfacet
  facet normal -0.91531 -0.402751 0
    outer loop
      vertex -0.0219512 -0.0237371 -0.003
      vertex -0.0219512 -0.0237371 0
      vertex -0.0220092 -0.0236054 -0.003
    endloop
  endfacet
  facet normal -0.91531 -0.402751 0
    outer loop
      vertex -0.0219512 -0.0237371 0
      vertex -0.0220092 -0.0236054 0
      vertex -0.0220092 -0.0236054 -0.003
    endloop
  endfacet
  facet normal -0.896872 -0.442291 0
    outer loop
      vertex -0.0220092 -0.0236054 -0.003
      vertex -0.0220092 -0.0236054 0
      vertex -0.0220729 -0.0234762 -0.003
    endloop
  endfacet
  facet normal -0.896872 -0.442291 0
    outer loop
      vertex -0.0220092 -0.0236054 0
      vertex -0.0220729 -0.0234762 0
      vertex -0.0220729 -0.0234762 -0.003
    endloop
  endfacet
  facet normal -0.876729 -0.480985 0
    outer loop
      vertex -0.0220729 -0.0234762 -0.003
      vertex -0.0220729 -0.0234762 0
      vertex -0.0221421 -0.02335 -0.003
    endloop
  endfacet
  facet normal -0.876729 -0.480985 0
    outer loop
      vertex -0.0220729 -0.0234762 0
      vertex -0.0221421 -0.02335 0
      vertex -0.0221421 -0.02335 -0.003
    endloop
  endfacet
  facet normal -0.854913 -0.518772 0
    outer loop
      vertex -0.0221421 -0.02335 -0.003
      vertex -0.0221421 -0.02335 0
      vertex -0.0222168 -0.0232269 -0.003
    endloop
  endfacet
  facet normal -0.854913 -0.518772 0
    outer loop
      vertex -0.0221421 -0.02335 0
      vertex -0.0222168 -0.0232269 0
      vertex -0.0222168 -0.0232269 -0.003
    endloop
  endfacet
  facet normal -0.831473 -0.555566 0
    outer loop
      vertex -0.0222168 -0.0232269 -0.003
      vertex -0.0222168 -0.0232269 0
      vertex -0.0222968 -0.0231072 -0.003
    endloop
  endfacet
  facet normal -0.831473 -0.555566 0
    outer loop
      vertex -0.0222168 -0.0232269 0
      vertex -0.0222968 -0.0231072 0
      vertex -0.0222968 -0.0231072 -0.003
    endloop
  endfacet
  facet normal -0.806442 -0.591313 0
    outer loop
      vertex -0.0222968 -0.0231072 -0.003
      vertex -0.0222968 -0.0231072 0
      vertex -0.0223819 -0.0229911 -0.003
    endloop
  endfacet
  facet normal -0.806442 -0.591313 0
    outer loop
      vertex -0.0222968 -0.0231072 0
      vertex -0.0223819 -0.0229911 0
      vertex -0.0223819 -0.0229911 -0.003
    endloop
  endfacet
  facet normal -0.77988 -0.62593 0
    outer loop
      vertex -0.0223819 -0.0229911 -0.003
      vertex -0.0223819 -0.0229911 0
      vertex -0.0224721 -0.0228788 -0.003
    endloop
  endfacet
  facet normal -0.77988 -0.62593 0
    outer loop
      vertex -0.0223819 -0.0229911 0
      vertex -0.0224721 -0.0228788 0
      vertex -0.0224721 -0.0228788 -0.003
    endloop
  endfacet
  facet normal -0.751842 -0.659343 0
    outer loop
      vertex -0.0224721 -0.0228788 -0.003
      vertex -0.0224721 -0.0228788 0
      vertex -0.022567 -0.0227706 -0.003
    endloop
  endfacet
  facet normal -0.751842 -0.659343 0
    outer loop
      vertex -0.0224721 -0.0228788 0
      vertex -0.022567 -0.0227706 0
      vertex -0.022567 -0.0227706 -0.003
    endloop
  endfacet
  facet normal -0.722366 -0.691511 0
    outer loop
      vertex -0.022567 -0.0227706 -0.003
      vertex -0.022567 -0.0227706 0
      vertex -0.0226665 -0.0226665 -0.003
    endloop
  endfacet
  facet normal -0.722366 -0.691511 0
    outer loop
      vertex -0.022567 -0.0227706 0
      vertex -0.0226665 -0.0226665 0
      vertex -0.0226665 -0.0226665 -0.003
    endloop
  endfacet
  facet normal -0.691511 -0.722366 0
    outer loop
      vertex -0.0226665 -0.0226665 -0.003
      vertex -0.0226665 -0.0226665 0
      vertex -0.0227706 -0.022567 -0.003
    endloop
  endfacet
  facet normal -0.691511 -0.722366 0
    outer loop
      vertex -0.0226665 -0.0226665 0
      vertex -0.0227706 -0.022567 0
      vertex -0.0227706 -0.022567 -0.003
    endloop
  endfacet
  facet normal -0.659343 -0.751842 0
    outer loop
      vertex -0.0227706 -0.022567 -0.003
      vertex -0.0227706 -0.022567 0
      vertex -0.0228788 -0.0224721 -0.003
    endloop
  endfacet
  facet normal -0.659343 -0.751842 0
    outer loop
      vertex -0.0227706 -0.022567 0
      vertex -0.0228788 -0.0224721 0
      vertex -0.0228788 -0.0224721 -0.003
    endloop
  endfacet
  facet normal -0.62593 -0.77988 0
    outer loop
      vertex -0.0228788 -0.0224721 -0.003
      vertex -0.0228788 -0.0224721 0
      vertex -0.0229911 -0.0223819 -0.003
    endloop
  endfacet
  facet normal -0.62593 -0.77988 0
    outer loop
      vertex -0.0228788 -0.0224721 0
      vertex -0.0229911 -0.0223819 0
      vertex -0.0229911 -0.0223819 -0.003
    endloop
  endfacet
  facet normal -0.591313 -0.806442 0
    outer loop
      vertex -0.0229911 -0.0223819 -0.003
      vertex -0.0229911 -0.0223819 0
      vertex -0.0231072 -0.0222968 -0.003
    endloop
  endfacet
  facet normal -0.591313 -0.806442 0
    outer loop
      vertex -0.0229911 -0.0223819 0
      vertex -0.0231072 -0.0222968 0
      vertex -0.0231072 -0.0222968 -0.003
    endloop
  endfacet
  facet normal -0.555566 -0.831473 0
    outer loop
      vertex -0.0231072 -0.0222968 -0.003
      vertex -0.0231072 -0.0222968 0
      vertex -0.0232269 -0.0222168 -0.003
    endloop
  endfacet
  facet normal -0.555566 -0.831473 0
    outer loop
      vertex -0.0231072 -0.0222968 0
      vertex -0.0232269 -0.0222168 0
      vertex -0.0232269 -0.0222168 -0.003
    endloop
  endfacet
  facet normal -0.518772 -0.854913 0
    outer loop
      vertex -0.0232269 -0.0222168 -0.003
      vertex -0.0232269 -0.0222168 0
      vertex -0.02335 -0.0221421 -0.003
    endloop
  endfacet
  facet normal -0.518772 -0.854913 0
    outer loop
      vertex -0.0232269 -0.0222168 0
      vertex -0.02335 -0.0221421 0
      vertex -0.02335 -0.0221421 -0.003
    endloop
  endfacet
  facet normal -0.480985 -0.876729 0
    outer loop
      vertex -0.02335 -0.0221421 -0.003
      vertex -0.02335 -0.0221421 0
      vertex -0.0234762 -0.0220729 -0.003
    endloop
  endfacet
  facet normal -0.480985 -0.876729 0
    outer loop
      vertex -0.02335 -0.0221421 0
      vertex -0.0234762 -0.0220729 0
      vertex -0.0234762 -0.0220729 -0.003
    endloop
  endfacet
  facet normal -0.442291 -0.896872 0
    outer loop
      vertex -0.0234762 -0.0220729 -0.003
      vertex -0.0234762 -0.0220729 0
      vertex -0.0236054 -0.0220092 -0.003
    endloop
  endfacet
  facet normal -0.442291 -0.896872 0
    outer loop
      vertex -0.0234762 -0.0220729 0
      vertex -0.0236054 -0.0220092 0
      vertex -0.0236054 -0.0220092 -0.003
    endloop
  endfacet
  facet normal -0.402751 -0.91531 0
    outer loop
      vertex -0.0236054 -0.0220092 -0.003
      vertex -0.0236054 -0.0220092 0
      vertex -0.0237371 -0.0219512 -0.003
    endloop
  endfacet
  facet normal -0.402751 -0.91531 0
    outer loop
      vertex -0.0236054 -0.0220092 0
      vertex -0.0237371 -0.0219512 0
      vertex -0.0237371 -0.0219512 -0.003
    endloop
  endfacet
  facet normal -0.362431 -0.93201 0
    outer loop
      vertex -0.0237371 -0.0219512 -0.003
      vertex -0.0237371 -0.0219512 0
      vertex -0.0238713 -0.021899 -0.003
    endloop
  endfacet
  facet normal -0.362431 -0.93201 0
    outer loop
      vertex -0.0237371 -0.0219512 0
      vertex -0.0238713 -0.021899 0
      vertex -0.0238713 -0.021899 -0.003
    endloop
  endfacet
  facet normal -0.321447 -0.946928 0
    outer loop
      vertex -0.0238713 -0.021899 -0.003
      vertex -0.0238713 -0.021899 0
      vertex -0.0240077 -0.0218527 -0.003
    endloop
  endfacet
  facet normal -0.321447 -0.946928 0
    outer loop
      vertex -0.0238713 -0.021899 0
      vertex -0.0240077 -0.0218527 0
      vertex -0.0240077 -0.0218527 -0.003
    endloop
  endfacet
  facet normal -0.279826 -0.960051 0
    outer loop
      vertex -0.0240077 -0.0218527 -0.003
      vertex -0.0240077 -0.0218527 0
      vertex -0.0241459 -0.0218124 -0.003
    endloop
  endfacet
  facet normal -0.279826 -0.960051 0
    outer loop
      vertex -0.0240077 -0.0218527 0
      vertex -0.0241459 -0.0218124 0
      vertex -0.0241459 -0.0218124 -0.003
    endloop
  endfacet
  facet normal -0.23768 -0.971343 0
    outer loop
      vertex -0.0241459 -0.0218124 -0.003
      vertex -0.0241459 -0.0218124 0
      vertex -0.0242857 -0.0217782 -0.003
    endloop
  endfacet
  facet normal -0.23768 -0.971343 0
    outer loop
      vertex -0.0241459 -0.0218124 0
      vertex -0.0242857 -0.0217782 0
      vertex -0.0242857 -0.0217782 -0.003
    endloop
  endfacet
  facet normal -0.195101 -0.980783 0
    outer loop
      vertex -0.0242857 -0.0217782 -0.003
      vertex -0.0242857 -0.0217782 0
      vertex -0.024427 -0.0217501 -0.003
    endloop
  endfacet
  facet normal -0.195101 -0.980783 0
    outer loop
      vertex -0.0242857 -0.0217782 0
      vertex -0.024427 -0.0217501 0
      vertex -0.024427 -0.0217501 -0.003
    endloop
  endfacet
  facet normal -0.152114 -0.988363 0
    outer loop
      vertex -0.024427 -0.0217501 -0.003
      vertex -0.024427 -0.0217501 0
      vertex -0.0245693 -0.0217282 -0.003
    endloop
  endfacet
  facet normal -0.152114 -0.988363 0
    outer loop
      vertex -0.024427 -0.0217501 0
      vertex -0.0245693 -0.0217282 0
      vertex -0.0245693 -0.0217282 -0.003
    endloop
  endfacet
  facet normal -0.108865 -0.994057 0
    outer loop
      vertex -0.0245693 -0.0217282 -0.003
      vertex -0.0245693 -0.0217282 0
      vertex -0.0247124 -0.0217126 -0.003
    endloop
  endfacet
  facet normal -0.108865 -0.994057 0
    outer loop
      vertex -0.0245693 -0.0217282 0
      vertex -0.0247124 -0.0217126 0
      vertex -0.0247124 -0.0217126 -0.003
    endloop
  endfacet
  facet normal -0.0654096 -0.997858 0
    outer loop
      vertex -0.0247124 -0.0217126 -0.003
      vertex -0.0247124 -0.0217126 0
      vertex -0.0248561 -0.0217031 -0.003
    endloop
  endfacet
  facet normal -0.0654096 -0.997858 0
    outer loop
      vertex -0.0247124 -0.0217126 0
      vertex -0.0248561 -0.0217031 0
      vertex -0.0248561 -0.0217031 -0.003
    endloop
  endfacet
  facet normal -0.0218116 -0.999762 0
    outer loop
      vertex -0.0248561 -0.0217031 -0.003
      vertex -0.0248561 -0.0217031 0
      vertex -0.025 -0.0217 -0.003
    endloop
  endfacet
  facet normal -0.0218116 -0.999762 0
    outer loop
      vertex -0.0248561 -0.0217031 0
      vertex -0.025 -0.0217 0
      vertex -0.025 -0.0217 -0.003
    endloop
  endfacet
  facet normal 0.0218119 -0.999762 0
    outer loop
      vertex -0.025 -0.0217 -0.003
      vertex -0.025 -0.0217 0
      vertex -0.0251439 -0.0217031 -0.003
    endloop
  endfacet
  facet normal 0.0218119 -0.999762 0
    outer loop
      vertex -0.025 -0.0217 0
      vertex -0.0251439 -0.0217031 0
      vertex -0.0251439 -0.0217031 -0.003
    endloop
  endfacet
  facet normal 0.0654096 -0.997858 0
    outer loop
      vertex -0.0251439 -0.0217031 -0.003
      vertex -0.0251439 -0.0217031 0
      vertex -0.0252876 -0.0217126 -0.003
    endloop
  endfacet
  facet normal 0.0654096 -0.997858 0
    outer loop
      vertex -0.0251439 -0.0217031 0
      vertex -0.0252876 -0.0217126 0
      vertex -0.0252876 -0.0217126 -0.003
    endloop
  endfacet
  facet normal 0.108864 -0.994057 0
    outer loop
      vertex -0.0252876 -0.0217126 -0.003
      vertex -0.0252876 -0.0217126 0
      vertex -0.0254307 -0.0217282 -0.003
    endloop
  endfacet
  facet normal 0.108864 -0.994057 0
    outer loop
      vertex -0.0252876 -0.0217126 0
      vertex -0.0254307 -0.0217282 0
      vertex -0.0254307 -0.0217282 -0.003
    endloop
  endfacet
  facet normal 0.152114 -0.988363 0
    outer loop
      vertex -0.0254307 -0.0217282 -0.003
      vertex -0.0254307 -0.0217282 0
      vertex -0.025573 -0.0217501 -0.003
    endloop
  endfacet
  facet normal 0.152114 -0.988363 0
    outer loop
      vertex -0.0254307 -0.0217282 0
      vertex -0.025573 -0.0217501 0
      vertex -0.025573 -0.0217501 -0.003
    endloop
  endfacet
  facet normal 0.195103 -0.980783 0
    outer loop
      vertex -0.025573 -0.0217501 -0.003
      vertex -0.025573 -0.0217501 0
      vertex -0.0257143 -0.0217782 -0.003
    endloop
  endfacet
  facet normal 0.195103 -0.980783 0
    outer loop
      vertex -0.025573 -0.0217501 0
      vertex -0.0257143 -0.0217782 0
      vertex -0.0257143 -0.0217782 -0.003
    endloop
  endfacet
  facet normal 0.237677 -0.971344 0
    outer loop
      vertex -0.0257143 -0.0217782 -0.003
      vertex -0.0257143 -0.0217782 0
      vertex -0.0258541 -0.0218124 -0.003
    endloop
  endfacet
  facet normal 0.237677 -0.971344 0
    outer loop
      vertex -0.0257143 -0.0217782 0
      vertex -0.0258541 -0.0218124 0
      vertex -0.0258541 -0.0218124 -0.003
    endloop
  endfacet
  facet normal 0.27983 -0.96005 0
    outer loop
      vertex -0.0258541 -0.0218124 -0.003
      vertex -0.0258541 -0.0218124 0
      vertex -0.0259923 -0.0218527 -0.003
    endloop
  endfacet
  facet normal 0.27983 -0.96005 0
    outer loop
      vertex -0.0258541 -0.0218124 0
      vertex -0.0259923 -0.0218527 0
      vertex -0.0259923 -0.0218527 -0.003
    endloop
  endfacet
  facet normal 0.321443 -0.946929 0
    outer loop
      vertex -0.0259923 -0.0218527 -0.003
      vertex -0.0259923 -0.0218527 0
      vertex -0.0261287 -0.021899 -0.003
    endloop
  endfacet
  facet normal 0.321443 -0.946929 0
    outer loop
      vertex -0.0259923 -0.0218527 0
      vertex -0.0261287 -0.021899 0
      vertex -0.0261287 -0.021899 -0.003
    endloop
  endfacet
  facet normal 0.362431 -0.93201 0
    outer loop
      vertex -0.0261287 -0.021899 -0.003
      vertex -0.0261287 -0.021899 0
      vertex -0.0262629 -0.0219512 -0.003
    endloop
  endfacet
  facet normal 0.362431 -0.93201 0
    outer loop
      vertex -0.0261287 -0.021899 0
      vertex -0.0262629 -0.0219512 0
      vertex -0.0262629 -0.0219512 -0.003
    endloop
  endfacet
  facet normal 0.402751 -0.91531 0
    outer loop
      vertex -0.0262629 -0.0219512 -0.003
      vertex -0.0262629 -0.0219512 0
      vertex -0.0263946 -0.0220092 -0.003
    endloop
  endfacet
  facet normal 0.402751 -0.91531 0
    outer loop
      vertex -0.0262629 -0.0219512 0
      vertex -0.0263946 -0.0220092 0
      vertex -0.0263946 -0.0220092 -0.003
    endloop
  endfacet
  facet normal 0.442291 -0.896872 0
    outer loop
      vertex -0.0263946 -0.0220092 -0.003
      vertex -0.0263946 -0.0220092 0
      vertex -0.0265238 -0.0220729 -0.003
    endloop
  endfacet
  facet normal 0.442291 -0.896872 0
    outer loop
      vertex -0.0263946 -0.0220092 0
      vertex -0.0265238 -0.0220729 0
      vertex -0.0265238 -0.0220729 -0.003
    endloop
  endfacet
  facet normal 0.480985 -0.876729 0
    outer loop
      vertex -0.0265238 -0.0220729 -0.003
      vertex -0.0265238 -0.0220729 0
      vertex -0.02665 -0.0221421 -0.003
    endloop
  endfacet
  facet normal 0.480985 -0.876729 0
    outer loop
      vertex -0.0265238 -0.0220729 0
      vertex -0.02665 -0.0221421 0
      vertex -0.02665 -0.0221421 -0.003
    endloop
  endfacet
  facet normal 0.518772 -0.854913 0
    outer loop
      vertex -0.02665 -0.0221421 -0.003
      vertex -0.02665 -0.0221421 0
      vertex -0.0267731 -0.0222168 -0.003
    endloop
  endfacet
  facet normal 0.518772 -0.854913 0
    outer loop
      vertex -0.02665 -0.0221421 0
      vertex -0.0267731 -0.0222168 0
      vertex -0.0267731 -0.0222168 -0.003
    endloop
  endfacet
  facet normal 0.555572 -0.831469 0
    outer loop
      vertex -0.0267731 -0.0222168 -0.003
      vertex -0.0267731 -0.0222168 0
      vertex -0.0268928 -0.0222968 -0.003
    endloop
  endfacet
  facet normal 0.555572 -0.831469 0
    outer loop
      vertex -0.0267731 -0.0222168 0
      vertex -0.0268928 -0.0222968 0
      vertex -0.0268928 -0.0222968 -0.003
    endloop
  endfacet
  facet normal 0.591306 -0.806447 0
    outer loop
      vertex -0.0268928 -0.0222968 -0.003
      vertex -0.0268928 -0.0222968 0
      vertex -0.0270089 -0.0223819 -0.003
    endloop
  endfacet
  facet normal 0.591306 -0.806447 0
    outer loop
      vertex -0.0268928 -0.0222968 0
      vertex -0.0270089 -0.0223819 0
      vertex -0.0270089 -0.0223819 -0.003
    endloop
  endfacet
  facet normal 0.62593 -0.77988 0
    outer loop
      vertex -0.0270089 -0.0223819 -0.003
      vertex -0.0270089 -0.0223819 0
      vertex -0.0271212 -0.0224721 -0.003
    endloop
  endfacet
  facet normal 0.62593 -0.77988 0
    outer loop
      vertex -0.0270089 -0.0223819 0
      vertex -0.0271212 -0.0224721 0
      vertex -0.0271212 -0.0224721 -0.003
    endloop
  endfacet
  facet normal 0.65935 -0.751837 0
    outer loop
      vertex -0.0271212 -0.0224721 -0.003
      vertex -0.0271212 -0.0224721 0
      vertex -0.0272294 -0.022567 -0.003
    endloop
  endfacet
  facet normal 0.65935 -0.751837 0
    outer loop
      vertex -0.0271212 -0.0224721 0
      vertex -0.0272294 -0.022567 0
      vertex -0.0272294 -0.022567 -0.003
    endloop
  endfacet
  facet normal 0.691505 -0.722372 0
    outer loop
      vertex -0.0272294 -0.022567 -0.003
      vertex -0.0272294 -0.022567 0
      vertex -0.0273335 -0.0226665 -0.003
    endloop
  endfacet
  facet normal 0.691505 -0.722372 0
    outer loop
      vertex -0.0272294 -0.022567 0
      vertex -0.0273335 -0.0226665 0
      vertex -0.0273335 -0.0226665 -0.003
    endloop
  endfacet
  facet normal 0.722366 -0.691511 0
    outer loop
      vertex -0.0273335 -0.0226665 -0.003
      vertex -0.0273335 -0.0226665 0
      vertex -0.027433 -0.0227706 -0.003
    endloop
  endfacet
  facet normal 0.722366 -0.691511 0
    outer loop
      vertex -0.0273335 -0.0226665 0
      vertex -0.027433 -0.0227706 0
      vertex -0.027433 -0.0227706 -0.003
    endloop
  endfacet
  facet normal 0.751842 -0.659343 0
    outer loop
      vertex -0.027433 -0.0227706 -0.003
      vertex -0.027433 -0.0227706 0
      vertex -0.0275279 -0.0228788 -0.003
    endloop
  endfacet
  facet normal 0.751842 -0.659343 0
    outer loop
      vertex -0.027433 -0.0227706 0
      vertex -0.0275279 -0.0228788 0
      vertex -0.0275279 -0.0228788 -0.003
    endloop
  endfacet
  facet normal 0.779886 -0.625922 0
    outer loop
      vertex -0.0275279 -0.0228788 -0.003
      vertex -0.0275279 -0.0228788 0
      vertex -0.0276181 -0.0229911 -0.003
    endloop
  endfacet
  facet normal 0.779886 -0.625922 0
    outer loop
      vertex -0.0275279 -0.0228788 0
      vertex -0.0276181 -0.0229911 0
      vertex -0.0276181 -0.0229911 -0.003
    endloop
  endfacet
  facet normal 0.806442 -0.591313 0
    outer loop
      vertex -0.0276181 -0.0229911 -0.003
      vertex -0.0276181 -0.0229911 0
      vertex -0.0277032 -0.0231072 -0.003
    endloop
  endfacet
  facet normal 0.806442 -0.591313 0
    outer loop
      vertex -0.0276181 -0.0229911 0
      vertex -0.0277032 -0.0231072 0
      vertex -0.0277032 -0.0231072 -0.003
    endloop
  endfacet
  facet normal 0.831467 -0.555575 0
    outer loop
      vertex -0.0277032 -0.0231072 -0.003
      vertex -0.0277032 -0.0231072 0
      vertex -0.0277832 -0.0232269 -0.003
    endloop
  endfacet
  facet normal 0.831467 -0.555575 0
    outer loop
      vertex -0.0277032 -0.0231072 0
      vertex -0.0277832 -0.0232269 0
      vertex -0.0277832 -0.0232269 -0.003
    endloop
  endfacet
  facet normal 0.854918 -0.518762 0
    outer loop
      vertex -0.0277832 -0.0232269 -0.003
      vertex -0.0277832 -0.0232269 0
      vertex -0.0278579 -0.02335 -0.003
    endloop
  endfacet
  facet normal 0.854918 -0.518762 0
    outer loop
      vertex -0.0277832 -0.0232269 0
      vertex -0.0278579 -0.02335 0
      vertex -0.0278579 -0.02335 -0.003
    endloop
  endfacet
  facet normal 0.876723 -0.480995 0
    outer loop
      vertex -0.0278579 -0.02335 -0.003
      vertex -0.0278579 -0.02335 0
      vertex -0.0279271 -0.0234762 -0.003
    endloop
  endfacet
  facet normal 0.876723 -0.480995 0
    outer loop
      vertex -0.0278579 -0.02335 0
      vertex -0.0279271 -0.0234762 0
      vertex -0.0279271 -0.0234762 -0.003
    endloop
  endfacet
  facet normal 0.896872 -0.442291 0
    outer loop
      vertex -0.0279271 -0.0234762 -0.003
      vertex -0.0279271 -0.0234762 0
      vertex -0.0279908 -0.0236054 -0.003
    endloop
  endfacet
  facet normal 0.896872 -0.442291 0
    outer loop
      vertex -0.0279271 -0.0234762 0
      vertex -0.0279908 -0.0236054 0
      vertex -0.0279908 -0.0236054 -0.003
    endloop
  endfacet
  facet normal 0.915314 -0.40274 0
    outer loop
      vertex -0.0279908 -0.0236054 -0.003
      vertex -0.0279908 -0.0236054 0
      vertex -0.0280488 -0.0237371 -0.003
    endloop
  endfacet
  facet normal 0.915314 -0.40274 0
    outer loop
      vertex -0.0279908 -0.0236054 0
      vertex -0.0280488 -0.0237371 0
      vertex -0.0280488 -0.0237371 -0.003
    endloop
  endfacet
  facet normal 0.932006 -0.362443 0
    outer loop
      vertex -0.0280488 -0.0237371 -0.003
      vertex -0.0280488 -0.0237371 0
      vertex -0.028101 -0.0238713 -0.003
    endloop
  endfacet
  facet normal 0.932006 -0.362443 0
    outer loop
      vertex -0.0280488 -0.0237371 0
      vertex -0.028101 -0.0238713 0
      vertex -0.028101 -0.0238713 -0.003
    endloop
  endfacet
  facet normal 0.946932 -0.321435 0
    outer loop
      vertex -0.028101 -0.0238713 -0.003
      vertex -0.028101 -0.0238713 0
      vertex -0.0281473 -0.0240077 -0.003
    endloop
  endfacet
  facet normal 0.946932 -0.321435 0
    outer loop
      vertex -0.028101 -0.0238713 0
      vertex -0.0281473 -0.0240077 0
      vertex -0.0281473 -0.0240077 -0.003
    endloop
  endfacet
  facet normal 0.960051 -0.279826 0
    outer loop
      vertex -0.0281473 -0.0240077 -0.003
      vertex -0.0281473 -0.0240077 0
      vertex -0.0281876 -0.0241459 -0.003
    endloop
  endfacet
  facet normal 0.960051 -0.279826 0
    outer loop
      vertex -0.0281473 -0.0240077 0
      vertex -0.0281876 -0.0241459 0
      vertex -0.0281876 -0.0241459 -0.003
    endloop
  endfacet
  facet normal 0.97134 -0.237693 0
    outer loop
      vertex -0.0281876 -0.0241459 -0.003
      vertex -0.0281876 -0.0241459 0
      vertex -0.0282218 -0.0242857 -0.003
    endloop
  endfacet
  facet normal 0.97134 -0.237693 0
    outer loop
      vertex -0.0281876 -0.0241459 0
      vertex -0.0282218 -0.0242857 0
      vertex -0.0282218 -0.0242857 -0.003
    endloop
  endfacet
  facet normal 0.980786 -0.195089 0
    outer loop
      vertex -0.0282218 -0.0242857 -0.003
      vertex -0.0282218 -0.0242857 0
      vertex -0.0282499 -0.024427 -0.003
    endloop
  endfacet
  facet normal 0.980786 -0.195089 0
    outer loop
      vertex -0.0282218 -0.0242857 0
      vertex -0.0282499 -0.024427 0
      vertex -0.0282499 -0.024427 -0.003
    endloop
  endfacet
  facet normal 0.988361 -0.152126 0
    outer loop
      vertex -0.0282499 -0.024427 -0.003
      vertex -0.0282499 -0.024427 0
      vertex -0.0282718 -0.0245693 -0.003
    endloop
  endfacet
  facet normal 0.988361 -0.152126 0
    outer loop
      vertex -0.0282499 -0.024427 0
      vertex -0.0282718 -0.0245693 0
      vertex -0.0282718 -0.0245693 -0.003
    endloop
  endfacet
  facet normal 0.994057 -0.108865 0
    outer loop
      vertex -0.0282718 -0.0245693 -0.003
      vertex -0.0282718 -0.0245693 0
      vertex -0.0282874 -0.0247124 -0.003
    endloop
  endfacet
  facet normal 0.994057 -0.108865 0
    outer loop
      vertex -0.0282718 -0.0245693 0
      vertex -0.0282874 -0.0247124 0
      vertex -0.0282874 -0.0247124 -0.003
    endloop
  endfacet
  facet normal 0.997858 -0.0654096 0
    outer loop
      vertex -0.0282874 -0.0247124 -0.003
      vertex -0.0282874 -0.0247124 0
      vertex -0.0282969 -0.0248561 -0.003
    endloop
  endfacet
  facet normal 0.997858 -0.0654096 0
    outer loop
      vertex -0.0282874 -0.0247124 0
      vertex -0.0282969 -0.0248561 0
      vertex -0.0282969 -0.0248561 -0.003
    endloop
  endfacet
  facet normal 0.999762 -0.0218116 0
    outer loop
      vertex -0.0282969 -0.0248561 -0.003
      vertex -0.0282969 -0.0248561 0
      vertex -0.0283 -0.025 -0.003
    endloop
  endfacet
  facet normal 0.999762 -0.0218116 0
    outer loop
      vertex -0.0282969 -0.0248561 0
      vertex -0.0283 -0.025 0
      vertex -0.0283 -0.025 -0.003
    endloop
  endfacet
  facet normal 0.999762 0.0218119 0
    outer loop
      vertex -0.0283 -0.025 -0.003
      vertex -0.0283 -0.025 0
      vertex -0.0282969 -0.0251439 -0.003
    endloop
  endfacet
  facet normal 0.999762 0.0218119 0
    outer loop
      vertex -0.0283 -0.025 0
      vertex -0.0282969 -0.0251439 0
      vertex -0.0282969 -0.0251439 -0.003
    endloop
  endfacet
  facet normal 0.997858 0.0654096 0
    outer loop
      vertex -0.0282969 -0.0251439 -0.003
      vertex -0.0282969 -0.0251439 0
      vertex -0.0282874 -0.0252876 -0.003
    endloop
  endfacet
  facet normal 0.997858 0.0654096 0
    outer loop
      vertex -0.0282969 -0.0251439 0
      vertex -0.0282874 -0.0252876 0
      vertex -0.0282874 -0.0252876 -0.003
    endloop
  endfacet
  facet normal 0.994057 0.108864 0
    outer loop
      vertex -0.0282874 -0.0252876 -0.003
      vertex -0.0282874 -0.0252876 0
      vertex -0.0282718 -0.0254307 -0.003
    endloop
  endfacet
  facet normal 0.994057 0.108864 0
    outer loop
      vertex -0.0282874 -0.0252876 0
      vertex -0.0282718 -0.0254307 0
      vertex -0.0282718 -0.0254307 -0.003
    endloop
  endfacet
  facet normal 0.988361 0.152126 0
    outer loop
      vertex -0.0282718 -0.0254307 -0.003
      vertex -0.0282718 -0.0254307 0
      vertex -0.0282499 -0.025573 -0.003
    endloop
  endfacet
  facet normal 0.988361 0.152126 0
    outer loop
      vertex -0.0282718 -0.0254307 0
      vertex -0.0282499 -0.025573 0
      vertex -0.0282499 -0.025573 -0.003
    endloop
  endfacet
  facet normal 0.980785 0.195091 0
    outer loop
      vertex -0.0282499 -0.025573 -0.003
      vertex -0.0282499 -0.025573 0
      vertex -0.0282218 -0.0257143 -0.003
    endloop
  endfacet
  facet normal 0.980785 0.195091 0
    outer loop
      vertex -0.0282499 -0.025573 0
      vertex -0.0282218 -0.0257143 0
      vertex -0.0282218 -0.0257143 -0.003
    endloop
  endfacet
  facet normal 0.971341 0.23769 0
    outer loop
      vertex -0.0282218 -0.0257143 -0.003
      vertex -0.0282218 -0.0257143 0
      vertex -0.0281876 -0.0258541 -0.003
    endloop
  endfacet
  facet normal 0.971341 0.23769 0
    outer loop
      vertex -0.0282218 -0.0257143 0
      vertex -0.0281876 -0.0258541 0
      vertex -0.0281876 -0.0258541 -0.003
    endloop
  endfacet
  facet normal 0.96005 0.27983 0
    outer loop
      vertex -0.0281876 -0.0258541 -0.003
      vertex -0.0281876 -0.0258541 0
      vertex -0.0281473 -0.0259923 -0.003
    endloop
  endfacet
  facet normal 0.96005 0.27983 0
    outer loop
      vertex -0.0281876 -0.0258541 0
      vertex -0.0281473 -0.0259923 0
      vertex -0.0281473 -0.0259923 -0.003
    endloop
  endfacet
  facet normal 0.946933 0.321431 0
    outer loop
      vertex -0.0281473 -0.0259923 -0.003
      vertex -0.0281473 -0.0259923 0
      vertex -0.028101 -0.0261287 -0.003
    endloop
  endfacet
  facet normal 0.946933 0.321431 0
    outer loop
      vertex -0.0281473 -0.0259923 0
      vertex -0.028101 -0.0261287 0
      vertex -0.028101 -0.0261287 -0.003
    endloop
  endfacet
  facet normal 0.932006 0.362443 0
    outer loop
      vertex -0.028101 -0.0261287 -0.003
      vertex -0.028101 -0.0261287 0
      vertex -0.0280488 -0.0262629 -0.003
    endloop
  endfacet
  facet normal 0.932006 0.362443 0
    outer loop
      vertex -0.028101 -0.0261287 0
      vertex -0.0280488 -0.0262629 0
      vertex -0.0280488 -0.0262629 -0.003
    endloop
  endfacet
  facet normal 0.915314 0.40274 0
    outer loop
      vertex -0.0280488 -0.0262629 -0.003
      vertex -0.0280488 -0.0262629 0
      vertex -0.0279908 -0.0263946 -0.003
    endloop
  endfacet
  facet normal 0.915314 0.40274 0
    outer loop
      vertex -0.0280488 -0.0262629 0
      vertex -0.0279908 -0.0263946 0
      vertex -0.0279908 -0.0263946 -0.003
    endloop
  endfacet
  facet normal 0.896872 0.442291 0
    outer loop
      vertex -0.0279908 -0.0263946 -0.003
      vertex -0.0279908 -0.0263946 0
      vertex -0.0279271 -0.0265238 -0.003
    endloop
  endfacet
  facet normal 0.896872 0.442291 0
    outer loop
      vertex -0.0279908 -0.0263946 0
      vertex -0.0279271 -0.0265238 0
      vertex -0.0279271 -0.0265238 -0.003
    endloop
  endfacet
  facet normal 0.876723 0.480995 0
    outer loop
      vertex -0.0279271 -0.0265238 -0.003
      vertex -0.0279271 -0.0265238 0
      vertex -0.0278579 -0.02665 -0.003
    endloop
  endfacet
  facet normal 0.876723 0.480995 0
    outer loop
      vertex -0.0279271 -0.0265238 0
      vertex -0.0278579 -0.02665 0
      vertex -0.0278579 -0.02665 -0.003
    endloop
  endfacet
  facet normal 0.854918 0.518762 0
    outer loop
      vertex -0.0278579 -0.02665 -0.003
      vertex -0.0278579 -0.02665 0
      vertex -0.0277832 -0.0267731 -0.003
    endloop
  endfacet
  facet normal 0.854918 0.518762 0
    outer loop
      vertex -0.0278579 -0.02665 0
      vertex -0.0277832 -0.0267731 0
      vertex -0.0277832 -0.0267731 -0.003
    endloop
  endfacet
  facet normal 0.831463 0.555581 0
    outer loop
      vertex -0.0277832 -0.0267731 -0.003
      vertex -0.0277832 -0.0267731 0
      vertex -0.0277032 -0.0268928 -0.003
    endloop
  endfacet
  facet normal 0.831463 0.555581 0
    outer loop
      vertex -0.0277832 -0.0267731 0
      vertex -0.0277032 -0.0268928 0
      vertex -0.0277032 -0.0268928 -0.003
    endloop
  endfacet
  facet normal 0.806447 0.591306 0
    outer loop
      vertex -0.0277032 -0.0268928 -0.003
      vertex -0.0277032 -0.0268928 0
      vertex -0.0276181 -0.0270089 -0.003
    endloop
  endfacet
  facet normal 0.806447 0.591306 0
    outer loop
      vertex -0.0277032 -0.0268928 0
      vertex -0.0276181 -0.0270089 0
      vertex -0.0276181 -0.0270089 -0.003
    endloop
  endfacet
  facet normal 0.779886 0.625922 0
    outer loop
      vertex -0.0276181 -0.0270089 -0.003
      vertex -0.0276181 -0.0270089 0
      vertex -0.0275279 -0.0271212 -0.003
    endloop
  endfacet
  facet normal 0.779886 0.625922 0
    outer loop
      vertex -0.0276181 -0.0270089 0
      vertex -0.0275279 -0.0271212 0
      vertex -0.0275279 -0.0271212 -0.003
    endloop
  endfacet
  facet normal 0.751837 0.65935 0
    outer loop
      vertex -0.0275279 -0.0271212 -0.003
      vertex -0.0275279 -0.0271212 0
      vertex -0.027433 -0.0272294 -0.003
    endloop
  endfacet
  facet normal 0.751837 0.65935 0
    outer loop
      vertex -0.0275279 -0.0271212 0
      vertex -0.027433 -0.0272294 0
      vertex -0.027433 -0.0272294 -0.003
    endloop
  endfacet
  facet normal 0.722372 0.691505 0
    outer loop
      vertex -0.027433 -0.0272294 -0.003
      vertex -0.027433 -0.0272294 0
      vertex -0.0273335 -0.0273335 -0.003
    endloop
  endfacet
  facet normal 0.722372 0.691505 0
    outer loop
      vertex -0.027433 -0.0272294 0
      vertex -0.0273335 -0.0273335 0
      vertex -0.0273335 -0.0273335 -0.003
    endloop
  endfacet
  facet normal 0.691505 0.722372 0
    outer loop
      vertex -0.0273335 -0.0273335 -0.003
      vertex -0.0273335 -0.0273335 0
      vertex -0.0272294 -0.027433 -0.003
    endloop
  endfacet
  facet normal 0.691505 0.722372 0
    outer loop
      vertex -0.0273335 -0.0273335 0
      vertex -0.0272294 -0.027433 0
      vertex -0.0272294 -0.027433 -0.003
    endloop
  endfacet
  facet normal 0.65935 0.751837 0
    outer loop
      vertex -0.0272294 -0.027433 -0.003
      vertex -0.0272294 -0.027433 0
      vertex -0.0271212 -0.0275279 -0.003
    endloop
  endfacet
  facet normal 0.65935 0.751837 0
    outer loop
      vertex -0.0272294 -0.027433 0
      vertex -0.0271212 -0.0275279 0
      vertex -0.0271212 -0.0275279 -0.003
    endloop
  endfacet
  facet normal 0.625922 0.779886 0
    outer loop
      vertex -0.0271212 -0.0275279 -0.003
      vertex -0.0271212 -0.0275279 0
      vertex -0.0270089 -0.0276181 -0.003
    endloop
  endfacet
  facet normal 0.625922 0.779886 0
    outer loop
      vertex -0.0271212 -0.0275279 0
      vertex -0.0270089 -0.0276181 0
      vertex -0.0270089 -0.0276181 -0.003
    endloop
  endfacet
  facet normal 0.591306 0.806447 0
    outer loop
      vertex -0.0270089 -0.0276181 -0.003
      vertex -0.0270089 -0.0276181 0
      vertex -0.0268928 -0.0277032 -0.003
    endloop
  endfacet
  facet normal 0.591306 0.806447 0
    outer loop
      vertex -0.0270089 -0.0276181 0
      vertex -0.0268928 -0.0277032 0
      vertex -0.0268928 -0.0277032 -0.003
    endloop
  endfacet
  facet normal 0.555581 0.831463 0
    outer loop
      vertex -0.0268928 -0.0277032 -0.003
      vertex -0.0268928 -0.0277032 0
      vertex -0.0267731 -0.0277832 -0.003
    endloop
  endfacet
  facet normal 0.555581 0.831463 0
    outer loop
      vertex -0.0268928 -0.0277032 0
      vertex -0.0267731 -0.0277832 0
      vertex -0.0267731 -0.0277832 -0.003
    endloop
  endfacet
  facet normal 0.518762 0.854918 0
    outer loop
      vertex -0.0267731 -0.0277832 -0.003
      vertex -0.0267731 -0.0277832 0
      vertex -0.02665 -0.0278579 -0.003
    endloop
  endfacet
  facet normal 0.518762 0.854918 0
    outer loop
      vertex -0.0267731 -0.0277832 0
      vertex -0.02665 -0.0278579 0
      vertex -0.02665 -0.0278579 -0.003
    endloop
  endfacet
  facet normal 0.480995 0.876723 0
    outer loop
      vertex -0.02665 -0.0278579 -0.003
      vertex -0.02665 -0.0278579 0
      vertex -0.0265238 -0.0279271 -0.003
    endloop
  endfacet
  facet normal 0.480995 0.876723 0
    outer loop
      vertex -0.02665 -0.0278579 0
      vertex -0.0265238 -0.0279271 0
      vertex -0.0265238 -0.0279271 -0.003
    endloop
  endfacet
  facet normal 0.442291 0.896872 0
    outer loop
      vertex -0.0265238 -0.0279271 -0.003
      vertex -0.0265238 -0.0279271 0
      vertex -0.0263946 -0.0279908 -0.003
    endloop
  endfacet
  facet normal 0.442291 0.896872 0
    outer loop
      vertex -0.0265238 -0.0279271 0
      vertex -0.0263946 -0.0279908 0
      vertex -0.0263946 -0.0279908 -0.003
    endloop
  endfacet
  facet normal 0.40274 0.915314 0
    outer loop
      vertex -0.0263946 -0.0279908 -0.003
      vertex -0.0263946 -0.0279908 0
      vertex -0.0262629 -0.0280488 -0.003
    endloop
  endfacet
  facet normal 0.40274 0.915314 0
    outer loop
      vertex -0.0263946 -0.0279908 0
      vertex -0.0262629 -0.0280488 0
      vertex -0.0262629 -0.0280488 -0.003
    endloop
  endfacet
  facet normal 0.362443 0.932006 0
    outer loop
      vertex -0.0262629 -0.0280488 -0.003
      vertex -0.0262629 -0.0280488 0
      vertex -0.0261287 -0.028101 -0.003
    endloop
  endfacet
  facet normal 0.362443 0.932006 0
    outer loop
      vertex -0.0262629 -0.0280488 0
      vertex -0.0261287 -0.028101 0
      vertex -0.0261287 -0.028101 -0.003
    endloop
  endfacet
  facet normal 0.321431 0.946933 0
    outer loop
      vertex -0.0261287 -0.028101 -0.003
      vertex -0.0261287 -0.028101 0
      vertex -0.0259923 -0.0281473 -0.003
    endloop
  endfacet
  facet normal 0.321431 0.946933 0
    outer loop
      vertex -0.0261287 -0.028101 0
      vertex -0.0259923 -0.0281473 0
      vertex -0.0259923 -0.0281473 -0.003
    endloop
  endfacet
  facet normal 0.27983 0.96005 0
    outer loop
      vertex -0.0259923 -0.0281473 -0.003
      vertex -0.0259923 -0.0281473 0
      vertex -0.0258541 -0.0281876 -0.003
    endloop
  endfacet
  facet normal 0.27983 0.96005 0
    outer loop
      vertex -0.0259923 -0.0281473 0
      vertex -0.0258541 -0.0281876 0
      vertex -0.0258541 -0.0281876 -0.003
    endloop
  endfacet
  facet normal 0.23769 0.971341 0
    outer loop
      vertex -0.0258541 -0.0281876 -0.003
      vertex -0.0258541 -0.0281876 0
      vertex -0.0257143 -0.0282218 -0.003
    endloop
  endfacet
  facet normal 0.23769 0.971341 0
    outer loop
      vertex -0.0258541 -0.0281876 0
      vertex -0.0257143 -0.0282218 0
      vertex -0.0257143 -0.0282218 -0.003
    endloop
  endfacet
  facet normal 0.195091 0.980785 0
    outer loop
      vertex -0.0257143 -0.0282218 -0.003
      vertex -0.0257143 -0.0282218 0
      vertex -0.025573 -0.0282499 -0.003
    endloop
  endfacet
  facet normal 0.195091 0.980785 0
    outer loop
      vertex -0.0257143 -0.0282218 0
      vertex -0.025573 -0.0282499 0
      vertex -0.025573 -0.0282499 -0.003
    endloop
  endfacet
  facet normal 0.152126 0.988361 0
    outer loop
      vertex -0.025573 -0.0282499 -0.003
      vertex -0.025573 -0.0282499 0
      vertex -0.0254307 -0.0282718 -0.003
    endloop
  endfacet
  facet normal 0.152126 0.988361 0
    outer loop
      vertex -0.025573 -0.0282499 0
      vertex -0.0254307 -0.0282718 0
      vertex -0.0254307 -0.0282718 -0.003
    endloop
  endfacet
  facet normal 0.108864 0.994057 0
    outer loop
      vertex -0.0254307 -0.0282718 -0.003
      vertex -0.0254307 -0.0282718 0
      vertex -0.0252876 -0.0282874 -0.003
    endloop
  endfacet
  facet normal 0.108864 0.994057 0
    outer loop
      vertex -0.0254307 -0.0282718 0
      vertex -0.0252876 -0.0282874 0
      vertex -0.0252876 -0.0282874 -0.003
    endloop
  endfacet
  facet normal 0.0654096 0.997858 0
    outer loop
      vertex -0.0252876 -0.0282874 -0.003
      vertex -0.0252876 -0.0282874 0
      vertex -0.0251439 -0.0282969 -0.003
    endloop
  endfacet
  facet normal 0.0654096 0.997858 0
    outer loop
      vertex -0.0252876 -0.0282874 0
      vertex -0.0251439 -0.0282969 0
      vertex -0.0251439 -0.0282969 -0.003
    endloop
  endfacet
  facet normal 0.0218119 0.999762 0
    outer loop
      vertex -0.0251439 -0.0282969 -0.003
      vertex -0.0251439 -0.0282969 0
      vertex -0.025 -0.0283 -0.003
    endloop
  endfacet
  facet normal 0.0218119 0.999762 0
    outer loop
      vertex -0.0251439 -0.0282969 0
      vertex -0.025 -0.0283 0
      vertex -0.025 -0.0283 -0.003
    endloop
  endfacet
  facet normal -0.0218116 0.999762 0
    outer loop
      vertex -0.025 -0.0283 -0.003
      vertex -0.025 -0.0283 0
      vertex -0.0248561 -0.0282969 -0.003
    endloop
  endfacet
  facet normal -0.0218116 0.999762 0
    outer loop
      vertex -0.025 -0.0283 0
      vertex -0.0248561 -0.0282969 0
      vertex -0.0248561 -0.0282969 -0.003
    endloop
  endfacet
  facet normal -0.0654096 0.997858 0
    outer loop
      vertex -0.0248561 -0.0282969 -0.003
      vertex -0.0248561 -0.0282969 0
      vertex -0.0247124 -0.0282874 -0.003
    endloop
  endfacet
  facet normal -0.0654096 0.997858 0
    outer loop
      vertex -0.0248561 -0.0282969 0
      vertex -0.0247124 -0.0282874 0
      vertex -0.0247124 -0.0282874 -0.003
    endloop
  endfacet
  facet normal -0.108865 0.994057 0
    outer loop
      vertex -0.0247124 -0.0282874 -0.003
      vertex -0.0247124 -0.0282874 0
      vertex -0.0245693 -0.0282718 -0.003
    endloop
  endfacet
  facet normal -0.108865 0.994057 0
    outer loop
      vertex -0.0247124 -0.0282874 0
      vertex -0.0245693 -0.0282718 0
      vertex -0.0245693 -0.0282718 -0.003
    endloop
  endfacet
  facet normal -0.152126 0.988361 0
    outer loop
      vertex -0.0245693 -0.0282718 -0.003
      vertex -0.0245693 -0.0282718 0
      vertex -0.024427 -0.0282499 -0.003
    endloop
  endfacet
  facet normal -0.152126 0.988361 0
    outer loop
      vertex -0.0245693 -0.0282718 0
      vertex -0.024427 -0.0282499 0
      vertex -0.024427 -0.0282499 -0.003
    endloop
  endfacet
  facet normal -0.195089 0.980786 0
    outer loop
      vertex -0.024427 -0.0282499 -0.003
      vertex -0.024427 -0.0282499 0
      vertex -0.0242857 -0.0282218 -0.003
    endloop
  endfacet
  facet normal -0.195089 0.980786 0
    outer loop
      vertex -0.024427 -0.0282499 0
      vertex -0.0242857 -0.0282218 0
      vertex -0.0242857 -0.0282218 -0.003
    endloop
  endfacet
  facet normal -0.237693 0.97134 0
    outer loop
      vertex -0.0242857 -0.0282218 -0.003
      vertex -0.0242857 -0.0282218 0
      vertex -0.0241459 -0.0281876 -0.003
    endloop
  endfacet
  facet normal -0.237693 0.97134 0
    outer loop
      vertex -0.0242857 -0.0282218 0
      vertex -0.0241459 -0.0281876 0
      vertex -0.0241459 -0.0281876 -0.003
    endloop
  endfacet
  facet normal -0.279826 0.960051 0
    outer loop
      vertex -0.0241459 -0.0281876 -0.003
      vertex -0.0241459 -0.0281876 0
      vertex -0.0240077 -0.0281473 -0.003
    endloop
  endfacet
  facet normal -0.279826 0.960051 0
    outer loop
      vertex -0.0241459 -0.0281876 0
      vertex -0.0240077 -0.0281473 0
      vertex -0.0240077 -0.0281473 -0.003
    endloop
  endfacet
  facet normal -0.321435 0.946932 0
    outer loop
      vertex -0.0240077 -0.0281473 -0.003
      vertex -0.0240077 -0.0281473 0
      vertex -0.0238713 -0.028101 -0.003
    endloop
  endfacet
  facet normal -0.321435 0.946932 0
    outer loop
      vertex -0.0240077 -0.0281473 0
      vertex -0.0238713 -0.028101 0
      vertex -0.0238713 -0.028101 -0.003
    endloop
  endfacet
  facet normal -0.362443 0.932006 0
    outer loop
      vertex -0.0238713 -0.028101 -0.003
      vertex -0.0238713 -0.028101 0
      vertex -0.0237371 -0.0280488 -0.003
    endloop
  endfacet
  facet normal -0.362443 0.932006 0
    outer loop
      vertex -0.0238713 -0.028101 0
      vertex -0.0237371 -0.0280488 0
      vertex -0.0237371 -0.0280488 -0.003
    endloop
  endfacet
  facet normal -0.40274 0.915314 0
    outer loop
      vertex -0.0237371 -0.0280488 -0.003
      vertex -0.0237371 -0.0280488 0
      vertex -0.0236054 -0.0279908 -0.003
    endloop
  endfacet
  facet normal -0.40274 0.915314 0
    outer loop
      vertex -0.0237371 -0.0280488 0
      vertex -0.0236054 -0.0279908 0
      vertex -0.0236054 -0.0279908 -0.003
    endloop
  endfacet
  facet normal -0.442291 0.896872 0
    outer loop
      vertex -0.0236054 -0.0279908 -0.003
      vertex -0.0236054 -0.0279908 0
      vertex -0.0234762 -0.0279271 -0.003
    endloop
  endfacet
  facet normal -0.442291 0.896872 0
    outer loop
      vertex -0.0236054 -0.0279908 0
      vertex -0.0234762 -0.0279271 0
      vertex -0.0234762 -0.0279271 -0.003
    endloop
  endfacet
  facet normal -0.480995 0.876723 0
    outer loop
      vertex -0.0234762 -0.0279271 -0.003
      vertex -0.0234762 -0.0279271 0
      vertex -0.02335 -0.0278579 -0.003
    endloop
  endfacet
  facet normal -0.480995 0.876723 0
    outer loop
      vertex -0.0234762 -0.0279271 0
      vertex -0.02335 -0.0278579 0
      vertex -0.02335 -0.0278579 -0.003
    endloop
  endfacet
  facet normal -0.518762 0.854918 0
    outer loop
      vertex -0.02335 -0.0278579 -0.003
      vertex -0.02335 -0.0278579 0
      vertex -0.0232269 -0.0277832 -0.003
    endloop
  endfacet
  facet normal -0.518762 0.854918 0
    outer loop
      vertex -0.02335 -0.0278579 0
      vertex -0.0232269 -0.0277832 0
      vertex -0.0232269 -0.0277832 -0.003
    endloop
  endfacet
  facet normal -0.555575 0.831467 0
    outer loop
      vertex -0.0232269 -0.0277832 -0.003
      vertex -0.0232269 -0.0277832 0
      vertex -0.0231072 -0.0277032 -0.003
    endloop
  endfacet
  facet normal -0.555575 0.831467 0
    outer loop
      vertex -0.0232269 -0.0277832 0
      vertex -0.0231072 -0.0277032 0
      vertex -0.0231072 -0.0277032 -0.003
    endloop
  endfacet
  facet normal -0.591313 0.806442 0
    outer loop
      vertex -0.0231072 -0.0277032 -0.003
      vertex -0.0231072 -0.0277032 0
      vertex -0.0229911 -0.0276181 -0.003
    endloop
  endfacet
  facet normal -0.591313 0.806442 0
    outer loop
      vertex -0.0231072 -0.0277032 0
      vertex -0.0229911 -0.0276181 0
      vertex -0.0229911 -0.0276181 -0.003
    endloop
  endfacet
  facet normal -0.625922 0.779886 0
    outer loop
      vertex -0.0229911 -0.0276181 -0.003
      vertex -0.0229911 -0.0276181 0
      vertex -0.0228788 -0.0275279 -0.003
    endloop
  endfacet
  facet normal -0.625922 0.779886 0
    outer loop
      vertex -0.0229911 -0.0276181 0
      vertex -0.0228788 -0.0275279 0
      vertex -0.0228788 -0.0275279 -0.003
    endloop
  endfacet
  facet normal -0.659343 0.751842 0
    outer loop
      vertex -0.0228788 -0.0275279 -0.003
      vertex -0.0228788 -0.0275279 0
      vertex -0.0227706 -0.027433 -0.003
    endloop
  endfacet
  facet normal -0.659343 0.751842 0
    outer loop
      vertex -0.0228788 -0.0275279 0
      vertex -0.0227706 -0.027433 0
      vertex -0.0227706 -0.027433 -0.003
    endloop
  endfacet
  facet normal -0.691511 0.722366 0
    outer loop
      vertex -0.0227706 -0.027433 -0.003
      vertex -0.0227706 -0.027433 0
      vertex -0.0226665 -0.0273335 -0.003
    endloop
  endfacet
  facet normal -0.691511 0.722366 0
    outer loop
      vertex -0.0227706 -0.027433 0
      vertex -0.0226665 -0.0273335 0
      vertex -0.0226665 -0.0273335 -0.003
    endloop
  endfacet
  facet normal -0.722372 0.691505 0
    outer loop
      vertex -0.0226665 -0.0273335 -0.003
      vertex -0.0226665 -0.0273335 0
      vertex -0.022567 -0.0272294 -0.003
    endloop
  endfacet
  facet normal -0.722372 0.691505 0
    outer loop
      vertex -0.0226665 -0.0273335 0
      vertex -0.022567 -0.0272294 0
      vertex -0.022567 -0.0272294 -0.003
    endloop
  endfacet
  facet normal -0.751837 0.65935 0
    outer loop
      vertex -0.022567 -0.0272294 -0.003
      vertex -0.022567 -0.0272294 0
      vertex -0.0224721 -0.0271212 -0.003
    endloop
  endfacet
  facet normal -0.751837 0.65935 0
    outer loop
      vertex -0.022567 -0.0272294 0
      vertex -0.0224721 -0.0271212 0
      vertex -0.0224721 -0.0271212 -0.003
    endloop
  endfacet
  facet normal -0.77988 0.62593 0
    outer loop
      vertex -0.0224721 -0.0271212 -0.003
      vertex -0.0224721 -0.0271212 0
      vertex -0.0223819 -0.0270089 -0.003
    endloop
  endfacet
  facet normal -0.77988 0.62593 0
    outer loop
      vertex -0.0224721 -0.0271212 0
      vertex -0.0223819 -0.0270089 0
      vertex -0.0223819 -0.0270089 -0.003
    endloop
  endfacet
  facet normal -0.806447 0.591306 0
    outer loop
      vertex -0.0223819 -0.0270089 -0.003
      vertex -0.0223819 -0.0270089 0
      vertex -0.0222968 -0.0268928 -0.003
    endloop
  endfacet
  facet normal -0.806447 0.591306 0
    outer loop
      vertex -0.0223819 -0.0270089 0
      vertex -0.0222968 -0.0268928 0
      vertex -0.0222968 -0.0268928 -0.003
    endloop
  endfacet
  facet normal -0.831469 0.555572 0
    outer loop
      vertex -0.0222968 -0.0268928 -0.003
      vertex -0.0222968 -0.0268928 0
      vertex -0.0222168 -0.0267731 -0.003
    endloop
  endfacet
  facet normal -0.831469 0.555572 0
    outer loop
      vertex -0.0222968 -0.0268928 0
      vertex -0.0222168 -0.0267731 0
      vertex -0.0222168 -0.0267731 -0.003
    endloop
  endfacet
  facet normal -0.854913 0.518772 0
    outer loop
      vertex -0.0222168 -0.0267731 -0.003
      vertex -0.0222168 -0.0267731 0
      vertex -0.0221421 -0.02665 -0.003
    endloop
  endfacet
  facet normal -0.854913 0.518772 0
    outer loop
      vertex -0.0222168 -0.0267731 0
      vertex -0.0221421 -0.02665 0
      vertex -0.0221421 -0.02665 -0.003
    endloop
  endfacet
  facet normal -0.876729 0.480985 0
    outer loop
      vertex -0.0221421 -0.02665 -0.003
      vertex -0.0221421 -0.02665 0
      vertex -0.0220729 -0.0265238 -0.003
    endloop
  endfacet
  facet normal -0.876729 0.480985 0
    outer loop
      vertex -0.0221421 -0.02665 0
      vertex -0.0220729 -0.0265238 0
      vertex -0.0220729 -0.0265238 -0.003
    endloop
  endfacet
  facet normal -0.896872 0.442291 0
    outer loop
      vertex -0.0220729 -0.0265238 -0.003
      vertex -0.0220729 -0.0265238 0
      vertex -0.0220092 -0.0263946 -0.003
    endloop
  endfacet
  facet normal -0.896872 0.442291 0
    outer loop
      vertex -0.0220729 -0.0265238 0
      vertex -0.0220092 -0.0263946 0
      vertex -0.0220092 -0.0263946 -0.003
    endloop
  endfacet
  facet normal -0.91531 0.402751 0
    outer loop
      vertex -0.0220092 -0.0263946 -0.003
      vertex -0.0220092 -0.0263946 0
      vertex -0.0219512 -0.0262629 -0.003
    endloop
  endfacet
  facet normal -0.91531 0.402751 0
    outer loop
      vertex -0.0220092 -0.0263946 0
      vertex -0.0219512 -0.0262629 0
      vertex -0.0219512 -0.0262629 -0.003
    endloop
  endfacet
  facet normal -0.93201 0.362431 0
    outer loop
      vertex -0.0219512 -0.0262629 -0.003
      vertex -0.0219512 -0.0262629 0
      vertex -0.021899 -0.0261287 -0.003
    endloop
  endfacet
  facet normal -0.93201 0.362431 0
    outer loop
      vertex -0.0219512 -0.0262629 0
      vertex -0.021899 -0.0261287 0
      vertex -0.021899 -0.0261287 -0.003
    endloop
  endfacet
  facet normal -0.946929 0.321443 0
    outer loop
      vertex -0.021899 -0.0261287 -0.003
      vertex -0.021899 -0.0261287 0
      vertex -0.0218527 -0.0259923 -0.003
    endloop
  endfacet
  facet normal -0.946929 0.321443 0
    outer loop
      vertex -0.021899 -0.0261287 0
      vertex -0.0218527 -0.0259923 0
      vertex -0.0218527 -0.0259923 -0.003
    endloop
  endfacet
  facet normal -0.96005 0.27983 0
    outer loop
      vertex -0.0218527 -0.0259923 -0.003
      vertex -0.0218527 -0.0259923 0
      vertex -0.0218124 -0.0258541 -0.003
    endloop
  endfacet
  facet normal -0.96005 0.27983 0
    outer loop
      vertex -0.0218527 -0.0259923 0
      vertex -0.0218124 -0.0258541 0
      vertex -0.0218124 -0.0258541 -0.003
    endloop
  endfacet
  facet normal -0.971344 0.237677 0
    outer loop
      vertex -0.0218124 -0.0258541 -0.003
      vertex -0.0218124 -0.0258541 0
      vertex -0.0217782 -0.0257143 -0.003
    endloop
  endfacet
  facet normal -0.971344 0.237677 0
    outer loop
      vertex -0.0218124 -0.0258541 0
      vertex -0.0217782 -0.0257143 0
      vertex -0.0217782 -0.0257143 -0.003
    endloop
  endfacet
  facet normal -0.980783 0.195103 0
    outer loop
      vertex -0.0217782 -0.0257143 -0.003
      vertex -0.0217782 -0.0257143 0
      vertex -0.0217501 -0.025573 -0.003
    endloop
  endfacet
  facet normal -0.980783 0.195103 0
    outer loop
      vertex -0.0217782 -0.0257143 0
      vertex -0.0217501 -0.025573 0
      vertex -0.0217501 -0.025573 -0.003
    endloop
  endfacet
  facet normal -0.988363 0.152114 0
    outer loop
      vertex -0.0217501 -0.025573 -0.003
      vertex -0.0217501 -0.025573 0
      vertex -0.0217282 -0.0254307 -0.003
    endloop
  endfacet
  facet normal -0.988363 0.152114 0
    outer loop
      vertex -0.0217501 -0.025573 0
      vertex -0.0217282 -0.0254307 0
      vertex -0.0217282 -0.0254307 -0.003
    endloop
  endfacet
  facet normal -0.994057 0.108864 0
    outer loop
      vertex -0.0217282 -0.0254307 -0.003
      vertex -0.0217282 -0.0254307 0
      vertex -0.0217126 -0.0252876 -0.003
    endloop
  endfacet
  facet normal -0.994057 0.108864 0
    outer loop
      vertex -0.0217282 -0.0254307 0
      vertex -0.0217126 -0.0252876 0
      vertex -0.0217126 -0.0252876 -0.003
    endloop
  endfacet
  facet normal -0.997858 0.0654096 0
    outer loop
      vertex -0.0217126 -0.0252876 -0.003
      vertex -0.0217126 -0.0252876 0
      vertex -0.0217031 -0.0251439 -0.003
    endloop
  endfacet
  facet normal -0.997858 0.0654096 0
    outer loop
      vertex -0.0217126 -0.0252876 0
      vertex -0.0217031 -0.0251439 0
      vertex -0.0217031 -0.0251439 -0.003
    endloop
  endfacet
  facet normal -0.999762 0.0218119 0
    outer loop
      vertex -0.0217031 -0.0251439 -0.003
      vertex -0.0217031 -0.0251439 0
      vertex -0.0217 -0.025 -0.003
    endloop
  endfacet
  facet normal -0.999762 0.0218119 0
    outer loop
      vertex -0.0217031 -0.0251439 0
      vertex -0.0217 -0.025 0
      vertex -0.0217 -0.025 -0.003
    endloop
  endfacet
  facet normal 0 0 1
    outer loop
      vertex -0.012815 -0.012815 0
      vertex 0.012815 -0.012815 0
      vertex -0.012815 0.012815 0
    endloop
  endfacet
  facet normal 0 0 1
    outer loop
      vertex 0.012815 -0.012815 0
      vertex 0.012815 0.012815 0
      vertex -0.012815 0.012815 0
    endloop
  endfacet
  facet normal 1 0 0
    outer loop
      vertex 0.0325 -0.0325 0
      vertex 0.0325 -0.0325 -0.003
      vertex 0.0325 0.02085 0
    endloop
  endfacet
  facet normal 1 0 0
    outer loop
      vertex 0.0325 -0.0325 -0.003
      vertex 0.0325 0.0325 -0.003
      vertex 0.0325 0.02085 0
    endloop
  endfacet
  facet normal 1 0 0
    outer loop
      vertex 0.0325 0.02085 0
      vertex 0.0325 0.0325 -0.003
      vertex 0.0325 0.0325 0
    endloop
  endfacet
  facet normal 0 -1 0
    outer loop
      vertex -0.0325 -0.0325 0
      vertex -0.0325 -0.0325 -0.003
      vertex -0.02085 -0.0325 0
    endloop
  endfacet
  facet normal 0 -1 0
    outer loop
      vertex -0.0325 -0.0325 -0.003
      vertex 0.0325 -0.0325 -0.003
      vertex -0.02085 -0.0325 0
    endloop
  endfacet
  facet normal 0 -1 0
    outer loop
      vertex -0.02085 -0.0325 0
      vertex 0.0325 -0.0325 -0.003
      vertex 0.0325 -0.0325 0
    endloop
  endfacet
  facet normal -1 0 0
    outer loop
      vertex -0.0325 0.0325 0
      vertex -0.0325 0.0325 -0.003
      vertex -0.0325 0.02085 0
    endloop
  endfacet
  facet normal -1 0 0
    outer loop
      vertex -0.0325 0.0325 -0.003
      vertex -0.0325 -0.0325 -0.003
      vertex -0.0325 0.02085 0
    endloop
  endfacet
  facet normal -1 0 0
    outer loop
      vertex -0.0325 0.02085 0
      vertex -0.0325 -0.0325 -0.003
      vertex -0.0325 -0.0325 0
    endloop
  endfacet
  facet normal 0 1 0
    outer loop
      vertex 0.0325 0.0325 0
      vertex 0.0325 0.0325 -0.003
      vertex -0.02085 0.0325 0
    endloop
  endfacet
  facet normal 0 1 0
    outer loop
      vertex 0.0325 0.0325 -0.003
      vertex -0.0325 0.0325 -0.003
      vertex -0.02085 0.0325 0
    endloop
  endfacet
  facet normal 0 1 0
    outer loop
      vertex -0.02085 0.0325 0
      vertex -0.0325 0.0325 -0.003
      vertex -0.0325 0.0325 0
    endloop
  endfacet
  facet normal -1 0 0
    outer loop
      vertex -0.02 -0.02 0
      vertex -0.02 -0.02 0.02936
      vertex -0.02 0.02 0
    endloop
  endfacet
  facet normal -1 0 0
    outer loop
      vertex -0.02 -0.02 0.02936
      vertex -0.02 0.02 0.02936
      vertex -0.02 0.02 0
    endloop
  endfacet
  facet normal 0 -1 0
    outer loop
      vertex 0.02 -0.02 0
      vertex 0.02 -0.02 0.02936
      vertex -0.02 -0.02 0
    endloop
  endfacet
  facet normal 0 -1 0
    outer loop
      vertex 0.02 -0.02 0.02936
      vertex -0.02 -0.02 0.02936
      vertex -0.02 -0.02 0
    endloop
  endfacet
  facet normal 0 1 0
    outer loop
      vertex -0.01556 -0.01556 0.02936
      vertex 0.01556 -0.01556 0.02936
      vertex -0.01556 -0.01556 0.02733
    endloop
  endfacet
  facet normal 0 1 0
    outer loop
      vertex 0.01556 -0.01556 0.02936
      vertex 0.01556 -0.01556 0.02733
      vertex -0.01556 -0.01556 0.02733
    endloop
  endfacet
  facet normal 0 -1 0
    outer loop
      vertex 0.01556 0.01556 0.02733
      vertex 0.01556 0.01556 0.02936
      vertex -0.01556 0.01556 0.02733
    endloop
  endfacet
  facet normal 0 -1 0
    outer loop
      vertex 0.01556 0.01556 0.02936
      vertex -0.01556 0.01556 0.02936
      vertex -0.01556 0.01556 0.02733
    endloop
  endfacet
  facet normal 1 0 0
    outer loop
      vertex -0.01556 0.01556 0.02733
      vertex -0.01556 0.01556 0.02936
      vertex -0.01556 -0.01556 0.02733
    endloop
  endfacet
  facet normal 1 0 0
    outer loop
      vertex -0.01556 0.01556 0.02936
      vertex -0.01556 -0.01556 0.02936
      vertex -0.01556 -0.01556 0.02733
    endloop
  endfacet
  facet normal -1 0 0
    outer loop
      vertex 0.012815 -0.012815 0
      vertex 0.012815 -0.012815 0.02733
      vertex 0.012815 0.012815 0
    endloop
  endfacet
  facet normal -1 0 0
    outer loop
      vertex 0.012815 -0.012815 0.02733
      vertex 0.012815 0.012815 0.02733
      vertex 0.012815 0.012815 0
    endloop
  endfacet
  facet normal 1 0 0
    outer loop
      vertex 0.02 0.02 0
      vertex 0.02 0.02 0.02936
      vertex 0.02 -0.02 0
    endloop
  endfacet
  facet normal 1 0 0
    outer loop
      vertex 0.02 0.02 0.02936
      vertex 0.02 -0.02 0.02936
      vertex 0.02 -0.02 0
    endloop
  endfacet
  facet normal -1 0 0
    outer loop
      vertex 0.01556 -0.01556 0.02936
      vertex 0.01556 0.01556 0.02936
      vertex 0.01556 -0.01556 0.02733
    endloop
  endfacet
  facet normal -1 0 0
    outer loop
      vertex 0.01556 0.01556 0.02936
      vertex 0.01556 0.01556 0.02733
      vertex 0.01556 -0.01556 0.02733
    endloop
  endfacet
  facet normal 0 0 -1
    outer loop
      vertex -0.0234762 0.0220729 -0.003
      vertex -0.02335 0.0221421 -0.003
      vertex 0.0245693 0.0282718 -0.003
    endloop
  endfacet
  facet normal 0 0 -1
    outer loop
      vertex -0.02335 0.0221421 -0.003
      vertex -0.0232269 0.0222168 -0.003
      vertex 0.0245693 0.0282718 -0.003
    endloop
  endfacet
  facet normal 0 0 -1
    outer loop
      vertex 0.0245693 0.0282718 -0.003
      vertex -0.0232269 0.0222168 -0.003
      vertex -0.0231072 0.0222968 -0.003
    endloop
  endfacet
  facet normal 0 0 -1
    outer loop
      vertex -0.0282969 -0.0251439 -0.003
      vertex -0.0282874 -0.0252876 -0.003
      vertex -0.0325 -0.0325 -0.003
    endloop
  endfacet
  facet normal 0 0 -1
    outer loop
      vertex -0.0242857 0.0217782 -0.003
      vertex -0.0241459 0.0218124 -0.003
      vertex 0.0222168 0.0267731 -0.003
    endloop
  endfacet
  facet normal 0 0 -1
    outer loop
      vertex -0.0241459 0.0218124 -0.003
      vertex -0.0240077 0.0218527 -0.003
      vertex 0.0222168 0.0267731 -0.003
    endloop
  endfacet
  facet normal 0 0 -1
    outer loop
      vertex 0.0222168 0.0267731 -0.003
      vertex -0.0240077 0.0218527 -0.003
      vertex -0.0238713 0.021899 -0.003
    endloop
  endfacet
  facet normal 0 0 -1
    outer loop
      vertex -0.0234762 -0.0279271 -0.003
      vertex -0.02335 -0.0278579 -0.003
      vertex 0.0245693 -0.0217282 -0.003
    endloop
  endfacet
  facet normal 0 0 -1
    outer loop
      vertex -0.02335 -0.0278579 -0.003
      vertex -0.0232269 -0.0277832 -0.003
      vertex 0.0245693 -0.0217282 -0.003
    endloop
  endfacet
  facet normal 0 0 -1
    outer loop
      vertex 0.0245693 -0.0217282 -0.003
      vertex -0.0232269 -0.0277832 -0.003
      vertex -0.0231072 -0.0277032 -0.003
    endloop
  endfacet
  facet normal 0 0 -1
    outer loop
      vertex -0.027433 0.0227706 -0.003
      vertex -0.0273335 0.0226665 -0.003
      vertex -0.0325 -0.0325 -0.003
    endloop
  endfacet
  facet normal 0 0 -1
    outer loop
      vertex 0.0271212 0.0224721 -0.003
      vertex 0.0272294 0.022567 -0.003
      vertex 0.0325 -0.0325 -0.003
    endloop
  endfacet
  facet normal 0 0 -1
    outer loop
      vertex -0.0234762 0.0220729 -0.003
      vertex 0.0245693 0.0282718 -0.003
      vertex -0.0236054 0.0220092 -0.003
    endloop
  endfacet
  facet normal 0 0 -1
    outer loop
      vertex 0.0245693 0.0282718 -0.003
      vertex 0.024427 0.0282499 -0.003
      vertex -0.0236054 0.0220092 -0.003
    endloop
  endfacet
  facet normal 0 0 -1
    outer loop
      vertex -0.0236054 0.0220092 -0.003
      vertex 0.024427 0.0282499 -0.003
      vertex 0.0242857 0.0282218 -0.003
    endloop
  endfacet
  facet normal 0 0 -1
    outer loop
      vertex 0.0242857 0.0282218 -0.003
      vertex 0.0241459 0.0281876 -0.003
      vertex -0.0236054 0.0220092 -0.003
    endloop
  endfacet
  facet normal 0 0 -1
    outer loop
      vertex 0.0241459 0.0281876 -0.003
      vertex 0.0240077 0.0281473 -0.003
      vertex -0.0236054 0.0220092 -0.003
    endloop
  endfacet
  facet normal 0 0 -1
    outer loop
      vertex -0.0236054 0.0220092 -0.003
      vertex 0.0240077 0.0281473 -0.003
      vertex 0.0238713 0.028101 -0.003
    endloop
  endfacet
  facet normal 0 0 -1
    outer loop
      vertex -0.0236054 0.0220092 -0.003
      vertex 0.0224721 0.0271212 -0.003
      vertex 0.0223819 0.0270089 -0.003
    endloop
  endfacet
  facet normal 0 0 -1
    outer loop
      vertex 0.0223819 0.0270089 -0.003
      vertex 0.0222968 0.0268928 -0.003
      vertex -0.0236054 0.0220092 -0.003
    endloop
  endfacet
  facet normal 0 0 -1
    outer loop
      vertex 0.0222968 0.0268928 -0.003
      vertex 0.0222168 0.0267731 -0.003
      vertex -0.0236054 0.0220092 -0.003
    endloop
  endfacet
  facet normal 0 0 -1
    outer loop
      vertex -0.0236054 0.0220092 -0.003
      vertex 0.0222168 0.0267731 -0.003
      vertex -0.0237371 0.0219512 -0.003
    endloop
  endfacet
  facet normal 0 0 -1
    outer loop
      vertex 0.0222168 0.0267731 -0.003
      vertex -0.0238713 0.021899 -0.003
      vertex -0.0237371 0.0219512 -0.003
    endloop
  endfacet
  facet normal 0 0 -1
    outer loop
      vertex -0.0282874 -0.0252876 -0.003
      vertex -0.0282718 -0.0254307 -0.003
      vertex -0.0325 -0.0325 -0.003
    endloop
  endfacet
  facet normal 0 0 -1
    outer loop
      vertex -0.0282718 -0.0254307 -0.003
      vertex -0.0282499 -0.025573 -0.003
      vertex -0.0325 -0.0325 -0.003
    endloop
  endfacet
  facet normal 0 0 -1
    outer loop
      vertex -0.0325 -0.0325 -0.003
      vertex -0.0282499 -0.025573 -0.003
      vertex -0.0282218 -0.0257143 -0.003
    endloop
  endfacet
  facet normal 0 0 -1
    outer loop
      vertex 0.0234762 0.0279271 -0.003
      vertex 0.02335 0.0278579 -0.003
      vertex -0.0236054 0.0220092 -0.003
    endloop
  endfacet
  facet normal 0 0 -1
    outer loop
      vertex 0.02335 0.0278579 -0.003
      vertex 0.0232269 0.0277832 -0.003
      vertex -0.0236054 0.0220092 -0.003
    endloop
  endfacet
  facet normal 0 0 -1
    outer loop
      vertex -0.0236054 0.0220092 -0.003
      vertex 0.0232269 0.0277832 -0.003
      vertex 0.0231072 0.0277032 -0.003
    endloop
  endfacet
  facet normal 0 0 -1
    outer loop
      vertex 0.0231072 0.0277032 -0.003
      vertex 0.0229911 0.0276181 -0.003
      vertex -0.0236054 0.0220092 -0.003
    endloop
  endfacet
  facet normal 0 0 -1
    outer loop
      vertex 0.0229911 0.0276181 -0.003
      vertex 0.0228788 0.0275279 -0.003
      vertex -0.0236054 0.0220092 -0.003
    endloop
  endfacet
  facet normal 0 0 -1
    outer loop
      vertex -0.0236054 0.0220092 -0.003
      vertex 0.0228788 0.0275279 -0.003
      vertex 0.0227706 0.027433 -0.003
    endloop
  endfacet
  facet normal 0 0 -1
    outer loop
      vertex 0.0220729 0.0265238 -0.003
      vertex 0.0220092 0.0263946 -0.003
      vertex -0.024427 0.0217501 -0.003
    endloop
  endfacet
  facet normal 0 0 -1
    outer loop
      vertex 0.0220092 0.0263946 -0.003
      vertex 0.0219512 0.0262629 -0.003
      vertex -0.024427 0.0217501 -0.003
    endloop
  endfacet
  facet normal 0 0 -1
    outer loop
      vertex 0.0219512 0.0262629 -0.003
      vertex 0.021899 0.0261287 -0.003
      vertex -0.024427 0.0217501 -0.003
    endloop
  endfacet
  facet normal 0 0 -1
    outer loop
      vertex -0.024427 0.0217501 -0.003
      vertex 0.021899 0.0261287 -0.003
      vertex 0.0218527 0.0259923 -0.003
    endloop
  endfacet
  facet normal 0 0 -1
    outer loop
      vertex 0.0218527 0.0259923 -0.003
      vertex 0.0218124 0.0258541 -0.003
      vertex -0.024427 0.0217501 -0.003
    endloop
  endfacet
  facet normal 0 0 -1
    outer loop
      vertex 0.0218124 0.0258541 -0.003
      vertex 0.0217782 0.0257143 -0.003
      vertex -0.024427 0.0217501 -0.003
    endloop
  endfacet
  facet normal 0 0 -1
    outer loop
      vertex -0.024427 0.0217501 -0.003
      vertex 0.0217782 0.0257143 -0.003
      vertex 0.0217501 0.025573 -0.003
    endloop
  endfacet
  facet normal 0 0 -1
    outer loop
      vertex -0.0282218 -0.0257143 -0.003
      vertex -0.0281876 -0.0258541 -0.003
      vertex -0.0325 -0.0325 -0.003
    endloop
  endfacet
  facet normal 0 0 -1
    outer loop
      vertex -0.0281876 -0.0258541 -0.003
      vertex -0.0281473 -0.0259923 -0.003
      vertex -0.0325 -0.0325 -0.003
    endloop
  endfacet
  facet normal 0 0 -1
    outer loop
      vertex -0.0325 -0.0325 -0.003
      vertex -0.0281473 -0.0259923 -0.003
      vertex -0.028101 -0.0261287 -0.003
    endloop
  endfacet
  facet normal 0 0 -1
    outer loop
      vertex -0.028101 -0.0261287 -0.003
      vertex -0.0280488 -0.0262629 -0.003
      vertex -0.0325 -0.0325 -0.003
    endloop
  endfacet
  facet normal 0 0 -1
    outer loop
      vertex -0.0280488 -0.0262629 -0.003
      vertex -0.0279908 -0.0263946 -0.003
      vertex -0.0325 -0.0325 -0.003
    endloop
  endfacet
  facet normal 0 0 -1
    outer loop
      vertex -0.0325 -0.0325 -0.003
      vertex -0.0279908 -0.0263946 -0.003
      vertex -0.0279271 -0.0265238 -0.003
    endloop
  endfacet
  facet normal 0 0 -1
    outer loop
      vertex -0.0279271 -0.0265238 -0.003
      vertex -0.0278579 -0.02665 -0.003
      vertex -0.0325 -0.0325 -0.003
    endloop
  endfacet
  facet normal 0 0 -1
    outer loop
      vertex -0.0278579 -0.02665 -0.003
      vertex -0.0277832 -0.0267731 -0.003
      vertex -0.0325 -0.0325 -0.003
    endloop
  endfacet
  facet normal 0 0 -1
    outer loop
      vertex -0.0325 -0.0325 -0.003
      vertex -0.0277832 -0.0267731 -0.003
      vertex -0.0277032 -0.0268928 -0.003
    endloop
  endfacet
  facet normal 0 0 -1
    outer loop
      vertex -0.027433 -0.0272294 -0.003
      vertex -0.0273335 -0.0273335 -0.003
      vertex -0.0325 -0.0325 -0.003
    endloop
  endfacet
  facet normal 0 0 -1
    outer loop
      vertex -0.0273335 -0.0273335 -0.003
      vertex -0.0272294 -0.027433 -0.003
      vertex -0.0325 -0.0325 -0.003
    endloop
  endfacet
  facet normal 0 0 -1
    outer loop
      vertex -0.0325 -0.0325 -0.003
      vertex -0.0272294 -0.027433 -0.003
      vertex -0.0271212 -0.0275279 -0.003
    endloop
  endfacet
  facet normal 0 0 -1
    outer loop
      vertex -0.0236054 -0.0279908 -0.003
      vertex 0.0222168 -0.0232269 -0.003
      vertex -0.0237371 -0.0280488 -0.003
    endloop
  endfacet
  facet normal 0 0 -1
    outer loop
      vertex 0.0222168 -0.0232269 -0.003
      vertex -0.0238713 -0.028101 -0.003
      vertex -0.0237371 -0.0280488 -0.003
    endloop
  endfacet
  facet normal 0 0 -1
    outer loop
      vertex -0.0226665 0.0226665 -0.003
      vertex -0.022567 0.0227706 -0.003
      vertex 0.0325 0.0325 -0.003
    endloop
  endfacet
  facet normal 0 0 -1
    outer loop
      vertex 0.0238713 0.028101 -0.003
      vertex 0.0237371 0.0280488 -0.003
      vertex -0.0236054 0.0220092 -0.003
    endloop
  endfacet
  facet normal 0 0 -1
    outer loop
      vertex 0.0237371 0.0280488 -0.003
      vertex 0.0236054 0.0279908 -0.003
      vertex -0.0236054 0.0220092 -0.003
    endloop
  endfacet
  facet normal 0 0 -1
    outer loop
      vertex -0.0236054 0.0220092 -0.003
      vertex 0.0236054 0.0279908 -0.003
      vertex 0.0234762 0.0279271 -0.003
    endloop
  endfacet
  facet normal 0 0 -1
    outer loop
      vertex 0.0227706 0.027433 -0.003
      vertex 0.0226665 0.0273335 -0.003
      vertex -0.0236054 0.0220092 -0.003
    endloop
  endfacet
  facet normal 0 0 -1
    outer loop
      vertex 0.0226665 0.0273335 -0.003
      vertex 0.022567 0.0272294 -0.003
      vertex -0.0236054 0.0220092 -0.003
    endloop
  endfacet
  facet normal 0 0 -1
    outer loop
      vertex -0.0236054 0.0220092 -0.003
      vertex 0.022567 0.0272294 -0.003
      vertex 0.0224721 0.0271212 -0.003
    endloop
  endfacet
  facet normal 0 0 -1
    outer loop
      vertex -0.0242857 0.0217782 -0.003
      vertex 0.0222168 0.0267731 -0.003
      vertex -0.024427 0.0217501 -0.003
    endloop
  endfacet
  facet normal 0 0 -1
    outer loop
      vertex 0.0222168 0.0267731 -0.003
      vertex 0.0221421 0.02665 -0.003
      vertex -0.024427 0.0217501 -0.003
    endloop
  endfacet
  facet normal 0 0 -1
    outer loop
      vertex -0.024427 0.0217501 -0.003
      vertex 0.0221421 0.02665 -0.003
      vertex 0.0220729 0.0265238 -0.003
    endloop
  endfacet
  facet normal 0 0 -1
    outer loop
      vertex -0.0277032 -0.0268928 -0.003
      vertex -0.0276181 -0.0270089 -0.003
      vertex -0.0325 -0.0325 -0.003
    endloop
  endfacet
  facet normal 0 0 -1
    outer loop
      vertex -0.0276181 -0.0270089 -0.003
      vertex -0.0275279 -0.0271212 -0.003
      vertex -0.0325 -0.0325 -0.003
    endloop
  endfacet
  facet normal 0 0 -1
    outer loop
      vertex -0.0325 -0.0325 -0.003
      vertex -0.0275279 -0.0271212 -0.003
      vertex -0.027433 -0.0272294 -0.003
    endloop
  endfacet
  facet normal 0 0 -1
    outer loop
      vertex -0.0271212 -0.0275279 -0.003
      vertex -0.0270089 -0.0276181 -0.003
      vertex -0.0325 -0.0325 -0.003
    endloop
  endfacet
  facet normal 0 0 -1
    outer loop
      vertex -0.0270089 -0.0276181 -0.003
      vertex -0.0268928 -0.0277032 -0.003
      vertex -0.0325 -0.0325 -0.003
    endloop
  endfacet
  facet normal 0 0 -1
    outer loop
      vertex -0.0325 -0.0325 -0.003
      vertex -0.0268928 -0.0277032 -0.003
      vertex -0.0267731 -0.0277832 -0.003
    endloop
  endfacet
  facet normal 0 0 -1
    outer loop
      vertex 0.0265238 -0.0279271 -0.003
      vertex 0.02665 -0.0278579 -0.003
      vertex 0.0325 -0.0325 -0.003
    endloop
  endfacet
  facet normal 0 0 -1
    outer loop
      vertex 0.02665 -0.0278579 -0.003
      vertex 0.0267731 -0.0277832 -0.003
      vertex 0.0325 -0.0325 -0.003
    endloop
  endfacet
  facet normal 0 0 -1
    outer loop
      vertex 0.0325 -0.0325 -0.003
      vertex 0.0267731 -0.0277832 -0.003
      vertex 0.0268928 -0.0277032 -0.003
    endloop
  endfacet
  facet normal 0 0 -1
    outer loop
      vertex -0.0234762 -0.0279271 -0.003
      vertex 0.0245693 -0.0217282 -0.003
      vertex -0.0236054 -0.0279908 -0.003
    endloop
  endfacet
  facet normal 0 0 -1
    outer loop
      vertex 0.0245693 -0.0217282 -0.003
      vertex 0.024427 -0.0217501 -0.003
      vertex -0.0236054 -0.0279908 -0.003
    endloop
  endfacet
  facet normal 0 0 -1
    outer loop
      vertex -0.0236054 -0.0279908 -0.003
      vertex 0.024427 -0.0217501 -0.003
      vertex 0.0242857 -0.0217782 -0.003
    endloop
  endfacet
  facet normal 0 0 -1
    outer loop
      vertex 0.0242857 -0.0217782 -0.003
      vertex 0.0241459 -0.0218124 -0.003
      vertex -0.0236054 -0.0279908 -0.003
    endloop
  endfacet
  facet normal 0 0 -1
    outer loop
      vertex 0.0241459 -0.0218124 -0.003
      vertex 0.0240077 -0.0218527 -0.003
      vertex -0.0236054 -0.0279908 -0.003
    endloop
  endfacet
  facet normal 0 0 -1
    outer loop
      vertex -0.0236054 -0.0279908 -0.003
      vertex 0.0240077 -0.0218527 -0.003
      vertex 0.0238713 -0.021899 -0.003
    endloop
  endfacet
  facet normal 0 0 -1
    outer loop
      vertex 0.0224721 -0.0228788 -0.003
      vertex 0.0223819 -0.0229911 -0.003
      vertex -0.0236054 -0.0279908 -0.003
    endloop
  endfacet
  facet normal 0 0 -1
    outer loop
      vertex 0.0223819 -0.0229911 -0.003
      vertex 0.0222968 -0.0231072 -0.003
      vertex -0.0236054 -0.0279908 -0.003
    endloop
  endfacet
  facet normal 0 0 -1
    outer loop
      vertex -0.0236054 -0.0279908 -0.003
      vertex 0.0222968 -0.0231072 -0.003
      vertex 0.0222168 -0.0232269 -0.003
    endloop
  endfacet
  facet normal 0 0 -1
    outer loop
      vertex -0.0242857 -0.0282218 -0.003
      vertex -0.0241459 -0.0281876 -0.003
      vertex 0.0222168 -0.0232269 -0.003
    endloop
  endfacet
  facet normal 0 0 -1
    outer loop
      vertex -0.0241459 -0.0281876 -0.003
      vertex -0.0240077 -0.0281473 -0.003
      vertex 0.0222168 -0.0232269 -0.003
    endloop
  endfacet
  facet normal 0 0 -1
    outer loop
      vertex 0.0222168 -0.0232269 -0.003
      vertex -0.0240077 -0.0281473 -0.003
      vertex -0.0238713 -0.028101 -0.003
    endloop
  endfacet
  facet normal 0 0 -1
    outer loop
      vertex -0.0228788 -0.0224721 -0.003
      vertex -0.0229911 -0.0223819 -0.003
      vertex 0.0217 0.025 -0.003
    endloop
  endfacet
  facet normal 0 0 -1
    outer loop
      vertex -0.0229911 -0.0223819 -0.003
      vertex -0.0231072 -0.0222968 -0.003
      vertex 0.0217 0.025 -0.003
    endloop
  endfacet
  facet normal 0 0 -1
    outer loop
      vertex 0.0217 0.025 -0.003
      vertex -0.0231072 -0.0222968 -0.003
      vertex -0.0232269 -0.0222168 -0.003
    endloop
  endfacet
  facet normal 0 0 -1
    outer loop
      vertex 0.0268928 -0.0277032 -0.003
      vertex 0.0270089 -0.0276181 -0.003
      vertex 0.0325 -0.0325 -0.003
    endloop
  endfacet
  facet normal 0 0 -1
    outer loop
      vertex 0.0270089 -0.0276181 -0.003
      vertex 0.0271212 -0.0275279 -0.003
      vertex 0.0325 -0.0325 -0.003
    endloop
  endfacet
  facet normal 0 0 -1
    outer loop
      vertex 0.0325 -0.0325 -0.003
      vertex 0.0271212 -0.0275279 -0.003
      vertex 0.0272294 -0.027433 -0.003
    endloop
  endfacet
  facet normal 0 0 -1
    outer loop
      vertex 0.02665 0.0221421 -0.003
      vertex 0.0267731 0.0222168 -0.003
      vertex 0.0325 -0.0325 -0.003
    endloop
  endfacet
  facet normal 0 0 -1
    outer loop
      vertex 0.02665 0.0221421 -0.003
      vertex 0.0325 -0.0325 -0.003
      vertex 0.0265238 0.0220729 -0.003
    endloop
  endfacet
  facet normal 0 0 -1
    outer loop
      vertex 0.0267731 0.0222168 -0.003
      vertex 0.0268928 0.0222968 -0.003
      vertex 0.0325 -0.0325 -0.003
    endloop
  endfacet
  facet normal 0 0 -1
    outer loop
      vertex 0.0268928 0.0222968 -0.003
      vertex 0.0270089 0.0223819 -0.003
      vertex 0.0325 -0.0325 -0.003
    endloop
  endfacet
  facet normal 0 0 -1
    outer loop
      vertex 0.0325 -0.0325 -0.003
      vertex 0.0270089 0.0223819 -0.003
      vertex 0.0271212 0.0224721 -0.003
    endloop
  endfacet
  facet normal 0 0 -1
    outer loop
      vertex 0.0272294 0.022567 -0.003
      vertex 0.0273335 0.0226665 -0.003
      vertex 0.0325 -0.0325 -0.003
    endloop
  endfacet
  facet normal 0 0 -1
    outer loop
      vertex 0.0273335 0.0226665 -0.003
      vertex 0.027433 0.0227706 -0.003
      vertex 0.0325 -0.0325 -0.003
    endloop
  endfacet
  facet normal 0 0 -1
    outer loop
      vertex 0.0325 -0.0325 -0.003
      vertex 0.027433 0.0227706 -0.003
      vertex 0.0275279 0.0228788 -0.003
    endloop
  endfacet
  facet normal 0 0 -1
    outer loop
      vertex 0.0217501 0.025573 -0.003
      vertex 0.0217282 0.0254307 -0.003
      vertex -0.024427 0.0217501 -0.003
    endloop
  endfacet
  facet normal 0 0 -1
    outer loop
      vertex 0.0217282 0.0254307 -0.003
      vertex 0.0217126 0.0252876 -0.003
      vertex -0.024427 0.0217501 -0.003
    endloop
  endfacet
  facet normal 0 0 -1
    outer loop
      vertex -0.024427 0.0217501 -0.003
      vertex 0.0217126 0.0252876 -0.003
      vertex -0.0245693 0.0217282 -0.003
    endloop
  endfacet
  facet normal 0 0 -1
    outer loop
      vertex 0.0217126 0.0252876 -0.003
      vertex 0.0217031 0.0251439 -0.003
      vertex -0.0245693 0.0217282 -0.003
    endloop
  endfacet
  facet normal 0 0 -1
    outer loop
      vertex -0.0245693 0.0217282 -0.003
      vertex 0.0217031 0.0251439 -0.003
      vertex -0.0247124 0.0217126 -0.003
    endloop
  endfacet
  facet normal 0 0 -1
    outer loop
      vertex -0.0267731 -0.0277832 -0.003
      vertex -0.02665 -0.0278579 -0.003
      vertex -0.0325 -0.0325 -0.003
    endloop
  endfacet
  facet normal 0 0 -1
    outer loop
      vertex -0.02665 -0.0278579 -0.003
      vertex -0.0265238 -0.0279271 -0.003
      vertex -0.0325 -0.0325 -0.003
    endloop
  endfacet
  facet normal 0 0 -1
    outer loop
      vertex -0.0325 -0.0325 -0.003
      vertex -0.0265238 -0.0279271 -0.003
      vertex -0.0263946 -0.0279908 -0.003
    endloop
  endfacet
  facet normal 0 0 -1
    outer loop
      vertex 0.0224721 -0.0271212 -0.003
      vertex 0.022567 -0.0272294 -0.003
      vertex -0.0325 -0.0325 -0.003
    endloop
  endfacet
  facet normal 0 0 -1
    outer loop
      vertex 0.022567 -0.0272294 -0.003
      vertex 0.0226665 -0.0273335 -0.003
      vertex -0.0325 -0.0325 -0.003
    endloop
  endfacet
  facet normal 0 0 -1
    outer loop
      vertex -0.0325 -0.0325 -0.003
      vertex 0.0226665 -0.0273335 -0.003
      vertex 0.0227706 -0.027433 -0.003
    endloop
  endfacet
  facet normal 0 0 -1
    outer loop
      vertex 0.0227706 -0.027433 -0.003
      vertex 0.0228788 -0.0275279 -0.003
      vertex -0.0325 -0.0325 -0.003
    endloop
  endfacet
  facet normal 0 0 -1
    outer loop
      vertex 0.0228788 -0.0275279 -0.003
      vertex 0.0229911 -0.0276181 -0.003
      vertex -0.0325 -0.0325 -0.003
    endloop
  endfacet
  facet normal 0 0 -1
    outer loop
      vertex -0.0325 -0.0325 -0.003
      vertex 0.0229911 -0.0276181 -0.003
      vertex 0.0231072 -0.0277032 -0.003
    endloop
  endfacet
  facet normal 0 0 -1
    outer loop
      vertex 0.0254307 -0.0282718 -0.003
      vertex 0.025573 -0.0282499 -0.003
      vertex 0.0325 -0.0325 -0.003
    endloop
  endfacet
  facet normal 0 0 -1
    outer loop
      vertex 0.0234762 -0.0220729 -0.003
      vertex 0.02335 -0.0221421 -0.003
      vertex -0.0236054 -0.0279908 -0.003
    endloop
  endfacet
  facet normal 0 0 -1
    outer loop
      vertex 0.02335 -0.0221421 -0.003
      vertex 0.0232269 -0.0222168 -0.003
      vertex -0.0236054 -0.0279908 -0.003
    endloop
  endfacet
  facet normal 0 0 -1
    outer loop
      vertex -0.0236054 -0.0279908 -0.003
      vertex 0.0232269 -0.0222168 -0.003
      vertex 0.0231072 -0.0222968 -0.003
    endloop
  endfacet
  facet normal 0 0 -1
    outer loop
      vertex 0.0231072 -0.0222968 -0.003
      vertex 0.0229911 -0.0223819 -0.003
      vertex -0.0236054 -0.0279908 -0.003
    endloop
  endfacet
  facet normal 0 0 -1
    outer loop
      vertex 0.0229911 -0.0223819 -0.003
      vertex 0.0228788 -0.0224721 -0.003
      vertex -0.0236054 -0.0279908 -0.003
    endloop
  endfacet
  facet normal 0 0 -1
    outer loop
      vertex -0.0236054 -0.0279908 -0.003
      vertex 0.0228788 -0.0224721 -0.003
      vertex 0.0227706 -0.022567 -0.003
    endloop
  endfacet
  facet normal 0 0 -1
    outer loop
      vertex -0.0226665 -0.0226665 -0.003
      vertex -0.0227706 -0.022567 -0.003
      vertex 0.0224721 0.0228788 -0.003
    endloop
  endfacet
  facet normal 0 0 -1
    outer loop
      vertex -0.0282969 0.0248561 -0.003
      vertex -0.0282874 0.0247124 -0.003
      vertex -0.0325 0.0325 -0.003
    endloop
  endfacet
  facet normal 0 0 -1
    outer loop
      vertex -0.0282874 0.0247124 -0.003
      vertex -0.0282718 0.0245693 -0.003
      vertex -0.0325 0.0325 -0.003
    endloop
  endfacet
  facet normal 0 0 -1
    outer loop
      vertex 0.0218124 -0.0258541 -0.003
      vertex 0.0218527 -0.0259923 -0.003
      vertex -0.0325 -0.0325 -0.003
    endloop
  endfacet
  facet normal 0 0 -1
    outer loop
      vertex 0.0218124 -0.0258541 -0.003
      vertex -0.0325 -0.0325 -0.003
      vertex 0.0217782 -0.0257143 -0.003
    endloop
  endfacet
  facet normal 0 0 -1
    outer loop
      vertex 0.0234762 -0.0279271 -0.003
      vertex 0.0236054 -0.0279908 -0.003
      vertex -0.0325 -0.0325 -0.003
    endloop
  endfacet
  facet normal 0 0 -1
    outer loop
      vertex 0.0236054 -0.0279908 -0.003
      vertex 0.0237371 -0.0280488 -0.003
      vertex -0.0325 -0.0325 -0.003
    endloop
  endfacet
  facet normal 0 0 -1
    outer loop
      vertex 0.0238713 -0.021899 -0.003
      vertex 0.0237371 -0.0219512 -0.003
      vertex -0.0236054 -0.0279908 -0.003
    endloop
  endfacet
  facet normal 0 0 -1
    outer loop
      vertex 0.0237371 -0.0219512 -0.003
      vertex 0.0236054 -0.0220092 -0.003
      vertex -0.0236054 -0.0279908 -0.003
    endloop
  endfacet
  facet normal 0 0 -1
    outer loop
      vertex -0.0236054 -0.0279908 -0.003
      vertex 0.0236054 -0.0220092 -0.003
      vertex 0.0234762 -0.0220729 -0.003
    endloop
  endfacet
  facet normal 0 0 -1
    outer loop
      vertex 0.0227706 -0.022567 -0.003
      vertex 0.0226665 -0.0226665 -0.003
      vertex -0.0236054 -0.0279908 -0.003
    endloop
  endfacet
  facet normal 0 0 -1
    outer loop
      vertex 0.0226665 -0.0226665 -0.003
      vertex 0.022567 -0.0227706 -0.003
      vertex -0.0236054 -0.0279908 -0.003
    endloop
  endfacet
  facet normal 0 0 -1
    outer loop
      vertex -0.0236054 -0.0279908 -0.003
      vertex 0.022567 -0.0227706 -0.003
      vertex 0.0224721 -0.0228788 -0.003
    endloop
  endfacet
  facet normal 0 0 -1
    outer loop
      vertex 0.0220729 -0.0234762 -0.003
      vertex 0.0220092 -0.0236054 -0.003
      vertex -0.024427 -0.0282499 -0.003
    endloop
  endfacet
  facet normal 0 0 -1
    outer loop
      vertex 0.0220092 -0.0236054 -0.003
      vertex 0.0219512 -0.0237371 -0.003
      vertex -0.024427 -0.0282499 -0.003
    endloop
  endfacet
  facet normal 0 0 -1
    outer loop
      vertex 0.0219512 -0.0237371 -0.003
      vertex 0.021899 -0.0238713 -0.003
      vertex -0.024427 -0.0282499 -0.003
    endloop
  endfacet
  facet normal 0 0 -1
    outer loop
      vertex -0.024427 -0.0282499 -0.003
      vertex 0.021899 -0.0238713 -0.003
      vertex 0.0218527 -0.0240077 -0.003
    endloop
  endfacet
  facet normal 0 0 -1
    outer loop
      vertex 0.0218527 -0.0240077 -0.003
      vertex 0.0218124 -0.0241459 -0.003
      vertex -0.024427 -0.0282499 -0.003
    endloop
  endfacet
  facet normal 0 0 -1
    outer loop
      vertex 0.0218124 -0.0241459 -0.003
      vertex 0.0217782 -0.0242857 -0.003
      vertex -0.024427 -0.0282499 -0.003
    endloop
  endfacet
  facet normal 0 0 -1
    outer loop
      vertex -0.024427 -0.0282499 -0.003
      vertex 0.0217782 -0.0242857 -0.003
      vertex 0.0217501 -0.024427 -0.003
    endloop
  endfacet
  facet normal 0 0 -1
    outer loop
      vertex -0.0228788 -0.0224721 -0.003
      vertex 0.0217 0.025 -0.003
      vertex -0.0227706 -0.022567 -0.003
    endloop
  endfacet
  facet normal 0 0 -1
    outer loop
      vertex 0.0217 0.025 -0.003
      vertex 0.0217031 0.0248561 -0.003
      vertex -0.0227706 -0.022567 -0.003
    endloop
  endfacet
  facet normal 0 0 -1
    outer loop
      vertex -0.0227706 -0.022567 -0.003
      vertex 0.0217031 0.0248561 -0.003
      vertex 0.0217126 0.0247124 -0.003
    endloop
  endfacet
  facet normal 0 0 -1
    outer loop
      vertex 0.0217126 0.0247124 -0.003
      vertex 0.0217282 0.0245693 -0.003
      vertex -0.0227706 -0.022567 -0.003
    endloop
  endfacet
  facet normal 0 0 -1
    outer loop
      vertex 0.0217282 0.0245693 -0.003
      vertex 0.0217501 0.024427 -0.003
      vertex -0.0227706 -0.022567 -0.003
    endloop
  endfacet
  facet normal 0 0 -1
    outer loop
      vertex -0.0227706 -0.022567 -0.003
      vertex 0.0217501 0.024427 -0.003
      vertex 0.0217782 0.0242857 -0.003
    endloop
  endfacet
  facet normal 0 0 -1
    outer loop
      vertex -0.0231072 -0.0277032 -0.003
      vertex -0.0229911 -0.0276181 -0.003
      vertex 0.0245693 -0.0217282 -0.003
    endloop
  endfacet
  facet normal 0 0 -1
    outer loop
      vertex -0.0229911 -0.0276181 -0.003
      vertex -0.0228788 -0.0275279 -0.003
      vertex 0.0245693 -0.0217282 -0.003
    endloop
  endfacet
  facet normal 0 0 -1
    outer loop
      vertex 0.0245693 -0.0217282 -0.003
      vertex -0.0228788 -0.0275279 -0.003
      vertex -0.0227706 -0.027433 -0.003
    endloop
  endfacet
  facet normal 0 0 -1
    outer loop
      vertex -0.0282718 0.0245693 -0.003
      vertex -0.0282499 0.024427 -0.003
      vertex -0.0325 0.0325 -0.003
    endloop
  endfacet
  facet normal 0 0 -1
    outer loop
      vertex -0.0282499 0.024427 -0.003
      vertex -0.0282218 0.0242857 -0.003
      vertex -0.0325 0.0325 -0.003
    endloop
  endfacet
  facet normal 0 0 -1
    outer loop
      vertex -0.0325 0.0325 -0.003
      vertex -0.0282218 0.0242857 -0.003
      vertex -0.0325 -0.0325 -0.003
    endloop
  endfacet
  facet normal 0 0 -1
    outer loop
      vertex -0.0282218 0.0242857 -0.003
      vertex -0.0281876 0.0241459 -0.003
      vertex -0.0325 -0.0325 -0.003
    endloop
  endfacet
  facet normal 0 0 -1
    outer loop
      vertex -0.0281876 0.0241459 -0.003
      vertex -0.0281473 0.0240077 -0.003
      vertex -0.0325 -0.0325 -0.003
    endloop
  endfacet
  facet normal 0 0 -1
    outer loop
      vertex -0.0325 -0.0325 -0.003
      vertex -0.0281473 0.0240077 -0.003
      vertex -0.028101 0.0238713 -0.003
    endloop
  endfacet
  facet normal 0 0 -1
    outer loop
      vertex -0.0279271 0.0234762 -0.003
      vertex -0.0278579 0.02335 -0.003
      vertex -0.0325 -0.0325 -0.003
    endloop
  endfacet
  facet normal 0 0 -1
    outer loop
      vertex -0.0278579 0.02335 -0.003
      vertex -0.0277832 0.0232269 -0.003
      vertex -0.0325 -0.0325 -0.003
    endloop
  endfacet
  facet normal 0 0 -1
    outer loop
      vertex -0.0325 -0.0325 -0.003
      vertex -0.0277832 0.0232269 -0.003
      vertex -0.0277032 0.0231072 -0.003
    endloop
  endfacet
  facet normal 0 0 -1
    outer loop
      vertex -0.0268928 0.0222968 -0.003
      vertex -0.0267731 0.0222168 -0.003
      vertex -0.0232269 -0.0222168 -0.003
    endloop
  endfacet
  facet normal 0 0 -1
    outer loop
      vertex -0.0267731 0.0222168 -0.003
      vertex -0.02665 0.0221421 -0.003
      vertex -0.0232269 -0.0222168 -0.003
    endloop
  endfacet
  facet normal 0 0 -1
    outer loop
      vertex -0.0232269 -0.0222168 -0.003
      vertex -0.02665 0.0221421 -0.003
      vertex -0.0265238 0.0220729 -0.003
    endloop
  endfacet
  facet normal 0 0 -1
    outer loop
      vertex -0.0258541 0.0218124 -0.003
      vertex -0.0232269 -0.0222168 -0.003
      vertex -0.0259923 0.0218527 -0.003
    endloop
  endfacet
  facet normal 0 0 -1
    outer loop
      vertex -0.0232269 -0.0222168 -0.003
      vertex -0.0261287 0.021899 -0.003
      vertex -0.0259923 0.0218527 -0.003
    endloop
  endfacet
  facet normal 0 0 -1
    outer loop
      vertex 0.0325 0.0325 -0.003
      vertex 0.0277032 0.0268928 -0.003
      vertex 0.0276181 0.0270089 -0.003
    endloop
  endfacet
  facet normal 0 0 -1
    outer loop
      vertex -0.0223819 0.0270089 -0.003
      vertex -0.0224721 0.0271212 -0.003
      vertex 0.0325 0.0325 -0.003
    endloop
  endfacet
  facet normal 0 0 -1
    outer loop
      vertex -0.0224721 0.0271212 -0.003
      vertex -0.022567 0.0272294 -0.003
      vertex 0.0325 0.0325 -0.003
    endloop
  endfacet
  facet normal 0 0 -1
    outer loop
      vertex 0.0220092 -0.0263946 -0.003
      vertex 0.0220729 -0.0265238 -0.003
      vertex -0.0325 -0.0325 -0.003
    endloop
  endfacet
  facet normal 0 0 -1
    outer loop
      vertex 0.0220729 -0.0265238 -0.003
      vertex 0.0221421 -0.02665 -0.003
      vertex -0.0325 -0.0325 -0.003
    endloop
  endfacet
  facet normal 0 0 -1
    outer loop
      vertex -0.0325 -0.0325 -0.003
      vertex 0.0221421 -0.02665 -0.003
      vertex 0.0222168 -0.0267731 -0.003
    endloop
  endfacet
  facet normal 0 0 -1
    outer loop
      vertex 0.0231072 -0.0277032 -0.003
      vertex 0.0232269 -0.0277832 -0.003
      vertex -0.0325 -0.0325 -0.003
    endloop
  endfacet
  facet normal 0 0 -1
    outer loop
      vertex 0.0232269 -0.0277832 -0.003
      vertex 0.02335 -0.0278579 -0.003
      vertex -0.0325 -0.0325 -0.003
    endloop
  endfacet
  facet normal 0 0 -1
    outer loop
      vertex -0.0325 -0.0325 -0.003
      vertex 0.02335 -0.0278579 -0.003
      vertex 0.0234762 -0.0279271 -0.003
    endloop
  endfacet
  facet normal 0 0 -1
    outer loop
      vertex 0.0325 -0.0325 -0.003
      vertex 0.0259923 -0.0281473 -0.003
      vertex 0.0261287 -0.028101 -0.003
    endloop
  endfacet
  facet normal 0 0 -1
    outer loop
      vertex -0.0242857 -0.0282218 -0.003
      vertex 0.0222168 -0.0232269 -0.003
      vertex -0.024427 -0.0282499 -0.003
    endloop
  endfacet
  facet normal 0 0 -1
    outer loop
      vertex 0.0222168 -0.0232269 -0.003
      vertex 0.0221421 -0.02335 -0.003
      vertex -0.024427 -0.0282499 -0.003
    endloop
  endfacet
  facet normal 0 0 -1
    outer loop
      vertex -0.024427 -0.0282499 -0.003
      vertex 0.0221421 -0.02335 -0.003
      vertex 0.0220729 -0.0234762 -0.003
    endloop
  endfacet
  facet normal 0 0 -1
    outer loop
      vertex 0.0217782 0.0242857 -0.003
      vertex 0.0218124 0.0241459 -0.003
      vertex -0.0227706 -0.022567 -0.003
    endloop
  endfacet
  facet normal 0 0 -1
    outer loop
      vertex 0.0218124 0.0241459 -0.003
      vertex 0.0218527 0.0240077 -0.003
      vertex -0.0227706 -0.022567 -0.003
    endloop
  endfacet
  facet normal 0 0 -1
    outer loop
      vertex -0.0227706 -0.022567 -0.003
      vertex 0.0218527 0.0240077 -0.003
      vertex 0.021899 0.0238713 -0.003
    endloop
  endfacet
  facet normal 0 0 -1
    outer loop
      vertex 0.0220729 0.0234762 -0.003
      vertex 0.0221421 0.02335 -0.003
      vertex -0.0227706 -0.022567 -0.003
    endloop
  endfacet
  facet normal 0 0 -1
    outer loop
      vertex 0.0221421 0.02335 -0.003
      vertex 0.0222168 0.0232269 -0.003
      vertex -0.0227706 -0.022567 -0.003
    endloop
  endfacet
  facet normal 0 0 -1
    outer loop
      vertex -0.0224721 -0.0228788 -0.003
      vertex -0.022567 -0.0227706 -0.003
      vertex 0.0228788 0.0224721 -0.003
    endloop
  endfacet
  facet normal 0 0 -1
    outer loop
      vertex -0.028101 0.0238713 -0.003
      vertex -0.0280488 0.0237371 -0.003
      vertex -0.0325 -0.0325 -0.003
    endloop
  endfacet
  facet normal 0 0 -1
    outer loop
      vertex -0.0280488 0.0237371 -0.003
      vertex -0.0279908 0.0236054 -0.003
      vertex -0.0325 -0.0325 -0.003
    endloop
  endfacet
  facet normal 0 0 -1
    outer loop
      vertex -0.0325 -0.0325 -0.003
      vertex -0.0279908 0.0236054 -0.003
      vertex -0.0279271 0.0234762 -0.003
    endloop
  endfacet
  facet normal 0 0 -1
    outer loop
      vertex -0.0277032 0.0231072 -0.003
      vertex -0.0276181 0.0229911 -0.003
      vertex -0.0325 -0.0325 -0.003
    endloop
  endfacet
  facet normal 0 0 -1
    outer loop
      vertex -0.0276181 0.0229911 -0.003
      vertex -0.0275279 0.0228788 -0.003
      vertex -0.0325 -0.0325 -0.003
    endloop
  endfacet
  facet normal 0 0 -1
    outer loop
      vertex -0.0325 -0.0325 -0.003
      vertex -0.0275279 0.0228788 -0.003
      vertex -0.027433 0.0227706 -0.003
    endloop
  endfacet
  facet normal 0 0 -1
    outer loop
      vertex -0.02335 -0.0221421 -0.003
      vertex -0.0271212 0.0224721 -0.003
      vertex -0.0232269 -0.0222168 -0.003
    endloop
  endfacet
  facet normal 0 0 -1
    outer loop
      vertex -0.0271212 0.0224721 -0.003
      vertex -0.0270089 0.0223819 -0.003
      vertex -0.0232269 -0.0222168 -0.003
    endloop
  endfacet
  facet normal 0 0 -1
    outer loop
      vertex -0.0232269 -0.0222168 -0.003
      vertex -0.0270089 0.0223819 -0.003
      vertex -0.0268928 0.0222968 -0.003
    endloop
  endfacet
  facet normal 0 0 -1
    outer loop
      vertex -0.0282874 -0.0247124 -0.003
      vertex -0.0325 -0.0325 -0.003
      vertex -0.0282718 -0.0245693 -0.003
    endloop
  endfacet
  facet normal 0 0 -1
    outer loop
      vertex -0.0325 -0.0325 -0.003
      vertex -0.0282499 -0.024427 -0.003
      vertex -0.0282718 -0.0245693 -0.003
    endloop
  endfacet
  facet normal 0 0 -1
    outer loop
      vertex -0.0282874 -0.0247124 -0.003
      vertex -0.0282969 -0.0248561 -0.003
      vertex -0.0325 -0.0325 -0.003
    endloop
  endfacet
  facet normal 0 0 -1
    outer loop
      vertex -0.0282969 -0.0248561 -0.003
      vertex -0.0283 -0.025 -0.003
      vertex -0.0325 -0.0325 -0.003
    endloop
  endfacet
  facet normal 0 0 -1
    outer loop
      vertex -0.0325 -0.0325 -0.003
      vertex -0.0283 -0.025 -0.003
      vertex -0.0282969 -0.0251439 -0.003
    endloop
  endfacet
  facet normal 0 0 -1
    outer loop
      vertex -0.0265238 0.0220729 -0.003
      vertex -0.0263946 0.0220092 -0.003
      vertex -0.0232269 -0.0222168 -0.003
    endloop
  endfacet
  facet normal 0 0 -1
    outer loop
      vertex -0.0263946 0.0220092 -0.003
      vertex -0.0262629 0.0219512 -0.003
      vertex -0.0232269 -0.0222168 -0.003
    endloop
  endfacet
  facet normal 0 0 -1
    outer loop
      vertex -0.0232269 -0.0222168 -0.003
      vertex -0.0262629 0.0219512 -0.003
      vertex -0.0261287 0.021899 -0.003
    endloop
  endfacet
  facet normal 0 0 -1
    outer loop
      vertex -0.0258541 0.0218124 -0.003
      vertex -0.0257143 0.0217782 -0.003
      vertex -0.0232269 -0.0222168 -0.003
    endloop
  endfacet
  facet normal 0 0 -1
    outer loop
      vertex -0.0257143 0.0217782 -0.003
      vertex -0.025573 0.0217501 -0.003
      vertex -0.0232269 -0.0222168 -0.003
    endloop
  endfacet
  facet normal 0 0 -1
    outer loop
      vertex -0.0232269 -0.0222168 -0.003
      vertex -0.025573 0.0217501 -0.003
      vertex -0.0254307 0.0217282 -0.003
    endloop
  endfacet
  facet normal 0 0 -1
    outer loop
      vertex -0.0254307 0.0217282 -0.003
      vertex -0.0252876 0.0217126 -0.003
      vertex -0.0232269 -0.0222168 -0.003
    endloop
  endfacet
  facet normal 0 0 -1
    outer loop
      vertex -0.0252876 0.0217126 -0.003
      vertex -0.0251439 0.0217031 -0.003
      vertex -0.0232269 -0.0222168 -0.003
    endloop
  endfacet
  facet normal 0 0 -1
    outer loop
      vertex -0.0232269 -0.0222168 -0.003
      vertex -0.0251439 0.0217031 -0.003
      vertex -0.025 0.0217 -0.003
    endloop
  endfacet
  facet normal 0 0 -1
    outer loop
      vertex 0.0276181 0.0270089 -0.003
      vertex 0.0275279 0.0271212 -0.003
      vertex 0.0325 0.0325 -0.003
    endloop
  endfacet
  facet normal 0 0 -1
    outer loop
      vertex 0.0275279 0.0271212 -0.003
      vertex 0.027433 0.0272294 -0.003
      vertex 0.0325 0.0325 -0.003
    endloop
  endfacet
  facet normal 0 0 -1
    outer loop
      vertex 0.0325 0.0325 -0.003
      vertex 0.027433 0.0272294 -0.003
      vertex 0.0273335 0.0273335 -0.003
    endloop
  endfacet
  facet normal 0 0 -1
    outer loop
      vertex 0.0273335 0.0273335 -0.003
      vertex 0.0272294 0.027433 -0.003
      vertex 0.0325 0.0325 -0.003
    endloop
  endfacet
  facet normal 0 0 -1
    outer loop
      vertex 0.0272294 0.027433 -0.003
      vertex 0.0271212 0.0275279 -0.003
      vertex 0.0325 0.0325 -0.003
    endloop
  endfacet
  facet normal 0 0 -1
    outer loop
      vertex 0.0325 0.0325 -0.003
      vertex 0.0271212 0.0275279 -0.003
      vertex 0.0270089 0.0276181 -0.003
    endloop
  endfacet
  facet normal 0 0 -1
    outer loop
      vertex 0.0270089 0.0276181 -0.003
      vertex 0.0268928 0.0277032 -0.003
      vertex 0.0325 0.0325 -0.003
    endloop
  endfacet
  facet normal 0 0 -1
    outer loop
      vertex 0.0268928 0.0277032 -0.003
      vertex 0.0267731 0.0277832 -0.003
      vertex 0.0325 0.0325 -0.003
    endloop
  endfacet
  facet normal 0 0 -1
    outer loop
      vertex 0.0325 0.0325 -0.003
      vertex 0.0267731 0.0277832 -0.003
      vertex 0.02665 0.0278579 -0.003
    endloop
  endfacet
  facet normal 0 0 -1
    outer loop
      vertex -0.0218124 0.0241459 -0.003
      vertex 0.0325 0.0325 -0.003
      vertex -0.0218527 0.0240077 -0.003
    endloop
  endfacet
  facet normal 0 0 -1
    outer loop
      vertex 0.0325 0.0325 -0.003
      vertex -0.021899 0.0238713 -0.003
      vertex -0.0218527 0.0240077 -0.003
    endloop
  endfacet
  facet normal 0 0 -1
    outer loop
      vertex -0.022567 0.0272294 -0.003
      vertex -0.0226665 0.0273335 -0.003
      vertex 0.0325 0.0325 -0.003
    endloop
  endfacet
  facet normal 0 0 -1
    outer loop
      vertex -0.0226665 0.0273335 -0.003
      vertex -0.0227706 0.027433 -0.003
      vertex 0.0325 0.0325 -0.003
    endloop
  endfacet
  facet normal 0 0 -1
    outer loop
      vertex 0.0325 0.0325 -0.003
      vertex -0.0227706 0.027433 -0.003
      vertex -0.0228788 0.0275279 -0.003
    endloop
  endfacet
  facet normal 0 0 -1
    outer loop
      vertex -0.0263946 -0.0279908 -0.003
      vertex -0.0262629 -0.0280488 -0.003
      vertex -0.0325 -0.0325 -0.003
    endloop
  endfacet
  facet normal 0 0 -1
    outer loop
      vertex -0.0262629 -0.0280488 -0.003
      vertex -0.0261287 -0.028101 -0.003
      vertex -0.0325 -0.0325 -0.003
    endloop
  endfacet
  facet normal 0 0 -1
    outer loop
      vertex -0.0325 -0.0325 -0.003
      vertex -0.0261287 -0.028101 -0.003
      vertex -0.0259923 -0.0281473 -0.003
    endloop
  endfacet
  facet normal 0 0 -1
    outer loop
      vertex -0.0259923 -0.0281473 -0.003
      vertex -0.0258541 -0.0281876 -0.003
      vertex -0.0325 -0.0325 -0.003
    endloop
  endfacet
  facet normal 0 0 -1
    outer loop
      vertex -0.0258541 -0.0281876 -0.003
      vertex -0.0257143 -0.0282218 -0.003
      vertex -0.0325 -0.0325 -0.003
    endloop
  endfacet
  facet normal 0 0 -1
    outer loop
      vertex -0.0325 -0.0325 -0.003
      vertex -0.0257143 -0.0282218 -0.003
      vertex -0.025573 -0.0282499 -0.003
    endloop
  endfacet
  facet normal 0 0 -1
    outer loop
      vertex 0.0218527 -0.0259923 -0.003
      vertex 0.021899 -0.0261287 -0.003
      vertex -0.0325 -0.0325 -0.003
    endloop
  endfacet
  facet normal 0 0 -1
    outer loop
      vertex 0.021899 -0.0261287 -0.003
      vertex 0.0219512 -0.0262629 -0.003
      vertex -0.0325 -0.0325 -0.003
    endloop
  endfacet
  facet normal 0 0 -1
    outer loop
      vertex -0.0325 -0.0325 -0.003
      vertex 0.0219512 -0.0262629 -0.003
      vertex 0.0220092 -0.0263946 -0.003
    endloop
  endfacet
  facet normal 0 0 -1
    outer loop
      vertex 0.0222168 -0.0267731 -0.003
      vertex 0.0222968 -0.0268928 -0.003
      vertex -0.0325 -0.0325 -0.003
    endloop
  endfacet
  facet normal 0 0 -1
    outer loop
      vertex 0.0222968 -0.0268928 -0.003
      vertex 0.0223819 -0.0270089 -0.003
      vertex -0.0325 -0.0325 -0.003
    endloop
  endfacet
  facet normal 0 0 -1
    outer loop
      vertex -0.0325 -0.0325 -0.003
      vertex 0.0223819 -0.0270089 -0.003
      vertex 0.0224721 -0.0271212 -0.003
    endloop
  endfacet
  facet normal 0 0 -1
    outer loop
      vertex 0.0237371 -0.0280488 -0.003
      vertex 0.0238713 -0.028101 -0.003
      vertex -0.0325 -0.0325 -0.003
    endloop
  endfacet
  facet normal 0 0 -1
    outer loop
      vertex 0.0238713 -0.028101 -0.003
      vertex 0.0240077 -0.0281473 -0.003
      vertex -0.0325 -0.0325 -0.003
    endloop
  endfacet
  facet normal 0 0 -1
    outer loop
      vertex -0.0325 -0.0325 -0.003
      vertex 0.0240077 -0.0281473 -0.003
      vertex 0.0325 -0.0325 -0.003
    endloop
  endfacet
  facet normal 0 0 -1
    outer loop
      vertex 0.0240077 -0.0281473 -0.003
      vertex 0.0241459 -0.0281876 -0.003
      vertex 0.0325 -0.0325 -0.003
    endloop
  endfacet
  facet normal 0 0 -1
    outer loop
      vertex 0.0241459 -0.0281876 -0.003
      vertex 0.0242857 -0.0282218 -0.003
      vertex 0.0325 -0.0325 -0.003
    endloop
  endfacet
  facet normal 0 0 -1
    outer loop
      vertex 0.0242857 -0.0282218 -0.003
      vertex 0.024427 -0.0282499 -0.003
      vertex 0.0325 -0.0325 -0.003
    endloop
  endfacet
  facet normal 0 0 -1
    outer loop
      vertex 0.0325 -0.0325 -0.003
      vertex 0.024427 -0.0282499 -0.003
      vertex 0.0245693 -0.0282718 -0.003
    endloop
  endfacet
  facet normal 0 0 -1
    outer loop
      vertex 0.0245693 -0.0282718 -0.003
      vertex 0.0247124 -0.0282874 -0.003
      vertex 0.0325 -0.0325 -0.003
    endloop
  endfacet
  facet normal 0 0 -1
    outer loop
      vertex 0.0247124 -0.0282874 -0.003
      vertex 0.0248561 -0.0282969 -0.003
      vertex 0.0325 -0.0325 -0.003
    endloop
  endfacet
  facet normal 0 0 -1
    outer loop
      vertex 0.0325 -0.0325 -0.003
      vertex 0.0248561 -0.0282969 -0.003
      vertex 0.025 -0.0283 -0.003
    endloop
  endfacet
  facet normal 0 0 -1
    outer loop
      vertex 0.025 -0.0283 -0.003
      vertex 0.0251439 -0.0282969 -0.003
      vertex 0.0325 -0.0325 -0.003
    endloop
  endfacet
  facet normal 0 0 -1
    outer loop
      vertex 0.0251439 -0.0282969 -0.003
      vertex 0.0252876 -0.0282874 -0.003
      vertex 0.0325 -0.0325 -0.003
    endloop
  endfacet
  facet normal 0 0 -1
    outer loop
      vertex 0.0325 -0.0325 -0.003
      vertex 0.0252876 -0.0282874 -0.003
      vertex 0.0254307 -0.0282718 -0.003
    endloop
  endfacet
  facet normal 0 0 -1
    outer loop
      vertex 0.025573 -0.0282499 -0.003
      vertex 0.0257143 -0.0282218 -0.003
      vertex 0.0325 -0.0325 -0.003
    endloop
  endfacet
  facet normal 0 0 -1
    outer loop
      vertex 0.0257143 -0.0282218 -0.003
      vertex 0.0258541 -0.0281876 -0.003
      vertex 0.0325 -0.0325 -0.003
    endloop
  endfacet
  facet normal 0 0 -1
    outer loop
      vertex 0.0325 -0.0325 -0.003
      vertex 0.0258541 -0.0281876 -0.003
      vertex 0.0259923 -0.0281473 -0.003
    endloop
  endfacet
  facet normal 0 0 -1
    outer loop
      vertex 0.0261287 -0.028101 -0.003
      vertex 0.0262629 -0.0280488 -0.003
      vertex 0.0325 -0.0325 -0.003
    endloop
  endfacet
  facet normal 0 0 -1
    outer loop
      vertex 0.0262629 -0.0280488 -0.003
      vertex 0.0263946 -0.0279908 -0.003
      vertex 0.0325 -0.0325 -0.003
    endloop
  endfacet
  facet normal 0 0 -1
    outer loop
      vertex 0.0325 -0.0325 -0.003
      vertex 0.0263946 -0.0279908 -0.003
      vertex 0.0265238 -0.0279271 -0.003
    endloop
  endfacet
  facet normal 0 0 -1
    outer loop
      vertex 0.0217501 -0.024427 -0.003
      vertex 0.0217282 -0.0245693 -0.003
      vertex -0.024427 -0.0282499 -0.003
    endloop
  endfacet
  facet normal 0 0 -1
    outer loop
      vertex 0.0217282 -0.0245693 -0.003
      vertex 0.0217126 -0.0247124 -0.003
      vertex -0.024427 -0.0282499 -0.003
    endloop
  endfacet
  facet normal 0 0 -1
    outer loop
      vertex -0.024427 -0.0282499 -0.003
      vertex 0.0217126 -0.0247124 -0.003
      vertex -0.0245693 -0.0282718 -0.003
    endloop
  endfacet
  facet normal 0 0 -1
    outer loop
      vertex 0.0217126 -0.0247124 -0.003
      vertex 0.0217031 -0.0248561 -0.003
      vertex -0.0245693 -0.0282718 -0.003
    endloop
  endfacet
  facet normal 0 0 -1
    outer loop
      vertex -0.0245693 -0.0282718 -0.003
      vertex 0.0217031 -0.0248561 -0.003
      vertex -0.0247124 -0.0282874 -0.003
    endloop
  endfacet
  facet normal 0 0 -1
    outer loop
      vertex 0.0217031 -0.0248561 -0.003
      vertex 0.0217 -0.025 -0.003
      vertex -0.0247124 -0.0282874 -0.003
    endloop
  endfacet
  facet normal 0 0 -1
    outer loop
      vertex -0.0247124 -0.0282874 -0.003
      vertex 0.0217 -0.025 -0.003
      vertex 0.0217031 -0.0251439 -0.003
    endloop
  endfacet
  facet normal 0 0 -1
    outer loop
      vertex 0.021899 0.0238713 -0.003
      vertex 0.0219512 0.0237371 -0.003
      vertex -0.0227706 -0.022567 -0.003
    endloop
  endfacet
  facet normal 0 0 -1
    outer loop
      vertex 0.0219512 0.0237371 -0.003
      vertex 0.0220092 0.0236054 -0.003
      vertex -0.0227706 -0.022567 -0.003
    endloop
  endfacet
  facet normal 0 0 -1
    outer loop
      vertex -0.0227706 -0.022567 -0.003
      vertex 0.0220092 0.0236054 -0.003
      vertex 0.0220729 0.0234762 -0.003
    endloop
  endfacet
  facet normal 0 0 -1
    outer loop
      vertex 0.0222168 0.0232269 -0.003
      vertex 0.0222968 0.0231072 -0.003
      vertex -0.0227706 -0.022567 -0.003
    endloop
  endfacet
  facet normal 0 0 -1
    outer loop
      vertex 0.0222968 0.0231072 -0.003
      vertex 0.0223819 0.0229911 -0.003
      vertex -0.0227706 -0.022567 -0.003
    endloop
  endfacet
  facet normal 0 0 -1
    outer loop
      vertex -0.0227706 -0.022567 -0.003
      vertex 0.0223819 0.0229911 -0.003
      vertex 0.0224721 0.0228788 -0.003
    endloop
  endfacet
  facet normal 0 0 -1
    outer loop
      vertex -0.0218527 -0.0259923 -0.003
      vertex -0.0218124 -0.0258541 -0.003
      vertex 0.0228788 0.0224721 -0.003
    endloop
  endfacet
  facet normal 0 0 -1
    outer loop
      vertex -0.02335 -0.0221421 -0.003
      vertex -0.0234762 -0.0220729 -0.003
      vertex -0.0271212 0.0224721 -0.003
    endloop
  endfacet
  facet normal 0 0 -1
    outer loop
      vertex -0.0234762 -0.0220729 -0.003
      vertex -0.0236054 -0.0220092 -0.003
      vertex -0.0271212 0.0224721 -0.003
    endloop
  endfacet
  facet normal 0 0 -1
    outer loop
      vertex -0.0271212 0.0224721 -0.003
      vertex -0.0236054 -0.0220092 -0.003
      vertex -0.0237371 -0.0219512 -0.003
    endloop
  endfacet
  facet normal 0 0 -1
    outer loop
      vertex -0.0237371 -0.0219512 -0.003
      vertex -0.0238713 -0.021899 -0.003
      vertex -0.0271212 0.0224721 -0.003
    endloop
  endfacet
  facet normal 0 0 -1
    outer loop
      vertex -0.0238713 -0.021899 -0.003
      vertex -0.0240077 -0.0218527 -0.003
      vertex -0.0271212 0.0224721 -0.003
    endloop
  endfacet
  facet normal 0 0 -1
    outer loop
      vertex -0.0271212 0.0224721 -0.003
      vertex -0.0240077 -0.0218527 -0.003
      vertex -0.0241459 -0.0218124 -0.003
    endloop
  endfacet
  facet normal 0 0 -1
    outer loop
      vertex -0.0241459 -0.0218124 -0.003
      vertex -0.0242857 -0.0217782 -0.003
      vertex -0.0271212 0.0224721 -0.003
    endloop
  endfacet
  facet normal 0 0 -1
    outer loop
      vertex -0.0242857 -0.0217782 -0.003
      vertex -0.024427 -0.0217501 -0.003
      vertex -0.0271212 0.0224721 -0.003
    endloop
  endfacet
  facet normal 0 0 -1
    outer loop
      vertex -0.0271212 0.0224721 -0.003
      vertex -0.024427 -0.0217501 -0.003
      vertex -0.0245693 -0.0217282 -0.003
    endloop
  endfacet
  facet normal 0 0 -1
    outer loop
      vertex -0.0273335 0.0226665 -0.003
      vertex -0.025573 -0.0217501 -0.003
      vertex -0.0257143 -0.0217782 -0.003
    endloop
  endfacet
  facet normal 0 0 -1
    outer loop
      vertex -0.0277032 -0.0231072 -0.003
      vertex -0.0273335 0.0226665 -0.003
      vertex -0.0276181 -0.0229911 -0.003
    endloop
  endfacet
  facet normal 0 0 -1
    outer loop
      vertex -0.0273335 0.0226665 -0.003
      vertex -0.0275279 -0.0228788 -0.003
      vertex -0.0276181 -0.0229911 -0.003
    endloop
  endfacet
  facet normal 0 0 -1
    outer loop
      vertex -0.0277032 -0.0231072 -0.003
      vertex -0.0277832 -0.0232269 -0.003
      vertex -0.0273335 0.0226665 -0.003
    endloop
  endfacet
  facet normal 0 0 -1
    outer loop
      vertex -0.0277832 -0.0232269 -0.003
      vertex -0.0278579 -0.02335 -0.003
      vertex -0.0273335 0.0226665 -0.003
    endloop
  endfacet
  facet normal 0 0 -1
    outer loop
      vertex -0.0273335 0.0226665 -0.003
      vertex -0.0278579 -0.02335 -0.003
      vertex -0.0279271 -0.0234762 -0.003
    endloop
  endfacet
  facet normal 0 0 -1
    outer loop
      vertex -0.0279271 -0.0234762 -0.003
      vertex -0.0279908 -0.0236054 -0.003
      vertex -0.0273335 0.0226665 -0.003
    endloop
  endfacet
  facet normal 0 0 -1
    outer loop
      vertex -0.0279908 -0.0236054 -0.003
      vertex -0.0280488 -0.0237371 -0.003
      vertex -0.0273335 0.0226665 -0.003
    endloop
  endfacet
  facet normal 0 0 -1
    outer loop
      vertex -0.0273335 0.0226665 -0.003
      vertex -0.0280488 -0.0237371 -0.003
      vertex -0.028101 -0.0238713 -0.003
    endloop
  endfacet
  facet normal 0 0 -1
    outer loop
      vertex -0.028101 -0.0238713 -0.003
      vertex -0.0281473 -0.0240077 -0.003
      vertex -0.0273335 0.0226665 -0.003
    endloop
  endfacet
  facet normal 0 0 -1
    outer loop
      vertex -0.0281473 -0.0240077 -0.003
      vertex -0.0281876 -0.0241459 -0.003
      vertex -0.0273335 0.0226665 -0.003
    endloop
  endfacet
  facet normal 0 0 -1
    outer loop
      vertex -0.0273335 0.0226665 -0.003
      vertex -0.0281876 -0.0241459 -0.003
      vertex -0.0325 -0.0325 -0.003
    endloop
  endfacet
  facet normal 0 0 -1
    outer loop
      vertex -0.0281876 -0.0241459 -0.003
      vertex -0.0282218 -0.0242857 -0.003
      vertex -0.0325 -0.0325 -0.003
    endloop
  endfacet
  facet normal 0 0 -1
    outer loop
      vertex -0.0325 -0.0325 -0.003
      vertex -0.0282218 -0.0242857 -0.003
      vertex -0.0282499 -0.024427 -0.003
    endloop
  endfacet
  facet normal 0 0 -1
    outer loop
      vertex 0.0217031 0.0251439 -0.003
      vertex 0.0217 0.025 -0.003
      vertex -0.0247124 0.0217126 -0.003
    endloop
  endfacet
  facet normal 0 0 -1
    outer loop
      vertex 0.0217 0.025 -0.003
      vertex -0.0232269 -0.0222168 -0.003
      vertex -0.0247124 0.0217126 -0.003
    endloop
  endfacet
  facet normal 0 0 -1
    outer loop
      vertex -0.0247124 0.0217126 -0.003
      vertex -0.0232269 -0.0222168 -0.003
      vertex -0.0248561 0.0217031 -0.003
    endloop
  endfacet
  facet normal 0 0 -1
    outer loop
      vertex -0.0232269 -0.0222168 -0.003
      vertex -0.025 0.0217 -0.003
      vertex -0.0248561 0.0217031 -0.003
    endloop
  endfacet
  facet normal 0 0 -1
    outer loop
      vertex 0.0279908 0.0236054 -0.003
      vertex 0.0280488 0.0237371 -0.003
      vertex 0.0325 -0.0325 -0.003
    endloop
  endfacet
  facet normal 0 0 -1
    outer loop
      vertex 0.0280488 0.0237371 -0.003
      vertex 0.028101 0.0238713 -0.003
      vertex 0.0325 -0.0325 -0.003
    endloop
  endfacet
  facet normal 0 0 -1
    outer loop
      vertex 0.0325 -0.0325 -0.003
      vertex 0.028101 0.0238713 -0.003
      vertex 0.0281473 0.0240077 -0.003
    endloop
  endfacet
  facet normal 0 0 -1
    outer loop
      vertex -0.0228788 0.0275279 -0.003
      vertex -0.0229911 0.0276181 -0.003
      vertex 0.0325 0.0325 -0.003
    endloop
  endfacet
  facet normal 0 0 -1
    outer loop
      vertex -0.0229911 0.0276181 -0.003
      vertex -0.0231072 0.0277032 -0.003
      vertex 0.0325 0.0325 -0.003
    endloop
  endfacet
  facet normal 0 0 -1
    outer loop
      vertex 0.0325 0.0325 -0.003
      vertex -0.0231072 0.0277032 -0.003
      vertex -0.0232269 0.0277832 -0.003
    endloop
  endfacet
  facet normal 0 0 -1
    outer loop
      vertex -0.025573 -0.0282499 -0.003
      vertex -0.0254307 -0.0282718 -0.003
      vertex -0.0325 -0.0325 -0.003
    endloop
  endfacet
  facet normal 0 0 -1
    outer loop
      vertex -0.0254307 -0.0282718 -0.003
      vertex -0.0252876 -0.0282874 -0.003
      vertex -0.0325 -0.0325 -0.003
    endloop
  endfacet
  facet normal 0 0 -1
    outer loop
      vertex -0.0325 -0.0325 -0.003
      vertex -0.0252876 -0.0282874 -0.003
      vertex -0.0251439 -0.0282969 -0.003
    endloop
  endfacet
  facet normal 0 0 -1
    outer loop
      vertex 0.0224721 0.0228788 -0.003
      vertex 0.022567 0.0227706 -0.003
      vertex -0.0226665 -0.0226665 -0.003
    endloop
  endfacet
  facet normal 0 0 -1
    outer loop
      vertex 0.022567 0.0227706 -0.003
      vertex 0.0226665 0.0226665 -0.003
      vertex -0.0226665 -0.0226665 -0.003
    endloop
  endfacet
  facet normal 0 0 -1
    outer loop
      vertex -0.0226665 -0.0226665 -0.003
      vertex 0.0226665 0.0226665 -0.003
      vertex -0.022567 -0.0227706 -0.003
    endloop
  endfacet
  facet normal 0 0 -1
    outer loop
      vertex 0.0226665 0.0226665 -0.003
      vertex 0.0227706 0.022567 -0.003
      vertex -0.022567 -0.0227706 -0.003
    endloop
  endfacet
  facet normal 0 0 -1
    outer loop
      vertex -0.022567 -0.0227706 -0.003
      vertex 0.0227706 0.022567 -0.003
      vertex 0.0228788 0.0224721 -0.003
    endloop
  endfacet
  facet normal 0 0 -1
    outer loop
      vertex 0.0228788 0.0224721 -0.003
      vertex 0.0229911 0.0223819 -0.003
      vertex 0.0245693 -0.0217282 -0.003
    endloop
  endfacet
  facet normal 0 0 -1
    outer loop
      vertex 0.0229911 0.0223819 -0.003
      vertex 0.0231072 0.0222968 -0.003
      vertex 0.0245693 -0.0217282 -0.003
    endloop
  endfacet
  facet normal 0 0 -1
    outer loop
      vertex 0.0245693 -0.0217282 -0.003
      vertex 0.0231072 0.0222968 -0.003
      vertex 0.0232269 0.0222168 -0.003
    endloop
  endfacet
  facet normal 0 0 -1
    outer loop
      vertex 0.0281473 0.0240077 -0.003
      vertex 0.0281876 0.0241459 -0.003
      vertex 0.0325 -0.0325 -0.003
    endloop
  endfacet
  facet normal 0 0 -1
    outer loop
      vertex 0.0281876 0.0241459 -0.003
      vertex 0.0282218 0.0242857 -0.003
      vertex 0.0325 -0.0325 -0.003
    endloop
  endfacet
  facet normal 0 0 -1
    outer loop
      vertex 0.0325 -0.0325 -0.003
      vertex 0.0282218 0.0242857 -0.003
      vertex 0.0325 0.0325 -0.003
    endloop
  endfacet
  facet normal 0 0 -1
    outer loop
      vertex 0.0282218 0.0242857 -0.003
      vertex 0.0282499 0.024427 -0.003
      vertex 0.0325 0.0325 -0.003
    endloop
  endfacet
  facet normal 0 0 -1
    outer loop
      vertex 0.0282499 0.024427 -0.003
      vertex 0.0282718 0.0245693 -0.003
      vertex 0.0325 0.0325 -0.003
    endloop
  endfacet
  facet normal 0 0 -1
    outer loop
      vertex 0.0282718 0.0245693 -0.003
      vertex 0.0282874 0.0247124 -0.003
      vertex 0.0325 0.0325 -0.003
    endloop
  endfacet
  facet normal 0 0 -1
    outer loop
      vertex 0.0325 0.0325 -0.003
      vertex 0.0282874 0.0247124 -0.003
      vertex 0.0282969 0.0248561 -0.003
    endloop
  endfacet
  facet normal 0 0 -1
    outer loop
      vertex 0.0282969 0.0248561 -0.003
      vertex 0.0283 0.025 -0.003
      vertex 0.0325 0.0325 -0.003
    endloop
  endfacet
  facet normal 0 0 -1
    outer loop
      vertex 0.0283 0.025 -0.003
      vertex 0.0282969 0.0251439 -0.003
      vertex 0.0325 0.0325 -0.003
    endloop
  endfacet
  facet normal 0 0 -1
    outer loop
      vertex 0.0325 0.0325 -0.003
      vertex 0.0282969 0.0251439 -0.003
      vertex 0.0282874 0.0252876 -0.003
    endloop
  endfacet
  facet normal 0 0 -1
    outer loop
      vertex 0.02665 0.0278579 -0.003
      vertex 0.0265238 0.0279271 -0.003
      vertex 0.0325 0.0325 -0.003
    endloop
  endfacet
  facet normal 0 0 -1
    outer loop
      vertex 0.0265238 0.0279271 -0.003
      vertex 0.0263946 0.0279908 -0.003
      vertex 0.0325 0.0325 -0.003
    endloop
  endfacet
  facet normal 0 0 -1
    outer loop
      vertex 0.0325 0.0325 -0.003
      vertex 0.0263946 0.0279908 -0.003
      vertex 0.0262629 0.0280488 -0.003
    endloop
  endfacet
  facet normal 0 0 -1
    outer loop
      vertex -0.022567 0.0227706 -0.003
      vertex -0.0224721 0.0228788 -0.003
      vertex 0.0325 0.0325 -0.003
    endloop
  endfacet
  facet normal 0 0 -1
    outer loop
      vertex -0.0224721 0.0228788 -0.003
      vertex -0.0223819 0.0229911 -0.003
      vertex 0.0325 0.0325 -0.003
    endloop
  endfacet
  facet normal 0 0 -1
    outer loop
      vertex 0.0325 0.0325 -0.003
      vertex -0.0223819 0.0229911 -0.003
      vertex -0.0222968 0.0231072 -0.003
    endloop
  endfacet
  facet normal 0 0 -1
    outer loop
      vertex -0.0218124 0.0241459 -0.003
      vertex -0.0217782 0.0242857 -0.003
      vertex 0.0325 0.0325 -0.003
    endloop
  endfacet
  facet normal 0 0 -1
    outer loop
      vertex -0.0217782 0.0242857 -0.003
      vertex -0.0217501 0.024427 -0.003
      vertex 0.0325 0.0325 -0.003
    endloop
  endfacet
  facet normal 0 0 -1
    outer loop
      vertex 0.0325 0.0325 -0.003
      vertex -0.0217501 0.024427 -0.003
      vertex -0.0217282 0.0245693 -0.003
    endloop
  endfacet
  facet normal 0 0 -1
    outer loop
      vertex -0.0217282 0.0245693 -0.003
      vertex -0.0217126 0.0247124 -0.003
      vertex 0.0325 0.0325 -0.003
    endloop
  endfacet
  facet normal 0 0 -1
    outer loop
      vertex -0.0217126 0.0247124 -0.003
      vertex -0.0217031 0.0248561 -0.003
      vertex 0.0325 0.0325 -0.003
    endloop
  endfacet
  facet normal 0 0 -1
    outer loop
      vertex 0.0325 0.0325 -0.003
      vertex -0.0217031 0.0248561 -0.003
      vertex -0.0217 0.025 -0.003
    endloop
  endfacet
  facet normal 0 0 -1
    outer loop
      vertex -0.0217 0.025 -0.003
      vertex -0.0217031 0.0251439 -0.003
      vertex 0.0325 0.0325 -0.003
    endloop
  endfacet
  facet normal 0 0 -1
    outer loop
      vertex -0.0217031 0.0251439 -0.003
      vertex -0.0217126 0.0252876 -0.003
      vertex 0.0325 0.0325 -0.003
    endloop
  endfacet
  facet normal 0 0 -1
    outer loop
      vertex 0.0325 0.0325 -0.003
      vertex -0.0217126 0.0252876 -0.003
      vertex -0.0217282 0.0254307 -0.003
    endloop
  endfacet
  facet normal 0 0 -1
    outer loop
      vertex -0.0259923 0.0281473 -0.003
      vertex -0.0261287 0.028101 -0.003
      vertex -0.0325 0.0325 -0.003
    endloop
  endfacet
  facet normal 0 0 -1
    outer loop
      vertex -0.0277832 0.0267731 -0.003
      vertex -0.0278579 0.02665 -0.003
      vertex -0.0325 0.0325 -0.003
    endloop
  endfacet
  facet normal 0 0 -1
    outer loop
      vertex -0.0278579 0.02665 -0.003
      vertex -0.0279271 0.0265238 -0.003
      vertex -0.0325 0.0325 -0.003
    endloop
  endfacet
  facet normal 0 0 -1
    outer loop
      vertex -0.0325 0.0325 -0.003
      vertex -0.0279271 0.0265238 -0.003
      vertex -0.0279908 0.0263946 -0.003
    endloop
  endfacet
  facet normal 0 0 -1
    outer loop
      vertex -0.0282218 0.0257143 -0.003
      vertex -0.0325 0.0325 -0.003
      vertex -0.0281876 0.0258541 -0.003
    endloop
  endfacet
  facet normal 0 0 -1
    outer loop
      vertex -0.0325 0.0325 -0.003
      vertex -0.0281473 0.0259923 -0.003
      vertex -0.0281876 0.0258541 -0.003
    endloop
  endfacet
  facet normal 0 0 -1
    outer loop
      vertex -0.0282218 0.0257143 -0.003
      vertex -0.0282499 0.025573 -0.003
      vertex -0.0325 0.0325 -0.003
    endloop
  endfacet
  facet normal 0 0 -1
    outer loop
      vertex -0.0282499 0.025573 -0.003
      vertex -0.0282718 0.0254307 -0.003
      vertex -0.0325 0.0325 -0.003
    endloop
  endfacet
  facet normal 0 0 -1
    outer loop
      vertex -0.0325 0.0325 -0.003
      vertex -0.0282718 0.0254307 -0.003
      vertex -0.0282874 0.0252876 -0.003
    endloop
  endfacet
  facet normal 0 0 -1
    outer loop
      vertex -0.0282874 0.0252876 -0.003
      vertex -0.0282969 0.0251439 -0.003
      vertex -0.0325 0.0325 -0.003
    endloop
  endfacet
  facet normal 0 0 -1
    outer loop
      vertex -0.0282969 0.0251439 -0.003
      vertex -0.0283 0.025 -0.003
      vertex -0.0325 0.0325 -0.003
    endloop
  endfacet
  facet normal 0 0 -1
    outer loop
      vertex -0.0325 0.0325 -0.003
      vertex -0.0283 0.025 -0.003
      vertex -0.0282969 0.0248561 -0.003
    endloop
  endfacet
  facet normal 0 0 -1
    outer loop
      vertex -0.0227706 -0.027433 -0.003
      vertex -0.0226665 -0.0273335 -0.003
      vertex 0.0245693 -0.0217282 -0.003
    endloop
  endfacet
  facet normal 0 0 -1
    outer loop
      vertex -0.0226665 -0.0273335 -0.003
      vertex -0.022567 -0.0272294 -0.003
      vertex 0.0245693 -0.0217282 -0.003
    endloop
  endfacet
  facet normal 0 0 -1
    outer loop
      vertex 0.0245693 -0.0217282 -0.003
      vertex -0.022567 -0.0272294 -0.003
      vertex 0.0228788 0.0224721 -0.003
    endloop
  endfacet
  facet normal 0 0 -1
    outer loop
      vertex -0.022567 -0.0272294 -0.003
      vertex -0.0224721 -0.0271212 -0.003
      vertex 0.0228788 0.0224721 -0.003
    endloop
  endfacet
  facet normal 0 0 -1
    outer loop
      vertex 0.0232269 0.0222168 -0.003
      vertex 0.02335 0.0221421 -0.003
      vertex 0.0245693 -0.0217282 -0.003
    endloop
  endfacet
  facet normal 0 0 -1
    outer loop
      vertex 0.02335 0.0221421 -0.003
      vertex 0.0234762 0.0220729 -0.003
      vertex 0.0245693 -0.0217282 -0.003
    endloop
  endfacet
  facet normal 0 0 -1
    outer loop
      vertex 0.0245693 -0.0217282 -0.003
      vertex 0.0234762 0.0220729 -0.003
      vertex 0.0236054 0.0220092 -0.003
    endloop
  endfacet
  facet normal 0 0 -1
    outer loop
      vertex -0.0245693 -0.0217282 -0.003
      vertex -0.0247124 -0.0217126 -0.003
      vertex -0.0271212 0.0224721 -0.003
    endloop
  endfacet
  facet normal 0 0 -1
    outer loop
      vertex -0.0247124 -0.0217126 -0.003
      vertex -0.0248561 -0.0217031 -0.003
      vertex -0.0271212 0.0224721 -0.003
    endloop
  endfacet
  facet normal 0 0 -1
    outer loop
      vertex -0.0271212 0.0224721 -0.003
      vertex -0.0248561 -0.0217031 -0.003
      vertex -0.025 -0.0217 -0.003
    endloop
  endfacet
  facet normal 0 0 -1
    outer loop
      vertex -0.0251439 -0.0217031 -0.003
      vertex -0.0252876 -0.0217126 -0.003
      vertex -0.0273335 0.0226665 -0.003
    endloop
  endfacet
  facet normal 0 0 -1
    outer loop
      vertex -0.0252876 -0.0217126 -0.003
      vertex -0.0254307 -0.0217282 -0.003
      vertex -0.0273335 0.0226665 -0.003
    endloop
  endfacet
  facet normal 0 0 -1
    outer loop
      vertex -0.0273335 0.0226665 -0.003
      vertex -0.0254307 -0.0217282 -0.003
      vertex -0.025573 -0.0217501 -0.003
    endloop
  endfacet
  facet normal 0 0 -1
    outer loop
      vertex -0.0257143 -0.0217782 -0.003
      vertex -0.0258541 -0.0218124 -0.003
      vertex -0.0273335 0.0226665 -0.003
    endloop
  endfacet
  facet normal 0 0 -1
    outer loop
      vertex -0.0258541 -0.0218124 -0.003
      vertex -0.0259923 -0.0218527 -0.003
      vertex -0.0273335 0.0226665 -0.003
    endloop
  endfacet
  facet normal 0 0 -1
    outer loop
      vertex -0.0273335 0.0226665 -0.003
      vertex -0.0259923 -0.0218527 -0.003
      vertex -0.0261287 -0.021899 -0.003
    endloop
  endfacet
  facet normal 0 0 -1
    outer loop
      vertex -0.0261287 -0.021899 -0.003
      vertex -0.0262629 -0.0219512 -0.003
      vertex -0.0273335 0.0226665 -0.003
    endloop
  endfacet
  facet normal 0 0 -1
    outer loop
      vertex -0.0262629 -0.0219512 -0.003
      vertex -0.0263946 -0.0220092 -0.003
      vertex -0.0273335 0.0226665 -0.003
    endloop
  endfacet
  facet normal 0 0 -1
    outer loop
      vertex -0.0273335 0.0226665 -0.003
      vertex -0.0263946 -0.0220092 -0.003
      vertex -0.0265238 -0.0220729 -0.003
    endloop
  endfacet
  facet normal 0 0 -1
    outer loop
      vertex -0.0265238 -0.0220729 -0.003
      vertex -0.02665 -0.0221421 -0.003
      vertex -0.0273335 0.0226665 -0.003
    endloop
  endfacet
  facet normal 0 0 -1
    outer loop
      vertex -0.02665 -0.0221421 -0.003
      vertex -0.0267731 -0.0222168 -0.003
      vertex -0.0273335 0.0226665 -0.003
    endloop
  endfacet
  facet normal 0 0 -1
    outer loop
      vertex -0.0273335 0.0226665 -0.003
      vertex -0.0267731 -0.0222168 -0.003
      vertex -0.0268928 -0.0222968 -0.003
    endloop
  endfacet
  facet normal 0 0 -1
    outer loop
      vertex -0.0272294 -0.022567 -0.003
      vertex -0.0273335 -0.0226665 -0.003
      vertex -0.0273335 0.0226665 -0.003
    endloop
  endfacet
  facet normal 0 0 -1
    outer loop
      vertex -0.0273335 -0.0226665 -0.003
      vertex -0.027433 -0.0227706 -0.003
      vertex -0.0273335 0.0226665 -0.003
    endloop
  endfacet
  facet normal 0 0 -1
    outer loop
      vertex -0.0273335 0.0226665 -0.003
      vertex -0.027433 -0.0227706 -0.003
      vertex -0.0275279 -0.0228788 -0.003
    endloop
  endfacet
  facet normal 0 0 -1
    outer loop
      vertex 0.0275279 0.0228788 -0.003
      vertex 0.0276181 0.0229911 -0.003
      vertex 0.0325 -0.0325 -0.003
    endloop
  endfacet
  facet normal 0 0 -1
    outer loop
      vertex 0.0276181 0.0229911 -0.003
      vertex 0.0277032 0.0231072 -0.003
      vertex 0.0325 -0.0325 -0.003
    endloop
  endfacet
  facet normal 0 0 -1
    outer loop
      vertex 0.0325 -0.0325 -0.003
      vertex 0.0277032 0.0231072 -0.003
      vertex 0.0277832 0.0232269 -0.003
    endloop
  endfacet
  facet normal 0 0 -1
    outer loop
      vertex 0.0282874 0.0252876 -0.003
      vertex 0.0282718 0.0254307 -0.003
      vertex 0.0325 0.0325 -0.003
    endloop
  endfacet
  facet normal 0 0 -1
    outer loop
      vertex 0.0282718 0.0254307 -0.003
      vertex 0.0282499 0.025573 -0.003
      vertex 0.0325 0.0325 -0.003
    endloop
  endfacet
  facet normal 0 0 -1
    outer loop
      vertex 0.0325 0.0325 -0.003
      vertex 0.0282499 0.025573 -0.003
      vertex 0.0282218 0.0257143 -0.003
    endloop
  endfacet
  facet normal 0 0 -1
    outer loop
      vertex 0.0262629 0.0280488 -0.003
      vertex 0.0261287 0.028101 -0.003
      vertex 0.0325 0.0325 -0.003
    endloop
  endfacet
  facet normal 0 0 -1
    outer loop
      vertex 0.0261287 0.028101 -0.003
      vertex 0.0259923 0.0281473 -0.003
      vertex 0.0325 0.0325 -0.003
    endloop
  endfacet
  facet normal 0 0 -1
    outer loop
      vertex 0.0325 0.0325 -0.003
      vertex 0.0259923 0.0281473 -0.003
      vertex 0.0258541 0.0281876 -0.003
    endloop
  endfacet
  facet normal 0 0 -1
    outer loop
      vertex 0.0258541 0.0281876 -0.003
      vertex 0.0257143 0.0282218 -0.003
      vertex 0.0325 0.0325 -0.003
    endloop
  endfacet
  facet normal 0 0 -1
    outer loop
      vertex 0.0257143 0.0282218 -0.003
      vertex 0.025573 0.0282499 -0.003
      vertex 0.0325 0.0325 -0.003
    endloop
  endfacet
  facet normal 0 0 -1
    outer loop
      vertex 0.0325 0.0325 -0.003
      vertex 0.025573 0.0282499 -0.003
      vertex 0.0254307 0.0282718 -0.003
    endloop
  endfacet
  facet normal 0 0 -1
    outer loop
      vertex -0.0222968 0.0231072 -0.003
      vertex -0.0222168 0.0232269 -0.003
      vertex 0.0325 0.0325 -0.003
    endloop
  endfacet
  facet normal 0 0 -1
    outer loop
      vertex -0.0222168 0.0232269 -0.003
      vertex -0.0221421 0.02335 -0.003
      vertex 0.0325 0.0325 -0.003
    endloop
  endfacet
  facet normal 0 0 -1
    outer loop
      vertex 0.0325 0.0325 -0.003
      vertex -0.0221421 0.02335 -0.003
      vertex -0.0220729 0.0234762 -0.003
    endloop
  endfacet
  facet normal 0 0 -1
    outer loop
      vertex -0.0220729 0.0234762 -0.003
      vertex -0.0220092 0.0236054 -0.003
      vertex 0.0325 0.0325 -0.003
    endloop
  endfacet
  facet normal 0 0 -1
    outer loop
      vertex -0.0220092 0.0236054 -0.003
      vertex -0.0219512 0.0237371 -0.003
      vertex 0.0325 0.0325 -0.003
    endloop
  endfacet
  facet normal 0 0 -1
    outer loop
      vertex 0.0325 0.0325 -0.003
      vertex -0.0219512 0.0237371 -0.003
      vertex -0.021899 0.0238713 -0.003
    endloop
  endfacet
  facet normal 0 0 -1
    outer loop
      vertex -0.0279908 0.0263946 -0.003
      vertex -0.0280488 0.0262629 -0.003
      vertex -0.0325 0.0325 -0.003
    endloop
  endfacet
  facet normal 0 0 -1
    outer loop
      vertex -0.0280488 0.0262629 -0.003
      vertex -0.028101 0.0261287 -0.003
      vertex -0.0325 0.0325 -0.003
    endloop
  endfacet
  facet normal 0 0 -1
    outer loop
      vertex -0.0325 0.0325 -0.003
      vertex -0.028101 0.0261287 -0.003
      vertex -0.0281473 0.0259923 -0.003
    endloop
  endfacet
  facet normal 0 0 -1
    outer loop
      vertex -0.0251439 -0.0282969 -0.003
      vertex -0.025 -0.0283 -0.003
      vertex -0.0325 -0.0325 -0.003
    endloop
  endfacet
  facet normal 0 0 -1
    outer loop
      vertex -0.025 -0.0283 -0.003
      vertex -0.0248561 -0.0282969 -0.003
      vertex -0.0325 -0.0325 -0.003
    endloop
  endfacet
  facet normal 0 0 -1
    outer loop
      vertex -0.0325 -0.0325 -0.003
      vertex -0.0248561 -0.0282969 -0.003
      vertex -0.0247124 -0.0282874 -0.003
    endloop
  endfacet
  facet normal 0 0 -1
    outer loop
      vertex -0.0218124 -0.0258541 -0.003
      vertex -0.0217782 -0.0257143 -0.003
      vertex 0.0228788 0.0224721 -0.003
    endloop
  endfacet
  facet normal 0 0 -1
    outer loop
      vertex -0.0217782 -0.0257143 -0.003
      vertex -0.0217501 -0.025573 -0.003
      vertex 0.0228788 0.0224721 -0.003
    endloop
  endfacet
  facet normal 0 0 -1
    outer loop
      vertex 0.0228788 0.0224721 -0.003
      vertex -0.0217501 -0.025573 -0.003
      vertex -0.0217282 -0.0254307 -0.003
    endloop
  endfacet
  facet normal 0 0 -1
    outer loop
      vertex -0.0217282 -0.0254307 -0.003
      vertex -0.0217126 -0.0252876 -0.003
      vertex 0.0228788 0.0224721 -0.003
    endloop
  endfacet
  facet normal 0 0 -1
    outer loop
      vertex -0.0217126 -0.0252876 -0.003
      vertex -0.0217031 -0.0251439 -0.003
      vertex 0.0228788 0.0224721 -0.003
    endloop
  endfacet
  facet normal 0 0 -1
    outer loop
      vertex 0.0228788 0.0224721 -0.003
      vertex -0.0217031 -0.0251439 -0.003
      vertex -0.0217 -0.025 -0.003
    endloop
  endfacet
  facet normal 0 0 -1
    outer loop
      vertex 0.0228788 0.0224721 -0.003
      vertex -0.0217282 -0.0245693 -0.003
      vertex -0.0217501 -0.024427 -0.003
    endloop
  endfacet
  facet normal 0 0 -1
    outer loop
      vertex -0.0222168 -0.0232269 -0.003
      vertex -0.0222968 -0.0231072 -0.003
      vertex 0.0228788 0.0224721 -0.003
    endloop
  endfacet
  facet normal 0 0 -1
    outer loop
      vertex -0.0222968 -0.0231072 -0.003
      vertex -0.0223819 -0.0229911 -0.003
      vertex 0.0228788 0.0224721 -0.003
    endloop
  endfacet
  facet normal 0 0 -1
    outer loop
      vertex 0.0228788 0.0224721 -0.003
      vertex -0.0223819 -0.0229911 -0.003
      vertex -0.0224721 -0.0228788 -0.003
    endloop
  endfacet
  facet normal 0 0 -1
    outer loop
      vertex 0.0280488 -0.0262629 -0.003
      vertex 0.028101 -0.0261287 -0.003
      vertex 0.0325 -0.0325 -0.003
    endloop
  endfacet
  facet normal 0 0 -1
    outer loop
      vertex 0.0275279 -0.0228788 -0.003
      vertex 0.0263946 0.0220092 -0.003
      vertex 0.0276181 -0.0229911 -0.003
    endloop
  endfacet
  facet normal 0 0 -1
    outer loop
      vertex 0.0263946 0.0220092 -0.003
      vertex 0.0277032 -0.0231072 -0.003
      vertex 0.0276181 -0.0229911 -0.003
    endloop
  endfacet
  facet normal 0 0 -1
    outer loop
      vertex -0.0268928 -0.0222968 -0.003
      vertex -0.0270089 -0.0223819 -0.003
      vertex -0.0273335 0.0226665 -0.003
    endloop
  endfacet
  facet normal 0 0 -1
    outer loop
      vertex -0.0270089 -0.0223819 -0.003
      vertex -0.0271212 -0.0224721 -0.003
      vertex -0.0273335 0.0226665 -0.003
    endloop
  endfacet
  facet normal 0 0 -1
    outer loop
      vertex -0.0273335 0.0226665 -0.003
      vertex -0.0271212 -0.0224721 -0.003
      vertex -0.0272294 -0.022567 -0.003
    endloop
  endfacet
  facet normal 0 0 -1
    outer loop
      vertex 0.0277832 0.0232269 -0.003
      vertex 0.0278579 0.02335 -0.003
      vertex 0.0325 -0.0325 -0.003
    endloop
  endfacet
  facet normal 0 0 -1
    outer loop
      vertex 0.0278579 0.02335 -0.003
      vertex 0.0279271 0.0234762 -0.003
      vertex 0.0325 -0.0325 -0.003
    endloop
  endfacet
  facet normal 0 0 -1
    outer loop
      vertex 0.0325 -0.0325 -0.003
      vertex 0.0279271 0.0234762 -0.003
      vertex 0.0279908 0.0236054 -0.003
    endloop
  endfacet
  facet normal 0 0 -1
    outer loop
      vertex 0.0282218 0.0257143 -0.003
      vertex 0.0281876 0.0258541 -0.003
      vertex 0.0325 0.0325 -0.003
    endloop
  endfacet
  facet normal 0 0 -1
    outer loop
      vertex 0.0281876 0.0258541 -0.003
      vertex 0.0281473 0.0259923 -0.003
      vertex 0.0325 0.0325 -0.003
    endloop
  endfacet
  facet normal 0 0 -1
    outer loop
      vertex 0.0325 0.0325 -0.003
      vertex 0.0281473 0.0259923 -0.003
      vertex 0.028101 0.0261287 -0.003
    endloop
  endfacet
  facet normal 0 0 -1
    outer loop
      vertex -0.0217282 0.0254307 -0.003
      vertex -0.0217501 0.025573 -0.003
      vertex 0.0325 0.0325 -0.003
    endloop
  endfacet
  facet normal 0 0 -1
    outer loop
      vertex -0.0217501 0.025573 -0.003
      vertex -0.0217782 0.0257143 -0.003
      vertex 0.0325 0.0325 -0.003
    endloop
  endfacet
  facet normal 0 0 -1
    outer loop
      vertex 0.0325 0.0325 -0.003
      vertex -0.0217782 0.0257143 -0.003
      vertex -0.0218124 0.0258541 -0.003
    endloop
  endfacet
  facet normal 0 0 -1
    outer loop
      vertex -0.0218124 0.0258541 -0.003
      vertex -0.0218527 0.0259923 -0.003
      vertex 0.0325 0.0325 -0.003
    endloop
  endfacet
  facet normal 0 0 -1
    outer loop
      vertex -0.0218527 0.0259923 -0.003
      vertex -0.021899 0.0261287 -0.003
      vertex 0.0325 0.0325 -0.003
    endloop
  endfacet
  facet normal 0 0 -1
    outer loop
      vertex 0.0325 0.0325 -0.003
      vertex -0.021899 0.0261287 -0.003
      vertex -0.0219512 0.0262629 -0.003
    endloop
  endfacet
  facet normal 0 0 -1
    outer loop
      vertex -0.0221421 0.02665 -0.003
      vertex -0.0222168 0.0267731 -0.003
      vertex 0.0325 0.0325 -0.003
    endloop
  endfacet
  facet normal 0 0 -1
    outer loop
      vertex -0.0222168 0.0267731 -0.003
      vertex -0.0222968 0.0268928 -0.003
      vertex 0.0325 0.0325 -0.003
    endloop
  endfacet
  facet normal 0 0 -1
    outer loop
      vertex 0.0325 0.0325 -0.003
      vertex -0.0222968 0.0268928 -0.003
      vertex -0.0223819 0.0270089 -0.003
    endloop
  endfacet
  facet normal 0 0 -1
    outer loop
      vertex -0.0237371 0.0280488 -0.003
      vertex -0.0238713 0.028101 -0.003
      vertex -0.0325 0.0325 -0.003
    endloop
  endfacet
  facet normal 0 0 -1
    outer loop
      vertex -0.0238713 0.028101 -0.003
      vertex -0.0240077 0.0281473 -0.003
      vertex -0.0325 0.0325 -0.003
    endloop
  endfacet
  facet normal 0 0 -1
    outer loop
      vertex -0.0325 0.0325 -0.003
      vertex -0.0240077 0.0281473 -0.003
      vertex -0.0241459 0.0281876 -0.003
    endloop
  endfacet
  facet normal 0 0 -1
    outer loop
      vertex -0.0254307 0.0282718 -0.003
      vertex -0.025573 0.0282499 -0.003
      vertex -0.0325 0.0325 -0.003
    endloop
  endfacet
  facet normal 0 0 -1
    outer loop
      vertex 0.0217031 -0.0251439 -0.003
      vertex 0.0217126 -0.0252876 -0.003
      vertex -0.0247124 -0.0282874 -0.003
    endloop
  endfacet
  facet normal 0 0 -1
    outer loop
      vertex 0.0217126 -0.0252876 -0.003
      vertex 0.0217282 -0.0254307 -0.003
      vertex -0.0247124 -0.0282874 -0.003
    endloop
  endfacet
  facet normal 0 0 -1
    outer loop
      vertex -0.0247124 -0.0282874 -0.003
      vertex 0.0217282 -0.0254307 -0.003
      vertex -0.0325 -0.0325 -0.003
    endloop
  endfacet
  facet normal 0 0 -1
    outer loop
      vertex 0.0217282 -0.0254307 -0.003
      vertex 0.0217501 -0.025573 -0.003
      vertex -0.0325 -0.0325 -0.003
    endloop
  endfacet
  facet normal 0 0 -1
    outer loop
      vertex -0.0325 -0.0325 -0.003
      vertex 0.0217501 -0.025573 -0.003
      vertex 0.0217782 -0.0257143 -0.003
    endloop
  endfacet
  facet normal 0 0 -1
    outer loop
      vertex -0.0224721 -0.0271212 -0.003
      vertex -0.0223819 -0.0270089 -0.003
      vertex 0.0228788 0.0224721 -0.003
    endloop
  endfacet
  facet normal 0 0 -1
    outer loop
      vertex -0.0223819 -0.0270089 -0.003
      vertex -0.0222968 -0.0268928 -0.003
      vertex 0.0228788 0.0224721 -0.003
    endloop
  endfacet
  facet normal 0 0 -1
    outer loop
      vertex 0.0228788 0.0224721 -0.003
      vertex -0.0222968 -0.0268928 -0.003
      vertex -0.0222168 -0.0267731 -0.003
    endloop
  endfacet
  facet normal 0 0 -1
    outer loop
      vertex -0.0222168 -0.0267731 -0.003
      vertex -0.0221421 -0.02665 -0.003
      vertex 0.0228788 0.0224721 -0.003
    endloop
  endfacet
  facet normal 0 0 -1
    outer loop
      vertex -0.0221421 -0.02665 -0.003
      vertex -0.0220729 -0.0265238 -0.003
      vertex 0.0228788 0.0224721 -0.003
    endloop
  endfacet
  facet normal 0 0 -1
    outer loop
      vertex 0.0228788 0.0224721 -0.003
      vertex -0.0220729 -0.0265238 -0.003
      vertex -0.0220092 -0.0263946 -0.003
    endloop
  endfacet
  facet normal 0 0 -1
    outer loop
      vertex -0.0217 -0.025 -0.003
      vertex -0.0217031 -0.0248561 -0.003
      vertex 0.0228788 0.0224721 -0.003
    endloop
  endfacet
  facet normal 0 0 -1
    outer loop
      vertex -0.0217031 -0.0248561 -0.003
      vertex -0.0217126 -0.0247124 -0.003
      vertex 0.0228788 0.0224721 -0.003
    endloop
  endfacet
  facet normal 0 0 -1
    outer loop
      vertex 0.0228788 0.0224721 -0.003
      vertex -0.0217126 -0.0247124 -0.003
      vertex -0.0217282 -0.0245693 -0.003
    endloop
  endfacet
  facet normal 0 0 -1
    outer loop
      vertex -0.0217501 -0.024427 -0.003
      vertex -0.0217782 -0.0242857 -0.003
      vertex 0.0228788 0.0224721 -0.003
    endloop
  endfacet
  facet normal 0 0 -1
    outer loop
      vertex -0.0217782 -0.0242857 -0.003
      vertex -0.0218124 -0.0241459 -0.003
      vertex 0.0228788 0.0224721 -0.003
    endloop
  endfacet
  facet normal 0 0 -1
    outer loop
      vertex 0.0228788 0.0224721 -0.003
      vertex -0.0218124 -0.0241459 -0.003
      vertex -0.0218527 -0.0240077 -0.003
    endloop
  endfacet
  facet normal 0 0 -1
    outer loop
      vertex 0.0280488 -0.0262629 -0.003
      vertex 0.0325 -0.0325 -0.003
      vertex 0.0279908 -0.0263946 -0.003
    endloop
  endfacet
  facet normal 0 0 -1
    outer loop
      vertex 0.0275279 -0.0228788 -0.003
      vertex 0.027433 -0.0227706 -0.003
      vertex 0.0263946 0.0220092 -0.003
    endloop
  endfacet
  facet normal 0 0 -1
    outer loop
      vertex 0.027433 -0.0227706 -0.003
      vertex 0.0273335 -0.0226665 -0.003
      vertex 0.0263946 0.0220092 -0.003
    endloop
  endfacet
  facet normal 0 0 -1
    outer loop
      vertex 0.0263946 0.0220092 -0.003
      vertex 0.0273335 -0.0226665 -0.003
      vertex 0.0272294 -0.022567 -0.003
    endloop
  endfacet
  facet normal 0 0 -1
    outer loop
      vertex 0.0272294 -0.022567 -0.003
      vertex 0.0271212 -0.0224721 -0.003
      vertex 0.0263946 0.0220092 -0.003
    endloop
  endfacet
  facet normal 0 0 -1
    outer loop
      vertex 0.0271212 -0.0224721 -0.003
      vertex 0.0270089 -0.0223819 -0.003
      vertex 0.0263946 0.0220092 -0.003
    endloop
  endfacet
  facet normal 0 0 -1
    outer loop
      vertex 0.0263946 0.0220092 -0.003
      vertex 0.0270089 -0.0223819 -0.003
      vertex 0.0268928 -0.0222968 -0.003
    endloop
  endfacet
  facet normal 0 0 -1
    outer loop
      vertex 0.0268928 -0.0222968 -0.003
      vertex 0.0267731 -0.0222168 -0.003
      vertex 0.0263946 0.0220092 -0.003
    endloop
  endfacet
  facet normal 0 0 -1
    outer loop
      vertex 0.0267731 -0.0222168 -0.003
      vertex 0.02665 -0.0221421 -0.003
      vertex 0.0263946 0.0220092 -0.003
    endloop
  endfacet
  facet normal 0 0 -1
    outer loop
      vertex 0.0263946 0.0220092 -0.003
      vertex 0.02665 -0.0221421 -0.003
      vertex 0.0265238 -0.0220729 -0.003
    endloop
  endfacet
  facet normal 0 0 -1
    outer loop
      vertex -0.0251439 -0.0217031 -0.003
      vertex -0.0273335 0.0226665 -0.003
      vertex -0.025 -0.0217 -0.003
    endloop
  endfacet
  facet normal 0 0 -1
    outer loop
      vertex -0.0273335 0.0226665 -0.003
      vertex -0.0272294 0.022567 -0.003
      vertex -0.025 -0.0217 -0.003
    endloop
  endfacet
  facet normal 0 0 -1
    outer loop
      vertex -0.025 -0.0217 -0.003
      vertex -0.0272294 0.022567 -0.003
      vertex -0.0271212 0.0224721 -0.003
    endloop
  endfacet
  facet normal 0 0 -1
    outer loop
      vertex 0.0279271 0.0265238 -0.003
      vertex 0.0278579 0.02665 -0.003
      vertex 0.0325 0.0325 -0.003
    endloop
  endfacet
  facet normal 0 0 -1
    outer loop
      vertex 0.0278579 0.02665 -0.003
      vertex 0.0277832 0.0267731 -0.003
      vertex 0.0325 0.0325 -0.003
    endloop
  endfacet
  facet normal 0 0 -1
    outer loop
      vertex 0.0325 0.0325 -0.003
      vertex 0.0277832 0.0267731 -0.003
      vertex 0.0277032 0.0268928 -0.003
    endloop
  endfacet
  facet normal 0 0 -1
    outer loop
      vertex 0.0254307 0.0282718 -0.003
      vertex 0.0252876 0.0282874 -0.003
      vertex 0.0325 0.0325 -0.003
    endloop
  endfacet
  facet normal 0 0 -1
    outer loop
      vertex 0.0252876 0.0282874 -0.003
      vertex 0.0251439 0.0282969 -0.003
      vertex 0.0325 0.0325 -0.003
    endloop
  endfacet
  facet normal 0 0 -1
    outer loop
      vertex 0.0325 0.0325 -0.003
      vertex 0.0251439 0.0282969 -0.003
      vertex 0.025 0.0283 -0.003
    endloop
  endfacet
  facet normal 0 0 -1
    outer loop
      vertex 0.025 0.0283 -0.003
      vertex 0.0248561 0.0282969 -0.003
      vertex 0.0325 0.0325 -0.003
    endloop
  endfacet
  facet normal 0 0 -1
    outer loop
      vertex 0.0248561 0.0282969 -0.003
      vertex 0.0247124 0.0282874 -0.003
      vertex 0.0325 0.0325 -0.003
    endloop
  endfacet
  facet normal 0 0 -1
    outer loop
      vertex 0.0325 0.0325 -0.003
      vertex 0.0247124 0.0282874 -0.003
      vertex 0.0245693 0.0282718 -0.003
    endloop
  endfacet
  facet normal 0 0 -1
    outer loop
      vertex -0.0232269 0.0277832 -0.003
      vertex -0.02335 0.0278579 -0.003
      vertex 0.0325 0.0325 -0.003
    endloop
  endfacet
  facet normal 0 0 -1
    outer loop
      vertex -0.02335 0.0278579 -0.003
      vertex -0.0234762 0.0279271 -0.003
      vertex 0.0325 0.0325 -0.003
    endloop
  endfacet
  facet normal 0 0 -1
    outer loop
      vertex 0.0325 0.0325 -0.003
      vertex -0.0234762 0.0279271 -0.003
      vertex -0.0325 0.0325 -0.003
    endloop
  endfacet
  facet normal 0 0 -1
    outer loop
      vertex -0.0234762 0.0279271 -0.003
      vertex -0.0236054 0.0279908 -0.003
      vertex -0.0325 0.0325 -0.003
    endloop
  endfacet
  facet normal 0 0 -1
    outer loop
      vertex -0.0325 0.0325 -0.003
      vertex -0.0236054 0.0279908 -0.003
      vertex -0.0237371 0.0280488 -0.003
    endloop
  endfacet
  facet normal 0 0 -1
    outer loop
      vertex -0.025573 0.0282499 -0.003
      vertex -0.0257143 0.0282218 -0.003
      vertex -0.0325 0.0325 -0.003
    endloop
  endfacet
  facet normal 0 0 -1
    outer loop
      vertex -0.0257143 0.0282218 -0.003
      vertex -0.0258541 0.0281876 -0.003
      vertex -0.0325 0.0325 -0.003
    endloop
  endfacet
  facet normal 0 0 -1
    outer loop
      vertex -0.0325 0.0325 -0.003
      vertex -0.0258541 0.0281876 -0.003
      vertex -0.0259923 0.0281473 -0.003
    endloop
  endfacet
  facet normal 0 0 -1
    outer loop
      vertex -0.0275279 0.0271212 -0.003
      vertex -0.0276181 0.0270089 -0.003
      vertex -0.0325 0.0325 -0.003
    endloop
  endfacet
  facet normal 0 0 -1
    outer loop
      vertex -0.0276181 0.0270089 -0.003
      vertex -0.0277032 0.0268928 -0.003
      vertex -0.0325 0.0325 -0.003
    endloop
  endfacet
  facet normal 0 0 -1
    outer loop
      vertex -0.0325 0.0325 -0.003
      vertex -0.0277032 0.0268928 -0.003
      vertex -0.0277832 0.0267731 -0.003
    endloop
  endfacet
  facet normal 0 0 -1
    outer loop
      vertex -0.0220092 -0.0263946 -0.003
      vertex -0.0219512 -0.0262629 -0.003
      vertex 0.0228788 0.0224721 -0.003
    endloop
  endfacet
  facet normal 0 0 -1
    outer loop
      vertex -0.0219512 -0.0262629 -0.003
      vertex -0.021899 -0.0261287 -0.003
      vertex 0.0228788 0.0224721 -0.003
    endloop
  endfacet
  facet normal 0 0 -1
    outer loop
      vertex 0.0228788 0.0224721 -0.003
      vertex -0.021899 -0.0261287 -0.003
      vertex -0.0218527 -0.0259923 -0.003
    endloop
  endfacet
  facet normal 0 0 -1
    outer loop
      vertex -0.0218527 -0.0240077 -0.003
      vertex -0.021899 -0.0238713 -0.003
      vertex 0.0228788 0.0224721 -0.003
    endloop
  endfacet
  facet normal 0 0 -1
    outer loop
      vertex -0.021899 -0.0238713 -0.003
      vertex -0.0219512 -0.0237371 -0.003
      vertex 0.0228788 0.0224721 -0.003
    endloop
  endfacet
  facet normal 0 0 -1
    outer loop
      vertex 0.0228788 0.0224721 -0.003
      vertex -0.0219512 -0.0237371 -0.003
      vertex -0.0220092 -0.0236054 -0.003
    endloop
  endfacet
  facet normal 0 0 -1
    outer loop
      vertex -0.0220092 -0.0236054 -0.003
      vertex -0.0220729 -0.0234762 -0.003
      vertex 0.0228788 0.0224721 -0.003
    endloop
  endfacet
  facet normal 0 0 -1
    outer loop
      vertex -0.0220729 -0.0234762 -0.003
      vertex -0.0221421 -0.02335 -0.003
      vertex 0.0228788 0.0224721 -0.003
    endloop
  endfacet
  facet normal 0 0 -1
    outer loop
      vertex 0.0228788 0.0224721 -0.003
      vertex -0.0221421 -0.02335 -0.003
      vertex -0.0222168 -0.0232269 -0.003
    endloop
  endfacet
  facet normal 0 0 -1
    outer loop
      vertex 0.028101 -0.0261287 -0.003
      vertex 0.0281473 -0.0259923 -0.003
      vertex 0.0325 -0.0325 -0.003
    endloop
  endfacet
  facet normal 0 0 -1
    outer loop
      vertex 0.0281473 -0.0259923 -0.003
      vertex 0.0281876 -0.0258541 -0.003
      vertex 0.0325 -0.0325 -0.003
    endloop
  endfacet
  facet normal 0 0 -1
    outer loop
      vertex 0.0325 -0.0325 -0.003
      vertex 0.0281876 -0.0258541 -0.003
      vertex 0.0282218 -0.0257143 -0.003
    endloop
  endfacet
  facet normal 0 0 -1
    outer loop
      vertex 0.0282218 -0.0257143 -0.003
      vertex 0.0282499 -0.025573 -0.003
      vertex 0.0325 -0.0325 -0.003
    endloop
  endfacet
  facet normal 0 0 -1
    outer loop
      vertex 0.0282499 -0.025573 -0.003
      vertex 0.0282718 -0.0254307 -0.003
      vertex 0.0325 -0.0325 -0.003
    endloop
  endfacet
  facet normal 0 0 -1
    outer loop
      vertex 0.0325 -0.0325 -0.003
      vertex 0.0282718 -0.0254307 -0.003
      vertex 0.0282874 -0.0252876 -0.003
    endloop
  endfacet
  facet normal 0 0 -1
    outer loop
      vertex 0.0262629 -0.0219512 -0.003
      vertex 0.0261287 -0.021899 -0.003
      vertex 0.0252876 0.0217126 -0.003
    endloop
  endfacet
  facet normal 0 0 -1
    outer loop
      vertex 0.0254307 0.0217282 -0.003
      vertex 0.025573 0.0217501 -0.003
      vertex 0.0265238 -0.0220729 -0.003
    endloop
  endfacet
  facet normal 0 0 -1
    outer loop
      vertex 0.028101 0.0261287 -0.003
      vertex 0.0280488 0.0262629 -0.003
      vertex 0.0325 0.0325 -0.003
    endloop
  endfacet
  facet normal 0 0 -1
    outer loop
      vertex 0.0280488 0.0262629 -0.003
      vertex 0.0279908 0.0263946 -0.003
      vertex 0.0325 0.0325 -0.003
    endloop
  endfacet
  facet normal 0 0 -1
    outer loop
      vertex 0.0325 0.0325 -0.003
      vertex 0.0279908 0.0263946 -0.003
      vertex 0.0279271 0.0265238 -0.003
    endloop
  endfacet
  facet normal 0 0 -1
    outer loop
      vertex -0.0231072 0.0222968 -0.003
      vertex -0.0229911 0.0223819 -0.003
      vertex 0.0245693 0.0282718 -0.003
    endloop
  endfacet
  facet normal 0 0 -1
    outer loop
      vertex -0.0229911 0.0223819 -0.003
      vertex -0.0228788 0.0224721 -0.003
      vertex 0.0245693 0.0282718 -0.003
    endloop
  endfacet
  facet normal 0 0 -1
    outer loop
      vertex 0.0245693 0.0282718 -0.003
      vertex -0.0228788 0.0224721 -0.003
      vertex 0.0325 0.0325 -0.003
    endloop
  endfacet
  facet normal 0 0 -1
    outer loop
      vertex -0.0228788 0.0224721 -0.003
      vertex -0.0227706 0.022567 -0.003
      vertex 0.0325 0.0325 -0.003
    endloop
  endfacet
  facet normal 0 0 -1
    outer loop
      vertex 0.0325 0.0325 -0.003
      vertex -0.0227706 0.022567 -0.003
      vertex -0.0226665 0.0226665 -0.003
    endloop
  endfacet
  facet normal 0 0 -1
    outer loop
      vertex -0.0219512 0.0262629 -0.003
      vertex -0.0220092 0.0263946 -0.003
      vertex 0.0325 0.0325 -0.003
    endloop
  endfacet
  facet normal 0 0 -1
    outer loop
      vertex -0.0220092 0.0263946 -0.003
      vertex -0.0220729 0.0265238 -0.003
      vertex 0.0325 0.0325 -0.003
    endloop
  endfacet
  facet normal 0 0 -1
    outer loop
      vertex 0.0325 0.0325 -0.003
      vertex -0.0220729 0.0265238 -0.003
      vertex -0.0221421 0.02665 -0.003
    endloop
  endfacet
  facet normal 0 0 -1
    outer loop
      vertex -0.0241459 0.0281876 -0.003
      vertex -0.0242857 0.0282218 -0.003
      vertex -0.0325 0.0325 -0.003
    endloop
  endfacet
  facet normal 0 0 -1
    outer loop
      vertex -0.0242857 0.0282218 -0.003
      vertex -0.024427 0.0282499 -0.003
      vertex -0.0325 0.0325 -0.003
    endloop
  endfacet
  facet normal 0 0 -1
    outer loop
      vertex -0.0325 0.0325 -0.003
      vertex -0.024427 0.0282499 -0.003
      vertex -0.0245693 0.0282718 -0.003
    endloop
  endfacet
  facet normal 0 0 -1
    outer loop
      vertex 0.0282874 -0.0252876 -0.003
      vertex 0.0282969 -0.0251439 -0.003
      vertex 0.0325 -0.0325 -0.003
    endloop
  endfacet
  facet normal 0 0 -1
    outer loop
      vertex 0.0282969 -0.0251439 -0.003
      vertex 0.0283 -0.025 -0.003
      vertex 0.0325 -0.0325 -0.003
    endloop
  endfacet
  facet normal 0 0 -1
    outer loop
      vertex 0.0325 -0.0325 -0.003
      vertex 0.0283 -0.025 -0.003
      vertex 0.0282969 -0.0248561 -0.003
    endloop
  endfacet
  facet normal 0 0 -1
    outer loop
      vertex 0.0282969 -0.0248561 -0.003
      vertex 0.0282874 -0.0247124 -0.003
      vertex 0.0325 -0.0325 -0.003
    endloop
  endfacet
  facet normal 0 0 -1
    outer loop
      vertex 0.0282874 -0.0247124 -0.003
      vertex 0.0282718 -0.0245693 -0.003
      vertex 0.0325 -0.0325 -0.003
    endloop
  endfacet
  facet normal 0 0 -1
    outer loop
      vertex 0.0325 -0.0325 -0.003
      vertex 0.0282718 -0.0245693 -0.003
      vertex 0.0282499 -0.024427 -0.003
    endloop
  endfacet
  facet normal 0 0 -1
    outer loop
      vertex -0.0261287 0.028101 -0.003
      vertex -0.0262629 0.0280488 -0.003
      vertex -0.0325 0.0325 -0.003
    endloop
  endfacet
  facet normal 0 0 -1
    outer loop
      vertex -0.0262629 0.0280488 -0.003
      vertex -0.0263946 0.0279908 -0.003
      vertex -0.0325 0.0325 -0.003
    endloop
  endfacet
  facet normal 0 0 -1
    outer loop
      vertex -0.0325 0.0325 -0.003
      vertex -0.0263946 0.0279908 -0.003
      vertex -0.0265238 0.0279271 -0.003
    endloop
  endfacet
  facet normal 0 0 -1
    outer loop
      vertex -0.0265238 0.0279271 -0.003
      vertex -0.02665 0.0278579 -0.003
      vertex -0.0325 0.0325 -0.003
    endloop
  endfacet
  facet normal 0 0 -1
    outer loop
      vertex -0.02665 0.0278579 -0.003
      vertex -0.0267731 0.0277832 -0.003
      vertex -0.0325 0.0325 -0.003
    endloop
  endfacet
  facet normal 0 0 -1
    outer loop
      vertex -0.0325 0.0325 -0.003
      vertex -0.0267731 0.0277832 -0.003
      vertex -0.0268928 0.0277032 -0.003
    endloop
  endfacet
  facet normal 0 0 -1
    outer loop
      vertex -0.0272294 0.027433 -0.003
      vertex -0.0273335 0.0273335 -0.003
      vertex -0.0325 0.0325 -0.003
    endloop
  endfacet
  facet normal 0 0 -1
    outer loop
      vertex -0.0273335 0.0273335 -0.003
      vertex -0.027433 0.0272294 -0.003
      vertex -0.0325 0.0325 -0.003
    endloop
  endfacet
  facet normal 0 0 -1
    outer loop
      vertex -0.0325 0.0325 -0.003
      vertex -0.027433 0.0272294 -0.003
      vertex -0.0275279 0.0271212 -0.003
    endloop
  endfacet
  facet normal 0 0 -1
    outer loop
      vertex 0.0272294 -0.027433 -0.003
      vertex 0.0273335 -0.0273335 -0.003
      vertex 0.0325 -0.0325 -0.003
    endloop
  endfacet
  facet normal 0 0 -1
    outer loop
      vertex 0.0273335 -0.0273335 -0.003
      vertex 0.027433 -0.0272294 -0.003
      vertex 0.0325 -0.0325 -0.003
    endloop
  endfacet
  facet normal 0 0 -1
    outer loop
      vertex 0.0325 -0.0325 -0.003
      vertex 0.027433 -0.0272294 -0.003
      vertex 0.0275279 -0.0271212 -0.003
    endloop
  endfacet
  facet normal 0 0 -1
    outer loop
      vertex 0.0275279 -0.0271212 -0.003
      vertex 0.0276181 -0.0270089 -0.003
      vertex 0.0325 -0.0325 -0.003
    endloop
  endfacet
  facet normal 0 0 -1
    outer loop
      vertex 0.0276181 -0.0270089 -0.003
      vertex 0.0277032 -0.0268928 -0.003
      vertex 0.0325 -0.0325 -0.003
    endloop
  endfacet
  facet normal 0 0 -1
    outer loop
      vertex 0.0325 -0.0325 -0.003
      vertex 0.0277032 -0.0268928 -0.003
      vertex 0.0277832 -0.0267731 -0.003
    endloop
  endfacet
  facet normal 0 0 -1
    outer loop
      vertex 0.0254307 0.0217282 -0.003
      vertex 0.0265238 -0.0220729 -0.003
      vertex 0.0252876 0.0217126 -0.003
    endloop
  endfacet
  facet normal 0 0 -1
    outer loop
      vertex 0.0265238 -0.0220729 -0.003
      vertex 0.0263946 -0.0220092 -0.003
      vertex 0.0252876 0.0217126 -0.003
    endloop
  endfacet
  facet normal 0 0 -1
    outer loop
      vertex 0.0252876 0.0217126 -0.003
      vertex 0.0263946 -0.0220092 -0.003
      vertex 0.0262629 -0.0219512 -0.003
    endloop
  endfacet
  facet normal 0 0 -1
    outer loop
      vertex -0.0245693 0.0282718 -0.003
      vertex -0.0247124 0.0282874 -0.003
      vertex -0.0325 0.0325 -0.003
    endloop
  endfacet
  facet normal 0 0 -1
    outer loop
      vertex -0.0247124 0.0282874 -0.003
      vertex -0.0248561 0.0282969 -0.003
      vertex -0.0325 0.0325 -0.003
    endloop
  endfacet
  facet normal 0 0 -1
    outer loop
      vertex -0.0325 0.0325 -0.003
      vertex -0.0248561 0.0282969 -0.003
      vertex -0.025 0.0283 -0.003
    endloop
  endfacet
  facet normal 0 0 -1
    outer loop
      vertex -0.025 0.0283 -0.003
      vertex -0.0251439 0.0282969 -0.003
      vertex -0.0325 0.0325 -0.003
    endloop
  endfacet
  facet normal 0 0 -1
    outer loop
      vertex -0.0251439 0.0282969 -0.003
      vertex -0.0252876 0.0282874 -0.003
      vertex -0.0325 0.0325 -0.003
    endloop
  endfacet
  facet normal 0 0 -1
    outer loop
      vertex -0.0325 0.0325 -0.003
      vertex -0.0252876 0.0282874 -0.003
      vertex -0.0254307 0.0282718 -0.003
    endloop
  endfacet
  facet normal 0 0 -1
    outer loop
      vertex -0.0268928 0.0277032 -0.003
      vertex -0.0270089 0.0276181 -0.003
      vertex -0.0325 0.0325 -0.003
    endloop
  endfacet
  facet normal 0 0 -1
    outer loop
      vertex -0.0270089 0.0276181 -0.003
      vertex -0.0271212 0.0275279 -0.003
      vertex -0.0325 0.0325 -0.003
    endloop
  endfacet
  facet normal 0 0 -1
    outer loop
      vertex -0.0325 0.0325 -0.003
      vertex -0.0271212 0.0275279 -0.003
      vertex -0.0272294 0.027433 -0.003
    endloop
  endfacet
  facet normal 0 0 -1
    outer loop
      vertex 0.0277832 -0.0267731 -0.003
      vertex 0.0278579 -0.02665 -0.003
      vertex 0.0325 -0.0325 -0.003
    endloop
  endfacet
  facet normal 0 0 -1
    outer loop
      vertex 0.0278579 -0.02665 -0.003
      vertex 0.0279271 -0.0265238 -0.003
      vertex 0.0325 -0.0325 -0.003
    endloop
  endfacet
  facet normal 0 0 -1
    outer loop
      vertex 0.0325 -0.0325 -0.003
      vertex 0.0279271 -0.0265238 -0.003
      vertex 0.0279908 -0.0263946 -0.003
    endloop
  endfacet
  facet normal 0 0 -1
    outer loop
      vertex 0.0282499 -0.024427 -0.003
      vertex 0.0282218 -0.0242857 -0.003
      vertex 0.0325 -0.0325 -0.003
    endloop
  endfacet
  facet normal 0 0 -1
    outer loop
      vertex 0.0282218 -0.0242857 -0.003
      vertex 0.0263946 0.0220092 -0.003
      vertex 0.0325 -0.0325 -0.003
    endloop
  endfacet
  facet normal 0 0 -1
    outer loop
      vertex 0.0325 -0.0325 -0.003
      vertex 0.0263946 0.0220092 -0.003
      vertex 0.0265238 0.0220729 -0.003
    endloop
  endfacet
  facet normal 0 0 -1
    outer loop
      vertex 0.0282218 -0.0242857 -0.003
      vertex 0.0281876 -0.0241459 -0.003
      vertex 0.0263946 0.0220092 -0.003
    endloop
  endfacet
  facet normal 0 0 -1
    outer loop
      vertex 0.0281876 -0.0241459 -0.003
      vertex 0.0281473 -0.0240077 -0.003
      vertex 0.0263946 0.0220092 -0.003
    endloop
  endfacet
  facet normal 0 0 -1
    outer loop
      vertex 0.0263946 0.0220092 -0.003
      vertex 0.0281473 -0.0240077 -0.003
      vertex 0.028101 -0.0238713 -0.003
    endloop
  endfacet
  facet normal 0 0 -1
    outer loop
      vertex 0.0261287 -0.021899 -0.003
      vertex 0.0259923 -0.0218527 -0.003
      vertex 0.0252876 0.0217126 -0.003
    endloop
  endfacet
  facet normal 0 0 -1
    outer loop
      vertex 0.0259923 -0.0218527 -0.003
      vertex 0.0258541 -0.0218124 -0.003
      vertex 0.0252876 0.0217126 -0.003
    endloop
  endfacet
  facet normal 0 0 -1
    outer loop
      vertex 0.0252876 0.0217126 -0.003
      vertex 0.0258541 -0.0218124 -0.003
      vertex 0.0257143 -0.0217782 -0.003
    endloop
  endfacet
  facet normal 0 0 -1
    outer loop
      vertex 0.0257143 -0.0217782 -0.003
      vertex 0.025573 -0.0217501 -0.003
      vertex 0.0252876 0.0217126 -0.003
    endloop
  endfacet
  facet normal 0 0 -1
    outer loop
      vertex 0.025573 -0.0217501 -0.003
      vertex 0.0254307 -0.0217282 -0.003
      vertex 0.0252876 0.0217126 -0.003
    endloop
  endfacet
  facet normal 0 0 -1
    outer loop
      vertex 0.0252876 0.0217126 -0.003
      vertex 0.0254307 -0.0217282 -0.003
      vertex 0.0252876 -0.0217126 -0.003
    endloop
  endfacet
  facet normal 0 0 -1
    outer loop
      vertex 0.025573 0.0217501 -0.003
      vertex 0.0257143 0.0217782 -0.003
      vertex 0.0265238 -0.0220729 -0.003
    endloop
  endfacet
  facet normal 0 0 -1
    outer loop
      vertex 0.0257143 0.0217782 -0.003
      vertex 0.0258541 0.0218124 -0.003
      vertex 0.0265238 -0.0220729 -0.003
    endloop
  endfacet
  facet normal 0 0 -1
    outer loop
      vertex 0.0265238 -0.0220729 -0.003
      vertex 0.0258541 0.0218124 -0.003
      vertex 0.0259923 0.0218527 -0.003
    endloop
  endfacet
  facet normal 0 0 -1
    outer loop
      vertex 0.0259923 0.0218527 -0.003
      vertex 0.0261287 0.021899 -0.003
      vertex 0.0265238 -0.0220729 -0.003
    endloop
  endfacet
  facet normal 0 0 -1
    outer loop
      vertex 0.0261287 0.021899 -0.003
      vertex 0.0262629 0.0219512 -0.003
      vertex 0.0265238 -0.0220729 -0.003
    endloop
  endfacet
  facet normal 0 0 -1
    outer loop
      vertex 0.0265238 -0.0220729 -0.003
      vertex 0.0262629 0.0219512 -0.003
      vertex 0.0263946 0.0220092 -0.003
    endloop
  endfacet
  facet normal 0 0 -1
    outer loop
      vertex 0.0279271 -0.0234762 -0.003
      vertex 0.0278579 -0.02335 -0.003
      vertex 0.0263946 0.0220092 -0.003
    endloop
  endfacet
  facet normal 0 0 -1
    outer loop
      vertex 0.0278579 -0.02335 -0.003
      vertex 0.0277832 -0.0232269 -0.003
      vertex 0.0263946 0.0220092 -0.003
    endloop
  endfacet
  facet normal 0 0 -1
    outer loop
      vertex 0.0263946 0.0220092 -0.003
      vertex 0.0277832 -0.0232269 -0.003
      vertex 0.0277032 -0.0231072 -0.003
    endloop
  endfacet
  facet normal 0 0 -1
    outer loop
      vertex 0.0241459 0.0218124 -0.003
      vertex 0.0242857 0.0217782 -0.003
      vertex 0.0247124 -0.0217126 -0.003
    endloop
  endfacet
  facet normal 0 0 -1
    outer loop
      vertex 0.028101 -0.0238713 -0.003
      vertex 0.0280488 -0.0237371 -0.003
      vertex 0.0263946 0.0220092 -0.003
    endloop
  endfacet
  facet normal 0 0 -1
    outer loop
      vertex 0.0280488 -0.0237371 -0.003
      vertex 0.0279908 -0.0236054 -0.003
      vertex 0.0263946 0.0220092 -0.003
    endloop
  endfacet
  facet normal 0 0 -1
    outer loop
      vertex 0.0263946 0.0220092 -0.003
      vertex 0.0279908 -0.0236054 -0.003
      vertex 0.0279271 -0.0234762 -0.003
    endloop
  endfacet
  facet normal 0 0 -1
    outer loop
      vertex 0.0236054 0.0220092 -0.003
      vertex 0.0237371 0.0219512 -0.003
      vertex 0.0245693 -0.0217282 -0.003
    endloop
  endfacet
  facet normal 0 0 -1
    outer loop
      vertex 0.0237371 0.0219512 -0.003
      vertex 0.0238713 0.021899 -0.003
      vertex 0.0245693 -0.0217282 -0.003
    endloop
  endfacet
  facet normal 0 0 -1
    outer loop
      vertex 0.0245693 -0.0217282 -0.003
      vertex 0.0238713 0.021899 -0.003
      vertex 0.0247124 -0.0217126 -0.003
    endloop
  endfacet
  facet normal 0 0 -1
    outer loop
      vertex 0.0238713 0.021899 -0.003
      vertex 0.0240077 0.0218527 -0.003
      vertex 0.0247124 -0.0217126 -0.003
    endloop
  endfacet
  facet normal 0 0 -1
    outer loop
      vertex 0.0247124 -0.0217126 -0.003
      vertex 0.0240077 0.0218527 -0.003
      vertex 0.0241459 0.0218124 -0.003
    endloop
  endfacet
  facet normal 0 0 -1
    outer loop
      vertex 0.0248561 -0.0217031 -0.003
      vertex 0.0247124 -0.0217126 -0.003
      vertex 0.0247124 0.0217126 -0.003
    endloop
  endfacet
  facet normal 0 0 -1
    outer loop
      vertex 0.0242857 0.0217782 -0.003
      vertex 0.024427 0.0217501 -0.003
      vertex 0.0247124 -0.0217126 -0.003
    endloop
  endfacet
  facet normal 0 0 -1
    outer loop
      vertex 0.024427 0.0217501 -0.003
      vertex 0.0245693 0.0217282 -0.003
      vertex 0.0247124 -0.0217126 -0.003
    endloop
  endfacet
  facet normal 0 0 -1
    outer loop
      vertex 0.0247124 -0.0217126 -0.003
      vertex 0.0245693 0.0217282 -0.003
      vertex 0.0247124 0.0217126 -0.003
    endloop
  endfacet
  facet normal 0 0 -1
    outer loop
      vertex 0.0251439 -0.0217031 -0.003
      vertex 0.025 -0.0217 -0.003
      vertex 0.025 0.0217 -0.003
    endloop
  endfacet
  facet normal 0 0 -1
    outer loop
      vertex 0.0248561 -0.0217031 -0.003
      vertex 0.0247124 0.0217126 -0.003
      vertex 0.025 -0.0217 -0.003
    endloop
  endfacet
  facet normal 0 0 -1
    outer loop
      vertex 0.0247124 0.0217126 -0.003
      vertex 0.0248561 0.0217031 -0.003
      vertex 0.025 -0.0217 -0.003
    endloop
  endfacet
  facet normal 0 0 -1
    outer loop
      vertex 0.025 -0.0217 -0.003
      vertex 0.0248561 0.0217031 -0.003
      vertex 0.025 0.0217 -0.003
    endloop
  endfacet
  facet normal 0 0 -1
    outer loop
      vertex 0.0251439 -0.0217031 -0.003
      vertex 0.025 0.0217 -0.003
      vertex 0.0252876 -0.0217126 -0.003
    endloop
  endfacet
  facet normal 0 0 -1
    outer loop
      vertex 0.025 0.0217 -0.003
      vertex 0.0251439 0.0217031 -0.003
      vertex 0.0252876 -0.0217126 -0.003
    endloop
  endfacet
  facet normal 0 0 -1
    outer loop
      vertex 0.0252876 -0.0217126 -0.003
      vertex 0.0251439 0.0217031 -0.003
      vertex 0.0252876 0.0217126 -0.003
    endloop
  endfacet
  facet normal -0.999762 -0.0218119 0
    outer loop
      vertex 0.0283 0.025 -0.003
      vertex 0.0283 0.025 0
      vertex 0.0282969 0.0251439 -0.003
    endloop
  endfacet
  facet normal -0.999762 -0.0218119 0
    outer loop
      vertex 0.0283 0.025 0
      vertex 0.0282969 0.0251439 0
      vertex 0.0282969 0.0251439 -0.003
    endloop
  endfacet
  facet normal -0.997858 -0.0654096 0
    outer loop
      vertex 0.0282969 0.0251439 -0.003
      vertex 0.0282969 0.0251439 0
      vertex 0.0282874 0.0252876 -0.003
    endloop
  endfacet
  facet normal -0.997858 -0.0654096 0
    outer loop
      vertex 0.0282969 0.0251439 0
      vertex 0.0282874 0.0252876 0
      vertex 0.0282874 0.0252876 -0.003
    endloop
  endfacet
  facet normal -0.994057 -0.108864 0
    outer loop
      vertex 0.0282874 0.0252876 -0.003
      vertex 0.0282874 0.0252876 0
      vertex 0.0282718 0.0254307 -0.003
    endloop
  endfacet
  facet normal -0.994057 -0.108864 0
    outer loop
      vertex 0.0282874 0.0252876 0
      vertex 0.0282718 0.0254307 0
      vertex 0.0282718 0.0254307 -0.003
    endloop
  endfacet
  facet normal -0.988361 -0.152126 0
    outer loop
      vertex 0.0282718 0.0254307 -0.003
      vertex 0.0282718 0.0254307 0
      vertex 0.0282499 0.025573 -0.003
    endloop
  endfacet
  facet normal -0.988361 -0.152126 0
    outer loop
      vertex 0.0282718 0.0254307 0
      vertex 0.0282499 0.025573 0
      vertex 0.0282499 0.025573 -0.003
    endloop
  endfacet
  facet normal -0.980785 -0.195091 0
    outer loop
      vertex 0.0282499 0.025573 -0.003
      vertex 0.0282499 0.025573 0
      vertex 0.0282218 0.0257143 -0.003
    endloop
  endfacet
  facet normal -0.980785 -0.195091 0
    outer loop
      vertex 0.0282499 0.025573 0
      vertex 0.0282218 0.0257143 0
      vertex 0.0282218 0.0257143 -0.003
    endloop
  endfacet
  facet normal -0.971341 -0.23769 0
    outer loop
      vertex 0.0282218 0.0257143 -0.003
      vertex 0.0282218 0.0257143 0
      vertex 0.0281876 0.0258541 -0.003
    endloop
  endfacet
  facet normal -0.971341 -0.23769 0
    outer loop
      vertex 0.0282218 0.0257143 0
      vertex 0.0281876 0.0258541 0
      vertex 0.0281876 0.0258541 -0.003
    endloop
  endfacet
  facet normal -0.96005 -0.27983 0
    outer loop
      vertex 0.0281876 0.0258541 -0.003
      vertex 0.0281876 0.0258541 0
      vertex 0.0281473 0.0259923 -0.003
    endloop
  endfacet
  facet normal -0.96005 -0.27983 0
    outer loop
      vertex 0.0281876 0.0258541 0
      vertex 0.0281473 0.0259923 0
      vertex 0.0281473 0.0259923 -0.003
    endloop
  endfacet
  facet normal -0.946933 -0.321431 0
    outer loop
      vertex 0.0281473 0.0259923 -0.003
      vertex 0.0281473 0.0259923 0
      vertex 0.028101 0.0261287 -0.003
    endloop
  endfacet
  facet normal -0.946933 -0.321431 0
    outer loop
      vertex 0.0281473 0.0259923 0
      vertex 0.028101 0.0261287 0
      vertex 0.028101 0.0261287 -0.003
    endloop
  endfacet
  facet normal -0.932006 -0.362443 0
    outer loop
      vertex 0.028101 0.0261287 -0.003
      vertex 0.028101 0.0261287 0
      vertex 0.0280488 0.0262629 -0.003
    endloop
  endfacet
  facet normal -0.932006 -0.362443 0
    outer loop
      vertex 0.028101 0.0261287 0
      vertex 0.0280488 0.0262629 0
      vertex 0.0280488 0.0262629 -0.003
    endloop
  endfacet
  facet normal -0.915314 -0.40274 0
    outer loop
      vertex 0.0280488 0.0262629 -0.003
      vertex 0.0280488 0.0262629 0
      vertex 0.0279908 0.0263946 -0.003
    endloop
  endfacet
  facet normal -0.915314 -0.40274 0
    outer loop
      vertex 0.0280488 0.0262629 0
      vertex 0.0279908 0.0263946 0
      vertex 0.0279908 0.0263946 -0.003
    endloop
  endfacet
  facet normal -0.896872 -0.442291 0
    outer loop
      vertex 0.0279908 0.0263946 -0.003
      vertex 0.0279908 0.0263946 0
      vertex 0.0279271 0.0265238 -0.003
    endloop
  endfacet
  facet normal -0.896872 -0.442291 0
    outer loop
      vertex 0.0279908 0.0263946 0
      vertex 0.0279271 0.0265238 0
      vertex 0.0279271 0.0265238 -0.003
    endloop
  endfacet
  facet normal -0.876723 -0.480995 0
    outer loop
      vertex 0.0279271 0.0265238 -0.003
      vertex 0.0279271 0.0265238 0
      vertex 0.0278579 0.02665 -0.003
    endloop
  endfacet
  facet normal -0.876723 -0.480995 0
    outer loop
      vertex 0.0279271 0.0265238 0
      vertex 0.0278579 0.02665 0
      vertex 0.0278579 0.02665 -0.003
    endloop
  endfacet
  facet normal -0.854918 -0.518762 0
    outer loop
      vertex 0.0278579 0.02665 -0.003
      vertex 0.0278579 0.02665 0
      vertex 0.0277832 0.0267731 -0.003
    endloop
  endfacet
  facet normal -0.854918 -0.518762 0
    outer loop
      vertex 0.0278579 0.02665 0
      vertex 0.0277832 0.0267731 0
      vertex 0.0277832 0.0267731 -0.003
    endloop
  endfacet
  facet normal -0.831463 -0.555581 0
    outer loop
      vertex 0.0277832 0.0267731 -0.003
      vertex 0.0277832 0.0267731 0
      vertex 0.0277032 0.0268928 -0.003
    endloop
  endfacet
  facet normal -0.831463 -0.555581 0
    outer loop
      vertex 0.0277832 0.0267731 0
      vertex 0.0277032 0.0268928 0
      vertex 0.0277032 0.0268928 -0.003
    endloop
  endfacet
  facet normal -0.806447 -0.591306 0
    outer loop
      vertex 0.0277032 0.0268928 -0.003
      vertex 0.0277032 0.0268928 0
      vertex 0.0276181 0.0270089 -0.003
    endloop
  endfacet
  facet normal -0.806447 -0.591306 0
    outer loop
      vertex 0.0277032 0.0268928 0
      vertex 0.0276181 0.0270089 0
      vertex 0.0276181 0.0270089 -0.003
    endloop
  endfacet
  facet normal -0.779886 -0.625922 0
    outer loop
      vertex 0.0276181 0.0270089 -0.003
      vertex 0.0276181 0.0270089 0
      vertex 0.0275279 0.0271212 -0.003
    endloop
  endfacet
  facet normal -0.779886 -0.625922 0
    outer loop
      vertex 0.0276181 0.0270089 0
      vertex 0.0275279 0.0271212 0
      vertex 0.0275279 0.0271212 -0.003
    endloop
  endfacet
  facet normal -0.751837 -0.65935 0
    outer loop
      vertex 0.0275279 0.0271212 -0.003
      vertex 0.0275279 0.0271212 0
      vertex 0.027433 0.0272294 -0.003
    endloop
  endfacet
  facet normal -0.751837 -0.65935 0
    outer loop
      vertex 0.0275279 0.0271212 0
      vertex 0.027433 0.0272294 0
      vertex 0.027433 0.0272294 -0.003
    endloop
  endfacet
  facet normal -0.722372 -0.691505 0
    outer loop
      vertex 0.027433 0.0272294 -0.003
      vertex 0.027433 0.0272294 0
      vertex 0.0273335 0.0273335 -0.003
    endloop
  endfacet
  facet normal -0.722372 -0.691505 0
    outer loop
      vertex 0.027433 0.0272294 0
      vertex 0.0273335 0.0273335 0
      vertex 0.0273335 0.0273335 -0.003
    endloop
  endfacet
  facet normal -0.691505 -0.722372 0
    outer loop
      vertex 0.0273335 0.0273335 -0.003
      vertex 0.0273335 0.0273335 0
      vertex 0.0272294 0.027433 -0.003
    endloop
  endfacet
  facet normal -0.691505 -0.722372 0
    outer loop
      vertex 0.0273335 0.0273335 0
      vertex 0.0272294 0.027433 0
      vertex 0.0272294 0.027433 -0.003
    endloop
  endfacet
  facet normal -0.65935 -0.751837 0
    outer loop
      vertex 0.0272294 0.027433 -0.003
      vertex 0.0272294 0.027433 0
      vertex 0.0271212 0.0275279 -0.003
    endloop
  endfacet
  facet normal -0.65935 -0.751837 0
    outer loop
      vertex 0.0272294 0.027433 0
      vertex 0.0271212 0.0275279 0
      vertex 0.0271212 0.0275279 -0.003
    endloop
  endfacet
  facet normal -0.625922 -0.779886 0
    outer loop
      vertex 0.0271212 0.0275279 -0.003
      vertex 0.0271212 0.0275279 0
      vertex 0.0270089 0.0276181 -0.003
    endloop
  endfacet
  facet normal -0.625922 -0.779886 0
    outer loop
      vertex 0.0271212 0.0275279 0
      vertex 0.0270089 0.0276181 0
      vertex 0.0270089 0.0276181 -0.003
    endloop
  endfacet
  facet normal -0.591306 -0.806447 0
    outer loop
      vertex 0.0270089 0.0276181 -0.003
      vertex 0.0270089 0.0276181 0
      vertex 0.0268928 0.0277032 -0.003
    endloop
  endfacet
  facet normal -0.591306 -0.806447 0
    outer loop
      vertex 0.0270089 0.0276181 0
      vertex 0.0268928 0.0277032 0
      vertex 0.0268928 0.0277032 -0.003
    endloop
  endfacet
  facet normal -0.555581 -0.831463 0
    outer loop
      vertex 0.0268928 0.0277032 -0.003
      vertex 0.0268928 0.0277032 0
      vertex 0.0267731 0.0277832 -0.003
    endloop
  endfacet
  facet normal -0.555581 -0.831463 0
    outer loop
      vertex 0.0268928 0.0277032 0
      vertex 0.0267731 0.0277832 0
      vertex 0.0267731 0.0277832 -0.003
    endloop
  endfacet
  facet normal -0.518762 -0.854918 0
    outer loop
      vertex 0.0267731 0.0277832 -0.003
      vertex 0.0267731 0.0277832 0
      vertex 0.02665 0.0278579 -0.003
    endloop
  endfacet
  facet normal -0.518762 -0.854918 0
    outer loop
      vertex 0.0267731 0.0277832 0
      vertex 0.02665 0.0278579 0
      vertex 0.02665 0.0278579 -0.003
    endloop
  endfacet
  facet normal -0.480995 -0.876723 0
    outer loop
      vertex 0.02665 0.0278579 -0.003
      vertex 0.02665 0.0278579 0
      vertex 0.0265238 0.0279271 -0.003
    endloop
  endfacet
  facet normal -0.480995 -0.876723 0
    outer loop
      vertex 0.02665 0.0278579 0
      vertex 0.0265238 0.0279271 0
      vertex 0.0265238 0.0279271 -0.003
    endloop
  endfacet
  facet normal -0.442291 -0.896872 0
    outer loop
      vertex 0.0265238 0.0279271 -0.003
      vertex 0.0265238 0.0279271 0
      vertex 0.0263946 0.0279908 -0.003
    endloop
  endfacet
  facet normal -0.442291 -0.896872 0
    outer loop
      vertex 0.0265238 0.0279271 0
      vertex 0.0263946 0.0279908 0
      vertex 0.0263946 0.0279908 -0.003
    endloop
  endfacet
  facet normal -0.40274 -0.915314 0
    outer loop
      vertex 0.0263946 0.0279908 -0.003
      vertex 0.0263946 0.0279908 0
      vertex 0.0262629 0.0280488 -0.003
    endloop
  endfacet
  facet normal -0.40274 -0.915314 0
    outer loop
      vertex 0.0263946 0.0279908 0
      vertex 0.0262629 0.0280488 0
      vertex 0.0262629 0.0280488 -0.003
    endloop
  endfacet
  facet normal -0.362443 -0.932006 0
    outer loop
      vertex 0.0262629 0.0280488 -0.003
      vertex 0.0262629 0.0280488 0
      vertex 0.0261287 0.028101 -0.003
    endloop
  endfacet
  facet normal -0.362443 -0.932006 0
    outer loop
      vertex 0.0262629 0.0280488 0
      vertex 0.0261287 0.028101 0
      vertex 0.0261287 0.028101 -0.003
    endloop
  endfacet
  facet normal -0.321431 -0.946933 0
    outer loop
      vertex 0.0261287 0.028101 -0.003
      vertex 0.0261287 0.028101 0
      vertex 0.0259923 0.0281473 -0.003
    endloop
  endfacet
  facet normal -0.321431 -0.946933 0
    outer loop
      vertex 0.0261287 0.028101 0
      vertex 0.0259923 0.0281473 0
      vertex 0.0259923 0.0281473 -0.003
    endloop
  endfacet
  facet normal -0.27983 -0.96005 0
    outer loop
      vertex 0.0259923 0.0281473 -0.003
      vertex 0.0259923 0.0281473 0
      vertex 0.0258541 0.0281876 -0.003
    endloop
  endfacet
  facet normal -0.27983 -0.96005 0
    outer loop
      vertex 0.0259923 0.0281473 0
      vertex 0.0258541 0.0281876 0
      vertex 0.0258541 0.0281876 -0.003
    endloop
  endfacet
  facet normal -0.23769 -0.971341 0
    outer loop
      vertex 0.0258541 0.0281876 -0.003
      vertex 0.0258541 0.0281876 0
      vertex 0.0257143 0.0282218 -0.003
    endloop
  endfacet
  facet normal -0.23769 -0.971341 0
    outer loop
      vertex 0.0258541 0.0281876 0
      vertex 0.0257143 0.0282218 0
      vertex 0.0257143 0.0282218 -0.003
    endloop
  endfacet
  facet normal -0.195091 -0.980785 0
    outer loop
      vertex 0.0257143 0.0282218 -0.003
      vertex 0.0257143 0.0282218 0
      vertex 0.025573 0.0282499 -0.003
    endloop
  endfacet
  facet normal -0.195091 -0.980785 0
    outer loop
      vertex 0.0257143 0.0282218 0
      vertex 0.025573 0.0282499 0
      vertex 0.025573 0.0282499 -0.003
    endloop
  endfacet
  facet normal -0.152126 -0.988361 0
    outer loop
      vertex 0.025573 0.0282499 -0.003
      vertex 0.025573 0.0282499 0
      vertex 0.0254307 0.0282718 -0.003
    endloop
  endfacet
  facet normal -0.152126 -0.988361 0
    outer loop
      vertex 0.025573 0.0282499 0
      vertex 0.0254307 0.0282718 0
      vertex 0.0254307 0.0282718 -0.003
    endloop
  endfacet
  facet normal -0.108864 -0.994057 0
    outer loop
      vertex 0.0254307 0.0282718 -0.003
      vertex 0.0254307 0.0282718 0
      vertex 0.0252876 0.0282874 -0.003
    endloop
  endfacet
  facet normal -0.108864 -0.994057 0
    outer loop
      vertex 0.0254307 0.0282718 0
      vertex 0.0252876 0.0282874 0
      vertex 0.0252876 0.0282874 -0.003
    endloop
  endfacet
  facet normal -0.0654096 -0.997858 0
    outer loop
      vertex 0.0252876 0.0282874 -0.003
      vertex 0.0252876 0.0282874 0
      vertex 0.0251439 0.0282969 -0.003
    endloop
  endfacet
  facet normal -0.0654096 -0.997858 0
    outer loop
      vertex 0.0252876 0.0282874 0
      vertex 0.0251439 0.0282969 0
      vertex 0.0251439 0.0282969 -0.003
    endloop
  endfacet
  facet normal -0.0218119 -0.999762 0
    outer loop
      vertex 0.0251439 0.0282969 -0.003
      vertex 0.0251439 0.0282969 0
      vertex 0.025 0.0283 -0.003
    endloop
  endfacet
  facet normal -0.0218119 -0.999762 0
    outer loop
      vertex 0.0251439 0.0282969 0
      vertex 0.025 0.0283 0
      vertex 0.025 0.0283 -0.003
    endloop
  endfacet
  facet normal 0.0218116 -0.999762 0
    outer loop
      vertex 0.025 0.0283 -0.003
      vertex 0.025 0.0283 0
      vertex 0.0248561 0.0282969 -0.003
    endloop
  endfacet
  facet normal 0.0218116 -0.999762 0
    outer loop
      vertex 0.025 0.0283 0
      vertex 0.0248561 0.0282969 0
      vertex 0.0248561 0.0282969 -0.003
    endloop
  endfacet
  facet normal 0.0654096 -0.997858 0
    outer loop
      vertex 0.0248561 0.0282969 -0.003
      vertex 0.0248561 0.0282969 0
      vertex 0.0247124 0.0282874 -0.003
    endloop
  endfacet
  facet normal 0.0654096 -0.997858 0
    outer loop
      vertex 0.0248561 0.0282969 0
      vertex 0.0247124 0.0282874 0
      vertex 0.0247124 0.0282874 -0.003
    endloop
  endfacet
  facet normal 0.108865 -0.994057 0
    outer loop
      vertex 0.0247124 0.0282874 -0.003
      vertex 0.0247124 0.0282874 0
      vertex 0.0245693 0.0282718 -0.003
    endloop
  endfacet
  facet normal 0.108865 -0.994057 0
    outer loop
      vertex 0.0247124 0.0282874 0
      vertex 0.0245693 0.0282718 0
      vertex 0.0245693 0.0282718 -0.003
    endloop
  endfacet
  facet normal 0.152126 -0.988361 0
    outer loop
      vertex 0.0245693 0.0282718 -0.003
      vertex 0.0245693 0.0282718 0
      vertex 0.024427 0.0282499 -0.003
    endloop
  endfacet
  facet normal 0.152126 -0.988361 0
    outer loop
      vertex 0.0245693 0.0282718 0
      vertex 0.024427 0.0282499 0
      vertex 0.024427 0.0282499 -0.003
    endloop
  endfacet
  facet normal 0.195089 -0.980786 0
    outer loop
      vertex 0.024427 0.0282499 -0.003
      vertex 0.024427 0.0282499 0
      vertex 0.0242857 0.0282218 -0.003
    endloop
  endfacet
  facet normal 0.195089 -0.980786 0
    outer loop
      vertex 0.024427 0.0282499 0
      vertex 0.0242857 0.0282218 0
      vertex 0.0242857 0.0282218 -0.003
    endloop
  endfacet
  facet normal 0.237693 -0.97134 0
    outer loop
      vertex 0.0242857 0.0282218 -0.003
      vertex 0.0242857 0.0282218 0
      vertex 0.0241459 0.0281876 -0.003
    endloop
  endfacet
  facet normal 0.237693 -0.97134 0
    outer loop
      vertex 0.0242857 0.0282218 0
      vertex 0.0241459 0.0281876 0
      vertex 0.0241459 0.0281876 -0.003
    endloop
  endfacet
  facet normal 0.279826 -0.960051 0
    outer loop
      vertex 0.0241459 0.0281876 -0.003
      vertex 0.0241459 0.0281876 0
      vertex 0.0240077 0.0281473 -0.003
    endloop
  endfacet
  facet normal 0.279826 -0.960051 0
    outer loop
      vertex 0.0241459 0.0281876 0
      vertex 0.0240077 0.0281473 0
      vertex 0.0240077 0.0281473 -0.003
    endloop
  endfacet
  facet normal 0.321435 -0.946932 0
    outer loop
      vertex 0.0240077 0.0281473 -0.003
      vertex 0.0240077 0.0281473 0
      vertex 0.0238713 0.028101 -0.003
    endloop
  endfacet
  facet normal 0.321435 -0.946932 0
    outer loop
      vertex 0.0240077 0.0281473 0
      vertex 0.0238713 0.028101 0
      vertex 0.0238713 0.028101 -0.003
    endloop
  endfacet
  facet normal 0.362443 -0.932006 0
    outer loop
      vertex 0.0238713 0.028101 -0.003
      vertex 0.0238713 0.028101 0
      vertex 0.0237371 0.0280488 -0.003
    endloop
  endfacet
  facet normal 0.362443 -0.932006 0
    outer loop
      vertex 0.0238713 0.028101 0
      vertex 0.0237371 0.0280488 0
      vertex 0.0237371 0.0280488 -0.003
    endloop
  endfacet
  facet normal 0.40274 -0.915314 0
    outer loop
      vertex 0.0237371 0.0280488 -0.003
      vertex 0.0237371 0.0280488 0
      vertex 0.0236054 0.0279908 -0.003
    endloop
  endfacet
  facet normal 0.40274 -0.915314 0
    outer loop
      vertex 0.0237371 0.0280488 0
      vertex 0.0236054 0.0279908 0
      vertex 0.0236054 0.0279908 -0.003
    endloop
  endfacet
  facet normal 0.442291 -0.896872 0
    outer loop
      vertex 0.0236054 0.0279908 -0.003
      vertex 0.0236054 0.0279908 0
      vertex 0.0234762 0.0279271 -0.003
    endloop
  endfacet
  facet normal 0.442291 -0.896872 0
    outer loop
      vertex 0.0236054 0.0279908 0
      vertex 0.0234762 0.0279271 0
      vertex 0.0234762 0.0279271 -0.003
    endloop
  endfacet
  facet normal 0.480995 -0.876723 0
    outer loop
      vertex 0.0234762 0.0279271 -0.003
      vertex 0.0234762 0.0279271 0
      vertex 0.02335 0.0278579 -0.003
    endloop
  endfacet
  facet normal 0.480995 -0.876723 0
    outer loop
      vertex 0.0234762 0.0279271 0
      vertex 0.02335 0.0278579 0
      vertex 0.02335 0.0278579 -0.003
    endloop
  endfacet
  facet normal 0.518762 -0.854918 0
    outer loop
      vertex 0.02335 0.0278579 -0.003
      vertex 0.02335 0.0278579 0
      vertex 0.0232269 0.0277832 -0.003
    endloop
  endfacet
  facet normal 0.518762 -0.854918 0
    outer loop
      vertex 0.02335 0.0278579 0
      vertex 0.0232269 0.0277832 0
      vertex 0.0232269 0.0277832 -0.003
    endloop
  endfacet
  facet normal 0.555575 -0.831467 0
    outer loop
      vertex 0.0232269 0.0277832 -0.003
      vertex 0.0232269 0.0277832 0
      vertex 0.0231072 0.0277032 -0.003
    endloop
  endfacet
  facet normal 0.555575 -0.831467 0
    outer loop
      vertex 0.0232269 0.0277832 0
      vertex 0.0231072 0.0277032 0
      vertex 0.0231072 0.0277032 -0.003
    endloop
  endfacet
  facet normal 0.591313 -0.806442 0
    outer loop
      vertex 0.0231072 0.0277032 -0.003
      vertex 0.0231072 0.0277032 0
      vertex 0.0229911 0.0276181 -0.003
    endloop
  endfacet
  facet normal 0.591313 -0.806442 0
    outer loop
      vertex 0.0231072 0.0277032 0
      vertex 0.0229911 0.0276181 0
      vertex 0.0229911 0.0276181 -0.003
    endloop
  endfacet
  facet normal 0.625922 -0.779886 0
    outer loop
      vertex 0.0229911 0.0276181 -0.003
      vertex 0.0229911 0.0276181 0
      vertex 0.0228788 0.0275279 -0.003
    endloop
  endfacet
  facet normal 0.625922 -0.779886 0
    outer loop
      vertex 0.0229911 0.0276181 0
      vertex 0.0228788 0.0275279 0
      vertex 0.0228788 0.0275279 -0.003
    endloop
  endfacet
  facet normal 0.659343 -0.751842 0
    outer loop
      vertex 0.0228788 0.0275279 -0.003
      vertex 0.0228788 0.0275279 0
      vertex 0.0227706 0.027433 -0.003
    endloop
  endfacet
  facet normal 0.659343 -0.751842 0
    outer loop
      vertex 0.0228788 0.0275279 0
      vertex 0.0227706 0.027433 0
      vertex 0.0227706 0.027433 -0.003
    endloop
  endfacet
  facet normal 0.691511 -0.722366 0
    outer loop
      vertex 0.0227706 0.027433 -0.003
      vertex 0.0227706 0.027433 0
      vertex 0.0226665 0.0273335 -0.003
    endloop
  endfacet
  facet normal 0.691511 -0.722366 0
    outer loop
      vertex 0.0227706 0.027433 0
      vertex 0.0226665 0.0273335 0
      vertex 0.0226665 0.0273335 -0.003
    endloop
  endfacet
  facet normal 0.722372 -0.691505 0
    outer loop
      vertex 0.0226665 0.0273335 -0.003
      vertex 0.0226665 0.0273335 0
      vertex 0.022567 0.0272294 -0.003
    endloop
  endfacet
  facet normal 0.722372 -0.691505 0
    outer loop
      vertex 0.0226665 0.0273335 0
      vertex 0.022567 0.0272294 0
      vertex 0.022567 0.0272294 -0.003
    endloop
  endfacet
  facet normal 0.751837 -0.65935 0
    outer loop
      vertex 0.022567 0.0272294 -0.003
      vertex 0.022567 0.0272294 0
      vertex 0.0224721 0.0271212 -0.003
    endloop
  endfacet
  facet normal 0.751837 -0.65935 0
    outer loop
      vertex 0.022567 0.0272294 0
      vertex 0.0224721 0.0271212 0
      vertex 0.0224721 0.0271212 -0.003
    endloop
  endfacet
  facet normal 0.77988 -0.62593 0
    outer loop
      vertex 0.0224721 0.0271212 -0.003
      vertex 0.0224721 0.0271212 0
      vertex 0.0223819 0.0270089 -0.003
    endloop
  endfacet
  facet normal 0.77988 -0.62593 0
    outer loop
      vertex 0.0224721 0.0271212 0
      vertex 0.0223819 0.0270089 0
      vertex 0.0223819 0.0270089 -0.003
    endloop
  endfacet
  facet normal 0.806447 -0.591306 0
    outer loop
      vertex 0.0223819 0.0270089 -0.003
      vertex 0.0223819 0.0270089 0
      vertex 0.0222968 0.0268928 -0.003
    endloop
  endfacet
  facet normal 0.806447 -0.591306 0
    outer loop
      vertex 0.0223819 0.0270089 0
      vertex 0.0222968 0.0268928 0
      vertex 0.0222968 0.0268928 -0.003
    endloop
  endfacet
  facet normal 0.831469 -0.555572 0
    outer loop
      vertex 0.0222968 0.0268928 -0.003
      vertex 0.0222968 0.0268928 0
      vertex 0.0222168 0.0267731 -0.003
    endloop
  endfacet
  facet normal 0.831469 -0.555572 0
    outer loop
      vertex 0.0222968 0.0268928 0
      vertex 0.0222168 0.0267731 0
      vertex 0.0222168 0.0267731 -0.003
    endloop
  endfacet
  facet normal 0.854913 -0.518772 0
    outer loop
      vertex 0.0222168 0.0267731 -0.003
      vertex 0.0222168 0.0267731 0
      vertex 0.0221421 0.02665 -0.003
    endloop
  endfacet
  facet normal 0.854913 -0.518772 0
    outer loop
      vertex 0.0222168 0.0267731 0
      vertex 0.0221421 0.02665 0
      vertex 0.0221421 0.02665 -0.003
    endloop
  endfacet
  facet normal 0.876729 -0.480985 0
    outer loop
      vertex 0.0221421 0.02665 -0.003
      vertex 0.0221421 0.02665 0
      vertex 0.0220729 0.0265238 -0.003
    endloop
  endfacet
  facet normal 0.876729 -0.480985 0
    outer loop
      vertex 0.0221421 0.02665 0
      vertex 0.0220729 0.0265238 0
      vertex 0.0220729 0.0265238 -0.003
    endloop
  endfacet
  facet normal 0.896872 -0.442291 0
    outer loop
      vertex 0.0220729 0.0265238 -0.003
      vertex 0.0220729 0.0265238 0
      vertex 0.0220092 0.0263946 -0.003
    endloop
  endfacet
  facet normal 0.896872 -0.442291 0
    outer loop
      vertex 0.0220729 0.0265238 0
      vertex 0.0220092 0.0263946 0
      vertex 0.0220092 0.0263946 -0.003
    endloop
  endfacet
  facet normal 0.91531 -0.402751 0
    outer loop
      vertex 0.0220092 0.0263946 -0.003
      vertex 0.0220092 0.0263946 0
      vertex 0.0219512 0.0262629 -0.003
    endloop
  endfacet
  facet normal 0.91531 -0.402751 0
    outer loop
      vertex 0.0220092 0.0263946 0
      vertex 0.0219512 0.0262629 0
      vertex 0.0219512 0.0262629 -0.003
    endloop
  endfacet
  facet normal 0.93201 -0.362431 0
    outer loop
      vertex 0.0219512 0.0262629 -0.003
      vertex 0.0219512 0.0262629 0
      vertex 0.021899 0.0261287 -0.003
    endloop
  endfacet
  facet normal 0.93201 -0.362431 0
    outer loop
      vertex 0.0219512 0.0262629 0
      vertex 0.021899 0.0261287 0
      vertex 0.021899 0.0261287 -0.003
    endloop
  endfacet
  facet normal 0.946929 -0.321443 0
    outer loop
      vertex 0.021899 0.0261287 -0.003
      vertex 0.021899 0.0261287 0
      vertex 0.0218527 0.0259923 -0.003
    endloop
  endfacet
  facet normal 0.946929 -0.321443 0
    outer loop
      vertex 0.021899 0.0261287 0
      vertex 0.0218527 0.0259923 0
      vertex 0.0218527 0.0259923 -0.003
    endloop
  endfacet
  facet normal 0.96005 -0.27983 0
    outer loop
      vertex 0.0218527 0.0259923 -0.003
      vertex 0.0218527 0.0259923 0
      vertex 0.0218124 0.0258541 -0.003
    endloop
  endfacet
  facet normal 0.96005 -0.27983 0
    outer loop
      vertex 0.0218527 0.0259923 0
      vertex 0.0218124 0.0258541 0
      vertex 0.0218124 0.0258541 -0.003
    endloop
  endfacet
  facet normal 0.971344 -0.237677 0
    outer loop
      vertex 0.0218124 0.0258541 -0.003
      vertex 0.0218124 0.0258541 0
      vertex 0.0217782 0.0257143 -0.003
    endloop
  endfacet
  facet normal 0.971344 -0.237677 0
    outer loop
      vertex 0.0218124 0.0258541 0
      vertex 0.0217782 0.0257143 0
      vertex 0.0217782 0.0257143 -0.003
    endloop
  endfacet
  facet normal 0.980783 -0.195103 0
    outer loop
      vertex 0.0217782 0.0257143 -0.003
      vertex 0.0217782 0.0257143 0
      vertex 0.0217501 0.025573 -0.003
    endloop
  endfacet
  facet normal 0.980783 -0.195103 0
    outer loop
      vertex 0.0217782 0.0257143 0
      vertex 0.0217501 0.025573 0
      vertex 0.0217501 0.025573 -0.003
    endloop
  endfacet
  facet normal 0.988363 -0.152114 0
    outer loop
      vertex 0.0217501 0.025573 -0.003
      vertex 0.0217501 0.025573 0
      vertex 0.0217282 0.0254307 -0.003
    endloop
  endfacet
  facet normal 0.988363 -0.152114 0
    outer loop
      vertex 0.0217501 0.025573 0
      vertex 0.0217282 0.0254307 0
      vertex 0.0217282 0.0254307 -0.003
    endloop
  endfacet
  facet normal 0.994057 -0.108864 0
    outer loop
      vertex 0.0217282 0.0254307 -0.003
      vertex 0.0217282 0.0254307 0
      vertex 0.0217126 0.0252876 -0.003
    endloop
  endfacet
  facet normal 0.994057 -0.108864 0
    outer loop
      vertex 0.0217282 0.0254307 0
      vertex 0.0217126 0.0252876 0
      vertex 0.0217126 0.0252876 -0.003
    endloop
  endfacet
  facet normal 0.997858 -0.0654096 0
    outer loop
      vertex 0.0217126 0.0252876 -0.003
      vertex 0.0217126 0.0252876 0
      vertex 0.0217031 0.0251439 -0.003
    endloop
  endfacet
  facet normal 0.997858 -0.0654096 0
    outer loop
      vertex 0.0217126 0.0252876 0
      vertex 0.0217031 0.0251439 0
      vertex 0.0217031 0.0251439 -0.003
    endloop
  endfacet
  facet normal 0.999762 -0.0218119 0
    outer loop
      vertex 0.0217031 0.0251439 -0.003
      vertex 0.0217031 0.0251439 0
      vertex 0.0217 0.025 -0.003
    endloop
  endfacet
  facet normal 0.999762 -0.0218119 0
    outer loop
      vertex 0.0217031 0.0251439 0
      vertex 0.0217 0.025 0
      vertex 0.0217 0.025 -0.003
    endloop
  endfacet
  facet normal 0.999762 0.0218116 0
    outer loop
      vertex 0.0217 0.025 -0.003
      vertex 0.0217 0.025 0
      vertex 0.0217031 0.0248561 -0.003
    endloop
  endfacet
  facet normal 0.999762 0.0218116 0
    outer loop
      vertex 0.0217 0.025 0
      vertex 0.0217031 0.0248561 0
      vertex 0.0217031 0.0248561 -0.003
    endloop
  endfacet
  facet normal 0.997858 0.0654096 0
    outer loop
      vertex 0.0217031 0.0248561 -0.003
      vertex 0.0217031 0.0248561 0
      vertex 0.0217126 0.0247124 -0.003
    endloop
  endfacet
  facet normal 0.997858 0.0654096 0
    outer loop
      vertex 0.0217031 0.0248561 0
      vertex 0.0217126 0.0247124 0
      vertex 0.0217126 0.0247124 -0.003
    endloop
  endfacet
  facet normal 0.994057 0.108865 0
    outer loop
      vertex 0.0217126 0.0247124 -0.003
      vertex 0.0217126 0.0247124 0
      vertex 0.0217282 0.0245693 -0.003
    endloop
  endfacet
  facet normal 0.994057 0.108865 0
    outer loop
      vertex 0.0217126 0.0247124 0
      vertex 0.0217282 0.0245693 0
      vertex 0.0217282 0.0245693 -0.003
    endloop
  endfacet
  facet normal 0.988363 0.152114 0
    outer loop
      vertex 0.0217282 0.0245693 -0.003
      vertex 0.0217282 0.0245693 0
      vertex 0.0217501 0.024427 -0.003
    endloop
  endfacet
  facet normal 0.988363 0.152114 0
    outer loop
      vertex 0.0217282 0.0245693 0
      vertex 0.0217501 0.024427 0
      vertex 0.0217501 0.024427 -0.003
    endloop
  endfacet
  facet normal 0.980783 0.195101 0
    outer loop
      vertex 0.0217501 0.024427 -0.003
      vertex 0.0217501 0.024427 0
      vertex 0.0217782 0.0242857 -0.003
    endloop
  endfacet
  facet normal 0.980783 0.195101 0
    outer loop
      vertex 0.0217501 0.024427 0
      vertex 0.0217782 0.0242857 0
      vertex 0.0217782 0.0242857 -0.003
    endloop
  endfacet
  facet normal 0.971343 0.23768 0
    outer loop
      vertex 0.0217782 0.0242857 -0.003
      vertex 0.0217782 0.0242857 0
      vertex 0.0218124 0.0241459 -0.003
    endloop
  endfacet
  facet normal 0.971343 0.23768 0
    outer loop
      vertex 0.0217782 0.0242857 0
      vertex 0.0218124 0.0241459 0
      vertex 0.0218124 0.0241459 -0.003
    endloop
  endfacet
  facet normal 0.960051 0.279826 0
    outer loop
      vertex 0.0218124 0.0241459 -0.003
      vertex 0.0218124 0.0241459 0
      vertex 0.0218527 0.0240077 -0.003
    endloop
  endfacet
  facet normal 0.960051 0.279826 0
    outer loop
      vertex 0.0218124 0.0241459 0
      vertex 0.0218527 0.0240077 0
      vertex 0.0218527 0.0240077 -0.003
    endloop
  endfacet
  facet normal 0.946928 0.321447 0
    outer loop
      vertex 0.0218527 0.0240077 -0.003
      vertex 0.0218527 0.0240077 0
      vertex 0.021899 0.0238713 -0.003
    endloop
  endfacet
  facet normal 0.946928 0.321447 0
    outer loop
      vertex 0.0218527 0.0240077 0
      vertex 0.021899 0.0238713 0
      vertex 0.021899 0.0238713 -0.003
    endloop
  endfacet
  facet normal 0.93201 0.362431 0
    outer loop
      vertex 0.021899 0.0238713 -0.003
      vertex 0.021899 0.0238713 0
      vertex 0.0219512 0.0237371 -0.003
    endloop
  endfacet
  facet normal 0.93201 0.362431 0
    outer loop
      vertex 0.021899 0.0238713 0
      vertex 0.0219512 0.0237371 0
      vertex 0.0219512 0.0237371 -0.003
    endloop
  endfacet
  facet normal 0.91531 0.402751 0
    outer loop
      vertex 0.0219512 0.0237371 -0.003
      vertex 0.0219512 0.0237371 0
      vertex 0.0220092 0.0236054 -0.003
    endloop
  endfacet
  facet normal 0.91531 0.402751 0
    outer loop
      vertex 0.0219512 0.0237371 0
      vertex 0.0220092 0.0236054 0
      vertex 0.0220092 0.0236054 -0.003
    endloop
  endfacet
  facet normal 0.896872 0.442291 0
    outer loop
      vertex 0.0220092 0.0236054 -0.003
      vertex 0.0220092 0.0236054 0
      vertex 0.0220729 0.0234762 -0.003
    endloop
  endfacet
  facet normal 0.896872 0.442291 0
    outer loop
      vertex 0.0220092 0.0236054 0
      vertex 0.0220729 0.0234762 0
      vertex 0.0220729 0.0234762 -0.003
    endloop
  endfacet
  facet normal 0.876729 0.480985 0
    outer loop
      vertex 0.0220729 0.0234762 -0.003
      vertex 0.0220729 0.0234762 0
      vertex 0.0221421 0.02335 -0.003
    endloop
  endfacet
  facet normal 0.876729 0.480985 0
    outer loop
      vertex 0.0220729 0.0234762 0
      vertex 0.0221421 0.02335 0
      vertex 0.0221421 0.02335 -0.003
    endloop
  endfacet
  facet normal 0.854913 0.518772 0
    outer loop
      vertex 0.0221421 0.02335 -0.003
      vertex 0.0221421 0.02335 0
      vertex 0.0222168 0.0232269 -0.003
    endloop
  endfacet
  facet normal 0.854913 0.518772 0
    outer loop
      vertex 0.0221421 0.02335 0
      vertex 0.0222168 0.0232269 0
      vertex 0.0222168 0.0232269 -0.003
    endloop
  endfacet
  facet normal 0.831473 0.555566 0
    outer loop
      vertex 0.0222168 0.0232269 -0.003
      vertex 0.0222168 0.0232269 0
      vertex 0.0222968 0.0231072 -0.003
    endloop
  endfacet
  facet normal 0.831473 0.555566 0
    outer loop
      vertex 0.0222168 0.0232269 0
      vertex 0.0222968 0.0231072 0
      vertex 0.0222968 0.0231072 -0.003
    endloop
  endfacet
  facet normal 0.806442 0.591313 0
    outer loop
      vertex 0.0222968 0.0231072 -0.003
      vertex 0.0222968 0.0231072 0
      vertex 0.0223819 0.0229911 -0.003
    endloop
  endfacet
  facet normal 0.806442 0.591313 0
    outer loop
      vertex 0.0222968 0.0231072 0
      vertex 0.0223819 0.0229911 0
      vertex 0.0223819 0.0229911 -0.003
    endloop
  endfacet
  facet normal 0.77988 0.62593 0
    outer loop
      vertex 0.0223819 0.0229911 -0.003
      vertex 0.0223819 0.0229911 0
      vertex 0.0224721 0.0228788 -0.003
    endloop
  endfacet
  facet normal 0.77988 0.62593 0
    outer loop
      vertex 0.0223819 0.0229911 0
      vertex 0.0224721 0.0228788 0
      vertex 0.0224721 0.0228788 -0.003
    endloop
  endfacet
  facet normal 0.751842 0.659343 0
    outer loop
      vertex 0.0224721 0.0228788 -0.003
      vertex 0.0224721 0.0228788 0
      vertex 0.022567 0.0227706 -0.003
    endloop
  endfacet
  facet normal 0.751842 0.659343 0
    outer loop
      vertex 0.0224721 0.0228788 0
      vertex 0.022567 0.0227706 0
      vertex 0.022567 0.0227706 -0.003
    endloop
  endfacet
  facet normal 0.722366 0.691511 0
    outer loop
      vertex 0.022567 0.0227706 -0.003
      vertex 0.022567 0.0227706 0
      vertex 0.0226665 0.0226665 -0.003
    endloop
  endfacet
  facet normal 0.722366 0.691511 0
    outer loop
      vertex 0.022567 0.0227706 0
      vertex 0.0226665 0.0226665 0
      vertex 0.0226665 0.0226665 -0.003
    endloop
  endfacet
  facet normal 0.691511 0.722366 0
    outer loop
      vertex 0.0226665 0.0226665 -0.003
      vertex 0.0226665 0.0226665 0
      vertex 0.0227706 0.022567 -0.003
    endloop
  endfacet
  facet normal 0.691511 0.722366 0
    outer loop
      vertex 0.0226665 0.0226665 0
      vertex 0.0227706 0.022567 0
      vertex 0.0227706 0.022567 -0.003
    endloop
  endfacet
  facet normal 0.659343 0.751842 0
    outer loop
      vertex 0.0227706 0.022567 -0.003
      vertex 0.0227706 0.022567 0
      vertex 0.0228788 0.0224721 -0.003
    endloop
  endfacet
  facet normal 0.659343 0.751842 0
    outer loop
      vertex 0.0227706 0.022567 0
      vertex 0.0228788 0.0224721 0
      vertex 0.0228788 0.0224721 -0.003
    endloop
  endfacet
  facet normal 0.62593 0.77988 0
    outer loop
      vertex 0.0228788 0.0224721 -0.003
      vertex 0.0228788 0.0224721 0
      vertex 0.0229911 0.0223819 -0.003
    endloop
  endfacet
  facet normal 0.62593 0.77988 0
    outer loop
      vertex 0.0228788 0.0224721 0
      vertex 0.0229911 0.0223819 0
      vertex 0.0229911 0.0223819 -0.003
    endloop
  endfacet
  facet normal 0.591313 0.806442 0
    outer loop
      vertex 0.0229911 0.0223819 -0.003
      vertex 0.0229911 0.0223819 0
      vertex 0.0231072 0.0222968 -0.003
    endloop
  endfacet
  facet normal 0.591313 0.806442 0
    outer loop
      vertex 0.0229911 0.0223819 0
      vertex 0.0231072 0.0222968 0
      vertex 0.0231072 0.0222968 -0.003
    endloop
  endfacet
  facet normal 0.555566 0.831473 0
    outer loop
      vertex 0.0231072 0.0222968 -0.003
      vertex 0.0231072 0.0222968 0
      vertex 0.0232269 0.0222168 -0.003
    endloop
  endfacet
  facet normal 0.555566 0.831473 0
    outer loop
      vertex 0.0231072 0.0222968 0
      vertex 0.0232269 0.0222168 0
      vertex 0.0232269 0.0222168 -0.003
    endloop
  endfacet
  facet normal 0.518772 0.854913 0
    outer loop
      vertex 0.0232269 0.0222168 -0.003
      vertex 0.0232269 0.0222168 0
      vertex 0.02335 0.0221421 -0.003
    endloop
  endfacet
  facet normal 0.518772 0.854913 0
    outer loop
      vertex 0.0232269 0.0222168 0
      vertex 0.02335 0.0221421 0
      vertex 0.02335 0.0221421 -0.003
    endloop
  endfacet
  facet normal 0.480985 0.876729 0
    outer loop
      vertex 0.02335 0.0221421 -0.003
      vertex 0.02335 0.0221421 0
      vertex 0.0234762 0.0220729 -0.003
    endloop
  endfacet
  facet normal 0.480985 0.876729 0
    outer loop
      vertex 0.02335 0.0221421 0
      vertex 0.0234762 0.0220729 0
      vertex 0.0234762 0.0220729 -0.003
    endloop
  endfacet
  facet normal 0.442291 0.896872 0
    outer loop
      vertex 0.0234762 0.0220729 -0.003
      vertex 0.0234762 0.0220729 0
      vertex 0.0236054 0.0220092 -0.003
    endloop
  endfacet
  facet normal 0.442291 0.896872 0
    outer loop
      vertex 0.0234762 0.0220729 0
      vertex 0.0236054 0.0220092 0
      vertex 0.0236054 0.0220092 -0.003
    endloop
  endfacet
  facet normal 0.402751 0.91531 0
    outer loop
      vertex 0.0236054 0.0220092 -0.003
      vertex 0.0236054 0.0220092 0
      vertex 0.0237371 0.0219512 -0.003
    endloop
  endfacet
  facet normal 0.402751 0.91531 0
    outer loop
      vertex 0.0236054 0.0220092 0
      vertex 0.0237371 0.0219512 0
      vertex 0.0237371 0.0219512 -0.003
    endloop
  endfacet
  facet normal 0.362431 0.93201 0
    outer loop
      vertex 0.0237371 0.0219512 -0.003
      vertex 0.0237371 0.0219512 0
      vertex 0.0238713 0.021899 -0.003
    endloop
  endfacet
  facet normal 0.362431 0.93201 0
    outer loop
      vertex 0.0237371 0.0219512 0
      vertex 0.0238713 0.021899 0
      vertex 0.0238713 0.021899 -0.003
    endloop
  endfacet
  facet normal 0.321447 0.946928 0
    outer loop
      vertex 0.0238713 0.021899 -0.003
      vertex 0.0238713 0.021899 0
      vertex 0.0240077 0.0218527 -0.003
    endloop
  endfacet
  facet normal 0.321447 0.946928 0
    outer loop
      vertex 0.0238713 0.021899 0
      vertex 0.0240077 0.0218527 0
      vertex 0.0240077 0.0218527 -0.003
    endloop
  endfacet
  facet normal 0.279826 0.960051 0
    outer loop
      vertex 0.0240077 0.0218527 -0.003
      vertex 0.0240077 0.0218527 0
      vertex 0.0241459 0.0218124 -0.003
    endloop
  endfacet
  facet normal 0.279826 0.960051 0
    outer loop
      vertex 0.0240077 0.0218527 0
      vertex 0.0241459 0.0218124 0
      vertex 0.0241459 0.0218124 -0.003
    endloop
  endfacet
  facet normal 0.23768 0.971343 0
    outer loop
      vertex 0.0241459 0.0218124 -0.003
      vertex 0.0241459 0.0218124 0
      vertex 0.0242857 0.0217782 -0.003
    endloop
  endfacet
  facet normal 0.23768 0.971343 0
    outer loop
      vertex 0.0241459 0.0218124 0
      vertex 0.0242857 0.0217782 0
      vertex 0.0242857 0.0217782 -0.003
    endloop
  endfacet
  facet normal 0.195101 0.980783 0
    outer loop
      vertex 0.0242857 0.0217782 -0.003
      vertex 0.0242857 0.0217782 0
      vertex 0.024427 0.0217501 -0.003
    endloop
  endfacet
  facet normal 0.195101 0.980783 0
    outer loop
      vertex 0.0242857 0.0217782 0
      vertex 0.024427 0.0217501 0
      vertex 0.024427 0.0217501 -0.003
    endloop
  endfacet
  facet normal 0.152114 0.988363 0
    outer loop
      vertex 0.024427 0.0217501 -0.003
      vertex 0.024427 0.0217501 0
      vertex 0.0245693 0.0217282 -0.003
    endloop
  endfacet
  facet normal 0.152114 0.988363 0
    outer loop
      vertex 0.024427 0.0217501 0
      vertex 0.0245693 0.0217282 0
      vertex 0.0245693 0.0217282 -0.003
    endloop
  endfacet
  facet normal 0.108865 0.994057 0
    outer loop
      vertex 0.0245693 0.0217282 -0.003
      vertex 0.0245693 0.0217282 0
      vertex 0.0247124 0.0217126 -0.003
    endloop
  endfacet
  facet normal 0.108865 0.994057 0
    outer loop
      vertex 0.0245693 0.0217282 0
      vertex 0.0247124 0.0217126 0
      vertex 0.0247124 0.0217126 -0.003
    endloop
  endfacet
  facet normal 0.0654096 0.997858 0
    outer loop
      vertex 0.0247124 0.0217126 -0.003
      vertex 0.0247124 0.0217126 0
      vertex 0.0248561 0.0217031 -0.003
    endloop
  endfacet
  facet normal 0.0654096 0.997858 0
    outer loop
      vertex 0.0247124 0.0217126 0
      vertex 0.0248561 0.0217031 0
      vertex 0.0248561 0.0217031 -0.003
    endloop
  endfacet
  facet normal 0.0218116 0.999762 0
    outer loop
      vertex 0.0248561 0.0217031 -0.003
      vertex 0.0248561 0.0217031 0
      vertex 0.025 0.0217 -0.003
    endloop
  endfacet
  facet normal 0.0218116 0.999762 0
    outer loop
      vertex 0.0248561 0.0217031 0
      vertex 0.025 0.0217 0
      vertex 0.025 0.0217 -0.003
    endloop
  endfacet
  facet normal -0.0218119 0.999762 0
    outer loop
      vertex 0.025 0.0217 -0.003
      vertex 0.025 0.0217 0
      vertex 0.0251439 0.0217031 -0.003
    endloop
  endfacet
  facet normal -0.0218119 0.999762 0
    outer loop
      vertex 0.025 0.0217 0
      vertex 0.0251439 0.0217031 0
      vertex 0.0251439 0.0217031 -0.003
    endloop
  endfacet
  facet normal -0.0654096 0.997858 0
    outer loop
      vertex 0.0251439 0.0217031 -0.003
      vertex 0.0251439 0.0217031 0
      vertex 0.0252876 0.0217126 -0.003
    endloop
  endfacet
  facet normal -0.0654096 0.997858 0
    outer loop
      vertex 0.0251439 0.0217031 0
      vertex 0.0252876 0.0217126 0
      vertex 0.0252876 0.0217126 -0.003
    endloop
  endfacet
  facet normal -0.108864 0.994057 0
    outer loop
      vertex 0.0252876 0.0217126 -0.003
      vertex 0.0252876 0.0217126 0
      vertex 0.0254307 0.0217282 -0.003
    endloop
  endfacet
  facet normal -0.108864 0.994057 0
    outer loop
      vertex 0.0252876 0.0217126 0
      vertex 0.0254307 0.0217282 0
      vertex 0.0254307 0.0217282 -0.003
    endloop
  endfacet
  facet normal -0.152114 0.988363 0
    outer loop
      vertex 0.0254307 0.0217282 -0.003
      vertex 0.0254307 0.0217282 0
      vertex 0.025573 0.0217501 -0.003
    endloop
  endfacet
  facet normal -0.152114 0.988363 0
    outer loop
      vertex 0.0254307 0.0217282 0
      vertex 0.025573 0.0217501 0
      vertex 0.025573 0.0217501 -0.003
    endloop
  endfacet
  facet normal -0.195103 0.980783 0
    outer loop
      vertex 0.025573 0.0217501 -0.003
      vertex 0.025573 0.0217501 0
      vertex 0.0257143 0.0217782 -0.003
    endloop
  endfacet
  facet normal -0.195103 0.980783 0
    outer loop
      vertex 0.025573 0.0217501 0
      vertex 0.0257143 0.0217782 0
      vertex 0.0257143 0.0217782 -0.003
    endloop
  endfacet
  facet normal -0.237677 0.971344 0
    outer loop
      vertex 0.0257143 0.0217782 -0.003
      vertex 0.0257143 0.0217782 0
      vertex 0.0258541 0.0218124 -0.003
    endloop
  endfacet
  facet normal -0.237677 0.971344 0
    outer loop
      vertex 0.0257143 0.0217782 0
      vertex 0.0258541 0.0218124 0
      vertex 0.0258541 0.0218124 -0.003
    endloop
  endfacet
  facet normal -0.27983 0.96005 0
    outer loop
      vertex 0.0258541 0.0218124 -0.003
      vertex 0.0258541 0.0218124 0
      vertex 0.0259923 0.0218527 -0.003
    endloop
  endfacet
  facet normal -0.27983 0.96005 0
    outer loop
      vertex 0.0258541 0.0218124 0
      vertex 0.0259923 0.0218527 0
      vertex 0.0259923 0.0218527 -0.003
    endloop
  endfacet
  facet normal -0.321443 0.946929 0
    outer loop
      vertex 0.0259923 0.0218527 -0.003
      vertex 0.0259923 0.0218527 0
      vertex 0.0261287 0.021899 -0.003
    endloop
  endfacet
  facet normal -0.321443 0.946929 0
    outer loop
      vertex 0.0259923 0.0218527 0
      vertex 0.0261287 0.021899 0
      vertex 0.0261287 0.021899 -0.003
    endloop
  endfacet
  facet normal -0.362431 0.93201 0
    outer loop
      vertex 0.0261287 0.021899 -0.003
      vertex 0.0261287 0.021899 0
      vertex 0.0262629 0.0219512 -0.003
    endloop
  endfacet
  facet normal -0.362431 0.93201 0
    outer loop
      vertex 0.0261287 0.021899 0
      vertex 0.0262629 0.0219512 0
      vertex 0.0262629 0.0219512 -0.003
    endloop
  endfacet
  facet normal -0.402751 0.91531 0
    outer loop
      vertex 0.0262629 0.0219512 -0.003
      vertex 0.0262629 0.0219512 0
      vertex 0.0263946 0.0220092 -0.003
    endloop
  endfacet
  facet normal -0.402751 0.91531 0
    outer loop
      vertex 0.0262629 0.0219512 0
      vertex 0.0263946 0.0220092 0
      vertex 0.0263946 0.0220092 -0.003
    endloop
  endfacet
  facet normal -0.442291 0.896872 0
    outer loop
      vertex 0.0263946 0.0220092 -0.003
      vertex 0.0263946 0.0220092 0
      vertex 0.0265238 0.0220729 -0.003
    endloop
  endfacet
  facet normal -0.442291 0.896872 0
    outer loop
      vertex 0.0263946 0.0220092 0
      vertex 0.0265238 0.0220729 0
      vertex 0.0265238 0.0220729 -0.003
    endloop
  endfacet
  facet normal -0.480985 0.876729 0
    outer loop
      vertex 0.0265238 0.0220729 -0.003
      vertex 0.0265238 0.0220729 0
      vertex 0.02665 0.0221421 -0.003
    endloop
  endfacet
  facet normal -0.480985 0.876729 0
    outer loop
      vertex 0.0265238 0.0220729 0
      vertex 0.02665 0.0221421 0
      vertex 0.02665 0.0221421 -0.003
    endloop
  endfacet
  facet normal -0.518772 0.854913 0
    outer loop
      vertex 0.02665 0.0221421 -0.003
      vertex 0.02665 0.0221421 0
      vertex 0.0267731 0.0222168 -0.003
    endloop
  endfacet
  facet normal -0.518772 0.854913 0
    outer loop
      vertex 0.02665 0.0221421 0
      vertex 0.0267731 0.0222168 0
      vertex 0.0267731 0.0222168 -0.003
    endloop
  endfacet
  facet normal -0.555572 0.831469 0
    outer loop
      vertex 0.0267731 0.0222168 -0.003
      vertex 0.0267731 0.0222168 0
      vertex 0.0268928 0.0222968 -0.003
    endloop
  endfacet
  facet normal -0.555572 0.831469 0
    outer loop
      vertex 0.0267731 0.0222168 0
      vertex 0.0268928 0.0222968 0
      vertex 0.0268928 0.0222968 -0.003
    endloop
  endfacet
  facet normal -0.591306 0.806447 0
    outer loop
      vertex 0.0268928 0.0222968 -0.003
      vertex 0.0268928 0.0222968 0
      vertex 0.0270089 0.0223819 -0.003
    endloop
  endfacet
  facet normal -0.591306 0.806447 0
    outer loop
      vertex 0.0268928 0.0222968 0
      vertex 0.0270089 0.0223819 0
      vertex 0.0270089 0.0223819 -0.003
    endloop
  endfacet
  facet normal -0.62593 0.77988 0
    outer loop
      vertex 0.0270089 0.0223819 -0.003
      vertex 0.0270089 0.0223819 0
      vertex 0.0271212 0.0224721 -0.003
    endloop
  endfacet
  facet normal -0.62593 0.77988 0
    outer loop
      vertex 0.0270089 0.0223819 0
      vertex 0.0271212 0.0224721 0
      vertex 0.0271212 0.0224721 -0.003
    endloop
  endfacet
  facet normal -0.65935 0.751837 0
    outer loop
      vertex 0.0271212 0.0224721 -0.003
      vertex 0.0271212 0.0224721 0
      vertex 0.0272294 0.022567 -0.003
    endloop
  endfacet
  facet normal -0.65935 0.751837 0
    outer loop
      vertex 0.0271212 0.0224721 0
      vertex 0.0272294 0.022567 0
      vertex 0.0272294 0.022567 -0.003
    endloop
  endfacet
  facet normal -0.691505 0.722372 0
    outer loop
      vertex 0.0272294 0.022567 -0.003
      vertex 0.0272294 0.022567 0
      vertex 0.0273335 0.0226665 -0.003
    endloop
  endfacet
  facet normal -0.691505 0.722372 0
    outer loop
      vertex 0.0272294 0.022567 0
      vertex 0.0273335 0.0226665 0
      vertex 0.0273335 0.0226665 -0.003
    endloop
  endfacet
  facet normal -0.722366 0.691511 0
    outer loop
      vertex 0.0273335 0.0226665 -0.003
      vertex 0.0273335 0.0226665 0
      vertex 0.027433 0.0227706 -0.003
    endloop
  endfacet
  facet normal -0.722366 0.691511 0
    outer loop
      vertex 0.0273335 0.0226665 0
      vertex 0.027433 0.0227706 0
      vertex 0.027433 0.0227706 -0.003
    endloop
  endfacet
  facet normal -0.751842 0.659343 0
    outer loop
      vertex 0.027433 0.0227706 -0.003
      vertex 0.027433 0.0227706 0
      vertex 0.0275279 0.0228788 -0.003
    endloop
  endfacet
  facet normal -0.751842 0.659343 0
    outer loop
      vertex 0.027433 0.0227706 0
      vertex 0.0275279 0.0228788 0
      vertex 0.0275279 0.0228788 -0.003
    endloop
  endfacet
  facet normal -0.779886 0.625922 0
    outer loop
      vertex 0.0275279 0.0228788 -0.003
      vertex 0.0275279 0.0228788 0
      vertex 0.0276181 0.0229911 -0.003
    endloop
  endfacet
  facet normal -0.779886 0.625922 0
    outer loop
      vertex 0.0275279 0.0228788 0
      vertex 0.0276181 0.0229911 0
      vertex 0.0276181 0.0229911 -0.003
    endloop
  endfacet
  facet normal -0.806442 0.591313 0
    outer loop
      vertex 0.0276181 0.0229911 -0.003
      vertex 0.0276181 0.0229911 0
      vertex 0.0277032 0.0231072 -0.003
    endloop
  endfacet
  facet normal -0.806442 0.591313 0
    outer loop
      vertex 0.0276181 0.0229911 0
      vertex 0.0277032 0.0231072 0
      vertex 0.0277032 0.0231072 -0.003
    endloop
  endfacet
  facet normal -0.831467 0.555575 0
    outer loop
      vertex 0.0277032 0.0231072 -0.003
      vertex 0.0277032 0.0231072 0
      vertex 0.0277832 0.0232269 -0.003
    endloop
  endfacet
  facet normal -0.831467 0.555575 0
    outer loop
      vertex 0.0277032 0.0231072 0
      vertex 0.0277832 0.0232269 0
      vertex 0.0277832 0.0232269 -0.003
    endloop
  endfacet
  facet normal -0.854918 0.518762 0
    outer loop
      vertex 0.0277832 0.0232269 -0.003
      vertex 0.0277832 0.0232269 0
      vertex 0.0278579 0.02335 -0.003
    endloop
  endfacet
  facet normal -0.854918 0.518762 0
    outer loop
      vertex 0.0277832 0.0232269 0
      vertex 0.0278579 0.02335 0
      vertex 0.0278579 0.02335 -0.003
    endloop
  endfacet
  facet normal -0.876723 0.480995 0
    outer loop
      vertex 0.0278579 0.02335 -0.003
      vertex 0.0278579 0.02335 0
      vertex 0.0279271 0.0234762 -0.003
    endloop
  endfacet
  facet normal -0.876723 0.480995 0
    outer loop
      vertex 0.0278579 0.02335 0
      vertex 0.0279271 0.0234762 0
      vertex 0.0279271 0.0234762 -0.003
    endloop
  endfacet
  facet normal -0.896872 0.442291 0
    outer loop
      vertex 0.0279271 0.0234762 -0.003
      vertex 0.0279271 0.0234762 0
      vertex 0.0279908 0.0236054 -0.003
    endloop
  endfacet
  facet normal -0.896872 0.442291 0
    outer loop
      vertex 0.0279271 0.0234762 0
      vertex 0.0279908 0.0236054 0
      vertex 0.0279908 0.0236054 -0.003
    endloop
  endfacet
  facet normal -0.915314 0.40274 0
    outer loop
      vertex 0.0279908 0.0236054 -0.003
      vertex 0.0279908 0.0236054 0
      vertex 0.0280488 0.0237371 -0.003
    endloop
  endfacet
  facet normal -0.915314 0.40274 0
    outer loop
      vertex 0.0279908 0.0236054 0
      vertex 0.0280488 0.0237371 0
      vertex 0.0280488 0.0237371 -0.003
    endloop
  endfacet
  facet normal -0.932006 0.362443 0
    outer loop
      vertex 0.0280488 0.0237371 -0.003
      vertex 0.0280488 0.0237371 0
      vertex 0.028101 0.0238713 -0.003
    endloop
  endfacet
  facet normal -0.932006 0.362443 0
    outer loop
      vertex 0.0280488 0.0237371 0
      vertex 0.028101 0.0238713 0
      vertex 0.028101 0.0238713 -0.003
    endloop
  endfacet
  facet normal -0.946932 0.321435 0
    outer loop
      vertex 0.028101 0.0238713 -0.003
      vertex 0.028101 0.0238713 0
      vertex 0.0281473 0.0240077 -0.003
    endloop
  endfacet
  facet normal -0.946932 0.321435 0
    outer loop
      vertex 0.028101 0.0238713 0
      vertex 0.0281473 0.0240077 0
      vertex 0.0281473 0.0240077 -0.003
    endloop
  endfacet
  facet normal -0.960051 0.279826 0
    outer loop
      vertex 0.0281473 0.0240077 -0.003
      vertex 0.0281473 0.0240077 0
      vertex 0.0281876 0.0241459 -0.003
    endloop
  endfacet
  facet normal -0.960051 0.279826 0
    outer loop
      vertex 0.0281473 0.0240077 0
      vertex 0.0281876 0.0241459 0
      vertex 0.0281876 0.0241459 -0.003
    endloop
  endfacet
  facet normal -0.97134 0.237693 0
    outer loop
      vertex 0.0281876 0.0241459 -0.003
      vertex 0.0281876 0.0241459 0
      vertex 0.0282218 0.0242857 -0.003
    endloop
  endfacet
  facet normal -0.97134 0.237693 0
    outer loop
      vertex 0.0281876 0.0241459 0
      vertex 0.0282218 0.0242857 0
      vertex 0.0282218 0.0242857 -0.003
    endloop
  endfacet
  facet normal -0.980786 0.195089 0
    outer loop
      vertex 0.0282218 0.0242857 -0.003
      vertex 0.0282218 0.0242857 0
      vertex 0.0282499 0.024427 -0.003
    endloop
  endfacet
  facet normal -0.980786 0.195089 0
    outer loop
      vertex 0.0282218 0.0242857 0
      vertex 0.0282499 0.024427 0
      vertex 0.0282499 0.024427 -0.003
    endloop
  endfacet
  facet normal -0.988361 0.152126 0
    outer loop
      vertex 0.0282499 0.024427 -0.003
      vertex 0.0282499 0.024427 0
      vertex 0.0282718 0.0245693 -0.003
    endloop
  endfacet
  facet normal -0.988361 0.152126 0
    outer loop
      vertex 0.0282499 0.024427 0
      vertex 0.0282718 0.0245693 0
      vertex 0.0282718 0.0245693 -0.003
    endloop
  endfacet
  facet normal -0.994057 0.108865 0
    outer loop
      vertex 0.0282718 0.0245693 -0.003
      vertex 0.0282718 0.0245693 0
      vertex 0.0282874 0.0247124 -0.003
    endloop
  endfacet
  facet normal -0.994057 0.108865 0
    outer loop
      vertex 0.0282718 0.0245693 0
      vertex 0.0282874 0.0247124 0
      vertex 0.0282874 0.0247124 -0.003
    endloop
  endfacet
  facet normal -0.997858 0.0654096 0
    outer loop
      vertex 0.0282874 0.0247124 -0.003
      vertex 0.0282874 0.0247124 0
      vertex 0.0282969 0.0248561 -0.003
    endloop
  endfacet
  facet normal -0.997858 0.0654096 0
    outer loop
      vertex 0.0282874 0.0247124 0
      vertex 0.0282969 0.0248561 0
      vertex 0.0282969 0.0248561 -0.003
    endloop
  endfacet
  facet normal -0.999762 0.0218116 0
    outer loop
      vertex 0.0282969 0.0248561 -0.003
      vertex 0.0282969 0.0248561 0
      vertex 0.0283 0.025 -0.003
    endloop
  endfacet
  facet normal -0.999762 0.0218116 0
    outer loop
      vertex 0.0282969 0.0248561 0
      vertex 0.0283 0.025 0
      vertex 0.0283 0.025 -0.003
    endloop
  endfacet
  facet normal 0 0 1
    outer loop
      vertex -0.01556 0.01556 0.02936
      vertex -0.02 0.02 0.02936
      vertex -0.01556 -0.01556 0.02936
    endloop
  endfacet
  facet normal 0 0 1
    outer loop
      vertex -0.02 0.02 0.02936
      vertex -0.02 -0.02 0.02936
      vertex -0.01556 -0.01556 0.02936
    endloop
  endfacet
  facet normal 0 0 1
    outer loop
      vertex -0.01556 -0.01556 0.02936
      vertex -0.02 -0.02 0.02936
      vertex 0.01556 -0.01556 0.02936
    endloop
  endfacet
  facet normal 0 0 1
    outer loop
      vertex -0.02 -0.02 0.02936
      vertex 0.02 -0.02 0.02936
      vertex 0.01556 -0.01556 0.02936
    endloop
  endfacet
  facet normal 0 0 1
    outer loop
      vertex 0.01556 -0.01556 0.02936
      vertex 0.02 -0.02 0.02936
      vertex 0.01556 0.01556 0.02936
    endloop
  endfacet
  facet normal 0 0 1
    outer loop
      vertex 0.02 -0.02 0.02936
      vertex 0.02 0.02 0.02936
      vertex 0.01556 0.01556 0.02936
    endloop
  endfacet
  facet normal 0 0 1
    outer loop
      vertex 0.01556 0.01556 0.02936
      vertex 0.02 0.02 0.02936
      vertex -0.01556 0.01556 0.02936
    endloop
  endfacet
  facet normal 0 0 1
    outer loop
      vertex 0.02 0.02 0.02936
      vertex -0.02 0.02 0.02936
      vertex -0.01556 0.01556 0.02936
    endloop
  endfacet
  facet normal 0 1 0
    outer loop
      vertex -0.02 0.02 0
      vertex -0.02 0.02 0.02936
      vertex 0.02 0.02 0
    endloop
  endfacet
  facet normal 0 1 0
    outer loop
      vertex -0.02 0.02 0.02936
      vertex 0.02 0.02 0.02936
      vertex 0.02 0.02 0
    endloop
  endfacet
  facet normal 0 0 1
    outer loop
      vertex 0.0273335 0.0226665 0
      vertex 0.0272294 0.022567 0
      vertex 0.0325 0.02085 0
    endloop
  endfacet
  facet normal 0 0 1
    outer loop
      vertex 0.0272294 0.022567 0
      vertex 0.0271212 0.0224721 0
      vertex 0.0325 0.02085 0
    endloop
  endfacet
  facet normal 0 0 1
    outer loop
      vertex 0.0325 0.02085 0
      vertex 0.0271212 0.0224721 0
      vertex 0.0270089 0.0223819 0
    endloop
  endfacet
  facet normal 0 0 1
    outer loop
      vertex 0.0281473 0.0240077 0
      vertex 0.028101 0.0238713 0
      vertex 0.0325 0.02085 0
    endloop
  endfacet
  facet normal 0 0 1
    outer loop
      vertex 0.0263946 0.0220092 0
      vertex 0.0325 0.02085 0
      vertex 0.0265238 0.0220729 0
    endloop
  endfacet
  facet normal 0 0 1
    outer loop
      vertex 0.0325 0.02085 0
      vertex 0.02665 0.0221421 0
      vertex 0.0265238 0.0220729 0
    endloop
  endfacet
  facet normal 0 0 1
    outer loop
      vertex 0.0282969 0.0251439 0
      vertex 0.0283 0.025 0
      vertex 0.0325 0.02085 0
    endloop
  endfacet
  facet normal 0 0 1
    outer loop
      vertex 0.0283 0.025 0
      vertex 0.0282969 0.0248561 0
      vertex 0.0325 0.02085 0
    endloop
  endfacet
  facet normal 0 0 1
    outer loop
      vertex 0.0270089 0.0223819 0
      vertex 0.0268928 0.0222968 0
      vertex 0.0325 0.02085 0
    endloop
  endfacet
  facet normal 0 0 1
    outer loop
      vertex 0.0268928 0.0222968 0
      vertex 0.0267731 0.0222168 0
      vertex 0.0325 0.02085 0
    endloop
  endfacet
  facet normal 0 0 1
    outer loop
      vertex 0.0325 0.02085 0
      vertex 0.0267731 0.0222168 0
      vertex 0.02665 0.0221421 0
    endloop
  endfacet
  facet normal 0 0 1
    outer loop
      vertex 0.0232269 0.0222168 0
      vertex 0.0231072 0.0222968 0
      vertex -0.02085 0.02085 0
    endloop
  endfacet
  facet normal 0 0 1
    outer loop
      vertex 0.0282969 0.0248561 0
      vertex 0.0282874 0.0247124 0
      vertex 0.0325 0.02085 0
    endloop
  endfacet
  facet normal 0 0 1
    outer loop
      vertex 0.0282874 0.0247124 0
      vertex 0.0282718 0.0245693 0
      vertex 0.0325 0.02085 0
    endloop
  endfacet
  facet normal 0 0 1
    outer loop
      vertex 0.0325 0.02085 0
      vertex 0.0282718 0.0245693 0
      vertex 0.0282499 0.024427 0
    endloop
  endfacet
  facet normal 0 0 1
    outer loop
      vertex 0.0282499 0.024427 0
      vertex 0.0282218 0.0242857 0
      vertex 0.0325 0.02085 0
    endloop
  endfacet
  facet normal 0 0 1
    outer loop
      vertex 0.0282218 0.0242857 0
      vertex 0.0281876 0.0241459 0
      vertex 0.0325 0.02085 0
    endloop
  endfacet
  facet normal 0 0 1
    outer loop
      vertex 0.0325 0.02085 0
      vertex 0.0281876 0.0241459 0
      vertex 0.0281473 0.0240077 0
    endloop
  endfacet
  facet normal 0 0 1
    outer loop
      vertex 0.0231072 0.0222968 0
      vertex 0.0229911 0.0223819 0
      vertex -0.02085 0.02085 0
    endloop
  endfacet
  facet normal 0 0 1
    outer loop
      vertex 0.0229911 0.0223819 0
      vertex 0.0228788 0.0224721 0
      vertex -0.02085 0.02085 0
    endloop
  endfacet
  facet normal 0 0 1
    outer loop
      vertex -0.02085 0.02085 0
      vertex 0.0228788 0.0224721 0
      vertex 0.0227706 0.022567 0
    endloop
  endfacet
  facet normal 0 0 1
    outer loop
      vertex 0.0227706 0.022567 0
      vertex 0.0226665 0.0226665 0
      vertex -0.02085 0.02085 0
    endloop
  endfacet
  facet normal 0 0 1
    outer loop
      vertex 0.0226665 0.0226665 0
      vertex 0.022567 0.0227706 0
      vertex -0.02085 0.02085 0
    endloop
  endfacet
  facet normal 0 0 1
    outer loop
      vertex -0.02085 0.02085 0
      vertex 0.022567 0.0227706 0
      vertex 0.0224721 0.0228788 0
    endloop
  endfacet
  facet normal 0 0 1
    outer loop
      vertex 0.02665 0.0278579 0
      vertex 0.0267731 0.0277832 0
      vertex 0.0325 0.0325 0
    endloop
  endfacet
  facet normal 0 0 1
    outer loop
      vertex 0.0267731 0.0277832 0
      vertex 0.0268928 0.0277032 0
      vertex 0.0325 0.0325 0
    endloop
  endfacet
  facet normal 0 0 1
    outer loop
      vertex 0.0272294 0.027433 0
      vertex 0.0273335 0.0273335 0
      vertex 0.0325 0.0325 0
    endloop
  endfacet
  facet normal 0 0 1
    outer loop
      vertex 0.0273335 0.0273335 0
      vertex 0.027433 0.0272294 0
      vertex 0.0325 0.0325 0
    endloop
  endfacet
  facet normal 0 0 1
    outer loop
      vertex 0.0325 0.0325 0
      vertex 0.027433 0.0272294 0
      vertex 0.0275279 0.0271212 0
    endloop
  endfacet
  facet normal 0 0 1
    outer loop
      vertex 0.0275279 0.0271212 0
      vertex 0.0276181 0.0270089 0
      vertex 0.0325 0.0325 0
    endloop
  endfacet
  facet normal 0 0 1
    outer loop
      vertex 0.0276181 0.0270089 0
      vertex 0.0277032 0.0268928 0
      vertex 0.0325 0.0325 0
    endloop
  endfacet
  facet normal 0 0 1
    outer loop
      vertex 0.0325 0.0325 0
      vertex 0.0277032 0.0268928 0
      vertex 0.0277832 0.0267731 0
    endloop
  endfacet
  facet normal 0 0 1
    outer loop
      vertex 0.0325 0.02085 0
      vertex 0.0277032 0.0231072 0
      vertex 0.0276181 0.0229911 0
    endloop
  endfacet
  facet normal 0 0 1
    outer loop
      vertex 0.0325 0.02085 0
      vertex 0.0259923 0.0218527 0
      vertex 0.0258541 0.0218124 0
    endloop
  endfacet
  facet normal 0 0 1
    outer loop
      vertex 0.0242857 0.0217782 0
      vertex 0.0241459 0.0218124 0
      vertex -0.02085 0.02085 0
    endloop
  endfacet
  facet normal 0 0 1
    outer loop
      vertex 0.0241459 0.0218124 0
      vertex 0.0240077 0.0218527 0
      vertex -0.02085 0.02085 0
    endloop
  endfacet
  facet normal 0 0 1
    outer loop
      vertex -0.02085 0.02085 0
      vertex 0.0217501 0.024427 0
      vertex 0.0217282 0.0245693 0
    endloop
  endfacet
  facet normal 0 0 1
    outer loop
      vertex 0.0268928 0.0277032 0
      vertex 0.0270089 0.0276181 0
      vertex 0.0325 0.0325 0
    endloop
  endfacet
  facet normal 0 0 1
    outer loop
      vertex 0.0270089 0.0276181 0
      vertex 0.0271212 0.0275279 0
      vertex 0.0325 0.0325 0
    endloop
  endfacet
  facet normal 0 0 1
    outer loop
      vertex 0.0325 0.0325 0
      vertex 0.0271212 0.0275279 0
      vertex 0.0272294 0.027433 0
    endloop
  endfacet
  facet normal 0 0 1
    outer loop
      vertex 0.028101 0.0238713 0
      vertex 0.0280488 0.0237371 0
      vertex 0.0325 0.02085 0
    endloop
  endfacet
  facet normal 0 0 1
    outer loop
      vertex 0.0280488 0.0237371 0
      vertex 0.0279908 0.0236054 0
      vertex 0.0325 0.02085 0
    endloop
  endfacet
  facet normal 0 0 1
    outer loop
      vertex 0.0325 0.02085 0
      vertex 0.0279908 0.0236054 0
      vertex 0.0279271 0.0234762 0
    endloop
  endfacet
  facet normal 0 0 1
    outer loop
      vertex 0.0276181 0.0229911 0
      vertex 0.0275279 0.0228788 0
      vertex 0.0325 0.02085 0
    endloop
  endfacet
  facet normal 0 0 1
    outer loop
      vertex 0.0275279 0.0228788 0
      vertex 0.027433 0.0227706 0
      vertex 0.0325 0.02085 0
    endloop
  endfacet
  facet normal 0 0 1
    outer loop
      vertex 0.0325 0.02085 0
      vertex 0.027433 0.0227706 0
      vertex 0.0273335 0.0226665 0
    endloop
  endfacet
  facet normal 0 0 1
    outer loop
      vertex 0.0263946 0.0220092 0
      vertex 0.0262629 0.0219512 0
      vertex 0.0325 0.02085 0
    endloop
  endfacet
  facet normal 0 0 1
    outer loop
      vertex 0.0262629 0.0219512 0
      vertex 0.0261287 0.021899 0
      vertex 0.0325 0.02085 0
    endloop
  endfacet
  facet normal 0 0 1
    outer loop
      vertex 0.0325 0.02085 0
      vertex 0.0261287 0.021899 0
      vertex 0.0259923 0.0218527 0
    endloop
  endfacet
  facet normal 0 0 1
    outer loop
      vertex 0.0258541 0.0218124 0
      vertex 0.0257143 0.0217782 0
      vertex 0.0325 0.02085 0
    endloop
  endfacet
  facet normal 0 0 1
    outer loop
      vertex 0.0257143 0.0217782 0
      vertex 0.025573 0.0217501 0
      vertex 0.0325 0.02085 0
    endloop
  endfacet
  facet normal 0 0 1
    outer loop
      vertex 0.0325 0.02085 0
      vertex 0.025573 0.0217501 0
      vertex 0.0254307 0.0217282 0
    endloop
  endfacet
  facet normal 0 0 1
    outer loop
      vertex 0.0254307 0.0217282 0
      vertex 0.0252876 0.0217126 0
      vertex 0.0325 0.02085 0
    endloop
  endfacet
  facet normal 0 0 1
    outer loop
      vertex 0.0252876 0.0217126 0
      vertex 0.0251439 0.0217031 0
      vertex 0.0325 0.02085 0
    endloop
  endfacet
  facet normal 0 0 1
    outer loop
      vertex 0.0325 0.02085 0
      vertex 0.0251439 0.0217031 0
      vertex 0.025 0.0217 0
    endloop
  endfacet
  facet normal 0 0 1
    outer loop
      vertex 0.0248561 0.0217031 0
      vertex 0.0247124 0.0217126 0
      vertex -0.02085 0.02085 0
    endloop
  endfacet
  facet normal 0 0 1
    outer loop
      vertex 0.0247124 0.0217126 0
      vertex 0.0245693 0.0217282 0
      vertex -0.02085 0.02085 0
    endloop
  endfacet
  facet normal 0 0 1
    outer loop
      vertex 0.0245693 0.0217282 0
      vertex 0.024427 0.0217501 0
      vertex -0.02085 0.02085 0
    endloop
  endfacet
  facet normal 0 0 1
    outer loop
      vertex -0.02085 0.02085 0
      vertex 0.024427 0.0217501 0
      vertex 0.0242857 0.0217782 0
    endloop
  endfacet
  facet normal 0 0 1
    outer loop
      vertex 0.0240077 0.0218527 0
      vertex 0.0238713 0.021899 0
      vertex -0.02085 0.02085 0
    endloop
  endfacet
  facet normal 0 0 1
    outer loop
      vertex 0.0238713 0.021899 0
      vertex 0.0237371 0.0219512 0
      vertex -0.02085 0.02085 0
    endloop
  endfacet
  facet normal 0 0 1
    outer loop
      vertex -0.02085 0.02085 0
      vertex 0.0237371 0.0219512 0
      vertex 0.0236054 0.0220092 0
    endloop
  endfacet
  facet normal 0 0 1
    outer loop
      vertex 0.0236054 0.0220092 0
      vertex 0.0234762 0.0220729 0
      vertex -0.02085 0.02085 0
    endloop
  endfacet
  facet normal 0 0 1
    outer loop
      vertex 0.0234762 0.0220729 0
      vertex 0.02335 0.0221421 0
      vertex -0.02085 0.02085 0
    endloop
  endfacet
  facet normal 0 0 1
    outer loop
      vertex -0.02085 0.02085 0
      vertex 0.02335 0.0221421 0
      vertex 0.0232269 0.0222168 0
    endloop
  endfacet
  facet normal 0 0 1
    outer loop
      vertex 0.0222168 0.0232269 0
      vertex 0.0221421 0.02335 0
      vertex -0.02085 0.02085 0
    endloop
  endfacet
  facet normal 0 0 1
    outer loop
      vertex 0.0221421 0.02335 0
      vertex 0.0220729 0.0234762 0
      vertex -0.02085 0.02085 0
    endloop
  endfacet
  facet normal 0 0 1
    outer loop
      vertex -0.02085 0.02085 0
      vertex 0.0220729 0.0234762 0
      vertex 0.0220092 0.0236054 0
    endloop
  endfacet
  facet normal 0 0 1
    outer loop
      vertex 0.0218527 0.0240077 0
      vertex 0.0218124 0.0241459 0
      vertex -0.02085 0.02085 0
    endloop
  endfacet
  facet normal 0 0 1
    outer loop
      vertex 0.0218124 0.0241459 0
      vertex 0.0217782 0.0242857 0
      vertex -0.02085 0.02085 0
    endloop
  endfacet
  facet normal 0 0 1
    outer loop
      vertex -0.02085 0.02085 0
      vertex 0.0217782 0.0242857 0
      vertex 0.0217501 0.024427 0
    endloop
  endfacet
  facet normal 0 0 1
    outer loop
      vertex 0.0223819 0.0270089 0
      vertex 0.0224721 0.0271212 0
      vertex -0.02085 0.0325 0
    endloop
  endfacet
  facet normal 0 0 1
    outer loop
      vertex 0.0223819 0.0270089 0
      vertex -0.02085 0.0325 0
      vertex 0.0222968 0.0268928 0
    endloop
  endfacet
  facet normal 0 0 1
    outer loop
      vertex 0.0262629 0.0280488 0
      vertex 0.0263946 0.0279908 0
      vertex 0.0325 0.0325 0
    endloop
  endfacet
  facet normal 0 0 1
    outer loop
      vertex 0.0263946 0.0279908 0
      vertex 0.0265238 0.0279271 0
      vertex 0.0325 0.0325 0
    endloop
  endfacet
  facet normal 0 0 1
    outer loop
      vertex 0.0325 0.0325 0
      vertex 0.0265238 0.0279271 0
      vertex 0.02665 0.0278579 0
    endloop
  endfacet
  facet normal 0 0 1
    outer loop
      vertex 0.0279271 0.0234762 0
      vertex 0.0278579 0.02335 0
      vertex 0.0325 0.02085 0
    endloop
  endfacet
  facet normal 0 0 1
    outer loop
      vertex 0.0278579 0.02335 0
      vertex 0.0277832 0.0232269 0
      vertex 0.0325 0.02085 0
    endloop
  endfacet
  facet normal 0 0 1
    outer loop
      vertex 0.0325 0.02085 0
      vertex 0.0277832 0.0232269 0
      vertex 0.0277032 0.0231072 0
    endloop
  endfacet
  facet normal 0 0 1
    outer loop
      vertex 0.0224721 0.0228788 0
      vertex 0.0223819 0.0229911 0
      vertex -0.02085 0.02085 0
    endloop
  endfacet
  facet normal 0 0 1
    outer loop
      vertex 0.0223819 0.0229911 0
      vertex 0.0222968 0.0231072 0
      vertex -0.02085 0.02085 0
    endloop
  endfacet
  facet normal 0 0 1
    outer loop
      vertex -0.02085 0.02085 0
      vertex 0.0222968 0.0231072 0
      vertex 0.0222168 0.0232269 0
    endloop
  endfacet
  facet normal 0 0 1
    outer loop
      vertex 0.0220092 0.0236054 0
      vertex 0.0219512 0.0237371 0
      vertex -0.02085 0.02085 0
    endloop
  endfacet
  facet normal 0 0 1
    outer loop
      vertex 0.0219512 0.0237371 0
      vertex 0.021899 0.0238713 0
      vertex -0.02085 0.02085 0
    endloop
  endfacet
  facet normal 0 0 1
    outer loop
      vertex -0.02085 0.02085 0
      vertex 0.021899 0.0238713 0
      vertex 0.0218527 0.0240077 0
    endloop
  endfacet
  facet normal 0 0 1
    outer loop
      vertex 0.0217282 0.0245693 0
      vertex 0.0217126 0.0247124 0
      vertex -0.02085 0.02085 0
    endloop
  endfacet
  facet normal 0 0 1
    outer loop
      vertex 0.0217126 0.0247124 0
      vertex 0.0217031 0.0248561 0
      vertex -0.02085 0.02085 0
    endloop
  endfacet
  facet normal 0 0 1
    outer loop
      vertex -0.02085 0.02085 0
      vertex 0.0217031 0.0248561 0
      vertex 0.0217 0.025 0
    endloop
  endfacet
  facet normal 0 0 1
    outer loop
      vertex 0.0217282 0.0254307 0
      vertex 0.0217501 0.025573 0
      vertex -0.02085 0.0325 0
    endloop
  endfacet
  facet normal 0 0 1
    outer loop
      vertex 0.0217501 0.025573 0
      vertex 0.0217782 0.0257143 0
      vertex -0.02085 0.0325 0
    endloop
  endfacet
  facet normal 0 0 1
    outer loop
      vertex 0.0217782 0.0257143 0
      vertex 0.0218124 0.0258541 0
      vertex -0.02085 0.0325 0
    endloop
  endfacet
  facet normal 0 0 1
    outer loop
      vertex 0.0218124 0.0258541 0
      vertex 0.0218527 0.0259923 0
      vertex -0.02085 0.0325 0
    endloop
  endfacet
  facet normal 0 0 1
    outer loop
      vertex -0.02085 0.0325 0
      vertex 0.0218527 0.0259923 0
      vertex 0.021899 0.0261287 0
    endloop
  endfacet
  facet normal 0 0 1
    outer loop
      vertex 0.0277832 0.0267731 0
      vertex 0.0278579 0.02665 0
      vertex 0.0325 0.0325 0
    endloop
  endfacet
  facet normal 0 0 1
    outer loop
      vertex 0.0278579 0.02665 0
      vertex 0.0279271 0.0265238 0
      vertex 0.0325 0.0325 0
    endloop
  endfacet
  facet normal 0 0 1
    outer loop
      vertex 0.0325 0.0325 0
      vertex 0.0279271 0.0265238 0
      vertex 0.0279908 0.0263946 0
    endloop
  endfacet
  facet normal 0 0 1
    outer loop
      vertex 0.0282218 0.0257143 0
      vertex 0.0325 0.0325 0
      vertex 0.0281876 0.0258541 0
    endloop
  endfacet
  facet normal 0 0 1
    outer loop
      vertex 0.0325 0.0325 0
      vertex 0.0281473 0.0259923 0
      vertex 0.0281876 0.0258541 0
    endloop
  endfacet
  facet normal 0 0 1
    outer loop
      vertex 0.0282218 0.0257143 0
      vertex 0.0282499 0.025573 0
      vertex 0.0325 0.0325 0
    endloop
  endfacet
  facet normal 0 0 1
    outer loop
      vertex 0.0282499 0.025573 0
      vertex 0.0282718 0.0254307 0
      vertex 0.0325 0.0325 0
    endloop
  endfacet
  facet normal 0 0 1
    outer loop
      vertex 0.0325 0.0325 0
      vertex 0.0282718 0.0254307 0
      vertex 0.0325 0.02085 0
    endloop
  endfacet
  facet normal 0 0 1
    outer loop
      vertex 0.0282718 0.0254307 0
      vertex 0.0282874 0.0252876 0
      vertex 0.0325 0.02085 0
    endloop
  endfacet
  facet normal 0 0 1
    outer loop
      vertex 0.0325 0.02085 0
      vertex 0.0282874 0.0252876 0
      vertex 0.0282969 0.0251439 0
    endloop
  endfacet
  facet normal 0 0 1
    outer loop
      vertex 0.0217 0.025 0
      vertex 0.0217031 0.0251439 0
      vertex -0.02085 0.0325 0
    endloop
  endfacet
  facet normal 0 0 1
    outer loop
      vertex 0.0217031 0.0251439 0
      vertex 0.0217126 0.0252876 0
      vertex -0.02085 0.0325 0
    endloop
  endfacet
  facet normal 0 0 1
    outer loop
      vertex -0.02085 0.0325 0
      vertex 0.0217126 0.0252876 0
      vertex 0.0217282 0.0254307 0
    endloop
  endfacet
  facet normal 0 0 1
    outer loop
      vertex 0.021899 0.0261287 0
      vertex 0.0219512 0.0262629 0
      vertex -0.02085 0.0325 0
    endloop
  endfacet
  facet normal 0 0 1
    outer loop
      vertex 0.0219512 0.0262629 0
      vertex 0.0220092 0.0263946 0
      vertex -0.02085 0.0325 0
    endloop
  endfacet
  facet normal 0 0 1
    outer loop
      vertex -0.02085 0.0325 0
      vertex 0.0220092 0.0263946 0
      vertex 0.0220729 0.0265238 0
    endloop
  endfacet
  facet normal 0 0 1
    outer loop
      vertex 0.0220729 0.0265238 0
      vertex 0.0221421 0.02665 0
      vertex -0.02085 0.0325 0
    endloop
  endfacet
  facet normal 0 0 1
    outer loop
      vertex 0.0221421 0.02665 0
      vertex 0.0222168 0.0267731 0
      vertex -0.02085 0.0325 0
    endloop
  endfacet
  facet normal 0 0 1
    outer loop
      vertex -0.02085 0.0325 0
      vertex 0.0222168 0.0267731 0
      vertex 0.0222968 0.0268928 0
    endloop
  endfacet
  facet normal 0 0 1
    outer loop
      vertex -0.02085 0.0325 0
      vertex 0.0231072 0.0277032 0
      vertex 0.0232269 0.0277832 0
    endloop
  endfacet
  facet normal 0 0 1
    outer loop
      vertex 0.0240077 0.0281473 0
      vertex 0.0241459 0.0281876 0
      vertex -0.02085 0.0325 0
    endloop
  endfacet
  facet normal 0 0 1
    outer loop
      vertex 0.0241459 0.0281876 0
      vertex 0.0242857 0.0282218 0
      vertex -0.02085 0.0325 0
    endloop
  endfacet
  facet normal 0 0 1
    outer loop
      vertex -0.02085 0.0325 0
      vertex 0.0242857 0.0282218 0
      vertex 0.0325 0.0325 0
    endloop
  endfacet
  facet normal 0 0 1
    outer loop
      vertex 0.0242857 0.0282218 0
      vertex 0.024427 0.0282499 0
      vertex 0.0325 0.0325 0
    endloop
  endfacet
  facet normal 0 0 1
    outer loop
      vertex 0.0325 0.0325 0
      vertex 0.024427 0.0282499 0
      vertex 0.0245693 0.0282718 0
    endloop
  endfacet
  facet normal 0 0 1
    outer loop
      vertex 0.0254307 0.0282718 0
      vertex 0.025573 0.0282499 0
      vertex 0.0325 0.0325 0
    endloop
  endfacet
  facet normal 0 0 1
    outer loop
      vertex 0.025573 0.0282499 0
      vertex 0.0257143 0.0282218 0
      vertex 0.0325 0.0325 0
    endloop
  endfacet
  facet normal 0 0 1
    outer loop
      vertex 0.0325 0.0325 0
      vertex 0.0257143 0.0282218 0
      vertex 0.0258541 0.0281876 0
    endloop
  endfacet
  facet normal 0 0 1
    outer loop
      vertex 0.0258541 0.0281876 0
      vertex 0.0259923 0.0281473 0
      vertex 0.0325 0.0325 0
    endloop
  endfacet
  facet normal 0 0 1
    outer loop
      vertex 0.0259923 0.0281473 0
      vertex 0.0261287 0.028101 0
      vertex 0.0325 0.0325 0
    endloop
  endfacet
  facet normal 0 0 1
    outer loop
      vertex 0.0325 0.0325 0
      vertex 0.0261287 0.028101 0
      vertex 0.0262629 0.0280488 0
    endloop
  endfacet
  facet normal 0 0 1
    outer loop
      vertex 0.0279908 0.0263946 0
      vertex 0.0280488 0.0262629 0
      vertex 0.0325 0.0325 0
    endloop
  endfacet
  facet normal 0 0 1
    outer loop
      vertex 0.0280488 0.0262629 0
      vertex 0.028101 0.0261287 0
      vertex 0.0325 0.0325 0
    endloop
  endfacet
  facet normal 0 0 1
    outer loop
      vertex 0.0325 0.0325 0
      vertex 0.028101 0.0261287 0
      vertex 0.0281473 0.0259923 0
    endloop
  endfacet
  facet normal 0 0 1
    outer loop
      vertex 0.0224721 0.0271212 0
      vertex 0.022567 0.0272294 0
      vertex -0.02085 0.0325 0
    endloop
  endfacet
  facet normal 0 0 1
    outer loop
      vertex 0.022567 0.0272294 0
      vertex 0.0226665 0.0273335 0
      vertex -0.02085 0.0325 0
    endloop
  endfacet
  facet normal 0 0 1
    outer loop
      vertex -0.02085 0.0325 0
      vertex 0.0226665 0.0273335 0
      vertex 0.0227706 0.027433 0
    endloop
  endfacet
  facet normal 0 0 1
    outer loop
      vertex 0.0232269 0.0277832 0
      vertex 0.02335 0.0278579 0
      vertex -0.02085 0.0325 0
    endloop
  endfacet
  facet normal 0 0 1
    outer loop
      vertex 0.02335 0.0278579 0
      vertex 0.0234762 0.0279271 0
      vertex -0.02085 0.0325 0
    endloop
  endfacet
  facet normal 0 0 1
    outer loop
      vertex -0.02085 0.0325 0
      vertex 0.0234762 0.0279271 0
      vertex 0.0236054 0.0279908 0
    endloop
  endfacet
  facet normal 0 0 1
    outer loop
      vertex 0.0236054 0.0279908 0
      vertex 0.0237371 0.0280488 0
      vertex -0.02085 0.0325 0
    endloop
  endfacet
  facet normal 0 0 1
    outer loop
      vertex 0.0237371 0.0280488 0
      vertex 0.0238713 0.028101 0
      vertex -0.02085 0.0325 0
    endloop
  endfacet
  facet normal 0 0 1
    outer loop
      vertex -0.02085 0.0325 0
      vertex 0.0238713 0.028101 0
      vertex 0.0240077 0.0281473 0
    endloop
  endfacet
  facet normal 0 0 1
    outer loop
      vertex 0.0227706 0.027433 0
      vertex 0.0228788 0.0275279 0
      vertex -0.02085 0.0325 0
    endloop
  endfacet
  facet normal 0 0 1
    outer loop
      vertex 0.0228788 0.0275279 0
      vertex 0.0229911 0.0276181 0
      vertex -0.02085 0.0325 0
    endloop
  endfacet
  facet normal 0 0 1
    outer loop
      vertex -0.02085 0.0325 0
      vertex 0.0229911 0.0276181 0
      vertex 0.0231072 0.0277032 0
    endloop
  endfacet
  facet normal 0 0 1
    outer loop
      vertex 0.0245693 0.0282718 0
      vertex 0.0247124 0.0282874 0
      vertex 0.0325 0.0325 0
    endloop
  endfacet
  facet normal 0 0 1
    outer loop
      vertex 0.0247124 0.0282874 0
      vertex 0.0248561 0.0282969 0
      vertex 0.0325 0.0325 0
    endloop
  endfacet
  facet normal 0 0 1
    outer loop
      vertex 0.0325 0.0325 0
      vertex 0.0248561 0.0282969 0
      vertex 0.025 0.0283 0
    endloop
  endfacet
  facet normal 0 0 1
    outer loop
      vertex 0.025 0.0283 0
      vertex 0.0251439 0.0282969 0
      vertex 0.0325 0.0325 0
    endloop
  endfacet
  facet normal 0 0 1
    outer loop
      vertex 0.0251439 0.0282969 0
      vertex 0.0252876 0.0282874 0
      vertex 0.0325 0.0325 0
    endloop
  endfacet
  facet normal 0 0 1
    outer loop
      vertex 0.0325 0.0325 0
      vertex 0.0252876 0.0282874 0
      vertex 0.0254307 0.0282718 0
    endloop
  endfacet
  facet normal 0 0 1
    outer loop
      vertex -0.0226665 0.0226665 0
      vertex -0.0227706 0.022567 0
      vertex -0.02085 0.02085 0
    endloop
  endfacet
  facet normal 0 0 1
    outer loop
      vertex -0.0227706 0.022567 0
      vertex -0.0228788 0.0224721 0
      vertex -0.02085 0.02085 0
    endloop
  endfacet
  facet normal 0 0 1
    outer loop
      vertex -0.02085 0.02085 0
      vertex -0.0228788 0.0224721 0
      vertex -0.0229911 0.0223819 0
    endloop
  endfacet
  facet normal 0 0 1
    outer loop
      vertex -0.0218527 0.0240077 0
      vertex -0.021899 0.0238713 0
      vertex -0.02085 0.02085 0
    endloop
  endfacet
  facet normal 0 0 1
    outer loop
      vertex -0.0236054 0.0220092 0
      vertex -0.02085 0.02085 0
      vertex -0.0234762 0.0220729 0
    endloop
  endfacet
  facet normal 0 0 1
    outer loop
      vertex -0.02085 0.02085 0
      vertex -0.02335 0.0221421 0
      vertex -0.0234762 0.0220729 0
    endloop
  endfacet
  facet normal 0 0 1
    outer loop
      vertex -0.02085 0.02085 0
      vertex -0.0217 0.025 0
      vertex -0.0217031 0.0248561 0
    endloop
  endfacet
  facet normal 0 0 1
    outer loop
      vertex -0.0229911 0.0223819 0
      vertex -0.0231072 0.0222968 0
      vertex -0.02085 0.02085 0
    endloop
  endfacet
  facet normal 0 0 1
    outer loop
      vertex -0.0231072 0.0222968 0
      vertex -0.0232269 0.0222168 0
      vertex -0.02085 0.02085 0
    endloop
  endfacet
  facet normal 0 0 1
    outer loop
      vertex -0.02085 0.02085 0
      vertex -0.0232269 0.0222168 0
      vertex -0.02335 0.0221421 0
    endloop
  endfacet
  facet normal 0 0 1
    outer loop
      vertex -0.0267731 0.0222168 0
      vertex -0.0268928 0.0222968 0
      vertex -0.0325 0.02085 0
    endloop
  endfacet
  facet normal 0 0 1
    outer loop
      vertex -0.0217031 0.0248561 0
      vertex -0.0217126 0.0247124 0
      vertex -0.02085 0.02085 0
    endloop
  endfacet
  facet normal 0 0 1
    outer loop
      vertex -0.0217126 0.0247124 0
      vertex -0.0217282 0.0245693 0
      vertex -0.02085 0.02085 0
    endloop
  endfacet
  facet normal 0 0 1
    outer loop
      vertex -0.02085 0.02085 0
      vertex -0.0217282 0.0245693 0
      vertex -0.0217501 0.024427 0
    endloop
  endfacet
  facet normal 0 0 1
    outer loop
      vertex -0.0217501 0.024427 0
      vertex -0.0217782 0.0242857 0
      vertex -0.02085 0.02085 0
    endloop
  endfacet
  facet normal 0 0 1
    outer loop
      vertex -0.0217782 0.0242857 0
      vertex -0.0218124 0.0241459 0
      vertex -0.02085 0.02085 0
    endloop
  endfacet
  facet normal 0 0 1
    outer loop
      vertex -0.02085 0.02085 0
      vertex -0.0218124 0.0241459 0
      vertex -0.0218527 0.0240077 0
    endloop
  endfacet
  facet normal 0 0 1
    outer loop
      vertex -0.0268928 0.0222968 0
      vertex -0.0270089 0.0223819 0
      vertex -0.0325 0.02085 0
    endloop
  endfacet
  facet normal 0 0 1
    outer loop
      vertex -0.0270089 0.0223819 0
      vertex -0.0271212 0.0224721 0
      vertex -0.0325 0.02085 0
    endloop
  endfacet
  facet normal 0 0 1
    outer loop
      vertex -0.0325 0.02085 0
      vertex -0.0271212 0.0224721 0
      vertex -0.0272294 0.022567 0
    endloop
  endfacet
  facet normal 0 0 1
    outer loop
      vertex -0.0272294 0.022567 0
      vertex -0.0273335 0.0226665 0
      vertex -0.0325 0.02085 0
    endloop
  endfacet
  facet normal 0 0 1
    outer loop
      vertex -0.0273335 0.0226665 0
      vertex -0.027433 0.0227706 0
      vertex -0.0325 0.02085 0
    endloop
  endfacet
  facet normal 0 0 1
    outer loop
      vertex -0.0325 0.02085 0
      vertex -0.027433 0.0227706 0
      vertex -0.0275279 0.0228788 0
    endloop
  endfacet
  facet normal 0 0 1
    outer loop
      vertex -0.02335 0.0278579 0
      vertex -0.0232269 0.0277832 0
      vertex -0.02085 0.0325 0
    endloop
  endfacet
  facet normal 0 0 1
    outer loop
      vertex -0.0232269 0.0277832 0
      vertex -0.0231072 0.0277032 0
      vertex -0.02085 0.0325 0
    endloop
  endfacet
  facet normal 0 0 1
    outer loop
      vertex -0.0227706 0.027433 0
      vertex -0.0226665 0.0273335 0
      vertex -0.02085 0.0325 0
    endloop
  endfacet
  facet normal 0 0 1
    outer loop
      vertex -0.0226665 0.0273335 0
      vertex -0.022567 0.0272294 0
      vertex -0.02085 0.0325 0
    endloop
  endfacet
  facet normal 0 0 1
    outer loop
      vertex -0.02085 0.0325 0
      vertex -0.022567 0.0272294 0
      vertex -0.0224721 0.0271212 0
    endloop
  endfacet
  facet normal 0 0 1
    outer loop
      vertex -0.0224721 0.0271212 0
      vertex -0.0223819 0.0270089 0
      vertex -0.02085 0.0325 0
    endloop
  endfacet
  facet normal 0 0 1
    outer loop
      vertex -0.0223819 0.0270089 0
      vertex -0.0222968 0.0268928 0
      vertex -0.02085 0.0325 0
    endloop
  endfacet
  facet normal 0 0 1
    outer loop
      vertex -0.02085 0.0325 0
      vertex -0.0222968 0.0268928 0
      vertex -0.0222168 0.0267731 0
    endloop
  endfacet
  facet normal 0 0 1
    outer loop
      vertex 0.0217 0.025 0
      vertex -0.02085 0.0325 0
      vertex -0.02085 0.02085 0
    endloop
  endfacet
  facet normal 0 0 1
    outer loop
      vertex -0.02085 0.0325 0
      vertex -0.0217031 0.0251439 0
      vertex -0.02085 0.02085 0
    endloop
  endfacet
  facet normal 0 0 1
    outer loop
      vertex -0.02085 0.02085 0
      vertex -0.0217031 0.0251439 0
      vertex -0.0217 0.025 0
    endloop
  endfacet
  facet normal 0 0 1
    outer loop
      vertex -0.02085 0.02085 0
      vertex -0.0222968 0.0231072 0
      vertex -0.0223819 0.0229911 0
    endloop
  endfacet
  facet normal 0 0 1
    outer loop
      vertex -0.0254307 0.0217282 0
      vertex -0.025573 0.0217501 0
      vertex -0.0325 0.02085 0
    endloop
  endfacet
  facet normal 0 0 1
    outer loop
      vertex -0.025573 0.0217501 0
      vertex -0.0257143 0.0217782 0
      vertex -0.0325 0.02085 0
    endloop
  endfacet
  facet normal 0 0 1
    outer loop
      vertex -0.0257143 0.0217782 0
      vertex -0.0258541 0.0218124 0
      vertex -0.0325 0.02085 0
    endloop
  endfacet
  facet normal 0 0 1
    outer loop
      vertex -0.0325 0.02085 0
      vertex -0.0258541 0.0218124 0
      vertex -0.0259923 0.0218527 0
    endloop
  endfacet
  facet normal 0 0 1
    outer loop
      vertex -0.0325 0.02085 0
      vertex -0.0282499 0.024427 0
      vertex -0.0282718 0.0245693 0
    endloop
  endfacet
  facet normal 0 0 1
    outer loop
      vertex -0.0231072 0.0277032 0
      vertex -0.0229911 0.0276181 0
      vertex -0.02085 0.0325 0
    endloop
  endfacet
  facet normal 0 0 1
    outer loop
      vertex -0.0229911 0.0276181 0
      vertex -0.0228788 0.0275279 0
      vertex -0.02085 0.0325 0
    endloop
  endfacet
  facet normal 0 0 1
    outer loop
      vertex -0.02085 0.0325 0
      vertex -0.0228788 0.0275279 0
      vertex -0.0227706 0.027433 0
    endloop
  endfacet
  facet normal 0 0 1
    outer loop
      vertex -0.021899 0.0238713 0
      vertex -0.0219512 0.0237371 0
      vertex -0.02085 0.02085 0
    endloop
  endfacet
  facet normal 0 0 1
    outer loop
      vertex -0.0219512 0.0237371 0
      vertex -0.0220092 0.0236054 0
      vertex -0.02085 0.02085 0
    endloop
  endfacet
  facet normal 0 0 1
    outer loop
      vertex -0.02085 0.02085 0
      vertex -0.0220092 0.0236054 0
      vertex -0.0220729 0.0234762 0
    endloop
  endfacet
  facet normal 0 0 1
    outer loop
      vertex -0.0223819 0.0229911 0
      vertex -0.0224721 0.0228788 0
      vertex -0.02085 0.02085 0
    endloop
  endfacet
  facet normal 0 0 1
    outer loop
      vertex -0.0224721 0.0228788 0
      vertex -0.022567 0.0227706 0
      vertex -0.02085 0.02085 0
    endloop
  endfacet
  facet normal 0 0 1
    outer loop
      vertex -0.02085 0.02085 0
      vertex -0.022567 0.0227706 0
      vertex -0.0226665 0.0226665 0
    endloop
  endfacet
  facet normal 0 0 1
    outer loop
      vertex -0.0236054 0.0220092 0
      vertex -0.0237371 0.0219512 0
      vertex -0.02085 0.02085 0
    endloop
  endfacet
  facet normal 0 0 1
    outer loop
      vertex -0.0237371 0.0219512 0
      vertex -0.0238713 0.021899 0
      vertex -0.02085 0.02085 0
    endloop
  endfacet
  facet normal 0 0 1
    outer loop
      vertex -0.02085 0.02085 0
      vertex -0.0238713 0.021899 0
      vertex -0.0240077 0.0218527 0
    endloop
  endfacet
  facet normal 0 0 1
    outer loop
      vertex -0.0240077 0.0218527 0
      vertex -0.0241459 0.0218124 0
      vertex -0.02085 0.02085 0
    endloop
  endfacet
  facet normal 0 0 1
    outer loop
      vertex -0.0241459 0.0218124 0
      vertex -0.0242857 0.0217782 0
      vertex -0.02085 0.02085 0
    endloop
  endfacet
  facet normal 0 0 1
    outer loop
      vertex -0.02085 0.02085 0
      vertex -0.0242857 0.0217782 0
      vertex -0.024427 0.0217501 0
    endloop
  endfacet
  facet normal 0 0 1
    outer loop
      vertex -0.024427 0.0217501 0
      vertex -0.0245693 0.0217282 0
      vertex -0.02085 0.02085 0
    endloop
  endfacet
  facet normal 0 0 1
    outer loop
      vertex -0.0245693 0.0217282 0
      vertex -0.0247124 0.0217126 0
      vertex -0.02085 0.02085 0
    endloop
  endfacet
  facet normal 0 0 1
    outer loop
      vertex -0.02085 0.02085 0
      vertex -0.0247124 0.0217126 0
      vertex -0.0248561 0.0217031 0
    endloop
  endfacet
  facet normal 0 0 1
    outer loop
      vertex -0.0259923 0.0218527 0
      vertex -0.0261287 0.021899 0
      vertex -0.0325 0.02085 0
    endloop
  endfacet
  facet normal 0 0 1
    outer loop
      vertex -0.0261287 0.021899 0
      vertex -0.0262629 0.0219512 0
      vertex -0.0325 0.02085 0
    endloop
  endfacet
  facet normal 0 0 1
    outer loop
      vertex -0.0325 0.02085 0
      vertex -0.0262629 0.0219512 0
      vertex -0.0263946 0.0220092 0
    endloop
  endfacet
  facet normal 0 0 1
    outer loop
      vertex -0.0263946 0.0220092 0
      vertex -0.0265238 0.0220729 0
      vertex -0.0325 0.02085 0
    endloop
  endfacet
  facet normal 0 0 1
    outer loop
      vertex -0.0265238 0.0220729 0
      vertex -0.02665 0.0221421 0
      vertex -0.0325 0.02085 0
    endloop
  endfacet
  facet normal 0 0 1
    outer loop
      vertex -0.0325 0.02085 0
      vertex -0.02665 0.0221421 0
      vertex -0.0267731 0.0222168 0
    endloop
  endfacet
  facet normal 0 0 1
    outer loop
      vertex -0.0277832 0.0232269 0
      vertex -0.0278579 0.02335 0
      vertex -0.0325 0.02085 0
    endloop
  endfacet
  facet normal 0 0 1
    outer loop
      vertex -0.0278579 0.02335 0
      vertex -0.0279271 0.0234762 0
      vertex -0.0325 0.02085 0
    endloop
  endfacet
  facet normal 0 0 1
    outer loop
      vertex -0.0325 0.02085 0
      vertex -0.0279271 0.0234762 0
      vertex -0.0279908 0.0236054 0
    endloop
  endfacet
  facet normal 0 0 1
    outer loop
      vertex -0.0281473 0.0240077 0
      vertex -0.0281876 0.0241459 0
      vertex -0.0325 0.02085 0
    endloop
  endfacet
  facet normal 0 0 1
    outer loop
      vertex -0.0281876 0.0241459 0
      vertex -0.0282218 0.0242857 0
      vertex -0.0325 0.02085 0
    endloop
  endfacet
  facet normal 0 0 1
    outer loop
      vertex -0.0325 0.02085 0
      vertex -0.0282218 0.0242857 0
      vertex -0.0282499 0.024427 0
    endloop
  endfacet
  facet normal 0 0 1
    outer loop
      vertex -0.0325 0.0325 0
      vertex -0.0282499 0.025573 0
      vertex -0.0282218 0.0257143 0
    endloop
  endfacet
  facet normal 0 0 1
    outer loop
      vertex -0.0259923 0.0281473 0
      vertex -0.0258541 0.0281876 0
      vertex -0.0325 0.0325 0
    endloop
  endfacet
  facet normal 0 0 1
    outer loop
      vertex -0.0258541 0.0281876 0
      vertex -0.0257143 0.0282218 0
      vertex -0.0325 0.0325 0
    endloop
  endfacet
  facet normal 0 0 1
    outer loop
      vertex -0.0237371 0.0280488 0
      vertex -0.0236054 0.0279908 0
      vertex -0.02085 0.0325 0
    endloop
  endfacet
  facet normal 0 0 1
    outer loop
      vertex -0.0236054 0.0279908 0
      vertex -0.0234762 0.0279271 0
      vertex -0.02085 0.0325 0
    endloop
  endfacet
  facet normal 0 0 1
    outer loop
      vertex -0.02085 0.0325 0
      vertex -0.0234762 0.0279271 0
      vertex -0.02335 0.0278579 0
    endloop
  endfacet
  facet normal 0 0 1
    outer loop
      vertex -0.0217501 0.025573 0
      vertex -0.0217282 0.0254307 0
      vertex -0.02085 0.0325 0
    endloop
  endfacet
  facet normal 0 0 1
    outer loop
      vertex -0.0217282 0.0254307 0
      vertex -0.0217126 0.0252876 0
      vertex -0.02085 0.0325 0
    endloop
  endfacet
  facet normal 0 0 1
    outer loop
      vertex -0.02085 0.0325 0
      vertex -0.0217126 0.0252876 0
      vertex -0.0217031 0.0251439 0
    endloop
  endfacet
  facet normal 0 0 1
    outer loop
      vertex -0.0220729 0.0234762 0
      vertex -0.0221421 0.02335 0
      vertex -0.02085 0.02085 0
    endloop
  endfacet
  facet normal 0 0 1
    outer loop
      vertex -0.0221421 0.02335 0
      vertex -0.0222168 0.0232269 0
      vertex -0.02085 0.02085 0
    endloop
  endfacet
  facet normal 0 0 1
    outer loop
      vertex -0.02085 0.02085 0
      vertex -0.0222168 0.0232269 0
      vertex -0.0222968 0.0231072 0
    endloop
  endfacet
  facet normal 0 0 1
    outer loop
      vertex -0.0248561 0.0217031 0
      vertex -0.025 0.0217 0
      vertex -0.02085 0.02085 0
    endloop
  endfacet
  facet normal 0 0 1
    outer loop
      vertex -0.025 0.0217 0
      vertex -0.0251439 0.0217031 0
      vertex -0.02085 0.02085 0
    endloop
  endfacet
  facet normal 0 0 1
    outer loop
      vertex -0.02085 0.02085 0
      vertex -0.0251439 0.0217031 0
      vertex -0.0325 0.02085 0
    endloop
  endfacet
  facet normal 0 0 1
    outer loop
      vertex -0.0251439 0.0217031 0
      vertex -0.0252876 0.0217126 0
      vertex -0.0325 0.02085 0
    endloop
  endfacet
  facet normal 0 0 1
    outer loop
      vertex -0.0325 0.02085 0
      vertex -0.0252876 0.0217126 0
      vertex -0.0254307 0.0217282 0
    endloop
  endfacet
  facet normal 0 0 1
    outer loop
      vertex -0.0275279 0.0228788 0
      vertex -0.0276181 0.0229911 0
      vertex -0.0325 0.02085 0
    endloop
  endfacet
  facet normal 0 0 1
    outer loop
      vertex -0.0276181 0.0229911 0
      vertex -0.0277032 0.0231072 0
      vertex -0.0325 0.02085 0
    endloop
  endfacet
  facet normal 0 0 1
    outer loop
      vertex -0.0325 0.02085 0
      vertex -0.0277032 0.0231072 0
      vertex -0.0277832 0.0232269 0
    endloop
  endfacet
  facet normal 0 0 1
    outer loop
      vertex -0.0279908 0.0236054 0
      vertex -0.0280488 0.0237371 0
      vertex -0.0325 0.02085 0
    endloop
  endfacet
  facet normal 0 0 1
    outer loop
      vertex -0.0280488 0.0237371 0
      vertex -0.028101 0.0238713 0
      vertex -0.0325 0.02085 0
    endloop
  endfacet
  facet normal 0 0 1
    outer loop
      vertex -0.0325 0.02085 0
      vertex -0.028101 0.0238713 0
      vertex -0.0281473 0.0240077 0
    endloop
  endfacet
  facet normal 0 0 1
    outer loop
      vertex -0.0282718 0.0245693 0
      vertex -0.0282874 0.0247124 0
      vertex -0.0325 0.02085 0
    endloop
  endfacet
  facet normal 0 0 1
    outer loop
      vertex -0.0282874 0.0247124 0
      vertex -0.0282969 0.0248561 0
      vertex -0.0325 0.02085 0
    endloop
  endfacet
  facet normal 0 0 1
    outer loop
      vertex -0.0325 0.02085 0
      vertex -0.0282969 0.0248561 0
      vertex -0.0283 0.025 0
    endloop
  endfacet
  facet normal 0 0 1
    outer loop
      vertex -0.0283 0.025 0
      vertex -0.0282969 0.0251439 0
      vertex -0.0325 0.02085 0
    endloop
  endfacet
  facet normal 0 0 1
    outer loop
      vertex -0.0282969 0.0251439 0
      vertex -0.0282874 0.0252876 0
      vertex -0.0325 0.02085 0
    endloop
  endfacet
  facet normal 0 0 1
    outer loop
      vertex -0.0325 0.02085 0
      vertex -0.0282874 0.0252876 0
      vertex -0.0325 0.0325 0
    endloop
  endfacet
  facet normal 0 0 1
    outer loop
      vertex -0.0282874 0.0252876 0
      vertex -0.0282718 0.0254307 0
      vertex -0.0325 0.0325 0
    endloop
  endfacet
  facet normal 0 0 1
    outer loop
      vertex -0.0325 0.0325 0
      vertex -0.0282718 0.0254307 0
      vertex -0.0282499 0.025573 0
    endloop
  endfacet
  facet normal 0 0 1
    outer loop
      vertex -0.0282218 0.0257143 0
      vertex -0.0281876 0.0258541 0
      vertex -0.0325 0.0325 0
    endloop
  endfacet
  facet normal 0 0 1
    outer loop
      vertex -0.0281876 0.0258541 0
      vertex -0.0281473 0.0259923 0
      vertex -0.0325 0.0325 0
    endloop
  endfacet
  facet normal 0 0 1
    outer loop
      vertex -0.0325 0.0325 0
      vertex -0.0281473 0.0259923 0
      vertex -0.028101 0.0261287 0
    endloop
  endfacet
  facet normal 0 0 1
    outer loop
      vertex -0.0277032 0.0268928 0
      vertex -0.0276181 0.0270089 0
      vertex -0.0325 0.0325 0
    endloop
  endfacet
  facet normal 0 0 1
    outer loop
      vertex -0.0276181 0.0270089 0
      vertex -0.0275279 0.0271212 0
      vertex -0.0325 0.0325 0
    endloop
  endfacet
  facet normal 0 0 1
    outer loop
      vertex -0.0325 0.0325 0
      vertex -0.0275279 0.0271212 0
      vertex -0.027433 0.0272294 0
    endloop
  endfacet
  facet normal 0 0 1
    outer loop
      vertex -0.0222168 0.0267731 0
      vertex -0.0221421 0.02665 0
      vertex -0.02085 0.0325 0
    endloop
  endfacet
  facet normal 0 0 1
    outer loop
      vertex -0.0221421 0.02665 0
      vertex -0.0220729 0.0265238 0
      vertex -0.02085 0.0325 0
    endloop
  endfacet
  facet normal 0 0 1
    outer loop
      vertex -0.02085 0.0325 0
      vertex -0.0220729 0.0265238 0
      vertex -0.0220092 0.0263946 0
    endloop
  endfacet
  facet normal 0 0 1
    outer loop
      vertex -0.0218527 0.0259923 0
      vertex -0.0218124 0.0258541 0
      vertex -0.02085 0.0325 0
    endloop
  endfacet
  facet normal 0 0 1
    outer loop
      vertex -0.0218124 0.0258541 0
      vertex -0.0217782 0.0257143 0
      vertex -0.02085 0.0325 0
    endloop
  endfacet
  facet normal 0 0 1
    outer loop
      vertex -0.02085 0.0325 0
      vertex -0.0217782 0.0257143 0
      vertex -0.0217501 0.025573 0
    endloop
  endfacet
  facet normal 0 0 1
    outer loop
      vertex -0.0279271 0.0265238 0
      vertex -0.0278579 0.02665 0
      vertex -0.0325 0.0325 0
    endloop
  endfacet
  facet normal 0 0 1
    outer loop
      vertex -0.0278579 0.02665 0
      vertex -0.0277832 0.0267731 0
      vertex -0.0325 0.0325 0
    endloop
  endfacet
  facet normal 0 0 1
    outer loop
      vertex -0.0325 0.0325 0
      vertex -0.0277832 0.0267731 0
      vertex -0.0277032 0.0268928 0
    endloop
  endfacet
  facet normal 0 0 1
    outer loop
      vertex -0.0245693 0.0282718 0
      vertex -0.024427 0.0282499 0
      vertex -0.02085 0.0325 0
    endloop
  endfacet
  facet normal 0 0 1
    outer loop
      vertex -0.024427 0.0282499 0
      vertex -0.0242857 0.0282218 0
      vertex -0.02085 0.0325 0
    endloop
  endfacet
  facet normal 0 0 1
    outer loop
      vertex -0.02085 0.0325 0
      vertex -0.0242857 0.0282218 0
      vertex -0.0241459 0.0281876 0
    endloop
  endfacet
  facet normal 0 0 1
    outer loop
      vertex -0.0241459 0.0281876 0
      vertex -0.0240077 0.0281473 0
      vertex -0.02085 0.0325 0
    endloop
  endfacet
  facet normal 0 0 1
    outer loop
      vertex -0.0240077 0.0281473 0
      vertex -0.0238713 0.028101 0
      vertex -0.02085 0.0325 0
    endloop
  endfacet
  facet normal 0 0 1
    outer loop
      vertex -0.02085 0.0325 0
      vertex -0.0238713 0.028101 0
      vertex -0.0237371 0.0280488 0
    endloop
  endfacet
  facet normal 0 0 1
    outer loop
      vertex -0.0220092 0.0263946 0
      vertex -0.0219512 0.0262629 0
      vertex -0.02085 0.0325 0
    endloop
  endfacet
  facet normal 0 0 1
    outer loop
      vertex -0.0219512 0.0262629 0
      vertex -0.021899 0.0261287 0
      vertex -0.02085 0.0325 0
    endloop
  endfacet
  facet normal 0 0 1
    outer loop
      vertex -0.02085 0.0325 0
      vertex -0.021899 0.0261287 0
      vertex -0.0218527 0.0259923 0
    endloop
  endfacet
  facet normal 0 0 1
    outer loop
      vertex -0.028101 0.0261287 0
      vertex -0.0280488 0.0262629 0
      vertex -0.0325 0.0325 0
    endloop
  endfacet
  facet normal 0 0 1
    outer loop
      vertex -0.0280488 0.0262629 0
      vertex -0.0279908 0.0263946 0
      vertex -0.0325 0.0325 0
    endloop
  endfacet
  facet normal 0 0 1
    outer loop
      vertex -0.0325 0.0325 0
      vertex -0.0279908 0.0263946 0
      vertex -0.0279271 0.0265238 0
    endloop
  endfacet
  facet normal 0 0 1
    outer loop
      vertex -0.027433 0.0272294 0
      vertex -0.0273335 0.0273335 0
      vertex -0.0325 0.0325 0
    endloop
  endfacet
  facet normal 0 0 1
    outer loop
      vertex -0.0273335 0.0273335 0
      vertex -0.0272294 0.027433 0
      vertex -0.0325 0.0325 0
    endloop
  endfacet
  facet normal 0 0 1
    outer loop
      vertex -0.0325 0.0325 0
      vertex -0.0272294 0.027433 0
      vertex -0.0271212 0.0275279 0
    endloop
  endfacet
  facet normal 0 0 1
    outer loop
      vertex -0.0267731 0.0277832 0
      vertex -0.02665 0.0278579 0
      vertex -0.0325 0.0325 0
    endloop
  endfacet
  facet normal 0 0 1
    outer loop
      vertex -0.02665 0.0278579 0
      vertex -0.0265238 0.0279271 0
      vertex -0.0325 0.0325 0
    endloop
  endfacet
  facet normal 0 0 1
    outer loop
      vertex -0.0325 0.0325 0
      vertex -0.0265238 0.0279271 0
      vertex -0.0263946 0.0279908 0
    endloop
  endfacet
  facet normal 0 0 1
    outer loop
      vertex -0.0263946 0.0279908 0
      vertex -0.0262629 0.0280488 0
      vertex -0.0325 0.0325 0
    endloop
  endfacet
  facet normal 0 0 1
    outer loop
      vertex -0.0262629 0.0280488 0
      vertex -0.0261287 0.028101 0
      vertex -0.0325 0.0325 0
    endloop
  endfacet
  facet normal 0 0 1
    outer loop
      vertex -0.0325 0.0325 0
      vertex -0.0261287 0.028101 0
      vertex -0.0259923 0.0281473 0
    endloop
  endfacet
  facet normal 0 0 1
    outer loop
      vertex -0.0251439 0.0282969 0
      vertex -0.025 0.0283 0
      vertex -0.02085 0.0325 0
    endloop
  endfacet
  facet normal 0 0 1
    outer loop
      vertex -0.0271212 0.0275279 0
      vertex -0.0270089 0.0276181 0
      vertex -0.0325 0.0325 0
    endloop
  endfacet
  facet normal 0 0 1
    outer loop
      vertex -0.0270089 0.0276181 0
      vertex -0.0268928 0.0277032 0
      vertex -0.0325 0.0325 0
    endloop
  endfacet
  facet normal 0 0 1
    outer loop
      vertex -0.0325 0.0325 0
      vertex -0.0268928 0.0277032 0
      vertex -0.0267731 0.0277832 0
    endloop
  endfacet
  facet normal 0 0 1
    outer loop
      vertex -0.0257143 0.0282218 0
      vertex -0.025573 0.0282499 0
      vertex -0.0325 0.0325 0
    endloop
  endfacet
  facet normal 0 0 1
    outer loop
      vertex -0.025573 0.0282499 0
      vertex -0.0254307 0.0282718 0
      vertex -0.0325 0.0325 0
    endloop
  endfacet
  facet normal 0 0 1
    outer loop
      vertex -0.0325 0.0325 0
      vertex -0.0254307 0.0282718 0
      vertex -0.02085 0.0325 0
    endloop
  endfacet
  facet normal 0 0 1
    outer loop
      vertex -0.0254307 0.0282718 0
      vertex -0.0252876 0.0282874 0
      vertex -0.02085 0.0325 0
    endloop
  endfacet
  facet normal 0 0 1
    outer loop
      vertex -0.02085 0.0325 0
      vertex -0.0252876 0.0282874 0
      vertex -0.0251439 0.0282969 0
    endloop
  endfacet
  facet normal 0 0 1
    outer loop
      vertex -0.025 0.0283 0
      vertex -0.0248561 0.0282969 0
      vertex -0.02085 0.0325 0
    endloop
  endfacet
  facet normal 0 0 1
    outer loop
      vertex -0.0248561 0.0282969 0
      vertex -0.0247124 0.0282874 0
      vertex -0.02085 0.0325 0
    endloop
  endfacet
  facet normal 0 0 1
    outer loop
      vertex -0.02085 0.0325 0
      vertex -0.0247124 0.0282874 0
      vertex -0.0245693 0.0282718 0
    endloop
  endfacet
  facet normal 0 0 1
    outer loop
      vertex -0.02 -0.02 0
      vertex -0.02 0.02 0
      vertex -0.02085 0.02085 0
    endloop
  endfacet
  facet normal 0 0 1
    outer loop
      vertex 0.0273335 -0.0273335 0
      vertex 0.0272294 -0.027433 0
      vertex 0.0325 -0.0325 0
    endloop
  endfacet
  facet normal 0 0 1
    outer loop
      vertex 0.0272294 -0.027433 0
      vertex 0.0271212 -0.0275279 0
      vertex 0.0325 -0.0325 0
    endloop
  endfacet
  facet normal 0 0 1
    outer loop
      vertex 0.0325 -0.0325 0
      vertex 0.0271212 -0.0275279 0
      vertex 0.0270089 -0.0276181 0
    endloop
  endfacet
  facet normal 0 0 1
    outer loop
      vertex 0.025 0.0217 0
      vertex 0.0248561 0.0217031 0
      vertex 0.0325 0.02085 0
    endloop
  endfacet
  facet normal 0 0 1
    outer loop
      vertex 0.0248561 0.0217031 0
      vertex -0.02085 0.02085 0
      vertex 0.0325 0.02085 0
    endloop
  endfacet
  facet normal 0 0 1
    outer loop
      vertex 0.0325 0.02085 0
      vertex -0.02085 0.02085 0
      vertex 0.02 0.02 0
    endloop
  endfacet
  facet normal 0 0 1
    outer loop
      vertex -0.02085 0.02085 0
      vertex -0.02 0.02 0
      vertex 0.02 0.02 0
    endloop
  endfacet
  facet normal 0 0 1
    outer loop
      vertex 0.0227706 -0.027433 0
      vertex 0.0226665 -0.0273335 0
      vertex -0.02085 -0.0325 0
    endloop
  endfacet
  facet normal 0 0 1
    outer loop
      vertex 0.0226665 -0.0273335 0
      vertex 0.022567 -0.0272294 0
      vertex -0.02085 -0.0325 0
    endloop
  endfacet
  facet normal 0 0 1
    outer loop
      vertex -0.02085 -0.0325 0
      vertex 0.022567 -0.0272294 0
      vertex 0.0224721 -0.0271212 0
    endloop
  endfacet
  facet normal 0 0 1
    outer loop
      vertex 0.0281473 -0.0259923 0
      vertex 0.028101 -0.0261287 0
      vertex 0.0325 -0.0325 0
    endloop
  endfacet
  facet normal 0 0 1
    outer loop
      vertex 0.0263946 -0.0279908 0
      vertex 0.0325 -0.0325 0
      vertex 0.0265238 -0.0279271 0
    endloop
  endfacet
  facet normal 0 0 1
    outer loop
      vertex 0.0325 -0.0325 0
      vertex 0.02665 -0.0278579 0
      vertex 0.0265238 -0.0279271 0
    endloop
  endfacet
  facet normal 0 0 1
    outer loop
      vertex 0.0282969 -0.0248561 0
      vertex 0.0283 -0.025 0
      vertex 0.0325 -0.0325 0
    endloop
  endfacet
  facet normal 0 0 1
    outer loop
      vertex 0.0283 -0.025 0
      vertex 0.0282969 -0.0251439 0
      vertex 0.0325 -0.0325 0
    endloop
  endfacet
  facet normal 0 0 1
    outer loop
      vertex 0.0270089 -0.0276181 0
      vertex 0.0268928 -0.0277032 0
      vertex 0.0325 -0.0325 0
    endloop
  endfacet
  facet normal 0 0 1
    outer loop
      vertex 0.0268928 -0.0277032 0
      vertex 0.0267731 -0.0277832 0
      vertex 0.0325 -0.0325 0
    endloop
  endfacet
  facet normal 0 0 1
    outer loop
      vertex 0.0325 -0.0325 0
      vertex 0.0267731 -0.0277832 0
      vertex 0.02665 -0.0278579 0
    endloop
  endfacet
  facet normal 0 0 1
    outer loop
      vertex 0.0232269 -0.0277832 0
      vertex 0.0231072 -0.0277032 0
      vertex -0.02085 -0.0325 0
    endloop
  endfacet
  facet normal 0 0 1
    outer loop
      vertex 0.0222168 -0.0267731 0
      vertex 0.0221421 -0.02665 0
      vertex -0.02085 -0.0325 0
    endloop
  endfacet
  facet normal 0 0 1
    outer loop
      vertex 0.0221421 -0.02665 0
      vertex 0.0220729 -0.0265238 0
      vertex -0.02085 -0.0325 0
    endloop
  endfacet
  facet normal 0 0 1
    outer loop
      vertex 0.02665 -0.0221421 0
      vertex 0.0267731 -0.0222168 0
      vertex 0.0325 0.02085 0
    endloop
  endfacet
  facet normal 0 0 1
    outer loop
      vertex 0.0325 0.02085 0
      vertex 0.0271212 -0.0224721 0
      vertex 0.0272294 -0.022567 0
    endloop
  endfacet
  facet normal 0 0 1
    outer loop
      vertex 0.0272294 -0.022567 0
      vertex 0.0273335 -0.0226665 0
      vertex 0.0325 0.02085 0
    endloop
  endfacet
  facet normal 0 0 1
    outer loop
      vertex 0.0273335 -0.0226665 0
      vertex 0.027433 -0.0227706 0
      vertex 0.0325 0.02085 0
    endloop
  endfacet
  facet normal 0 0 1
    outer loop
      vertex 0.0325 0.02085 0
      vertex 0.027433 -0.0227706 0
      vertex 0.0275279 -0.0228788 0
    endloop
  endfacet
  facet normal 0 0 1
    outer loop
      vertex 0.0282969 -0.0251439 0
      vertex 0.0282874 -0.0252876 0
      vertex 0.0325 -0.0325 0
    endloop
  endfacet
  facet normal 0 0 1
    outer loop
      vertex 0.0282874 -0.0252876 0
      vertex 0.0282718 -0.0254307 0
      vertex 0.0325 -0.0325 0
    endloop
  endfacet
  facet normal 0 0 1
    outer loop
      vertex 0.0325 -0.0325 0
      vertex 0.0282718 -0.0254307 0
      vertex 0.0282499 -0.025573 0
    endloop
  endfacet
  facet normal 0 0 1
    outer loop
      vertex 0.0282499 -0.025573 0
      vertex 0.0282218 -0.0257143 0
      vertex 0.0325 -0.0325 0
    endloop
  endfacet
  facet normal 0 0 1
    outer loop
      vertex 0.0282218 -0.0257143 0
      vertex 0.0281876 -0.0258541 0
      vertex 0.0325 -0.0325 0
    endloop
  endfacet
  facet normal 0 0 1
    outer loop
      vertex 0.0325 -0.0325 0
      vertex 0.0281876 -0.0258541 0
      vertex 0.0281473 -0.0259923 0
    endloop
  endfacet
  facet normal 0 0 1
    outer loop
      vertex 0.0231072 -0.0277032 0
      vertex 0.0229911 -0.0276181 0
      vertex -0.02085 -0.0325 0
    endloop
  endfacet
  facet normal 0 0 1
    outer loop
      vertex 0.0229911 -0.0276181 0
      vertex 0.0228788 -0.0275279 0
      vertex -0.02085 -0.0325 0
    endloop
  endfacet
  facet normal 0 0 1
    outer loop
      vertex -0.02085 -0.0325 0
      vertex 0.0228788 -0.0275279 0
      vertex 0.0227706 -0.027433 0
    endloop
  endfacet
  facet normal 0 0 1
    outer loop
      vertex 0.0224721 -0.0271212 0
      vertex 0.0223819 -0.0270089 0
      vertex -0.02085 -0.0325 0
    endloop
  endfacet
  facet normal 0 0 1
    outer loop
      vertex 0.0223819 -0.0270089 0
      vertex 0.0222968 -0.0268928 0
      vertex -0.02085 -0.0325 0
    endloop
  endfacet
  facet normal 0 0 1
    outer loop
      vertex -0.02085 -0.0325 0
      vertex 0.0222968 -0.0268928 0
      vertex 0.0222168 -0.0267731 0
    endloop
  endfacet
  facet normal 0 0 1
    outer loop
      vertex 0.0220729 -0.0265238 0
      vertex 0.0220092 -0.0263946 0
      vertex -0.02085 -0.0325 0
    endloop
  endfacet
  facet normal 0 0 1
    outer loop
      vertex 0.0220092 -0.0263946 0
      vertex 0.0219512 -0.0262629 0
      vertex -0.02085 -0.0325 0
    endloop
  endfacet
  facet normal 0 0 1
    outer loop
      vertex -0.02085 -0.0325 0
      vertex 0.0219512 -0.0262629 0
      vertex 0.021899 -0.0261287 0
    endloop
  endfacet
  facet normal 0 0 1
    outer loop
      vertex 0.0217501 -0.025573 0
      vertex 0.0217282 -0.0254307 0
      vertex 0.02 -0.02 0
    endloop
  endfacet
  facet normal 0 0 1
    outer loop
      vertex 0.0275279 -0.0228788 0
      vertex 0.0276181 -0.0229911 0
      vertex 0.0325 0.02085 0
    endloop
  endfacet
  facet normal 0 0 1
    outer loop
      vertex 0.0276181 -0.0229911 0
      vertex 0.0277032 -0.0231072 0
      vertex 0.0325 0.02085 0
    endloop
  endfacet
  facet normal 0 0 1
    outer loop
      vertex 0.0325 0.02085 0
      vertex 0.0277032 -0.0231072 0
      vertex 0.0277832 -0.0232269 0
    endloop
  endfacet
  facet normal 0 0 1
    outer loop
      vertex 0.0325 -0.0325 0
      vertex 0.0277032 -0.0268928 0
      vertex 0.0276181 -0.0270089 0
    endloop
  endfacet
  facet normal 0 0 1
    outer loop
      vertex -0.02085 -0.0325 0
      vertex 0.0241459 -0.0281876 0
      vertex 0.0240077 -0.0281473 0
    endloop
  endfacet
  facet normal 0 0 1
    outer loop
      vertex 0.021899 -0.0261287 0
      vertex 0.0218527 -0.0259923 0
      vertex -0.02 -0.02 0
    endloop
  endfacet
  facet normal 0 0 1
    outer loop
      vertex 0.0217501 -0.025573 0
      vertex 0.02 -0.02 0
      vertex 0.0217782 -0.0257143 0
    endloop
  endfacet
  facet normal 0 0 1
    outer loop
      vertex 0.0217282 -0.0245693 0
      vertex 0.0217501 -0.024427 0
      vertex 0.02 -0.02 0
    endloop
  endfacet
  facet normal 0 0 1
    outer loop
      vertex 0.0217501 -0.024427 0
      vertex 0.0217782 -0.0242857 0
      vertex 0.02 -0.02 0
    endloop
  endfacet
  facet normal 0 0 1
    outer loop
      vertex 0.0262629 -0.0219512 0
      vertex 0.0263946 -0.0220092 0
      vertex 0.0325 0.02085 0
    endloop
  endfacet
  facet normal 0 0 1
    outer loop
      vertex 0.0263946 -0.0220092 0
      vertex 0.0265238 -0.0220729 0
      vertex 0.0325 0.02085 0
    endloop
  endfacet
  facet normal 0 0 1
    outer loop
      vertex 0.0325 0.02085 0
      vertex 0.0265238 -0.0220729 0
      vertex 0.02665 -0.0221421 0
    endloop
  endfacet
  facet normal 0 0 1
    outer loop
      vertex 0.0267731 -0.0222168 0
      vertex 0.0268928 -0.0222968 0
      vertex 0.0325 0.02085 0
    endloop
  endfacet
  facet normal 0 0 1
    outer loop
      vertex 0.0268928 -0.0222968 0
      vertex 0.0270089 -0.0223819 0
      vertex 0.0325 0.02085 0
    endloop
  endfacet
  facet normal 0 0 1
    outer loop
      vertex 0.0325 0.02085 0
      vertex 0.0270089 -0.0223819 0
      vertex 0.0271212 -0.0224721 0
    endloop
  endfacet
  facet normal 0 0 1
    outer loop
      vertex 0.028101 -0.0261287 0
      vertex 0.0280488 -0.0262629 0
      vertex 0.0325 -0.0325 0
    endloop
  endfacet
  facet normal 0 0 1
    outer loop
      vertex 0.0280488 -0.0262629 0
      vertex 0.0279908 -0.0263946 0
      vertex 0.0325 -0.0325 0
    endloop
  endfacet
  facet normal 0 0 1
    outer loop
      vertex 0.0325 -0.0325 0
      vertex 0.0279908 -0.0263946 0
      vertex 0.0279271 -0.0265238 0
    endloop
  endfacet
  facet normal 0 0 1
    outer loop
      vertex 0.0276181 -0.0270089 0
      vertex 0.0275279 -0.0271212 0
      vertex 0.0325 -0.0325 0
    endloop
  endfacet
  facet normal 0 0 1
    outer loop
      vertex 0.0275279 -0.0271212 0
      vertex 0.027433 -0.0272294 0
      vertex 0.0325 -0.0325 0
    endloop
  endfacet
  facet normal 0 0 1
    outer loop
      vertex 0.0325 -0.0325 0
      vertex 0.027433 -0.0272294 0
      vertex 0.0273335 -0.0273335 0
    endloop
  endfacet
  facet normal 0 0 1
    outer loop
      vertex 0.0263946 -0.0279908 0
      vertex 0.0262629 -0.0280488 0
      vertex 0.0325 -0.0325 0
    endloop
  endfacet
  facet normal 0 0 1
    outer loop
      vertex 0.0262629 -0.0280488 0
      vertex 0.0261287 -0.028101 0
      vertex 0.0325 -0.0325 0
    endloop
  endfacet
  facet normal 0 0 1
    outer loop
      vertex 0.0325 -0.0325 0
      vertex 0.0261287 -0.028101 0
      vertex 0.0259923 -0.0281473 0
    endloop
  endfacet
  facet normal 0 0 1
    outer loop
      vertex 0.0259923 -0.0281473 0
      vertex 0.0258541 -0.0281876 0
      vertex 0.0325 -0.0325 0
    endloop
  endfacet
  facet normal 0 0 1
    outer loop
      vertex 0.0258541 -0.0281876 0
      vertex 0.0257143 -0.0282218 0
      vertex 0.0325 -0.0325 0
    endloop
  endfacet
  facet normal 0 0 1
    outer loop
      vertex 0.0325 -0.0325 0
      vertex 0.0257143 -0.0282218 0
      vertex 0.025573 -0.0282499 0
    endloop
  endfacet
  facet normal 0 0 1
    outer loop
      vertex 0.025573 -0.0282499 0
      vertex 0.0254307 -0.0282718 0
      vertex 0.0325 -0.0325 0
    endloop
  endfacet
  facet normal 0 0 1
    outer loop
      vertex 0.0254307 -0.0282718 0
      vertex 0.0252876 -0.0282874 0
      vertex 0.0325 -0.0325 0
    endloop
  endfacet
  facet normal 0 0 1
    outer loop
      vertex 0.0325 -0.0325 0
      vertex 0.0252876 -0.0282874 0
      vertex 0.0251439 -0.0282969 0
    endloop
  endfacet
  facet normal 0 0 1
    outer loop
      vertex 0.0251439 -0.0282969 0
      vertex 0.025 -0.0283 0
      vertex 0.0325 -0.0325 0
    endloop
  endfacet
  facet normal 0 0 1
    outer loop
      vertex 0.025 -0.0283 0
      vertex 0.0248561 -0.0282969 0
      vertex 0.0325 -0.0325 0
    endloop
  endfacet
  facet normal 0 0 1
    outer loop
      vertex 0.0325 -0.0325 0
      vertex 0.0248561 -0.0282969 0
      vertex 0.0247124 -0.0282874 0
    endloop
  endfacet
  facet normal 0 0 1
    outer loop
      vertex 0.0247124 -0.0282874 0
      vertex 0.0245693 -0.0282718 0
      vertex 0.0325 -0.0325 0
    endloop
  endfacet
  facet normal 0 0 1
    outer loop
      vertex 0.0245693 -0.0282718 0
      vertex 0.024427 -0.0282499 0
      vertex 0.0325 -0.0325 0
    endloop
  endfacet
  facet normal 0 0 1
    outer loop
      vertex 0.0325 -0.0325 0
      vertex 0.024427 -0.0282499 0
      vertex -0.02085 -0.0325 0
    endloop
  endfacet
  facet normal 0 0 1
    outer loop
      vertex 0.024427 -0.0282499 0
      vertex 0.0242857 -0.0282218 0
      vertex -0.02085 -0.0325 0
    endloop
  endfacet
  facet normal 0 0 1
    outer loop
      vertex -0.02085 -0.0325 0
      vertex 0.0242857 -0.0282218 0
      vertex 0.0241459 -0.0281876 0
    endloop
  endfacet
  facet normal 0 0 1
    outer loop
      vertex 0.0240077 -0.0281473 0
      vertex 0.0238713 -0.028101 0
      vertex -0.02085 -0.0325 0
    endloop
  endfacet
  facet normal 0 0 1
    outer loop
      vertex 0.0238713 -0.028101 0
      vertex 0.0237371 -0.0280488 0
      vertex -0.02085 -0.0325 0
    endloop
  endfacet
  facet normal 0 0 1
    outer loop
      vertex -0.02085 -0.0325 0
      vertex 0.0237371 -0.0280488 0
      vertex 0.0236054 -0.0279908 0
    endloop
  endfacet
  facet normal 0 0 1
    outer loop
      vertex 0.0236054 -0.0279908 0
      vertex 0.0234762 -0.0279271 0
      vertex -0.02085 -0.0325 0
    endloop
  endfacet
  facet normal 0 0 1
    outer loop
      vertex 0.0234762 -0.0279271 0
      vertex 0.02335 -0.0278579 0
      vertex -0.02085 -0.0325 0
    endloop
  endfacet
  facet normal 0 0 1
    outer loop
      vertex -0.02085 -0.0325 0
      vertex 0.02335 -0.0278579 0
      vertex 0.0232269 -0.0277832 0
    endloop
  endfacet
  facet normal 0 0 1
    outer loop
      vertex -0.02 -0.02 0
      vertex 0.0218527 -0.0259923 0
      vertex 0.02 -0.02 0
    endloop
  endfacet
  facet normal 0 0 1
    outer loop
      vertex 0.0218527 -0.0259923 0
      vertex 0.0218124 -0.0258541 0
      vertex 0.02 -0.02 0
    endloop
  endfacet
  facet normal 0 0 1
    outer loop
      vertex 0.02 -0.02 0
      vertex 0.0218124 -0.0258541 0
      vertex 0.0217782 -0.0257143 0
    endloop
  endfacet
  facet normal 0 0 1
    outer loop
      vertex 0.0217282 -0.0254307 0
      vertex 0.0217126 -0.0252876 0
      vertex 0.02 -0.02 0
    endloop
  endfacet
  facet normal 0 0 1
    outer loop
      vertex 0.0217126 -0.0252876 0
      vertex 0.0217031 -0.0251439 0
      vertex 0.02 -0.02 0
    endloop
  endfacet
  facet normal 0 0 1
    outer loop
      vertex 0.02 -0.02 0
      vertex 0.0217031 -0.0251439 0
      vertex 0.0217 -0.025 0
    endloop
  endfacet
  facet normal 0 0 1
    outer loop
      vertex 0.0217 -0.025 0
      vertex 0.0217031 -0.0248561 0
      vertex 0.02 -0.02 0
    endloop
  endfacet
  facet normal 0 0 1
    outer loop
      vertex 0.0217031 -0.0248561 0
      vertex 0.0217126 -0.0247124 0
      vertex 0.02 -0.02 0
    endloop
  endfacet
  facet normal 0 0 1
    outer loop
      vertex 0.02 -0.02 0
      vertex 0.0217126 -0.0247124 0
      vertex 0.0217282 -0.0245693 0
    endloop
  endfacet
  facet normal 0 0 1
    outer loop
      vertex 0.0217782 -0.0242857 0
      vertex 0.0218124 -0.0241459 0
      vertex 0.02 -0.02 0
    endloop
  endfacet
  facet normal 0 0 1
    outer loop
      vertex 0.0218124 -0.0241459 0
      vertex 0.0218527 -0.0240077 0
      vertex 0.02 -0.02 0
    endloop
  endfacet
  facet normal 0 0 1
    outer loop
      vertex 0.02 -0.02 0
      vertex 0.0218527 -0.0240077 0
      vertex 0.021899 -0.0238713 0
    endloop
  endfacet
  facet normal 0 0 1
    outer loop
      vertex 0.0238713 -0.021899 0
      vertex 0.0240077 -0.0218527 0
      vertex 0.02 0.02 0
    endloop
  endfacet
  facet normal 0 0 1
    outer loop
      vertex 0.0240077 -0.0218527 0
      vertex 0.0241459 -0.0218124 0
      vertex 0.02 0.02 0
    endloop
  endfacet
  facet normal 0 0 1
    outer loop
      vertex 0.02 0.02 0
      vertex 0.0241459 -0.0218124 0
      vertex 0.0242857 -0.0217782 0
    endloop
  endfacet
  facet normal 0 0 1
    outer loop
      vertex 0.0282499 -0.024427 0
      vertex 0.0282718 -0.0245693 0
      vertex 0.0325 -0.0325 0
    endloop
  endfacet
  facet normal 0 0 1
    outer loop
      vertex 0.0282718 -0.0245693 0
      vertex 0.0282874 -0.0247124 0
      vertex 0.0325 -0.0325 0
    endloop
  endfacet
  facet normal 0 0 1
    outer loop
      vertex 0.0325 -0.0325 0
      vertex 0.0282874 -0.0247124 0
      vertex 0.0282969 -0.0248561 0
    endloop
  endfacet
  facet normal 0 0 1
    outer loop
      vertex 0.0279271 -0.0265238 0
      vertex 0.0278579 -0.02665 0
      vertex 0.0325 -0.0325 0
    endloop
  endfacet
  facet normal 0 0 1
    outer loop
      vertex 0.0278579 -0.02665 0
      vertex 0.0277832 -0.0267731 0
      vertex 0.0325 -0.0325 0
    endloop
  endfacet
  facet normal 0 0 1
    outer loop
      vertex 0.0325 -0.0325 0
      vertex 0.0277832 -0.0267731 0
      vertex 0.0277032 -0.0268928 0
    endloop
  endfacet
  facet normal 0 0 1
    outer loop
      vertex 0.02 -0.02 0
      vertex 0.0220729 -0.0234762 0
      vertex 0.0221421 -0.02335 0
    endloop
  endfacet
  facet normal 0 0 1
    outer loop
      vertex 0.0221421 -0.02335 0
      vertex 0.0222168 -0.0232269 0
      vertex 0.02 -0.02 0
    endloop
  endfacet
  facet normal 0 0 1
    outer loop
      vertex 0.0222168 -0.0232269 0
      vertex 0.0222968 -0.0231072 0
      vertex 0.02 -0.02 0
    endloop
  endfacet
  facet normal 0 0 1
    outer loop
      vertex 0.02 -0.02 0
      vertex 0.0222968 -0.0231072 0
      vertex 0.0223819 -0.0229911 0
    endloop
  endfacet
  facet normal 0 0 1
    outer loop
      vertex 0.0257143 -0.0217782 0
      vertex 0.0258541 -0.0218124 0
      vertex 0.0325 0.02085 0
    endloop
  endfacet
  facet normal 0 0 1
    outer loop
      vertex 0.028101 -0.0238713 0
      vertex 0.0325 0.02085 0
      vertex 0.0280488 -0.0237371 0
    endloop
  endfacet
  facet normal 0 0 1
    outer loop
      vertex 0.0325 0.02085 0
      vertex 0.0279908 -0.0236054 0
      vertex 0.0280488 -0.0237371 0
    endloop
  endfacet
  facet normal 0 0 1
    outer loop
      vertex 0.021899 -0.0238713 0
      vertex 0.0219512 -0.0237371 0
      vertex 0.02 -0.02 0
    endloop
  endfacet
  facet normal 0 0 1
    outer loop
      vertex 0.0219512 -0.0237371 0
      vertex 0.0220092 -0.0236054 0
      vertex 0.02 -0.02 0
    endloop
  endfacet
  facet normal 0 0 1
    outer loop
      vertex 0.02 -0.02 0
      vertex 0.0220092 -0.0236054 0
      vertex 0.0220729 -0.0234762 0
    endloop
  endfacet
  facet normal 0 0 1
    outer loop
      vertex 0.0242857 -0.0217782 0
      vertex 0.024427 -0.0217501 0
      vertex 0.02 0.02 0
    endloop
  endfacet
  facet normal 0 0 1
    outer loop
      vertex 0.024427 -0.0217501 0
      vertex 0.0245693 -0.0217282 0
      vertex 0.02 0.02 0
    endloop
  endfacet
  facet normal 0 0 1
    outer loop
      vertex 0.02 0.02 0
      vertex 0.0245693 -0.0217282 0
      vertex 0.0247124 -0.0217126 0
    endloop
  endfacet
  facet normal 0 0 1
    outer loop
      vertex 0.0258541 -0.0218124 0
      vertex 0.0259923 -0.0218527 0
      vertex 0.0325 0.02085 0
    endloop
  endfacet
  facet normal 0 0 1
    outer loop
      vertex 0.0259923 -0.0218527 0
      vertex 0.0261287 -0.021899 0
      vertex 0.0325 0.02085 0
    endloop
  endfacet
  facet normal 0 0 1
    outer loop
      vertex 0.0325 0.02085 0
      vertex 0.0261287 -0.021899 0
      vertex 0.0262629 -0.0219512 0
    endloop
  endfacet
  facet normal 0 0 1
    outer loop
      vertex 0.0277832 -0.0232269 0
      vertex 0.0278579 -0.02335 0
      vertex 0.0325 0.02085 0
    endloop
  endfacet
  facet normal 0 0 1
    outer loop
      vertex 0.0278579 -0.02335 0
      vertex 0.0279271 -0.0234762 0
      vertex 0.0325 0.02085 0
    endloop
  endfacet
  facet normal 0 0 1
    outer loop
      vertex 0.0325 0.02085 0
      vertex 0.0279271 -0.0234762 0
      vertex 0.0279908 -0.0236054 0
    endloop
  endfacet
  facet normal 0 0 1
    outer loop
      vertex 0.028101 -0.0238713 0
      vertex 0.0281473 -0.0240077 0
      vertex 0.0325 0.02085 0
    endloop
  endfacet
  facet normal 0 0 1
    outer loop
      vertex 0.0281473 -0.0240077 0
      vertex 0.0281876 -0.0241459 0
      vertex 0.0325 0.02085 0
    endloop
  endfacet
  facet normal 0 0 1
    outer loop
      vertex 0.0325 0.02085 0
      vertex 0.0281876 -0.0241459 0
      vertex 0.0325 -0.0325 0
    endloop
  endfacet
  facet normal 0 0 1
    outer loop
      vertex 0.0281876 -0.0241459 0
      vertex 0.0282218 -0.0242857 0
      vertex 0.0325 -0.0325 0
    endloop
  endfacet
  facet normal 0 0 1
    outer loop
      vertex 0.0325 -0.0325 0
      vertex 0.0282218 -0.0242857 0
      vertex 0.0282499 -0.024427 0
    endloop
  endfacet
  facet normal 0 0 1
    outer loop
      vertex 0.0223819 -0.0229911 0
      vertex 0.0224721 -0.0228788 0
      vertex 0.02 -0.02 0
    endloop
  endfacet
  facet normal 0 0 1
    outer loop
      vertex 0.0224721 -0.0228788 0
      vertex 0.022567 -0.0227706 0
      vertex 0.02 -0.02 0
    endloop
  endfacet
  facet normal 0 0 1
    outer loop
      vertex 0.02 -0.02 0
      vertex 0.022567 -0.0227706 0
      vertex 0.0226665 -0.0226665 0
    endloop
  endfacet
  facet normal 0 0 1
    outer loop
      vertex 0.0234762 -0.0220729 0
      vertex 0.0236054 -0.0220092 0
      vertex 0.02 0.02 0
    endloop
  endfacet
  facet normal 0 0 1
    outer loop
      vertex 0.0236054 -0.0220092 0
      vertex 0.0237371 -0.0219512 0
      vertex 0.02 0.02 0
    endloop
  endfacet
  facet normal 0 0 1
    outer loop
      vertex 0.02 0.02 0
      vertex 0.0237371 -0.0219512 0
      vertex 0.0238713 -0.021899 0
    endloop
  endfacet
  facet normal 0 0 1
    outer loop
      vertex 0.0252876 -0.0217126 0
      vertex 0.0254307 -0.0217282 0
      vertex 0.0325 0.02085 0
    endloop
  endfacet
  facet normal 0 0 1
    outer loop
      vertex 0.0254307 -0.0217282 0
      vertex 0.025573 -0.0217501 0
      vertex 0.0325 0.02085 0
    endloop
  endfacet
  facet normal 0 0 1
    outer loop
      vertex 0.0325 0.02085 0
      vertex 0.025573 -0.0217501 0
      vertex 0.0257143 -0.0217782 0
    endloop
  endfacet
  facet normal 0 0 1
    outer loop
      vertex 0.0226665 -0.0226665 0
      vertex 0.0227706 -0.022567 0
      vertex 0.02 -0.02 0
    endloop
  endfacet
  facet normal 0 0 1
    outer loop
      vertex 0.0227706 -0.022567 0
      vertex 0.0228788 -0.0224721 0
      vertex 0.02 -0.02 0
    endloop
  endfacet
  facet normal 0 0 1
    outer loop
      vertex 0.02 -0.02 0
      vertex 0.0228788 -0.0224721 0
      vertex 0.0229911 -0.0223819 0
    endloop
  endfacet
  facet normal 0 0 1
    outer loop
      vertex 0.0229911 -0.0223819 0
      vertex 0.0231072 -0.0222968 0
      vertex 0.02 -0.02 0
    endloop
  endfacet
  facet normal 0 0 1
    outer loop
      vertex 0.0231072 -0.0222968 0
      vertex 0.0232269 -0.0222168 0
      vertex 0.02 -0.02 0
    endloop
  endfacet
  facet normal 0 0 1
    outer loop
      vertex 0.02 -0.02 0
      vertex 0.0232269 -0.0222168 0
      vertex 0.02 0.02 0
    endloop
  endfacet
  facet normal 0 0 1
    outer loop
      vertex 0.0232269 -0.0222168 0
      vertex 0.02335 -0.0221421 0
      vertex 0.02 0.02 0
    endloop
  endfacet
  facet normal 0 0 1
    outer loop
      vertex 0.02 0.02 0
      vertex 0.02335 -0.0221421 0
      vertex 0.0234762 -0.0220729 0
    endloop
  endfacet
  facet normal 0 0 1
    outer loop
      vertex 0.0247124 -0.0217126 0
      vertex 0.0248561 -0.0217031 0
      vertex 0.02 0.02 0
    endloop
  endfacet
  facet normal 0 0 1
    outer loop
      vertex 0.0248561 -0.0217031 0
      vertex 0.025 -0.0217 0
      vertex 0.02 0.02 0
    endloop
  endfacet
  facet normal 0 0 1
    outer loop
      vertex 0.02 0.02 0
      vertex 0.025 -0.0217 0
      vertex 0.0325 0.02085 0
    endloop
  endfacet
  facet normal 0 0 1
    outer loop
      vertex 0.025 -0.0217 0
      vertex 0.0251439 -0.0217031 0
      vertex 0.0325 0.02085 0
    endloop
  endfacet
  facet normal 0 0 1
    outer loop
      vertex 0.0325 0.02085 0
      vertex 0.0251439 -0.0217031 0
      vertex 0.0252876 -0.0217126 0
    endloop
  endfacet
  facet normal 0 0 1
    outer loop
      vertex -0.0226665 -0.0273335 0
      vertex -0.0227706 -0.027433 0
      vertex -0.02085 -0.0325 0
    endloop
  endfacet
  facet normal 0 0 1
    outer loop
      vertex -0.0227706 -0.027433 0
      vertex -0.0228788 -0.0275279 0
      vertex -0.02085 -0.0325 0
    endloop
  endfacet
  facet normal 0 0 1
    outer loop
      vertex -0.027433 -0.0272294 0
      vertex -0.0275279 -0.0271212 0
      vertex -0.0325 -0.0325 0
    endloop
  endfacet
  facet normal 0 0 1
    outer loop
      vertex -0.0217031 -0.0248561 0
      vertex -0.0217 -0.025 0
      vertex -0.02085 -0.0325 0
    endloop
  endfacet
  facet normal 0 0 1
    outer loop
      vertex -0.0217 -0.025 0
      vertex -0.0217031 -0.0251439 0
      vertex -0.02085 -0.0325 0
    endloop
  endfacet
  facet normal 0 0 1
    outer loop
      vertex -0.02085 -0.0325 0
      vertex -0.0217031 -0.0251439 0
      vertex -0.0217126 -0.0252876 0
    endloop
  endfacet
  facet normal 0 0 1
    outer loop
      vertex -0.028101 -0.0261287 0
      vertex -0.0281473 -0.0259923 0
      vertex -0.0325 -0.0325 0
    endloop
  endfacet
  facet normal 0 0 1
    outer loop
      vertex -0.0245693 -0.0217282 0
      vertex -0.024427 -0.0217501 0
      vertex -0.02085 0.02085 0
    endloop
  endfacet
  facet normal 0 0 1
    outer loop
      vertex -0.0217126 -0.0252876 0
      vertex -0.0217282 -0.0254307 0
      vertex -0.02085 -0.0325 0
    endloop
  endfacet
  facet normal 0 0 1
    outer loop
      vertex -0.0217282 -0.0254307 0
      vertex -0.0217501 -0.025573 0
      vertex -0.02085 -0.0325 0
    endloop
  endfacet
  facet normal 0 0 1
    outer loop
      vertex -0.02085 -0.0325 0
      vertex -0.0217501 -0.025573 0
      vertex -0.0217782 -0.0257143 0
    endloop
  endfacet
  facet normal 0 0 1
    outer loop
      vertex -0.0267731 -0.0277832 0
      vertex -0.0268928 -0.0277032 0
      vertex -0.0325 -0.0325 0
    endloop
  endfacet
  facet normal 0 0 1
    outer loop
      vertex -0.0268928 -0.0277032 0
      vertex -0.0270089 -0.0276181 0
      vertex -0.0325 -0.0325 0
    endloop
  endfacet
  facet normal 0 0 1
    outer loop
      vertex -0.0325 -0.0325 0
      vertex -0.0270089 -0.0276181 0
      vertex -0.0271212 -0.0275279 0
    endloop
  endfacet
  facet normal 0 0 1
    outer loop
      vertex -0.0271212 -0.0275279 0
      vertex -0.0272294 -0.027433 0
      vertex -0.0325 -0.0325 0
    endloop
  endfacet
  facet normal 0 0 1
    outer loop
      vertex -0.0272294 -0.027433 0
      vertex -0.0273335 -0.0273335 0
      vertex -0.0325 -0.0325 0
    endloop
  endfacet
  facet normal 0 0 1
    outer loop
      vertex -0.0325 -0.0325 0
      vertex -0.0273335 -0.0273335 0
      vertex -0.027433 -0.0272294 0
    endloop
  endfacet
  facet normal 0 0 1
    outer loop
      vertex -0.0277832 -0.0267731 0
      vertex -0.0278579 -0.02665 0
      vertex -0.0325 -0.0325 0
    endloop
  endfacet
  facet normal 0 0 1
    outer loop
      vertex -0.0278579 -0.02665 0
      vertex -0.0279271 -0.0265238 0
      vertex -0.0325 -0.0325 0
    endloop
  endfacet
  facet normal 0 0 1
    outer loop
      vertex -0.0261287 -0.021899 0
      vertex -0.0259923 -0.0218527 0
      vertex -0.0325 0.02085 0
    endloop
  endfacet
  facet normal 0 0 1
    outer loop
      vertex -0.0231072 -0.0222968 0
      vertex -0.0229911 -0.0223819 0
      vertex -0.02085 0.02085 0
    endloop
  endfacet
  facet normal 0 0 1
    outer loop
      vertex -0.0229911 -0.0223819 0
      vertex -0.0228788 -0.0224721 0
      vertex -0.02085 0.02085 0
    endloop
  endfacet
  facet normal 0 0 1
    outer loop
      vertex -0.02085 0.02085 0
      vertex -0.0228788 -0.0224721 0
      vertex -0.0227706 -0.022567 0
    endloop
  endfacet
  facet normal 0 0 1
    outer loop
      vertex -0.0217782 -0.0257143 0
      vertex -0.0218124 -0.0258541 0
      vertex -0.02085 -0.0325 0
    endloop
  endfacet
  facet normal 0 0 1
    outer loop
      vertex -0.0218124 -0.0258541 0
      vertex -0.0218527 -0.0259923 0
      vertex -0.02085 -0.0325 0
    endloop
  endfacet
  facet normal 0 0 1
    outer loop
      vertex -0.02085 -0.0325 0
      vertex -0.0218527 -0.0259923 0
      vertex -0.021899 -0.0261287 0
    endloop
  endfacet
  facet normal 0 0 1
    outer loop
      vertex -0.02085 -0.0325 0
      vertex -0.0220729 -0.0265238 0
      vertex -0.0221421 -0.02665 0
    endloop
  endfacet
  facet normal 0 0 1
    outer loop
      vertex -0.0221421 -0.02665 0
      vertex -0.0222168 -0.0267731 0
      vertex -0.02085 -0.0325 0
    endloop
  endfacet
  facet normal 0 0 1
    outer loop
      vertex -0.0222168 -0.0267731 0
      vertex -0.0222968 -0.0268928 0
      vertex -0.02085 -0.0325 0
    endloop
  endfacet
  facet normal 0 0 1
    outer loop
      vertex -0.02085 -0.0325 0
      vertex -0.0222968 -0.0268928 0
      vertex -0.0223819 -0.0270089 0
    endloop
  endfacet
  facet normal 0 0 1
    outer loop
      vertex -0.0223819 -0.0270089 0
      vertex -0.0224721 -0.0271212 0
      vertex -0.02085 -0.0325 0
    endloop
  endfacet
  facet normal 0 0 1
    outer loop
      vertex -0.0224721 -0.0271212 0
      vertex -0.022567 -0.0272294 0
      vertex -0.02085 -0.0325 0
    endloop
  endfacet
  facet normal 0 0 1
    outer loop
      vertex -0.02085 -0.0325 0
      vertex -0.022567 -0.0272294 0
      vertex -0.0226665 -0.0273335 0
    endloop
  endfacet
  facet normal 0 0 1
    outer loop
      vertex -0.0228788 -0.0275279 0
      vertex -0.0229911 -0.0276181 0
      vertex -0.02085 -0.0325 0
    endloop
  endfacet
  facet normal 0 0 1
    outer loop
      vertex -0.0229911 -0.0276181 0
      vertex -0.0231072 -0.0277032 0
      vertex -0.02085 -0.0325 0
    endloop
  endfacet
  facet normal 0 0 1
    outer loop
      vertex -0.02085 -0.0325 0
      vertex -0.0231072 -0.0277032 0
      vertex -0.0232269 -0.0277832 0
    endloop
  endfacet
  facet normal 0 0 1
    outer loop
      vertex -0.0279271 -0.0265238 0
      vertex -0.0279908 -0.0263946 0
      vertex -0.0325 -0.0325 0
    endloop
  endfacet
  facet normal 0 0 1
    outer loop
      vertex -0.0279908 -0.0263946 0
      vertex -0.0280488 -0.0262629 0
      vertex -0.0325 -0.0325 0
    endloop
  endfacet
  facet normal 0 0 1
    outer loop
      vertex -0.0325 -0.0325 0
      vertex -0.0280488 -0.0262629 0
      vertex -0.028101 -0.0261287 0
    endloop
  endfacet
  facet normal 0 0 1
    outer loop
      vertex -0.0236054 -0.0220092 0
      vertex -0.0234762 -0.0220729 0
      vertex -0.02085 0.02085 0
    endloop
  endfacet
  facet normal 0 0 1
    outer loop
      vertex 0.021899 -0.0261287 0
      vertex -0.02 -0.02 0
      vertex -0.02085 -0.0325 0
    endloop
  endfacet
  facet normal 0 0 1
    outer loop
      vertex -0.02 -0.02 0
      vertex -0.02085 0.02085 0
      vertex -0.02085 -0.0325 0
    endloop
  endfacet
  facet normal 0 0 1
    outer loop
      vertex -0.02085 -0.0325 0
      vertex -0.02085 0.02085 0
      vertex -0.0217031 -0.0248561 0
    endloop
  endfacet
  facet normal 0 0 1
    outer loop
      vertex -0.021899 -0.0261287 0
      vertex -0.0219512 -0.0262629 0
      vertex -0.02085 -0.0325 0
    endloop
  endfacet
  facet normal 0 0 1
    outer loop
      vertex -0.0219512 -0.0262629 0
      vertex -0.0220092 -0.0263946 0
      vertex -0.02085 -0.0325 0
    endloop
  endfacet
  facet normal 0 0 1
    outer loop
      vertex -0.02085 -0.0325 0
      vertex -0.0220092 -0.0263946 0
      vertex -0.0220729 -0.0265238 0
    endloop
  endfacet
  facet normal 0 0 1
    outer loop
      vertex -0.0232269 -0.0277832 0
      vertex -0.02335 -0.0278579 0
      vertex -0.02085 -0.0325 0
    endloop
  endfacet
  facet normal 0 0 1
    outer loop
      vertex -0.02335 -0.0278579 0
      vertex -0.0234762 -0.0279271 0
      vertex -0.02085 -0.0325 0
    endloop
  endfacet
  facet normal 0 0 1
    outer loop
      vertex -0.02085 -0.0325 0
      vertex -0.0234762 -0.0279271 0
      vertex -0.0236054 -0.0279908 0
    endloop
  endfacet
  facet normal 0 0 1
    outer loop
      vertex -0.0262629 -0.0280488 0
      vertex -0.0263946 -0.0279908 0
      vertex -0.0325 -0.0325 0
    endloop
  endfacet
  facet normal 0 0 1
    outer loop
      vertex -0.0275279 -0.0271212 0
      vertex -0.0276181 -0.0270089 0
      vertex -0.0325 -0.0325 0
    endloop
  endfacet
  facet normal 0 0 1
    outer loop
      vertex -0.0276181 -0.0270089 0
      vertex -0.0277032 -0.0268928 0
      vertex -0.0325 -0.0325 0
    endloop
  endfacet
  facet normal 0 0 1
    outer loop
      vertex -0.0325 -0.0325 0
      vertex -0.0277032 -0.0268928 0
      vertex -0.0277832 -0.0267731 0
    endloop
  endfacet
  facet normal 0 0 1
    outer loop
      vertex -0.024427 -0.0217501 0
      vertex -0.0242857 -0.0217782 0
      vertex -0.02085 0.02085 0
    endloop
  endfacet
  facet normal 0 0 1
    outer loop
      vertex -0.0242857 -0.0217782 0
      vertex -0.0241459 -0.0218124 0
      vertex -0.02085 0.02085 0
    endloop
  endfacet
  facet normal 0 0 1
    outer loop
      vertex -0.02085 0.02085 0
      vertex -0.0241459 -0.0218124 0
      vertex -0.0240077 -0.0218527 0
    endloop
  endfacet
  facet normal 0 0 1
    outer loop
      vertex -0.0234762 -0.0220729 0
      vertex -0.02335 -0.0221421 0
      vertex -0.02085 0.02085 0
    endloop
  endfacet
  facet normal 0 0 1
    outer loop
      vertex -0.02335 -0.0221421 0
      vertex -0.0232269 -0.0222168 0
      vertex -0.02085 0.02085 0
    endloop
  endfacet
  facet normal 0 0 1
    outer loop
      vertex -0.02085 0.02085 0
      vertex -0.0232269 -0.0222168 0
      vertex -0.0231072 -0.0222968 0
    endloop
  endfacet
  facet normal 0 0 1
    outer loop
      vertex -0.0227706 -0.022567 0
      vertex -0.0226665 -0.0226665 0
      vertex -0.02085 0.02085 0
    endloop
  endfacet
  facet normal 0 0 1
    outer loop
      vertex -0.0226665 -0.0226665 0
      vertex -0.022567 -0.0227706 0
      vertex -0.02085 0.02085 0
    endloop
  endfacet
  facet normal 0 0 1
    outer loop
      vertex -0.02085 0.02085 0
      vertex -0.022567 -0.0227706 0
      vertex -0.0224721 -0.0228788 0
    endloop
  endfacet
  facet normal 0 0 1
    outer loop
      vertex -0.0236054 -0.0279908 0
      vertex -0.0237371 -0.0280488 0
      vertex -0.02085 -0.0325 0
    endloop
  endfacet
  facet normal 0 0 1
    outer loop
      vertex -0.0237371 -0.0280488 0
      vertex -0.0238713 -0.028101 0
      vertex -0.02085 -0.0325 0
    endloop
  endfacet
  facet normal 0 0 1
    outer loop
      vertex -0.02085 -0.0325 0
      vertex -0.0238713 -0.028101 0
      vertex -0.0240077 -0.0281473 0
    endloop
  endfacet
  facet normal 0 0 1
    outer loop
      vertex -0.0263946 -0.0279908 0
      vertex -0.0265238 -0.0279271 0
      vertex -0.0325 -0.0325 0
    endloop
  endfacet
  facet normal 0 0 1
    outer loop
      vertex -0.0265238 -0.0279271 0
      vertex -0.02665 -0.0278579 0
      vertex -0.0325 -0.0325 0
    endloop
  endfacet
  facet normal 0 0 1
    outer loop
      vertex -0.0325 -0.0325 0
      vertex -0.02665 -0.0278579 0
      vertex -0.0267731 -0.0277832 0
    endloop
  endfacet
  facet normal 0 0 1
    outer loop
      vertex -0.0281473 -0.0259923 0
      vertex -0.0281876 -0.0258541 0
      vertex -0.0325 -0.0325 0
    endloop
  endfacet
  facet normal 0 0 1
    outer loop
      vertex -0.0281876 -0.0258541 0
      vertex -0.0282218 -0.0257143 0
      vertex -0.0325 -0.0325 0
    endloop
  endfacet
  facet normal 0 0 1
    outer loop
      vertex -0.0325 -0.0325 0
      vertex -0.0282218 -0.0257143 0
      vertex -0.0282499 -0.025573 0
    endloop
  endfacet
  facet normal 0 0 1
    outer loop
      vertex -0.0275279 -0.0228788 0
      vertex -0.0325 0.02085 0
      vertex -0.0276181 -0.0229911 0
    endloop
  endfacet
  facet normal 0 0 1
    outer loop
      vertex -0.0325 0.02085 0
      vertex -0.0277032 -0.0231072 0
      vertex -0.0276181 -0.0229911 0
    endloop
  endfacet
  facet normal 0 0 1
    outer loop
      vertex -0.0259923 -0.0218527 0
      vertex -0.0258541 -0.0218124 0
      vertex -0.0325 0.02085 0
    endloop
  endfacet
  facet normal 0 0 1
    outer loop
      vertex -0.0258541 -0.0218124 0
      vertex -0.0257143 -0.0217782 0
      vertex -0.0325 0.02085 0
    endloop
  endfacet
  facet normal 0 0 1
    outer loop
      vertex -0.0325 0.02085 0
      vertex -0.0257143 -0.0217782 0
      vertex -0.025573 -0.0217501 0
    endloop
  endfacet
  facet normal 0 0 1
    outer loop
      vertex -0.0224721 -0.0228788 0
      vertex -0.0223819 -0.0229911 0
      vertex -0.02085 0.02085 0
    endloop
  endfacet
  facet normal 0 0 1
    outer loop
      vertex -0.0223819 -0.0229911 0
      vertex -0.0222968 -0.0231072 0
      vertex -0.02085 0.02085 0
    endloop
  endfacet
  facet normal 0 0 1
    outer loop
      vertex -0.02085 0.02085 0
      vertex -0.0222968 -0.0231072 0
      vertex -0.0222168 -0.0232269 0
    endloop
  endfacet
  facet normal 0 0 1
    outer loop
      vertex -0.0217501 -0.024427 0
      vertex -0.0217282 -0.0245693 0
      vertex -0.02085 0.02085 0
    endloop
  endfacet
  facet normal 0 0 1
    outer loop
      vertex -0.0217282 -0.0245693 0
      vertex -0.0217126 -0.0247124 0
      vertex -0.02085 0.02085 0
    endloop
  endfacet
  facet normal 0 0 1
    outer loop
      vertex -0.02085 0.02085 0
      vertex -0.0217126 -0.0247124 0
      vertex -0.0217031 -0.0248561 0
    endloop
  endfacet
  facet normal 0 0 1
    outer loop
      vertex -0.02085 -0.0325 0
      vertex -0.024427 -0.0282499 0
      vertex -0.0245693 -0.0282718 0
    endloop
  endfacet
  facet normal 0 0 1
    outer loop
      vertex -0.025573 -0.0282499 0
      vertex -0.0257143 -0.0282218 0
      vertex -0.0325 -0.0325 0
    endloop
  endfacet
  facet normal 0 0 1
    outer loop
      vertex -0.0257143 -0.0282218 0
      vertex -0.0258541 -0.0281876 0
      vertex -0.0325 -0.0325 0
    endloop
  endfacet
  facet normal 0 0 1
    outer loop
      vertex -0.0282499 -0.025573 0
      vertex -0.0282718 -0.0254307 0
      vertex -0.0325 -0.0325 0
    endloop
  endfacet
  facet normal 0 0 1
    outer loop
      vertex -0.0282718 -0.0254307 0
      vertex -0.0282874 -0.0252876 0
      vertex -0.0325 -0.0325 0
    endloop
  endfacet
  facet normal 0 0 1
    outer loop
      vertex -0.0325 -0.0325 0
      vertex -0.0282874 -0.0252876 0
      vertex -0.0282969 -0.0251439 0
    endloop
  endfacet
  facet normal 0 0 1
    outer loop
      vertex -0.0282969 -0.0251439 0
      vertex -0.0283 -0.025 0
      vertex -0.0325 -0.0325 0
    endloop
  endfacet
  facet normal 0 0 1
    outer loop
      vertex -0.0283 -0.025 0
      vertex -0.0282969 -0.0248561 0
      vertex -0.0325 -0.0325 0
    endloop
  endfacet
  facet normal 0 0 1
    outer loop
      vertex -0.0325 -0.0325 0
      vertex -0.0282969 -0.0248561 0
      vertex -0.0282874 -0.0247124 0
    endloop
  endfacet
  facet normal 0 0 1
    outer loop
      vertex -0.0282218 -0.0242857 0
      vertex -0.0325 0.02085 0
      vertex -0.0282499 -0.024427 0
    endloop
  endfacet
  facet normal 0 0 1
    outer loop
      vertex -0.0325 0.02085 0
      vertex -0.0325 -0.0325 0
      vertex -0.0282499 -0.024427 0
    endloop
  endfacet
  facet normal 0 0 1
    outer loop
      vertex -0.0282499 -0.024427 0
      vertex -0.0325 -0.0325 0
      vertex -0.0282718 -0.0245693 0
    endloop
  endfacet
  facet normal 0 0 1
    outer loop
      vertex -0.0325 -0.0325 0
      vertex -0.0282874 -0.0247124 0
      vertex -0.0282718 -0.0245693 0
    endloop
  endfacet
  facet normal 0 0 1
    outer loop
      vertex -0.0282218 -0.0242857 0
      vertex -0.0281876 -0.0241459 0
      vertex -0.0325 0.02085 0
    endloop
  endfacet
  facet normal 0 0 1
    outer loop
      vertex -0.0281876 -0.0241459 0
      vertex -0.0281473 -0.0240077 0
      vertex -0.0325 0.02085 0
    endloop
  endfacet
  facet normal 0 0 1
    outer loop
      vertex -0.0325 0.02085 0
      vertex -0.0281473 -0.0240077 0
      vertex -0.028101 -0.0238713 0
    endloop
  endfacet
  facet normal 0 0 1
    outer loop
      vertex -0.0279271 -0.0234762 0
      vertex -0.0278579 -0.02335 0
      vertex -0.0325 0.02085 0
    endloop
  endfacet
  facet normal 0 0 1
    outer loop
      vertex -0.0278579 -0.02335 0
      vertex -0.0277832 -0.0232269 0
      vertex -0.0325 0.02085 0
    endloop
  endfacet
  facet normal 0 0 1
    outer loop
      vertex -0.0325 0.02085 0
      vertex -0.0277832 -0.0232269 0
      vertex -0.0277032 -0.0231072 0
    endloop
  endfacet
  facet normal 0 0 1
    outer loop
      vertex -0.0240077 -0.0218527 0
      vertex -0.0238713 -0.021899 0
      vertex -0.02085 0.02085 0
    endloop
  endfacet
  facet normal 0 0 1
    outer loop
      vertex -0.0238713 -0.021899 0
      vertex -0.0237371 -0.0219512 0
      vertex -0.02085 0.02085 0
    endloop
  endfacet
  facet normal 0 0 1
    outer loop
      vertex -0.02085 0.02085 0
      vertex -0.0237371 -0.0219512 0
      vertex -0.0236054 -0.0220092 0
    endloop
  endfacet
  facet normal 0 0 1
    outer loop
      vertex -0.0222168 -0.0232269 0
      vertex -0.0221421 -0.02335 0
      vertex -0.02085 0.02085 0
    endloop
  endfacet
  facet normal 0 0 1
    outer loop
      vertex -0.0221421 -0.02335 0
      vertex -0.0220729 -0.0234762 0
      vertex -0.02085 0.02085 0
    endloop
  endfacet
  facet normal 0 0 1
    outer loop
      vertex -0.02085 0.02085 0
      vertex -0.0220729 -0.0234762 0
      vertex -0.0220092 -0.0236054 0
    endloop
  endfacet
  facet normal 0 0 1
    outer loop
      vertex -0.0220092 -0.0236054 0
      vertex -0.0219512 -0.0237371 0
      vertex -0.02085 0.02085 0
    endloop
  endfacet
  facet normal 0 0 1
    outer loop
      vertex -0.0219512 -0.0237371 0
      vertex -0.021899 -0.0238713 0
      vertex -0.02085 0.02085 0
    endloop
  endfacet
  facet normal 0 0 1
    outer loop
      vertex -0.02085 0.02085 0
      vertex -0.021899 -0.0238713 0
      vertex -0.0218527 -0.0240077 0
    endloop
  endfacet
  facet normal 0 0 1
    outer loop
      vertex -0.0218527 -0.0240077 0
      vertex -0.0218124 -0.0241459 0
      vertex -0.02085 0.02085 0
    endloop
  endfacet
  facet normal 0 0 1
    outer loop
      vertex -0.0218124 -0.0241459 0
      vertex -0.0217782 -0.0242857 0
      vertex -0.02085 0.02085 0
    endloop
  endfacet
  facet normal 0 0 1
    outer loop
      vertex -0.02085 0.02085 0
      vertex -0.0217782 -0.0242857 0
      vertex -0.0217501 -0.024427 0
    endloop
  endfacet
  facet normal 0 0 1
    outer loop
      vertex -0.0240077 -0.0281473 0
      vertex -0.0241459 -0.0281876 0
      vertex -0.02085 -0.0325 0
    endloop
  endfacet
  facet normal 0 0 1
    outer loop
      vertex -0.0241459 -0.0281876 0
      vertex -0.0242857 -0.0282218 0
      vertex -0.02085 -0.0325 0
    endloop
  endfacet
  facet normal 0 0 1
    outer loop
      vertex -0.02085 -0.0325 0
      vertex -0.0242857 -0.0282218 0
      vertex -0.024427 -0.0282499 0
    endloop
  endfacet
  facet normal 0 0 1
    outer loop
      vertex -0.0258541 -0.0281876 0
      vertex -0.0259923 -0.0281473 0
      vertex -0.0325 -0.0325 0
    endloop
  endfacet
  facet normal 0 0 1
    outer loop
      vertex -0.0259923 -0.0281473 0
      vertex -0.0261287 -0.028101 0
      vertex -0.0325 -0.0325 0
    endloop
  endfacet
  facet normal 0 0 1
    outer loop
      vertex -0.0325 -0.0325 0
      vertex -0.0261287 -0.028101 0
      vertex -0.0262629 -0.0280488 0
    endloop
  endfacet
  facet normal 0 0 1
    outer loop
      vertex -0.0275279 -0.0228788 0
      vertex -0.027433 -0.0227706 0
      vertex -0.0325 0.02085 0
    endloop
  endfacet
  facet normal 0 0 1
    outer loop
      vertex -0.027433 -0.0227706 0
      vertex -0.0273335 -0.0226665 0
      vertex -0.0325 0.02085 0
    endloop
  endfacet
  facet normal 0 0 1
    outer loop
      vertex -0.0325 0.02085 0
      vertex -0.0273335 -0.0226665 0
      vertex -0.0272294 -0.022567 0
    endloop
  endfacet
  facet normal 0 0 1
    outer loop
      vertex -0.0272294 -0.022567 0
      vertex -0.0271212 -0.0224721 0
      vertex -0.0325 0.02085 0
    endloop
  endfacet
  facet normal 0 0 1
    outer loop
      vertex -0.0271212 -0.0224721 0
      vertex -0.0270089 -0.0223819 0
      vertex -0.0325 0.02085 0
    endloop
  endfacet
  facet normal 0 0 1
    outer loop
      vertex -0.0325 0.02085 0
      vertex -0.0270089 -0.0223819 0
      vertex -0.0268928 -0.0222968 0
    endloop
  endfacet
  facet normal 0 0 1
    outer loop
      vertex -0.0268928 -0.0222968 0
      vertex -0.0267731 -0.0222168 0
      vertex -0.0325 0.02085 0
    endloop
  endfacet
  facet normal 0 0 1
    outer loop
      vertex -0.0267731 -0.0222168 0
      vertex -0.02665 -0.0221421 0
      vertex -0.0325 0.02085 0
    endloop
  endfacet
  facet normal 0 0 1
    outer loop
      vertex -0.0325 0.02085 0
      vertex -0.02665 -0.0221421 0
      vertex -0.0265238 -0.0220729 0
    endloop
  endfacet
  facet normal 0 0 1
    outer loop
      vertex -0.025 -0.0217 0
      vertex -0.0248561 -0.0217031 0
      vertex -0.02085 0.02085 0
    endloop
  endfacet
  facet normal 0 0 1
    outer loop
      vertex -0.0248561 -0.0217031 0
      vertex -0.0247124 -0.0217126 0
      vertex -0.02085 0.02085 0
    endloop
  endfacet
  facet normal 0 0 1
    outer loop
      vertex -0.02085 0.02085 0
      vertex -0.0247124 -0.0217126 0
      vertex -0.0245693 -0.0217282 0
    endloop
  endfacet
  facet normal 0 0 1
    outer loop
      vertex -0.0245693 -0.0282718 0
      vertex -0.0247124 -0.0282874 0
      vertex -0.02085 -0.0325 0
    endloop
  endfacet
  facet normal 0 0 1
    outer loop
      vertex -0.0247124 -0.0282874 0
      vertex -0.0248561 -0.0282969 0
      vertex -0.02085 -0.0325 0
    endloop
  endfacet
  facet normal 0 0 1
    outer loop
      vertex -0.02085 -0.0325 0
      vertex -0.0248561 -0.0282969 0
      vertex -0.025 -0.0283 0
    endloop
  endfacet
  facet normal 0 0 1
    outer loop
      vertex -0.028101 -0.0238713 0
      vertex -0.0280488 -0.0237371 0
      vertex -0.0325 0.02085 0
    endloop
  endfacet
  facet normal 0 0 1
    outer loop
      vertex -0.0280488 -0.0237371 0
      vertex -0.0279908 -0.0236054 0
      vertex -0.0325 0.02085 0
    endloop
  endfacet
  facet normal 0 0 1
    outer loop
      vertex -0.0325 0.02085 0
      vertex -0.0279908 -0.0236054 0
      vertex -0.0279271 -0.0234762 0
    endloop
  endfacet
  facet normal 0 0 1
    outer loop
      vertex -0.0265238 -0.0220729 0
      vertex -0.0263946 -0.0220092 0
      vertex -0.0325 0.02085 0
    endloop
  endfacet
  facet normal 0 0 1
    outer loop
      vertex -0.0263946 -0.0220092 0
      vertex -0.0262629 -0.0219512 0
      vertex -0.0325 0.02085 0
    endloop
  endfacet
  facet normal 0 0 1
    outer loop
      vertex -0.0325 0.02085 0
      vertex -0.0262629 -0.0219512 0
      vertex -0.0261287 -0.021899 0
    endloop
  endfacet
  facet normal 0 0 1
    outer loop
      vertex -0.025573 -0.0217501 0
      vertex -0.0254307 -0.0217282 0
      vertex -0.0325 0.02085 0
    endloop
  endfacet
  facet normal 0 0 1
    outer loop
      vertex -0.0254307 -0.0217282 0
      vertex -0.0252876 -0.0217126 0
      vertex -0.0325 0.02085 0
    endloop
  endfacet
  facet normal 0 0 1
    outer loop
      vertex -0.0325 0.02085 0
      vertex -0.0252876 -0.0217126 0
      vertex -0.02085 0.02085 0
    endloop
  endfacet
  facet normal 0 0 1
    outer loop
      vertex -0.0252876 -0.0217126 0
      vertex -0.0251439 -0.0217031 0
      vertex -0.02085 0.02085 0
    endloop
  endfacet
  facet normal 0 0 1
    outer loop
      vertex -0.02085 0.02085 0
      vertex -0.0251439 -0.0217031 0
      vertex -0.025 -0.0217 0
    endloop
  endfacet
  facet normal 0 0 1
    outer loop
      vertex -0.025 -0.0283 0
      vertex -0.0251439 -0.0282969 0
      vertex -0.02085 -0.0325 0
    endloop
  endfacet
  facet normal 0 0 1
    outer loop
      vertex -0.0251439 -0.0282969 0
      vertex -0.0252876 -0.0282874 0
      vertex -0.02085 -0.0325 0
    endloop
  endfacet
  facet normal 0 0 1
    outer loop
      vertex -0.02085 -0.0325 0
      vertex -0.0252876 -0.0282874 0
      vertex -0.0325 -0.0325 0
    endloop
  endfacet
  facet normal 0 0 1
    outer loop
      vertex -0.0252876 -0.0282874 0
      vertex -0.0254307 -0.0282718 0
      vertex -0.0325 -0.0325 0
    endloop
  endfacet
  facet normal 0 0 1
    outer loop
      vertex -0.0325 -0.0325 0
      vertex -0.0254307 -0.0282718 0
      vertex -0.025573 -0.0282499 0
    endloop
  endfacet
  facet normal 1 0 0
    outer loop
      vertex -0.012815 0.012815 0.02733
      vertex -0.012815 -0.012815 0.02733
      vertex -0.012815 0.012815 0
    endloop
  endfacet
  facet normal 1 0 0
    outer loop
      vertex -0.012815 -0.012815 0.02733
      vertex -0.012815 -0.012815 0
      vertex -0.012815 0.012815 0
    endloop
  endfacet
  facet normal 0 1 0
    outer loop
      vertex -0.012815 -0.012815 0
      vertex -0.012815 -0.012815 0.02733
      vertex 0.012815 -0.012815 0
    endloop
  endfacet
  facet normal 0 1 0
    outer loop
      vertex -0.012815 -0.012815 0.02733
      vertex 0.012815 -0.012815 0.02733
      vertex 0.012815 -0.012815 0
    endloop
  endfacet
  facet normal 0 -1 0
    outer loop
      vertex 0.012815 0.012815 0.02733
      vertex -0.012815 0.012815 0.02733
      vertex 0.012815 0.012815 0
    endloop
  endfacet
  facet normal 0 -1 0
    outer loop
      vertex -0.012815 0.012815 0.02733
      vertex -0.012815 0.012815 0
      vertex 0.012815 0.012815 0
    endloop
  endfacet
  facet normal 0 0 1
    outer loop
      vertex -0.012815 -0.012815 0.02733
      vertex -0.01556 -0.01556 0.02733
      vertex 0.012815 -0.012815 0.02733
    endloop
  endfacet
  facet normal 0 0 1
    outer loop
      vertex -0.01556 -0.01556 0.02733
      vertex 0.01556 -0.01556 0.02733
      vertex 0.012815 -0.012815 0.02733
    endloop
  endfacet
  facet normal 0 0 1
    outer loop
      vertex 0.012815 -0.012815 0.02733
      vertex 0.01556 -0.01556 0.02733
      vertex 0.012815 0.012815 0.02733
    endloop
  endfacet
  facet normal 0 0 1
    outer loop
      vertex 0.01556 -0.01556 0.02733
      vertex 0.01556 0.01556 0.02733
      vertex 0.012815 0.012815 0.02733
    endloop
  endfacet
  facet normal 0 0 1
    outer loop
      vertex 0.012815 0.012815 0.02733
      vertex 0.01556 0.01556 0.02733
      vertex -0.012815 0.012815 0.02733
    endloop
  endfacet
  facet normal 0 0 1
    outer loop
      vertex 0.01556 0.01556 0.02733
      vertex -0.01556 0.01556 0.02733
      vertex -0.012815 0.012815 0.02733
    endloop
  endfacet
  facet normal 0 0 1
    outer loop
      vertex -0.012815 0.012815 0.02733
      vertex -0.01556 0.01556 0.02733
      vertex -0.012815 -0.012815 0.02733
    endloop
  endfacet
  facet normal 0 0 1
    outer loop
      vertex -0.01556 0.01556 0.02733
      vertex -0.01556 -0.01556 0.02733
      vertex -0.012815 -0.012815 0.02733
    endloop
  endfacet
endsolid Mesh
