solid Mesh
  facet normal -0.999762 -0.0218119 0
    outer loop
      vertex 0.0283 0.0125 -0.003
      vertex 0.0283 0.0125 0
      vertex 0.0282969 0.0126439 -0.003
    endloop
  endfacet
  facet normal -0.999762 -0.0218119 0
    outer loop
      vertex 0.0283 0.0125 0
      vertex 0.0282969 0.0126439 0
      vertex 0.0282969 0.0126439 -0.003
    endloop
  endfacet
  facet normal -0.997859 -0.0654092 0
    outer loop
      vertex 0.0282969 0.0126439 -0.003
      vertex 0.0282969 0.0126439 0
      vertex 0.0282874 0.0127876 -0.003
    endloop
  endfacet
  facet normal -0.997859 -0.0654092 0
    outer loop
      vertex 0.0282969 0.0126439 0
      vertex 0.0282874 0.0127876 0
      vertex 0.0282874 0.0127876 -0.003
    endloop
  endfacet
  facet normal -0.994057 -0.108865 0
    outer loop
      vertex 0.0282874 0.0127876 -0.003
      vertex 0.0282874 0.0127876 0
      vertex 0.0282718 0.0129307 -0.003
    endloop
  endfacet
  facet normal -0.994057 -0.108865 0
    outer loop
      vertex 0.0282874 0.0127876 0
      vertex 0.0282718 0.0129307 0
      vertex 0.0282718 0.0129307 -0.003
    endloop
  endfacet
  facet normal -0.988361 -0.152126 0
    outer loop
      vertex 0.0282718 0.0129307 -0.003
      vertex 0.0282718 0.0129307 0
      vertex 0.0282499 0.013073 -0.003
    endloop
  endfacet
  facet normal -0.988361 -0.152126 0
    outer loop
      vertex 0.0282718 0.0129307 0
      vertex 0.0282499 0.013073 0
      vertex 0.0282499 0.013073 -0.003
    endloop
  endfacet
  facet normal -0.980785 -0.19509 0
    outer loop
      vertex 0.0282499 0.013073 -0.003
      vertex 0.0282499 0.013073 0
      vertex 0.0282218 0.0132143 -0.003
    endloop
  endfacet
  facet normal -0.980785 -0.19509 0
    outer loop
      vertex 0.0282499 0.013073 0
      vertex 0.0282218 0.0132143 0
      vertex 0.0282218 0.0132143 -0.003
    endloop
  endfacet
  facet normal -0.971341 -0.237691 0
    outer loop
      vertex 0.0282218 0.0132143 -0.003
      vertex 0.0282218 0.0132143 0
      vertex 0.0281876 0.0133541 -0.003
    endloop
  endfacet
  facet normal -0.971341 -0.237691 0
    outer loop
      vertex 0.0282218 0.0132143 0
      vertex 0.0281876 0.0133541 0
      vertex 0.0281876 0.0133541 -0.003
    endloop
  endfacet
  facet normal -0.96005 -0.279828 0
    outer loop
      vertex 0.0281876 0.0133541 -0.003
      vertex 0.0281876 0.0133541 0
      vertex 0.0281473 0.0134923 -0.003
    endloop
  endfacet
  facet normal -0.96005 -0.279828 0
    outer loop
      vertex 0.0281876 0.0133541 0
      vertex 0.0281473 0.0134923 0
      vertex 0.0281473 0.0134923 -0.003
    endloop
  endfacet
  facet normal -0.946932 -0.321433 0
    outer loop
      vertex 0.0281473 0.0134923 -0.003
      vertex 0.0281473 0.0134923 0
      vertex 0.028101 0.0136287 -0.003
    endloop
  endfacet
  facet normal -0.946932 -0.321433 0
    outer loop
      vertex 0.0281473 0.0134923 0
      vertex 0.028101 0.0136287 0
      vertex 0.028101 0.0136287 -0.003
    endloop
  endfacet
  facet normal -0.932006 -0.362443 0
    outer loop
      vertex 0.028101 0.0136287 -0.003
      vertex 0.028101 0.0136287 0
      vertex 0.0280488 0.0137629 -0.003
    endloop
  endfacet
  facet normal -0.932006 -0.362443 0
    outer loop
      vertex 0.028101 0.0136287 0
      vertex 0.0280488 0.0137629 0
      vertex 0.0280488 0.0137629 -0.003
    endloop
  endfacet
  facet normal -0.915313 -0.402742 0
    outer loop
      vertex 0.0280488 0.0137629 -0.003
      vertex 0.0280488 0.0137629 0
      vertex 0.0279908 0.0138946 -0.003
    endloop
  endfacet
  facet normal -0.915313 -0.402742 0
    outer loop
      vertex 0.0280488 0.0137629 0
      vertex 0.0279908 0.0138946 0
      vertex 0.0279908 0.0138946 -0.003
    endloop
  endfacet
  facet normal -0.896873 -0.442288 0
    outer loop
      vertex 0.0279908 0.0138946 -0.003
      vertex 0.0279908 0.0138946 0
      vertex 0.0279271 0.0140238 -0.003
    endloop
  endfacet
  facet normal -0.896873 -0.442288 0
    outer loop
      vertex 0.0279908 0.0138946 0
      vertex 0.0279271 0.0140238 0
      vertex 0.0279271 0.0140238 -0.003
    endloop
  endfacet
  facet normal -0.876723 -0.480995 0
    outer loop
      vertex 0.0279271 0.0140238 -0.003
      vertex 0.0279271 0.0140238 0
      vertex 0.0278579 0.01415 -0.003
    endloop
  endfacet
  facet normal -0.876723 -0.480995 0
    outer loop
      vertex 0.0279271 0.0140238 0
      vertex 0.0278579 0.01415 0
      vertex 0.0278579 0.01415 -0.003
    endloop
  endfacet
  facet normal -0.854917 -0.518765 0
    outer loop
      vertex 0.0278579 0.01415 -0.003
      vertex 0.0278579 0.01415 0
      vertex 0.0277832 0.0142731 -0.003
    endloop
  endfacet
  facet normal -0.854917 -0.518765 0
    outer loop
      vertex 0.0278579 0.01415 0
      vertex 0.0277832 0.0142731 0
      vertex 0.0277832 0.0142731 -0.003
    endloop
  endfacet
  facet normal -0.831467 -0.555575 0
    outer loop
      vertex 0.0277832 0.0142731 -0.003
      vertex 0.0277832 0.0142731 0
      vertex 0.0277032 0.0143928 -0.003
    endloop
  endfacet
  facet normal -0.831467 -0.555575 0
    outer loop
      vertex 0.0277832 0.0142731 0
      vertex 0.0277032 0.0143928 0
      vertex 0.0277032 0.0143928 -0.003
    endloop
  endfacet
  facet normal -0.806442 -0.591313 0
    outer loop
      vertex 0.0277032 0.0143928 -0.003
      vertex 0.0277032 0.0143928 0
      vertex 0.0276181 0.0145089 -0.003
    endloop
  endfacet
  facet normal -0.806442 -0.591313 0
    outer loop
      vertex 0.0277032 0.0143928 0
      vertex 0.0276181 0.0145089 0
      vertex 0.0276181 0.0145089 -0.003
    endloop
  endfacet
  facet normal -0.779888 -0.625919 0
    outer loop
      vertex 0.0276181 0.0145089 -0.003
      vertex 0.0276181 0.0145089 0
      vertex 0.0275279 0.0146212 -0.003
    endloop
  endfacet
  facet normal -0.779888 -0.625919 0
    outer loop
      vertex 0.0276181 0.0145089 0
      vertex 0.0275279 0.0146212 0
      vertex 0.0275279 0.0146212 -0.003
    endloop
  endfacet
  facet normal -0.751839 -0.659346 0
    outer loop
      vertex 0.0275279 0.0146212 -0.003
      vertex 0.0275279 0.0146212 0
      vertex 0.027433 0.0147294 -0.003
    endloop
  endfacet
  facet normal -0.751839 -0.659346 0
    outer loop
      vertex 0.0275279 0.0146212 0
      vertex 0.027433 0.0147294 0
      vertex 0.027433 0.0147294 -0.003
    endloop
  endfacet
  facet normal -0.722366 -0.691511 0
    outer loop
      vertex 0.027433 0.0147294 -0.003
      vertex 0.027433 0.0147294 0
      vertex 0.0273335 0.0148335 -0.003
    endloop
  endfacet
  facet normal -0.722366 -0.691511 0
    outer loop
      vertex 0.027433 0.0147294 0
      vertex 0.0273335 0.0148335 0
      vertex 0.0273335 0.0148335 -0.003
    endloop
  endfacet
  facet normal -0.691508 -0.722369 0
    outer loop
      vertex 0.0273335 0.0148335 -0.003
      vertex 0.0273335 0.0148335 0
      vertex 0.0272294 0.014933 -0.003
    endloop
  endfacet
  facet normal -0.691508 -0.722369 0
    outer loop
      vertex 0.0273335 0.0148335 0
      vertex 0.0272294 0.014933 0
      vertex 0.0272294 0.014933 -0.003
    endloop
  endfacet
  facet normal -0.65935 -0.751837 0
    outer loop
      vertex 0.0272294 0.014933 -0.003
      vertex 0.0272294 0.014933 0
      vertex 0.0271212 0.0150279 -0.003
    endloop
  endfacet
  facet normal -0.65935 -0.751837 0
    outer loop
      vertex 0.0272294 0.014933 0
      vertex 0.0271212 0.0150279 0
      vertex 0.0271212 0.0150279 -0.003
    endloop
  endfacet
  facet normal -0.625926 -0.779883 0
    outer loop
      vertex 0.0271212 0.0150279 -0.003
      vertex 0.0271212 0.0150279 0
      vertex 0.0270089 0.0151181 -0.003
    endloop
  endfacet
  facet normal -0.625926 -0.779883 0
    outer loop
      vertex 0.0271212 0.0150279 0
      vertex 0.0270089 0.0151181 0
      vertex 0.0270089 0.0151181 -0.003
    endloop
  endfacet
  facet normal -0.591306 -0.806447 0
    outer loop
      vertex 0.0270089 0.0151181 -0.003
      vertex 0.0270089 0.0151181 0
      vertex 0.0268928 0.0152032 -0.003
    endloop
  endfacet
  facet normal -0.591306 -0.806447 0
    outer loop
      vertex 0.0270089 0.0151181 0
      vertex 0.0268928 0.0152032 0
      vertex 0.0268928 0.0152032 -0.003
    endloop
  endfacet
  facet normal -0.555572 -0.831469 0
    outer loop
      vertex 0.0268928 0.0152032 -0.003
      vertex 0.0268928 0.0152032 0
      vertex 0.0267731 0.0152832 -0.003
    endloop
  endfacet
  facet normal -0.555572 -0.831469 0
    outer loop
      vertex 0.0268928 0.0152032 0
      vertex 0.0267731 0.0152832 0
      vertex 0.0267731 0.0152832 -0.003
    endloop
  endfacet
  facet normal -0.518772 -0.854913 0
    outer loop
      vertex 0.0267731 0.0152832 -0.003
      vertex 0.0267731 0.0152832 0
      vertex 0.02665 0.0153579 -0.003
    endloop
  endfacet
  facet normal -0.518772 -0.854913 0
    outer loop
      vertex 0.0267731 0.0152832 0
      vertex 0.02665 0.0153579 0
      vertex 0.02665 0.0153579 -0.003
    endloop
  endfacet
  facet normal -0.48099 -0.876726 0
    outer loop
      vertex 0.02665 0.0153579 -0.003
      vertex 0.02665 0.0153579 0
      vertex 0.0265238 0.0154271 -0.003
    endloop
  endfacet
  facet normal -0.48099 -0.876726 0
    outer loop
      vertex 0.02665 0.0153579 0
      vertex 0.0265238 0.0154271 0
      vertex 0.0265238 0.0154271 -0.003
    endloop
  endfacet
  facet normal -0.442291 -0.896872 0
    outer loop
      vertex 0.0265238 0.0154271 -0.003
      vertex 0.0265238 0.0154271 0
      vertex 0.0263946 0.0154908 -0.003
    endloop
  endfacet
  facet normal -0.442291 -0.896872 0
    outer loop
      vertex 0.0265238 0.0154271 0
      vertex 0.0263946 0.0154908 0
      vertex 0.0263946 0.0154908 -0.003
    endloop
  endfacet
  facet normal -0.402745 -0.915312 0
    outer loop
      vertex 0.0263946 0.0154908 -0.003
      vertex 0.0263946 0.0154908 0
      vertex 0.0262629 0.0155488 -0.003
    endloop
  endfacet
  facet normal -0.402745 -0.915312 0
    outer loop
      vertex 0.0263946 0.0154908 0
      vertex 0.0262629 0.0155488 0
      vertex 0.0262629 0.0155488 -0.003
    endloop
  endfacet
  facet normal -0.362437 -0.932008 0
    outer loop
      vertex 0.0262629 0.0155488 -0.003
      vertex 0.0262629 0.0155488 0
      vertex 0.0261287 0.015601 -0.003
    endloop
  endfacet
  facet normal -0.362437 -0.932008 0
    outer loop
      vertex 0.0262629 0.0155488 0
      vertex 0.0261287 0.015601 0
      vertex 0.0261287 0.015601 -0.003
    endloop
  endfacet
  facet normal -0.321437 -0.946931 0
    outer loop
      vertex 0.0261287 0.015601 -0.003
      vertex 0.0261287 0.015601 0
      vertex 0.0259923 0.0156473 -0.003
    endloop
  endfacet
  facet normal -0.321437 -0.946931 0
    outer loop
      vertex 0.0261287 0.015601 0
      vertex 0.0259923 0.0156473 0
      vertex 0.0259923 0.0156473 -0.003
    endloop
  endfacet
  facet normal -0.27983 -0.96005 0
    outer loop
      vertex 0.0259923 0.0156473 -0.003
      vertex 0.0259923 0.0156473 0
      vertex 0.0258541 0.0156876 -0.003
    endloop
  endfacet
  facet normal -0.27983 -0.96005 0
    outer loop
      vertex 0.0259923 0.0156473 0
      vertex 0.0258541 0.0156876 0
      vertex 0.0258541 0.0156876 -0.003
    endloop
  endfacet
  facet normal -0.23769 -0.971341 0
    outer loop
      vertex 0.0258541 0.0156876 -0.003
      vertex 0.0258541 0.0156876 0
      vertex 0.0257143 0.0157218 -0.003
    endloop
  endfacet
  facet normal -0.23769 -0.971341 0
    outer loop
      vertex 0.0258541 0.0156876 0
      vertex 0.0257143 0.0157218 0
      vertex 0.0257143 0.0157218 -0.003
    endloop
  endfacet
  facet normal -0.195091 -0.980785 0
    outer loop
      vertex 0.0257143 0.0157218 -0.003
      vertex 0.0257143 0.0157218 0
      vertex 0.025573 0.0157499 -0.003
    endloop
  endfacet
  facet normal -0.195091 -0.980785 0
    outer loop
      vertex 0.0257143 0.0157218 0
      vertex 0.025573 0.0157499 0
      vertex 0.025573 0.0157499 -0.003
    endloop
  endfacet
  facet normal -0.152114 -0.988363 0
    outer loop
      vertex 0.025573 0.0157499 -0.003
      vertex 0.025573 0.0157499 0
      vertex 0.0254307 0.0157718 -0.003
    endloop
  endfacet
  facet normal -0.152114 -0.988363 0
    outer loop
      vertex 0.025573 0.0157499 0
      vertex 0.0254307 0.0157718 0
      vertex 0.0254307 0.0157718 -0.003
    endloop
  endfacet
  facet normal -0.108877 -0.994055 0
    outer loop
      vertex 0.0254307 0.0157718 -0.003
      vertex 0.0254307 0.0157718 0
      vertex 0.0252876 0.0157874 -0.003
    endloop
  endfacet
  facet normal -0.108877 -0.994055 0
    outer loop
      vertex 0.0254307 0.0157718 0
      vertex 0.0252876 0.0157874 0
      vertex 0.0252876 0.0157874 -0.003
    endloop
  endfacet
  facet normal -0.0653967 -0.997859 0
    outer loop
      vertex 0.0252876 0.0157874 -0.003
      vertex 0.0252876 0.0157874 0
      vertex 0.0251439 0.0157969 -0.003
    endloop
  endfacet
  facet normal -0.0653967 -0.997859 0
    outer loop
      vertex 0.0252876 0.0157874 0
      vertex 0.0251439 0.0157969 0
      vertex 0.0251439 0.0157969 -0.003
    endloop
  endfacet
  facet normal -0.0218119 -0.999762 0
    outer loop
      vertex 0.0251439 0.0157969 -0.003
      vertex 0.0251439 0.0157969 0
      vertex 0.025 0.0158 -0.003
    endloop
  endfacet
  facet normal -0.0218119 -0.999762 0
    outer loop
      vertex 0.0251439 0.0157969 0
      vertex 0.025 0.0158 0
      vertex 0.025 0.0158 -0.003
    endloop
  endfacet
  facet normal 0.0218116 -0.999762 0
    outer loop
      vertex 0.025 0.0158 -0.003
      vertex 0.025 0.0158 0
      vertex 0.0248561 0.0157969 -0.003
    endloop
  endfacet
  facet normal 0.0218116 -0.999762 0
    outer loop
      vertex 0.025 0.0158 0
      vertex 0.0248561 0.0157969 0
      vertex 0.0248561 0.0157969 -0.003
    endloop
  endfacet
  facet normal 0.0653967 -0.997859 0
    outer loop
      vertex 0.0248561 0.0157969 -0.003
      vertex 0.0248561 0.0157969 0
      vertex 0.0247124 0.0157874 -0.003
    endloop
  endfacet
  facet normal 0.0653967 -0.997859 0
    outer loop
      vertex 0.0248561 0.0157969 0
      vertex 0.0247124 0.0157874 0
      vertex 0.0247124 0.0157874 -0.003
    endloop
  endfacet
  facet normal 0.108878 -0.994055 0
    outer loop
      vertex 0.0247124 0.0157874 -0.003
      vertex 0.0247124 0.0157874 0
      vertex 0.0245693 0.0157718 -0.003
    endloop
  endfacet
  facet normal 0.108878 -0.994055 0
    outer loop
      vertex 0.0247124 0.0157874 0
      vertex 0.0245693 0.0157718 0
      vertex 0.0245693 0.0157718 -0.003
    endloop
  endfacet
  facet normal 0.152114 -0.988363 0
    outer loop
      vertex 0.0245693 0.0157718 -0.003
      vertex 0.0245693 0.0157718 0
      vertex 0.024427 0.0157499 -0.003
    endloop
  endfacet
  facet normal 0.152114 -0.988363 0
    outer loop
      vertex 0.0245693 0.0157718 0
      vertex 0.024427 0.0157499 0
      vertex 0.024427 0.0157499 -0.003
    endloop
  endfacet
  facet normal 0.195089 -0.980786 0
    outer loop
      vertex 0.024427 0.0157499 -0.003
      vertex 0.024427 0.0157499 0
      vertex 0.0242857 0.0157218 -0.003
    endloop
  endfacet
  facet normal 0.195089 -0.980786 0
    outer loop
      vertex 0.024427 0.0157499 0
      vertex 0.0242857 0.0157218 0
      vertex 0.0242857 0.0157218 -0.003
    endloop
  endfacet
  facet normal 0.237693 -0.97134 0
    outer loop
      vertex 0.0242857 0.0157218 -0.003
      vertex 0.0242857 0.0157218 0
      vertex 0.0241459 0.0156876 -0.003
    endloop
  endfacet
  facet normal 0.237693 -0.97134 0
    outer loop
      vertex 0.0242857 0.0157218 0
      vertex 0.0241459 0.0156876 0
      vertex 0.0241459 0.0156876 -0.003
    endloop
  endfacet
  facet normal 0.279826 -0.960051 0
    outer loop
      vertex 0.0241459 0.0156876 -0.003
      vertex 0.0241459 0.0156876 0
      vertex 0.0240077 0.0156473 -0.003
    endloop
  endfacet
  facet normal 0.279826 -0.960051 0
    outer loop
      vertex 0.0241459 0.0156876 0
      vertex 0.0240077 0.0156473 0
      vertex 0.0240077 0.0156473 -0.003
    endloop
  endfacet
  facet normal 0.321441 -0.94693 0
    outer loop
      vertex 0.0240077 0.0156473 -0.003
      vertex 0.0240077 0.0156473 0
      vertex 0.0238713 0.015601 -0.003
    endloop
  endfacet
  facet normal 0.321441 -0.94693 0
    outer loop
      vertex 0.0240077 0.0156473 0
      vertex 0.0238713 0.015601 0
      vertex 0.0238713 0.015601 -0.003
    endloop
  endfacet
  facet normal 0.362437 -0.932008 0
    outer loop
      vertex 0.0238713 0.015601 -0.003
      vertex 0.0238713 0.015601 0
      vertex 0.0237371 0.0155488 -0.003
    endloop
  endfacet
  facet normal 0.362437 -0.932008 0
    outer loop
      vertex 0.0238713 0.015601 0
      vertex 0.0237371 0.0155488 0
      vertex 0.0237371 0.0155488 -0.003
    endloop
  endfacet
  facet normal 0.402745 -0.915312 0
    outer loop
      vertex 0.0237371 0.0155488 -0.003
      vertex 0.0237371 0.0155488 0
      vertex 0.0236054 0.0154908 -0.003
    endloop
  endfacet
  facet normal 0.402745 -0.915312 0
    outer loop
      vertex 0.0237371 0.0155488 0
      vertex 0.0236054 0.0154908 0
      vertex 0.0236054 0.0154908 -0.003
    endloop
  endfacet
  facet normal 0.442291 -0.896872 0
    outer loop
      vertex 0.0236054 0.0154908 -0.003
      vertex 0.0236054 0.0154908 0
      vertex 0.0234762 0.0154271 -0.003
    endloop
  endfacet
  facet normal 0.442291 -0.896872 0
    outer loop
      vertex 0.0236054 0.0154908 0
      vertex 0.0234762 0.0154271 0
      vertex 0.0234762 0.0154271 -0.003
    endloop
  endfacet
  facet normal 0.48099 -0.876726 0
    outer loop
      vertex 0.0234762 0.0154271 -0.003
      vertex 0.0234762 0.0154271 0
      vertex 0.02335 0.0153579 -0.003
    endloop
  endfacet
  facet normal 0.48099 -0.876726 0
    outer loop
      vertex 0.0234762 0.0154271 0
      vertex 0.02335 0.0153579 0
      vertex 0.02335 0.0153579 -0.003
    endloop
  endfacet
  facet normal 0.518772 -0.854913 0
    outer loop
      vertex 0.02335 0.0153579 -0.003
      vertex 0.02335 0.0153579 0
      vertex 0.0232269 0.0152832 -0.003
    endloop
  endfacet
  facet normal 0.518772 -0.854913 0
    outer loop
      vertex 0.02335 0.0153579 0
      vertex 0.0232269 0.0152832 0
      vertex 0.0232269 0.0152832 -0.003
    endloop
  endfacet
  facet normal 0.555566 -0.831473 0
    outer loop
      vertex 0.0232269 0.0152832 -0.003
      vertex 0.0232269 0.0152832 0
      vertex 0.0231072 0.0152032 -0.003
    endloop
  endfacet
  facet normal 0.555566 -0.831473 0
    outer loop
      vertex 0.0232269 0.0152832 0
      vertex 0.0231072 0.0152032 0
      vertex 0.0231072 0.0152032 -0.003
    endloop
  endfacet
  facet normal 0.591313 -0.806442 0
    outer loop
      vertex 0.0231072 0.0152032 -0.003
      vertex 0.0231072 0.0152032 0
      vertex 0.0229911 0.0151181 -0.003
    endloop
  endfacet
  facet normal 0.591313 -0.806442 0
    outer loop
      vertex 0.0231072 0.0152032 0
      vertex 0.0229911 0.0151181 0
      vertex 0.0229911 0.0151181 -0.003
    endloop
  endfacet
  facet normal 0.625926 -0.779883 0
    outer loop
      vertex 0.0229911 0.0151181 -0.003
      vertex 0.0229911 0.0151181 0
      vertex 0.0228788 0.0150279 -0.003
    endloop
  endfacet
  facet normal 0.625926 -0.779883 0
    outer loop
      vertex 0.0229911 0.0151181 0
      vertex 0.0228788 0.0150279 0
      vertex 0.0228788 0.0150279 -0.003
    endloop
  endfacet
  facet normal 0.659343 -0.751842 0
    outer loop
      vertex 0.0228788 0.0150279 -0.003
      vertex 0.0228788 0.0150279 0
      vertex 0.0227706 0.014933 -0.003
    endloop
  endfacet
  facet normal 0.659343 -0.751842 0
    outer loop
      vertex 0.0228788 0.0150279 0
      vertex 0.0227706 0.014933 0
      vertex 0.0227706 0.014933 -0.003
    endloop
  endfacet
  facet normal 0.691514 -0.722363 0
    outer loop
      vertex 0.0227706 0.014933 -0.003
      vertex 0.0227706 0.014933 0
      vertex 0.0226665 0.0148335 -0.003
    endloop
  endfacet
  facet normal 0.691514 -0.722363 0
    outer loop
      vertex 0.0227706 0.014933 0
      vertex 0.0226665 0.0148335 0
      vertex 0.0226665 0.0148335 -0.003
    endloop
  endfacet
  facet normal 0.722366 -0.691511 0
    outer loop
      vertex 0.0226665 0.0148335 -0.003
      vertex 0.0226665 0.0148335 0
      vertex 0.022567 0.0147294 -0.003
    endloop
  endfacet
  facet normal 0.722366 -0.691511 0
    outer loop
      vertex 0.0226665 0.0148335 0
      vertex 0.022567 0.0147294 0
      vertex 0.022567 0.0147294 -0.003
    endloop
  endfacet
  facet normal 0.751839 -0.659346 0
    outer loop
      vertex 0.022567 0.0147294 -0.003
      vertex 0.022567 0.0147294 0
      vertex 0.0224721 0.0146212 -0.003
    endloop
  endfacet
  facet normal 0.751839 -0.659346 0
    outer loop
      vertex 0.022567 0.0147294 0
      vertex 0.0224721 0.0146212 0
      vertex 0.0224721 0.0146212 -0.003
    endloop
  endfacet
  facet normal 0.779882 -0.625926 0
    outer loop
      vertex 0.0224721 0.0146212 -0.003
      vertex 0.0224721 0.0146212 0
      vertex 0.0223819 0.0145089 -0.003
    endloop
  endfacet
  facet normal 0.779882 -0.625926 0
    outer loop
      vertex 0.0224721 0.0146212 0
      vertex 0.0223819 0.0145089 0
      vertex 0.0223819 0.0145089 -0.003
    endloop
  endfacet
  facet normal 0.806442 -0.591313 0
    outer loop
      vertex 0.0223819 0.0145089 -0.003
      vertex 0.0223819 0.0145089 0
      vertex 0.0222968 0.0143928 -0.003
    endloop
  endfacet
  facet normal 0.806442 -0.591313 0
    outer loop
      vertex 0.0223819 0.0145089 0
      vertex 0.0222968 0.0143928 0
      vertex 0.0222968 0.0143928 -0.003
    endloop
  endfacet
  facet normal 0.831473 -0.555566 0
    outer loop
      vertex 0.0222968 0.0143928 -0.003
      vertex 0.0222968 0.0143928 0
      vertex 0.0222168 0.0142731 -0.003
    endloop
  endfacet
  facet normal 0.831473 -0.555566 0
    outer loop
      vertex 0.0222968 0.0143928 0
      vertex 0.0222168 0.0142731 0
      vertex 0.0222168 0.0142731 -0.003
    endloop
  endfacet
  facet normal 0.854911 -0.518775 0
    outer loop
      vertex 0.0222168 0.0142731 -0.003
      vertex 0.0222168 0.0142731 0
      vertex 0.0221421 0.01415 -0.003
    endloop
  endfacet
  facet normal 0.854911 -0.518775 0
    outer loop
      vertex 0.0222168 0.0142731 0
      vertex 0.0221421 0.01415 0
      vertex 0.0221421 0.01415 -0.003
    endloop
  endfacet
  facet normal 0.876729 -0.480985 0
    outer loop
      vertex 0.0221421 0.01415 -0.003
      vertex 0.0221421 0.01415 0
      vertex 0.0220729 0.0140238 -0.003
    endloop
  endfacet
  facet normal 0.876729 -0.480985 0
    outer loop
      vertex 0.0221421 0.01415 0
      vertex 0.0220729 0.0140238 0
      vertex 0.0220729 0.0140238 -0.003
    endloop
  endfacet
  facet normal 0.896873 -0.442288 0
    outer loop
      vertex 0.0220729 0.0140238 -0.003
      vertex 0.0220729 0.0140238 0
      vertex 0.0220092 0.0138946 -0.003
    endloop
  endfacet
  facet normal 0.896873 -0.442288 0
    outer loop
      vertex 0.0220729 0.0140238 0
      vertex 0.0220092 0.0138946 0
      vertex 0.0220092 0.0138946 -0.003
    endloop
  endfacet
  facet normal 0.915309 -0.402753 0
    outer loop
      vertex 0.0220092 0.0138946 -0.003
      vertex 0.0220092 0.0138946 0
      vertex 0.0219512 0.0137629 -0.003
    endloop
  endfacet
  facet normal 0.915309 -0.402753 0
    outer loop
      vertex 0.0220092 0.0138946 0
      vertex 0.0219512 0.0137629 0
      vertex 0.0219512 0.0137629 -0.003
    endloop
  endfacet
  facet normal 0.93201 -0.362431 0
    outer loop
      vertex 0.0219512 0.0137629 -0.003
      vertex 0.0219512 0.0137629 0
      vertex 0.021899 0.0136287 -0.003
    endloop
  endfacet
  facet normal 0.93201 -0.362431 0
    outer loop
      vertex 0.0219512 0.0137629 0
      vertex 0.021899 0.0136287 0
      vertex 0.021899 0.0136287 -0.003
    endloop
  endfacet
  facet normal 0.946928 -0.321445 0
    outer loop
      vertex 0.021899 0.0136287 -0.003
      vertex 0.021899 0.0136287 0
      vertex 0.0218527 0.0134923 -0.003
    endloop
  endfacet
  facet normal 0.946928 -0.321445 0
    outer loop
      vertex 0.021899 0.0136287 0
      vertex 0.0218527 0.0134923 0
      vertex 0.0218527 0.0134923 -0.003
    endloop
  endfacet
  facet normal 0.96005 -0.279828 0
    outer loop
      vertex 0.0218527 0.0134923 -0.003
      vertex 0.0218527 0.0134923 0
      vertex 0.0218124 0.0133541 -0.003
    endloop
  endfacet
  facet normal 0.96005 -0.279828 0
    outer loop
      vertex 0.0218527 0.0134923 0
      vertex 0.0218124 0.0133541 0
      vertex 0.0218124 0.0133541 -0.003
    endloop
  endfacet
  facet normal 0.971344 -0.237679 0
    outer loop
      vertex 0.0218124 0.0133541 -0.003
      vertex 0.0218124 0.0133541 0
      vertex 0.0217782 0.0132143 -0.003
    endloop
  endfacet
  facet normal 0.971344 -0.237679 0
    outer loop
      vertex 0.0218124 0.0133541 0
      vertex 0.0217782 0.0132143 0
      vertex 0.0217782 0.0132143 -0.003
    endloop
  endfacet
  facet normal 0.980783 -0.195102 0
    outer loop
      vertex 0.0217782 0.0132143 -0.003
      vertex 0.0217782 0.0132143 0
      vertex 0.0217501 0.013073 -0.003
    endloop
  endfacet
  facet normal 0.980783 -0.195102 0
    outer loop
      vertex 0.0217782 0.0132143 0
      vertex 0.0217501 0.013073 0
      vertex 0.0217501 0.013073 -0.003
    endloop
  endfacet
  facet normal 0.988363 -0.152114 0
    outer loop
      vertex 0.0217501 0.013073 -0.003
      vertex 0.0217501 0.013073 0
      vertex 0.0217282 0.0129307 -0.003
    endloop
  endfacet
  facet normal 0.988363 -0.152114 0
    outer loop
      vertex 0.0217501 0.013073 0
      vertex 0.0217282 0.0129307 0
      vertex 0.0217282 0.0129307 -0.003
    endloop
  endfacet
  facet normal 0.994057 -0.108865 0
    outer loop
      vertex 0.0217282 0.0129307 -0.003
      vertex 0.0217282 0.0129307 0
      vertex 0.0217126 0.0127876 -0.003
    endloop
  endfacet
  facet normal 0.994057 -0.108865 0
    outer loop
      vertex 0.0217282 0.0129307 0
      vertex 0.0217126 0.0127876 0
      vertex 0.0217126 0.0127876 -0.003
    endloop
  endfacet
  facet normal 0.997859 -0.0654092 0
    outer loop
      vertex 0.0217126 0.0127876 -0.003
      vertex 0.0217126 0.0127876 0
      vertex 0.0217031 0.0126439 -0.003
    endloop
  endfacet
  facet normal 0.997859 -0.0654092 0
    outer loop
      vertex 0.0217126 0.0127876 0
      vertex 0.0217031 0.0126439 0
      vertex 0.0217031 0.0126439 -0.003
    endloop
  endfacet
  facet normal 0.999762 -0.0218119 0
    outer loop
      vertex 0.0217031 0.0126439 -0.003
      vertex 0.0217031 0.0126439 0
      vertex 0.0217 0.0125 -0.003
    endloop
  endfacet
  facet normal 0.999762 -0.0218119 0
    outer loop
      vertex 0.0217031 0.0126439 0
      vertex 0.0217 0.0125 0
      vertex 0.0217 0.0125 -0.003
    endloop
  endfacet
  facet normal 0.999762 0.0218117 0
    outer loop
      vertex 0.0217 0.0125 -0.003
      vertex 0.0217 0.0125 0
      vertex 0.0217031 0.0123561 -0.003
    endloop
  endfacet
  facet normal 0.999762 0.0218117 0
    outer loop
      vertex 0.0217 0.0125 0
      vertex 0.0217031 0.0123561 0
      vertex 0.0217031 0.0123561 -0.003
    endloop
  endfacet
  facet normal 0.997858 0.0654096 0
    outer loop
      vertex 0.0217031 0.0123561 -0.003
      vertex 0.0217031 0.0123561 0
      vertex 0.0217126 0.0122124 -0.003
    endloop
  endfacet
  facet normal 0.997858 0.0654096 0
    outer loop
      vertex 0.0217031 0.0123561 0
      vertex 0.0217126 0.0122124 0
      vertex 0.0217126 0.0122124 -0.003
    endloop
  endfacet
  facet normal 0.994057 0.108865 0
    outer loop
      vertex 0.0217126 0.0122124 -0.003
      vertex 0.0217126 0.0122124 0
      vertex 0.0217282 0.0120693 -0.003
    endloop
  endfacet
  facet normal 0.994057 0.108865 0
    outer loop
      vertex 0.0217126 0.0122124 0
      vertex 0.0217282 0.0120693 0
      vertex 0.0217282 0.0120693 -0.003
    endloop
  endfacet
  facet normal 0.988363 0.152114 0
    outer loop
      vertex 0.0217282 0.0120693 -0.003
      vertex 0.0217282 0.0120693 0
      vertex 0.0217501 0.011927 -0.003
    endloop
  endfacet
  facet normal 0.988363 0.152114 0
    outer loop
      vertex 0.0217282 0.0120693 0
      vertex 0.0217501 0.011927 0
      vertex 0.0217501 0.011927 -0.003
    endloop
  endfacet
  facet normal 0.980783 0.195102 0
    outer loop
      vertex 0.0217501 0.011927 -0.003
      vertex 0.0217501 0.011927 0
      vertex 0.0217782 0.0117857 -0.003
    endloop
  endfacet
  facet normal 0.980783 0.195102 0
    outer loop
      vertex 0.0217501 0.011927 0
      vertex 0.0217782 0.0117857 0
      vertex 0.0217782 0.0117857 -0.003
    endloop
  endfacet
  facet normal 0.971344 0.237679 0
    outer loop
      vertex 0.0217782 0.0117857 -0.003
      vertex 0.0217782 0.0117857 0
      vertex 0.0218124 0.0116459 -0.003
    endloop
  endfacet
  facet normal 0.971344 0.237679 0
    outer loop
      vertex 0.0217782 0.0117857 0
      vertex 0.0218124 0.0116459 0
      vertex 0.0218124 0.0116459 -0.003
    endloop
  endfacet
  facet normal 0.96005 0.279828 0
    outer loop
      vertex 0.0218124 0.0116459 -0.003
      vertex 0.0218124 0.0116459 0
      vertex 0.0218527 0.0115077 -0.003
    endloop
  endfacet
  facet normal 0.96005 0.279828 0
    outer loop
      vertex 0.0218124 0.0116459 0
      vertex 0.0218527 0.0115077 0
      vertex 0.0218527 0.0115077 -0.003
    endloop
  endfacet
  facet normal 0.946929 0.321443 0
    outer loop
      vertex 0.0218527 0.0115077 -0.003
      vertex 0.0218527 0.0115077 0
      vertex 0.021899 0.0113713 -0.003
    endloop
  endfacet
  facet normal 0.946929 0.321443 0
    outer loop
      vertex 0.0218527 0.0115077 0
      vertex 0.021899 0.0113713 0
      vertex 0.021899 0.0113713 -0.003
    endloop
  endfacet
  facet normal 0.93201 0.362431 0
    outer loop
      vertex 0.021899 0.0113713 -0.003
      vertex 0.021899 0.0113713 0
      vertex 0.0219512 0.0112371 -0.003
    endloop
  endfacet
  facet normal 0.93201 0.362431 0
    outer loop
      vertex 0.021899 0.0113713 0
      vertex 0.0219512 0.0112371 0
      vertex 0.0219512 0.0112371 -0.003
    endloop
  endfacet
  facet normal 0.915309 0.402753 0
    outer loop
      vertex 0.0219512 0.0112371 -0.003
      vertex 0.0219512 0.0112371 0
      vertex 0.0220092 0.0111054 -0.003
    endloop
  endfacet
  facet normal 0.915309 0.402753 0
    outer loop
      vertex 0.0219512 0.0112371 0
      vertex 0.0220092 0.0111054 0
      vertex 0.0220092 0.0111054 -0.003
    endloop
  endfacet
  facet normal 0.896872 0.442291 0
    outer loop
      vertex 0.0220092 0.0111054 -0.003
      vertex 0.0220092 0.0111054 0
      vertex 0.0220729 0.0109762 -0.003
    endloop
  endfacet
  facet normal 0.896872 0.442291 0
    outer loop
      vertex 0.0220092 0.0111054 0
      vertex 0.0220729 0.0109762 0
      vertex 0.0220729 0.0109762 -0.003
    endloop
  endfacet
  facet normal 0.876729 0.480985 0
    outer loop
      vertex 0.0220729 0.0109762 -0.003
      vertex 0.0220729 0.0109762 0
      vertex 0.0221421 0.01085 -0.003
    endloop
  endfacet
  facet normal 0.876729 0.480985 0
    outer loop
      vertex 0.0220729 0.0109762 0
      vertex 0.0221421 0.01085 0
      vertex 0.0221421 0.01085 -0.003
    endloop
  endfacet
  facet normal 0.854913 0.518772 0
    outer loop
      vertex 0.0221421 0.01085 -0.003
      vertex 0.0221421 0.01085 0
      vertex 0.0222168 0.0107269 -0.003
    endloop
  endfacet
  facet normal 0.854913 0.518772 0
    outer loop
      vertex 0.0221421 0.01085 0
      vertex 0.0222168 0.0107269 0
      vertex 0.0222168 0.0107269 -0.003
    endloop
  endfacet
  facet normal 0.831471 0.555569 0
    outer loop
      vertex 0.0222168 0.0107269 -0.003
      vertex 0.0222168 0.0107269 0
      vertex 0.0222968 0.0106072 -0.003
    endloop
  endfacet
  facet normal 0.831471 0.555569 0
    outer loop
      vertex 0.0222168 0.0107269 0
      vertex 0.0222968 0.0106072 0
      vertex 0.0222968 0.0106072 -0.003
    endloop
  endfacet
  facet normal 0.806445 0.59131 0
    outer loop
      vertex 0.0222968 0.0106072 -0.003
      vertex 0.0222968 0.0106072 0
      vertex 0.0223819 0.0104911 -0.003
    endloop
  endfacet
  facet normal 0.806445 0.59131 0
    outer loop
      vertex 0.0222968 0.0106072 0
      vertex 0.0223819 0.0104911 0
      vertex 0.0223819 0.0104911 -0.003
    endloop
  endfacet
  facet normal 0.77988 0.62593 0
    outer loop
      vertex 0.0223819 0.0104911 -0.003
      vertex 0.0223819 0.0104911 0
      vertex 0.0224721 0.0103788 -0.003
    endloop
  endfacet
  facet normal 0.77988 0.62593 0
    outer loop
      vertex 0.0223819 0.0104911 0
      vertex 0.0224721 0.0103788 0
      vertex 0.0224721 0.0103788 -0.003
    endloop
  endfacet
  facet normal 0.751839 0.659346 0
    outer loop
      vertex 0.0224721 0.0103788 -0.003
      vertex 0.0224721 0.0103788 0
      vertex 0.022567 0.0102706 -0.003
    endloop
  endfacet
  facet normal 0.751839 0.659346 0
    outer loop
      vertex 0.0224721 0.0103788 0
      vertex 0.022567 0.0102706 0
      vertex 0.022567 0.0102706 -0.003
    endloop
  endfacet
  facet normal 0.722369 0.691508 0
    outer loop
      vertex 0.022567 0.0102706 -0.003
      vertex 0.022567 0.0102706 0
      vertex 0.0226665 0.0101665 -0.003
    endloop
  endfacet
  facet normal 0.722369 0.691508 0
    outer loop
      vertex 0.022567 0.0102706 0
      vertex 0.0226665 0.0101665 0
      vertex 0.0226665 0.0101665 -0.003
    endloop
  endfacet
  facet normal 0.691511 0.722366 0
    outer loop
      vertex 0.0226665 0.0101665 -0.003
      vertex 0.0226665 0.0101665 0
      vertex 0.0227706 0.010067 -0.003
    endloop
  endfacet
  facet normal 0.691511 0.722366 0
    outer loop
      vertex 0.0226665 0.0101665 0
      vertex 0.0227706 0.010067 0
      vertex 0.0227706 0.010067 -0.003
    endloop
  endfacet
  facet normal 0.659343 0.751842 0
    outer loop
      vertex 0.0227706 0.010067 -0.003
      vertex 0.0227706 0.010067 0
      vertex 0.0228788 0.00997205 -0.003
    endloop
  endfacet
  facet normal 0.659343 0.751842 0
    outer loop
      vertex 0.0227706 0.010067 0
      vertex 0.0228788 0.00997205 0
      vertex 0.0228788 0.00997205 -0.003
    endloop
  endfacet
  facet normal 0.625926 0.779883 0
    outer loop
      vertex 0.0228788 0.00997205 -0.003
      vertex 0.0228788 0.00997205 0
      vertex 0.0229911 0.00988193 -0.003
    endloop
  endfacet
  facet normal 0.625926 0.779883 0
    outer loop
      vertex 0.0228788 0.00997205 0
      vertex 0.0229911 0.00988193 0
      vertex 0.0229911 0.00988193 -0.003
    endloop
  endfacet
  facet normal 0.591313 0.806442 0
    outer loop
      vertex 0.0229911 0.00988193 -0.003
      vertex 0.0229911 0.00988193 0
      vertex 0.0231072 0.0097968 -0.003
    endloop
  endfacet
  facet normal 0.591313 0.806442 0
    outer loop
      vertex 0.0229911 0.00988193 0
      vertex 0.0231072 0.0097968 0
      vertex 0.0231072 0.0097968 -0.003
    endloop
  endfacet
  facet normal 0.55557 0.83147 0
    outer loop
      vertex 0.0231072 0.0097968 -0.003
      vertex 0.0231072 0.0097968 0
      vertex 0.0232269 0.00971681 -0.003
    endloop
  endfacet
  facet normal 0.55557 0.83147 0
    outer loop
      vertex 0.0231072 0.0097968 0
      vertex 0.0232269 0.00971681 0
      vertex 0.0232269 0.00971681 -0.003
    endloop
  endfacet
  facet normal 0.518772 0.854913 0
    outer loop
      vertex 0.0232269 0.00971681 -0.003
      vertex 0.0232269 0.00971681 0
      vertex 0.02335 0.00964212 -0.003
    endloop
  endfacet
  facet normal 0.518772 0.854913 0
    outer loop
      vertex 0.0232269 0.00971681 0
      vertex 0.02335 0.00964212 0
      vertex 0.02335 0.00964212 -0.003
    endloop
  endfacet
  facet normal 0.480985 0.876729 0
    outer loop
      vertex 0.02335 0.00964212 -0.003
      vertex 0.02335 0.00964212 0
      vertex 0.0234762 0.00957286 -0.003
    endloop
  endfacet
  facet normal 0.480985 0.876729 0
    outer loop
      vertex 0.02335 0.00964212 0
      vertex 0.0234762 0.00957286 0
      vertex 0.0234762 0.00957286 -0.003
    endloop
  endfacet
  facet normal 0.442291 0.896872 0
    outer loop
      vertex 0.0234762 0.00957286 -0.003
      vertex 0.0234762 0.00957286 0
      vertex 0.0236054 0.00950918 -0.003
    endloop
  endfacet
  facet normal 0.442291 0.896872 0
    outer loop
      vertex 0.0234762 0.00957286 0
      vertex 0.0236054 0.00950918 0
      vertex 0.0236054 0.00950918 -0.003
    endloop
  endfacet
  facet normal 0.402745 0.915312 0
    outer loop
      vertex 0.0236054 0.00950918 -0.003
      vertex 0.0236054 0.00950918 0
      vertex 0.0237371 0.0094512 -0.003
    endloop
  endfacet
  facet normal 0.402745 0.915312 0
    outer loop
      vertex 0.0236054 0.00950918 0
      vertex 0.0237371 0.0094512 0
      vertex 0.0237371 0.0094512 -0.003
    endloop
  endfacet
  facet normal 0.362437 0.932008 0
    outer loop
      vertex 0.0237371 0.0094512 -0.003
      vertex 0.0237371 0.0094512 0
      vertex 0.0238713 0.00939901 -0.003
    endloop
  endfacet
  facet normal 0.362437 0.932008 0
    outer loop
      vertex 0.0237371 0.0094512 0
      vertex 0.0238713 0.00939901 0
      vertex 0.0238713 0.00939901 -0.003
    endloop
  endfacet
  facet normal 0.321441 0.94693 0
    outer loop
      vertex 0.0238713 0.00939901 -0.003
      vertex 0.0238713 0.00939901 0
      vertex 0.0240077 0.00935273 -0.003
    endloop
  endfacet
  facet normal 0.321441 0.94693 0
    outer loop
      vertex 0.0238713 0.00939901 0
      vertex 0.0240077 0.00935273 0
      vertex 0.0240077 0.00935273 -0.003
    endloop
  endfacet
  facet normal 0.279832 0.960049 0
    outer loop
      vertex 0.0240077 0.00935273 -0.003
      vertex 0.0240077 0.00935273 0
      vertex 0.0241459 0.00931244 -0.003
    endloop
  endfacet
  facet normal 0.279832 0.960049 0
    outer loop
      vertex 0.0240077 0.00935273 0
      vertex 0.0241459 0.00931244 0
      vertex 0.0241459 0.00931244 -0.003
    endloop
  endfacet
  facet normal 0.237687 0.971342 0
    outer loop
      vertex 0.0241459 0.00931244 -0.003
      vertex 0.0241459 0.00931244 0
      vertex 0.0242857 0.00927822 -0.003
    endloop
  endfacet
  facet normal 0.237687 0.971342 0
    outer loop
      vertex 0.0241459 0.00931244 0
      vertex 0.0242857 0.00927822 0
      vertex 0.0242857 0.00927822 -0.003
    endloop
  endfacet
  facet normal 0.195089 0.980786 0
    outer loop
      vertex 0.0242857 0.00927822 -0.003
      vertex 0.0242857 0.00927822 0
      vertex 0.024427 0.00925013 -0.003
    endloop
  endfacet
  facet normal 0.195089 0.980786 0
    outer loop
      vertex 0.0242857 0.00927822 0
      vertex 0.024427 0.00925013 0
      vertex 0.024427 0.00925013 -0.003
    endloop
  endfacet
  facet normal 0.15212 0.988362 0
    outer loop
      vertex 0.024427 0.00925013 -0.003
      vertex 0.024427 0.00925013 0
      vertex 0.0245693 0.00922823 -0.003
    endloop
  endfacet
  facet normal 0.15212 0.988362 0
    outer loop
      vertex 0.024427 0.00925013 0
      vertex 0.0245693 0.00922823 0
      vertex 0.0245693 0.00922823 -0.003
    endloop
  endfacet
  facet normal 0.108872 0.994056 0
    outer loop
      vertex 0.0245693 0.00922823 -0.003
      vertex 0.0245693 0.00922823 0
      vertex 0.0247124 0.00921256 -0.003
    endloop
  endfacet
  facet normal 0.108872 0.994056 0
    outer loop
      vertex 0.0245693 0.00922823 0
      vertex 0.0247124 0.00921256 0
      vertex 0.0247124 0.00921256 -0.003
    endloop
  endfacet
  facet normal 0.0654032 0.997859 0
    outer loop
      vertex 0.0247124 0.00921256 -0.003
      vertex 0.0247124 0.00921256 0
      vertex 0.0248561 0.00920314 -0.003
    endloop
  endfacet
  facet normal 0.0654032 0.997859 0
    outer loop
      vertex 0.0247124 0.00921256 0
      vertex 0.0248561 0.00920314 0
      vertex 0.0248561 0.00920314 -0.003
    endloop
  endfacet
  facet normal 0.0218116 0.999762 0
    outer loop
      vertex 0.0248561 0.00920314 -0.003
      vertex 0.0248561 0.00920314 0
      vertex 0.025 0.0092 -0.003
    endloop
  endfacet
  facet normal 0.0218116 0.999762 0
    outer loop
      vertex 0.0248561 0.00920314 0
      vertex 0.025 0.0092 0
      vertex 0.025 0.0092 -0.003
    endloop
  endfacet
  facet normal -0.0218119 0.999762 0
    outer loop
      vertex 0.025 0.0092 -0.003
      vertex 0.025 0.0092 0
      vertex 0.0251439 0.00920314 -0.003
    endloop
  endfacet
  facet normal -0.0218119 0.999762 0
    outer loop
      vertex 0.025 0.0092 0
      vertex 0.0251439 0.00920314 0
      vertex 0.0251439 0.00920314 -0.003
    endloop
  endfacet
  facet normal -0.0654032 0.997859 0
    outer loop
      vertex 0.0251439 0.00920314 -0.003
      vertex 0.0251439 0.00920314 0
      vertex 0.0252876 0.00921256 -0.003
    endloop
  endfacet
  facet normal -0.0654032 0.997859 0
    outer loop
      vertex 0.0251439 0.00920314 0
      vertex 0.0252876 0.00921256 0
      vertex 0.0252876 0.00921256 -0.003
    endloop
  endfacet
  facet normal -0.10887 0.994056 0
    outer loop
      vertex 0.0252876 0.00921256 -0.003
      vertex 0.0252876 0.00921256 0
      vertex 0.0254307 0.00922823 -0.003
    endloop
  endfacet
  facet normal -0.10887 0.994056 0
    outer loop
      vertex 0.0252876 0.00921256 0
      vertex 0.0254307 0.00922823 0
      vertex 0.0254307 0.00922823 -0.003
    endloop
  endfacet
  facet normal -0.15212 0.988362 0
    outer loop
      vertex 0.0254307 0.00922823 -0.003
      vertex 0.0254307 0.00922823 0
      vertex 0.025573 0.00925013 -0.003
    endloop
  endfacet
  facet normal -0.15212 0.988362 0
    outer loop
      vertex 0.0254307 0.00922823 0
      vertex 0.025573 0.00925013 0
      vertex 0.025573 0.00925013 -0.003
    endloop
  endfacet
  facet normal -0.195091 0.980785 0
    outer loop
      vertex 0.025573 0.00925013 -0.003
      vertex 0.025573 0.00925013 0
      vertex 0.0257143 0.00927822 -0.003
    endloop
  endfacet
  facet normal -0.195091 0.980785 0
    outer loop
      vertex 0.025573 0.00925013 0
      vertex 0.0257143 0.00927822 0
      vertex 0.0257143 0.00927822 -0.003
    endloop
  endfacet
  facet normal -0.237684 0.971343 0
    outer loop
      vertex 0.0257143 0.00927822 -0.003
      vertex 0.0257143 0.00927822 0
      vertex 0.0258541 0.00931244 -0.003
    endloop
  endfacet
  facet normal -0.237684 0.971343 0
    outer loop
      vertex 0.0257143 0.00927822 0
      vertex 0.0258541 0.00931244 0
      vertex 0.0258541 0.00931244 -0.003
    endloop
  endfacet
  facet normal -0.279836 0.960048 0
    outer loop
      vertex 0.0258541 0.00931244 -0.003
      vertex 0.0258541 0.00931244 0
      vertex 0.0259923 0.00935273 -0.003
    endloop
  endfacet
  facet normal -0.279836 0.960048 0
    outer loop
      vertex 0.0258541 0.00931244 0
      vertex 0.0259923 0.00935273 0
      vertex 0.0259923 0.00935273 -0.003
    endloop
  endfacet
  facet normal -0.321437 0.946931 0
    outer loop
      vertex 0.0259923 0.00935273 -0.003
      vertex 0.0259923 0.00935273 0
      vertex 0.0261287 0.00939901 -0.003
    endloop
  endfacet
  facet normal -0.321437 0.946931 0
    outer loop
      vertex 0.0259923 0.00935273 0
      vertex 0.0261287 0.00939901 0
      vertex 0.0261287 0.00939901 -0.003
    endloop
  endfacet
  facet normal -0.362437 0.932008 0
    outer loop
      vertex 0.0261287 0.00939901 -0.003
      vertex 0.0261287 0.00939901 0
      vertex 0.0262629 0.0094512 -0.003
    endloop
  endfacet
  facet normal -0.362437 0.932008 0
    outer loop
      vertex 0.0261287 0.00939901 0
      vertex 0.0262629 0.0094512 0
      vertex 0.0262629 0.0094512 -0.003
    endloop
  endfacet
  facet normal -0.402745 0.915312 0
    outer loop
      vertex 0.0262629 0.0094512 -0.003
      vertex 0.0262629 0.0094512 0
      vertex 0.0263946 0.00950918 -0.003
    endloop
  endfacet
  facet normal -0.402745 0.915312 0
    outer loop
      vertex 0.0262629 0.0094512 0
      vertex 0.0263946 0.00950918 0
      vertex 0.0263946 0.00950918 -0.003
    endloop
  endfacet
  facet normal -0.442291 0.896872 0
    outer loop
      vertex 0.0263946 0.00950918 -0.003
      vertex 0.0263946 0.00950918 0
      vertex 0.0265238 0.00957286 -0.003
    endloop
  endfacet
  facet normal -0.442291 0.896872 0
    outer loop
      vertex 0.0263946 0.00950918 0
      vertex 0.0265238 0.00957286 0
      vertex 0.0265238 0.00957286 -0.003
    endloop
  endfacet
  facet normal -0.480985 0.876729 0
    outer loop
      vertex 0.0265238 0.00957286 -0.003
      vertex 0.0265238 0.00957286 0
      vertex 0.02665 0.00964212 -0.003
    endloop
  endfacet
  facet normal -0.480985 0.876729 0
    outer loop
      vertex 0.0265238 0.00957286 0
      vertex 0.02665 0.00964212 0
      vertex 0.02665 0.00964212 -0.003
    endloop
  endfacet
  facet normal -0.518772 0.854913 0
    outer loop
      vertex 0.02665 0.00964212 -0.003
      vertex 0.02665 0.00964212 0
      vertex 0.0267731 0.00971681 -0.003
    endloop
  endfacet
  facet normal -0.518772 0.854913 0
    outer loop
      vertex 0.02665 0.00964212 0
      vertex 0.0267731 0.00971681 0
      vertex 0.0267731 0.00971681 -0.003
    endloop
  endfacet
  facet normal -0.555576 0.831466 0
    outer loop
      vertex 0.0267731 0.00971681 -0.003
      vertex 0.0267731 0.00971681 0
      vertex 0.0268928 0.0097968 -0.003
    endloop
  endfacet
  facet normal -0.555576 0.831466 0
    outer loop
      vertex 0.0267731 0.00971681 0
      vertex 0.0268928 0.0097968 0
      vertex 0.0268928 0.0097968 -0.003
    endloop
  endfacet
  facet normal -0.591306 0.806447 0
    outer loop
      vertex 0.0268928 0.0097968 -0.003
      vertex 0.0268928 0.0097968 0
      vertex 0.0270089 0.00988193 -0.003
    endloop
  endfacet
  facet normal -0.591306 0.806447 0
    outer loop
      vertex 0.0268928 0.0097968 0
      vertex 0.0270089 0.00988193 0
      vertex 0.0270089 0.00988193 -0.003
    endloop
  endfacet
  facet normal -0.625926 0.779883 0
    outer loop
      vertex 0.0270089 0.00988193 -0.003
      vertex 0.0270089 0.00988193 0
      vertex 0.0271212 0.00997205 -0.003
    endloop
  endfacet
  facet normal -0.625926 0.779883 0
    outer loop
      vertex 0.0270089 0.00988193 0
      vertex 0.0271212 0.00997205 0
      vertex 0.0271212 0.00997205 -0.003
    endloop
  endfacet
  facet normal -0.65935 0.751837 0
    outer loop
      vertex 0.0271212 0.00997205 -0.003
      vertex 0.0271212 0.00997205 0
      vertex 0.0272294 0.010067 -0.003
    endloop
  endfacet
  facet normal -0.65935 0.751837 0
    outer loop
      vertex 0.0271212 0.00997205 0
      vertex 0.0272294 0.010067 0
      vertex 0.0272294 0.010067 -0.003
    endloop
  endfacet
  facet normal -0.691505 0.722372 0
    outer loop
      vertex 0.0272294 0.010067 -0.003
      vertex 0.0272294 0.010067 0
      vertex 0.0273335 0.0101665 -0.003
    endloop
  endfacet
  facet normal -0.691505 0.722372 0
    outer loop
      vertex 0.0272294 0.010067 0
      vertex 0.0273335 0.0101665 0
      vertex 0.0273335 0.0101665 -0.003
    endloop
  endfacet
  facet normal -0.722369 0.691508 0
    outer loop
      vertex 0.0273335 0.0101665 -0.003
      vertex 0.0273335 0.0101665 0
      vertex 0.027433 0.0102706 -0.003
    endloop
  endfacet
  facet normal -0.722369 0.691508 0
    outer loop
      vertex 0.0273335 0.0101665 0
      vertex 0.027433 0.0102706 0
      vertex 0.027433 0.0102706 -0.003
    endloop
  endfacet
  facet normal -0.751839 0.659346 0
    outer loop
      vertex 0.027433 0.0102706 -0.003
      vertex 0.027433 0.0102706 0
      vertex 0.0275279 0.0103788 -0.003
    endloop
  endfacet
  facet normal -0.751839 0.659346 0
    outer loop
      vertex 0.027433 0.0102706 0
      vertex 0.0275279 0.0103788 0
      vertex 0.0275279 0.0103788 -0.003
    endloop
  endfacet
  facet normal -0.779886 0.625922 0
    outer loop
      vertex 0.0275279 0.0103788 -0.003
      vertex 0.0275279 0.0103788 0
      vertex 0.0276181 0.0104911 -0.003
    endloop
  endfacet
  facet normal -0.779886 0.625922 0
    outer loop
      vertex 0.0275279 0.0103788 0
      vertex 0.0276181 0.0104911 0
      vertex 0.0276181 0.0104911 -0.003
    endloop
  endfacet
  facet normal -0.806445 0.59131 0
    outer loop
      vertex 0.0276181 0.0104911 -0.003
      vertex 0.0276181 0.0104911 0
      vertex 0.0277032 0.0106072 -0.003
    endloop
  endfacet
  facet normal -0.806445 0.59131 0
    outer loop
      vertex 0.0276181 0.0104911 0
      vertex 0.0277032 0.0106072 0
      vertex 0.0277032 0.0106072 -0.003
    endloop
  endfacet
  facet normal -0.831465 0.555578 0
    outer loop
      vertex 0.0277032 0.0106072 -0.003
      vertex 0.0277032 0.0106072 0
      vertex 0.0277832 0.0107269 -0.003
    endloop
  endfacet
  facet normal -0.831465 0.555578 0
    outer loop
      vertex 0.0277032 0.0106072 0
      vertex 0.0277832 0.0107269 0
      vertex 0.0277832 0.0107269 -0.003
    endloop
  endfacet
  facet normal -0.854918 0.518762 0
    outer loop
      vertex 0.0277832 0.0107269 -0.003
      vertex 0.0277832 0.0107269 0
      vertex 0.0278579 0.01085 -0.003
    endloop
  endfacet
  facet normal -0.854918 0.518762 0
    outer loop
      vertex 0.0277832 0.0107269 0
      vertex 0.0278579 0.01085 0
      vertex 0.0278579 0.01085 -0.003
    endloop
  endfacet
  facet normal -0.876723 0.480995 0
    outer loop
      vertex 0.0278579 0.01085 -0.003
      vertex 0.0278579 0.01085 0
      vertex 0.0279271 0.0109762 -0.003
    endloop
  endfacet
  facet normal -0.876723 0.480995 0
    outer loop
      vertex 0.0278579 0.01085 0
      vertex 0.0279271 0.0109762 0
      vertex 0.0279271 0.0109762 -0.003
    endloop
  endfacet
  facet normal -0.896872 0.442291 0
    outer loop
      vertex 0.0279271 0.0109762 -0.003
      vertex 0.0279271 0.0109762 0
      vertex 0.0279908 0.0111054 -0.003
    endloop
  endfacet
  facet normal -0.896872 0.442291 0
    outer loop
      vertex 0.0279271 0.0109762 0
      vertex 0.0279908 0.0111054 0
      vertex 0.0279908 0.0111054 -0.003
    endloop
  endfacet
  facet normal -0.915313 0.402742 0
    outer loop
      vertex 0.0279908 0.0111054 -0.003
      vertex 0.0279908 0.0111054 0
      vertex 0.0280488 0.0112371 -0.003
    endloop
  endfacet
  facet normal -0.915313 0.402742 0
    outer loop
      vertex 0.0279908 0.0111054 0
      vertex 0.0280488 0.0112371 0
      vertex 0.0280488 0.0112371 -0.003
    endloop
  endfacet
  facet normal -0.932006 0.362443 0
    outer loop
      vertex 0.0280488 0.0112371 -0.003
      vertex 0.0280488 0.0112371 0
      vertex 0.028101 0.0113713 -0.003
    endloop
  endfacet
  facet normal -0.932006 0.362443 0
    outer loop
      vertex 0.0280488 0.0112371 0
      vertex 0.028101 0.0113713 0
      vertex 0.028101 0.0113713 -0.003
    endloop
  endfacet
  facet normal -0.946933 0.321431 0
    outer loop
      vertex 0.028101 0.0113713 -0.003
      vertex 0.028101 0.0113713 0
      vertex 0.0281473 0.0115077 -0.003
    endloop
  endfacet
  facet normal -0.946933 0.321431 0
    outer loop
      vertex 0.028101 0.0113713 0
      vertex 0.0281473 0.0115077 0
      vertex 0.0281473 0.0115077 -0.003
    endloop
  endfacet
  facet normal -0.96005 0.279828 0
    outer loop
      vertex 0.0281473 0.0115077 -0.003
      vertex 0.0281473 0.0115077 0
      vertex 0.0281876 0.0116459 -0.003
    endloop
  endfacet
  facet normal -0.96005 0.279828 0
    outer loop
      vertex 0.0281473 0.0115077 0
      vertex 0.0281876 0.0116459 0
      vertex 0.0281876 0.0116459 -0.003
    endloop
  endfacet
  facet normal -0.971341 0.237691 0
    outer loop
      vertex 0.0281876 0.0116459 -0.003
      vertex 0.0281876 0.0116459 0
      vertex 0.0282218 0.0117857 -0.003
    endloop
  endfacet
  facet normal -0.971341 0.237691 0
    outer loop
      vertex 0.0281876 0.0116459 0
      vertex 0.0282218 0.0117857 0
      vertex 0.0282218 0.0117857 -0.003
    endloop
  endfacet
  facet normal -0.980785 0.19509 0
    outer loop
      vertex 0.0282218 0.0117857 -0.003
      vertex 0.0282218 0.0117857 0
      vertex 0.0282499 0.011927 -0.003
    endloop
  endfacet
  facet normal -0.980785 0.19509 0
    outer loop
      vertex 0.0282218 0.0117857 0
      vertex 0.0282499 0.011927 0
      vertex 0.0282499 0.011927 -0.003
    endloop
  endfacet
  facet normal -0.988361 0.152126 0
    outer loop
      vertex 0.0282499 0.011927 -0.003
      vertex 0.0282499 0.011927 0
      vertex 0.0282718 0.0120693 -0.003
    endloop
  endfacet
  facet normal -0.988361 0.152126 0
    outer loop
      vertex 0.0282499 0.011927 0
      vertex 0.0282718 0.0120693 0
      vertex 0.0282718 0.0120693 -0.003
    endloop
  endfacet
  facet normal -0.994057 0.108865 0
    outer loop
      vertex 0.0282718 0.0120693 -0.003
      vertex 0.0282718 0.0120693 0
      vertex 0.0282874 0.0122124 -0.003
    endloop
  endfacet
  facet normal -0.994057 0.108865 0
    outer loop
      vertex 0.0282718 0.0120693 0
      vertex 0.0282874 0.0122124 0
      vertex 0.0282874 0.0122124 -0.003
    endloop
  endfacet
  facet normal -0.997858 0.0654096 0
    outer loop
      vertex 0.0282874 0.0122124 -0.003
      vertex 0.0282874 0.0122124 0
      vertex 0.0282969 0.0123561 -0.003
    endloop
  endfacet
  facet normal -0.997858 0.0654096 0
    outer loop
      vertex 0.0282874 0.0122124 0
      vertex 0.0282969 0.0123561 0
      vertex 0.0282969 0.0123561 -0.003
    endloop
  endfacet
  facet normal -0.999762 0.0218117 0
    outer loop
      vertex 0.0282969 0.0123561 -0.003
      vertex 0.0282969 0.0123561 0
      vertex 0.0283 0.0125 -0.003
    endloop
  endfacet
  facet normal -0.999762 0.0218117 0
    outer loop
      vertex 0.0282969 0.0123561 0
      vertex 0.0283 0.0125 0
      vertex 0.0283 0.0125 -0.003
    endloop
  endfacet
  facet normal -0.999762 -0.0218117 0
    outer loop
      vertex -0.0217 -0.0125 -0.003
      vertex -0.0217 -0.0125 0
      vertex -0.0217031 -0.0123561 -0.003
    endloop
  endfacet
  facet normal -0.999762 -0.0218117 0
    outer loop
      vertex -0.0217 -0.0125 0
      vertex -0.0217031 -0.0123561 0
      vertex -0.0217031 -0.0123561 -0.003
    endloop
  endfacet
  facet normal -0.997858 -0.0654096 0
    outer loop
      vertex -0.0217031 -0.0123561 -0.003
      vertex -0.0217031 -0.0123561 0
      vertex -0.0217126 -0.0122124 -0.003
    endloop
  endfacet
  facet normal -0.997858 -0.0654096 0
    outer loop
      vertex -0.0217031 -0.0123561 0
      vertex -0.0217126 -0.0122124 0
      vertex -0.0217126 -0.0122124 -0.003
    endloop
  endfacet
  facet normal -0.994057 -0.108865 0
    outer loop
      vertex -0.0217126 -0.0122124 -0.003
      vertex -0.0217126 -0.0122124 0
      vertex -0.0217282 -0.0120693 -0.003
    endloop
  endfacet
  facet normal -0.994057 -0.108865 0
    outer loop
      vertex -0.0217126 -0.0122124 0
      vertex -0.0217282 -0.0120693 0
      vertex -0.0217282 -0.0120693 -0.003
    endloop
  endfacet
  facet normal -0.988363 -0.152114 0
    outer loop
      vertex -0.0217282 -0.0120693 -0.003
      vertex -0.0217282 -0.0120693 0
      vertex -0.0217501 -0.011927 -0.003
    endloop
  endfacet
  facet normal -0.988363 -0.152114 0
    outer loop
      vertex -0.0217282 -0.0120693 0
      vertex -0.0217501 -0.011927 0
      vertex -0.0217501 -0.011927 -0.003
    endloop
  endfacet
  facet normal -0.980783 -0.195102 0
    outer loop
      vertex -0.0217501 -0.011927 -0.003
      vertex -0.0217501 -0.011927 0
      vertex -0.0217782 -0.0117857 -0.003
    endloop
  endfacet
  facet normal -0.980783 -0.195102 0
    outer loop
      vertex -0.0217501 -0.011927 0
      vertex -0.0217782 -0.0117857 0
      vertex -0.0217782 -0.0117857 -0.003
    endloop
  endfacet
  facet normal -0.971344 -0.237679 0
    outer loop
      vertex -0.0217782 -0.0117857 -0.003
      vertex -0.0217782 -0.0117857 0
      vertex -0.0218124 -0.0116459 -0.003
    endloop
  endfacet
  facet normal -0.971344 -0.237679 0
    outer loop
      vertex -0.0217782 -0.0117857 0
      vertex -0.0218124 -0.0116459 0
      vertex -0.0218124 -0.0116459 -0.003
    endloop
  endfacet
  facet normal -0.96005 -0.279828 0
    outer loop
      vertex -0.0218124 -0.0116459 -0.003
      vertex -0.0218124 -0.0116459 0
      vertex -0.0218527 -0.0115077 -0.003
    endloop
  endfacet
  facet normal -0.96005 -0.279828 0
    outer loop
      vertex -0.0218124 -0.0116459 0
      vertex -0.0218527 -0.0115077 0
      vertex -0.0218527 -0.0115077 -0.003
    endloop
  endfacet
  facet normal -0.946929 -0.321443 0
    outer loop
      vertex -0.0218527 -0.0115077 -0.003
      vertex -0.0218527 -0.0115077 0
      vertex -0.021899 -0.0113713 -0.003
    endloop
  endfacet
  facet normal -0.946929 -0.321443 0
    outer loop
      vertex -0.0218527 -0.0115077 0
      vertex -0.021899 -0.0113713 0
      vertex -0.021899 -0.0113713 -0.003
    endloop
  endfacet
  facet normal -0.93201 -0.362431 0
    outer loop
      vertex -0.021899 -0.0113713 -0.003
      vertex -0.021899 -0.0113713 0
      vertex -0.0219512 -0.0112371 -0.003
    endloop
  endfacet
  facet normal -0.93201 -0.362431 0
    outer loop
      vertex -0.021899 -0.0113713 0
      vertex -0.0219512 -0.0112371 0
      vertex -0.0219512 -0.0112371 -0.003
    endloop
  endfacet
  facet normal -0.915309 -0.402753 0
    outer loop
      vertex -0.0219512 -0.0112371 -0.003
      vertex -0.0219512 -0.0112371 0
      vertex -0.0220092 -0.0111054 -0.003
    endloop
  endfacet
  facet normal -0.915309 -0.402753 0
    outer loop
      vertex -0.0219512 -0.0112371 0
      vertex -0.0220092 -0.0111054 0
      vertex -0.0220092 -0.0111054 -0.003
    endloop
  endfacet
  facet normal -0.896872 -0.442291 0
    outer loop
      vertex -0.0220092 -0.0111054 -0.003
      vertex -0.0220092 -0.0111054 0
      vertex -0.0220729 -0.0109762 -0.003
    endloop
  endfacet
  facet normal -0.896872 -0.442291 0
    outer loop
      vertex -0.0220092 -0.0111054 0
      vertex -0.0220729 -0.0109762 0
      vertex -0.0220729 -0.0109762 -0.003
    endloop
  endfacet
  facet normal -0.876729 -0.480985 0
    outer loop
      vertex -0.0220729 -0.0109762 -0.003
      vertex -0.0220729 -0.0109762 0
      vertex -0.0221421 -0.01085 -0.003
    endloop
  endfacet
  facet normal -0.876729 -0.480985 0
    outer loop
      vertex -0.0220729 -0.0109762 0
      vertex -0.0221421 -0.01085 0
      vertex -0.0221421 -0.01085 -0.003
    endloop
  endfacet
  facet normal -0.854913 -0.518772 0
    outer loop
      vertex -0.0221421 -0.01085 -0.003
      vertex -0.0221421 -0.01085 0
      vertex -0.0222168 -0.0107269 -0.003
    endloop
  endfacet
  facet normal -0.854913 -0.518772 0
    outer loop
      vertex -0.0221421 -0.01085 0
      vertex -0.0222168 -0.0107269 0
      vertex -0.0222168 -0.0107269 -0.003
    endloop
  endfacet
  facet normal -0.831471 -0.555569 0
    outer loop
      vertex -0.0222168 -0.0107269 -0.003
      vertex -0.0222168 -0.0107269 0
      vertex -0.0222968 -0.0106072 -0.003
    endloop
  endfacet
  facet normal -0.831471 -0.555569 0
    outer loop
      vertex -0.0222168 -0.0107269 0
      vertex -0.0222968 -0.0106072 0
      vertex -0.0222968 -0.0106072 -0.003
    endloop
  endfacet
  facet normal -0.806445 -0.59131 0
    outer loop
      vertex -0.0222968 -0.0106072 -0.003
      vertex -0.0222968 -0.0106072 0
      vertex -0.0223819 -0.0104911 -0.003
    endloop
  endfacet
  facet normal -0.806445 -0.59131 0
    outer loop
      vertex -0.0222968 -0.0106072 0
      vertex -0.0223819 -0.0104911 0
      vertex -0.0223819 -0.0104911 -0.003
    endloop
  endfacet
  facet normal -0.77988 -0.62593 0
    outer loop
      vertex -0.0223819 -0.0104911 -0.003
      vertex -0.0223819 -0.0104911 0
      vertex -0.0224721 -0.0103788 -0.003
    endloop
  endfacet
  facet normal -0.77988 -0.62593 0
    outer loop
      vertex -0.0223819 -0.0104911 0
      vertex -0.0224721 -0.0103788 0
      vertex -0.0224721 -0.0103788 -0.003
    endloop
  endfacet
  facet normal -0.751839 -0.659346 0
    outer loop
      vertex -0.0224721 -0.0103788 -0.003
      vertex -0.0224721 -0.0103788 0
      vertex -0.022567 -0.0102706 -0.003
    endloop
  endfacet
  facet normal -0.751839 -0.659346 0
    outer loop
      vertex -0.0224721 -0.0103788 0
      vertex -0.022567 -0.0102706 0
      vertex -0.022567 -0.0102706 -0.003
    endloop
  endfacet
  facet normal -0.722369 -0.691508 0
    outer loop
      vertex -0.022567 -0.0102706 -0.003
      vertex -0.022567 -0.0102706 0
      vertex -0.0226665 -0.0101665 -0.003
    endloop
  endfacet
  facet normal -0.722369 -0.691508 0
    outer loop
      vertex -0.022567 -0.0102706 0
      vertex -0.0226665 -0.0101665 0
      vertex -0.0226665 -0.0101665 -0.003
    endloop
  endfacet
  facet normal -0.691511 -0.722366 0
    outer loop
      vertex -0.0226665 -0.0101665 -0.003
      vertex -0.0226665 -0.0101665 0
      vertex -0.0227706 -0.010067 -0.003
    endloop
  endfacet
  facet normal -0.691511 -0.722366 0
    outer loop
      vertex -0.0226665 -0.0101665 0
      vertex -0.0227706 -0.010067 0
      vertex -0.0227706 -0.010067 -0.003
    endloop
  endfacet
  facet normal -0.659343 -0.751842 0
    outer loop
      vertex -0.0227706 -0.010067 -0.003
      vertex -0.0227706 -0.010067 0
      vertex -0.0228788 -0.00997205 -0.003
    endloop
  endfacet
  facet normal -0.659343 -0.751842 0
    outer loop
      vertex -0.0227706 -0.010067 0
      vertex -0.0228788 -0.00997205 0
      vertex -0.0228788 -0.00997205 -0.003
    endloop
  endfacet
  facet normal -0.625926 -0.779883 0
    outer loop
      vertex -0.0228788 -0.00997205 -0.003
      vertex -0.0228788 -0.00997205 0
      vertex -0.0229911 -0.00988193 -0.003
    endloop
  endfacet
  facet normal -0.625926 -0.779883 0
    outer loop
      vertex -0.0228788 -0.00997205 0
      vertex -0.0229911 -0.00988193 0
      vertex -0.0229911 -0.00988193 -0.003
    endloop
  endfacet
  facet normal -0.591313 -0.806442 0
    outer loop
      vertex -0.0229911 -0.00988193 -0.003
      vertex -0.0229911 -0.00988193 0
      vertex -0.0231072 -0.0097968 -0.003
    endloop
  endfacet
  facet normal -0.591313 -0.806442 0
    outer loop
      vertex -0.0229911 -0.00988193 0
      vertex -0.0231072 -0.0097968 0
      vertex -0.0231072 -0.0097968 -0.003
    endloop
  endfacet
  facet normal -0.55557 -0.83147 0
    outer loop
      vertex -0.0231072 -0.0097968 -0.003
      vertex -0.0231072 -0.0097968 0
      vertex -0.0232269 -0.00971681 -0.003
    endloop
  endfacet
  facet normal -0.55557 -0.83147 0
    outer loop
      vertex -0.0231072 -0.0097968 0
      vertex -0.0232269 -0.00971681 0
      vertex -0.0232269 -0.00971681 -0.003
    endloop
  endfacet
  facet normal -0.518772 -0.854913 0
    outer loop
      vertex -0.0232269 -0.00971681 -0.003
      vertex -0.0232269 -0.00971681 0
      vertex -0.02335 -0.00964212 -0.003
    endloop
  endfacet
  facet normal -0.518772 -0.854913 0
    outer loop
      vertex -0.0232269 -0.00971681 0
      vertex -0.02335 -0.00964212 0
      vertex -0.02335 -0.00964212 -0.003
    endloop
  endfacet
  facet normal -0.480985 -0.876729 0
    outer loop
      vertex -0.02335 -0.00964212 -0.003
      vertex -0.02335 -0.00964212 0
      vertex -0.0234762 -0.00957286 -0.003
    endloop
  endfacet
  facet normal -0.480985 -0.876729 0
    outer loop
      vertex -0.02335 -0.00964212 0
      vertex -0.0234762 -0.00957286 0
      vertex -0.0234762 -0.00957286 -0.003
    endloop
  endfacet
  facet normal -0.442291 -0.896872 0
    outer loop
      vertex -0.0234762 -0.00957286 -0.003
      vertex -0.0234762 -0.00957286 0
      vertex -0.0236054 -0.00950918 -0.003
    endloop
  endfacet
  facet normal -0.442291 -0.896872 0
    outer loop
      vertex -0.0234762 -0.00957286 0
      vertex -0.0236054 -0.00950918 0
      vertex -0.0236054 -0.00950918 -0.003
    endloop
  endfacet
  facet normal -0.402745 -0.915312 0
    outer loop
      vertex -0.0236054 -0.00950918 -0.003
      vertex -0.0236054 -0.00950918 0
      vertex -0.0237371 -0.0094512 -0.003
    endloop
  endfacet
  facet normal -0.402745 -0.915312 0
    outer loop
      vertex -0.0236054 -0.00950918 0
      vertex -0.0237371 -0.0094512 0
      vertex -0.0237371 -0.0094512 -0.003
    endloop
  endfacet
  facet normal -0.362437 -0.932008 0
    outer loop
      vertex -0.0237371 -0.0094512 -0.003
      vertex -0.0237371 -0.0094512 0
      vertex -0.0238713 -0.00939901 -0.003
    endloop
  endfacet
  facet normal -0.362437 -0.932008 0
    outer loop
      vertex -0.0237371 -0.0094512 0
      vertex -0.0238713 -0.00939901 0
      vertex -0.0238713 -0.00939901 -0.003
    endloop
  endfacet
  facet normal -0.321441 -0.94693 0
    outer loop
      vertex -0.0238713 -0.00939901 -0.003
      vertex -0.0238713 -0.00939901 0
      vertex -0.0240077 -0.00935273 -0.003
    endloop
  endfacet
  facet normal -0.321441 -0.94693 0
    outer loop
      vertex -0.0238713 -0.00939901 0
      vertex -0.0240077 -0.00935273 0
      vertex -0.0240077 -0.00935273 -0.003
    endloop
  endfacet
  facet normal -0.279832 -0.960049 0
    outer loop
      vertex -0.0240077 -0.00935273 -0.003
      vertex -0.0240077 -0.00935273 0
      vertex -0.0241459 -0.00931244 -0.003
    endloop
  endfacet
  facet normal -0.279832 -0.960049 0
    outer loop
      vertex -0.0240077 -0.00935273 0
      vertex -0.0241459 -0.00931244 0
      vertex -0.0241459 -0.00931244 -0.003
    endloop
  endfacet
  facet normal -0.237687 -0.971342 0
    outer loop
      vertex -0.0241459 -0.00931244 -0.003
      vertex -0.0241459 -0.00931244 0
      vertex -0.0242857 -0.00927822 -0.003
    endloop
  endfacet
  facet normal -0.237687 -0.971342 0
    outer loop
      vertex -0.0241459 -0.00931244 0
      vertex -0.0242857 -0.00927822 0
      vertex -0.0242857 -0.00927822 -0.003
    endloop
  endfacet
  facet normal -0.195089 -0.980786 0
    outer loop
      vertex -0.0242857 -0.00927822 -0.003
      vertex -0.0242857 -0.00927822 0
      vertex -0.024427 -0.00925013 -0.003
    endloop
  endfacet
  facet normal -0.195089 -0.980786 0
    outer loop
      vertex -0.0242857 -0.00927822 0
      vertex -0.024427 -0.00925013 0
      vertex -0.024427 -0.00925013 -0.003
    endloop
  endfacet
  facet normal -0.15212 -0.988362 0
    outer loop
      vertex -0.024427 -0.00925013 -0.003
      vertex -0.024427 -0.00925013 0
      vertex -0.0245693 -0.00922823 -0.003
    endloop
  endfacet
  facet normal -0.15212 -0.988362 0
    outer loop
      vertex -0.024427 -0.00925013 0
      vertex -0.0245693 -0.00922823 0
      vertex -0.0245693 -0.00922823 -0.003
    endloop
  endfacet
  facet normal -0.108872 -0.994056 0
    outer loop
      vertex -0.0245693 -0.00922823 -0.003
      vertex -0.0245693 -0.00922823 0
      vertex -0.0247124 -0.00921256 -0.003
    endloop
  endfacet
  facet normal -0.108872 -0.994056 0
    outer loop
      vertex -0.0245693 -0.00922823 0
      vertex -0.0247124 -0.00921256 0
      vertex -0.0247124 -0.00921256 -0.003
    endloop
  endfacet
  facet normal -0.0654032 -0.997859 0
    outer loop
      vertex -0.0247124 -0.00921256 -0.003
      vertex -0.0247124 -0.00921256 0
      vertex -0.0248561 -0.00920314 -0.003
    endloop
  endfacet
  facet normal -0.0654032 -0.997859 0
    outer loop
      vertex -0.0247124 -0.00921256 0
      vertex -0.0248561 -0.00920314 0
      vertex -0.0248561 -0.00920314 -0.003
    endloop
  endfacet
  facet normal -0.0218116 -0.999762 0
    outer loop
      vertex -0.0248561 -0.00920314 -0.003
      vertex -0.0248561 -0.00920314 0
      vertex -0.025 -0.0092 -0.003
    endloop
  endfacet
  facet normal -0.0218116 -0.999762 0
    outer loop
      vertex -0.0248561 -0.00920314 0
      vertex -0.025 -0.0092 0
      vertex -0.025 -0.0092 -0.003
    endloop
  endfacet
  facet normal 0.0218119 -0.999762 0
    outer loop
      vertex -0.025 -0.0092 -0.003
      vertex -0.025 -0.0092 0
      vertex -0.0251439 -0.00920314 -0.003
    endloop
  endfacet
  facet normal 0.0218119 -0.999762 0
    outer loop
      vertex -0.025 -0.0092 0
      vertex -0.0251439 -0.00920314 0
      vertex -0.0251439 -0.00920314 -0.003
    endloop
  endfacet
  facet normal 0.0654032 -0.997859 0
    outer loop
      vertex -0.0251439 -0.00920314 -0.003
      vertex -0.0251439 -0.00920314 0
      vertex -0.0252876 -0.00921256 -0.003
    endloop
  endfacet
  facet normal 0.0654032 -0.997859 0
    outer loop
      vertex -0.0251439 -0.00920314 0
      vertex -0.0252876 -0.00921256 0
      vertex -0.0252876 -0.00921256 -0.003
    endloop
  endfacet
  facet normal 0.10887 -0.994056 0
    outer loop
      vertex -0.0252876 -0.00921256 -0.003
      vertex -0.0252876 -0.00921256 0
      vertex -0.0254307 -0.00922823 -0.003
    endloop
  endfacet
  facet normal 0.10887 -0.994056 0
    outer loop
      vertex -0.0252876 -0.00921256 0
      vertex -0.0254307 -0.00922823 0
      vertex -0.0254307 -0.00922823 -0.003
    endloop
  endfacet
  facet normal 0.15212 -0.988362 0
    outer loop
      vertex -0.0254307 -0.00922823 -0.003
      vertex -0.0254307 -0.00922823 0
      vertex -0.025573 -0.00925013 -0.003
    endloop
  endfacet
  facet normal 0.15212 -0.988362 0
    outer loop
      vertex -0.0254307 -0.00922823 0
      vertex -0.025573 -0.00925013 0
      vertex -0.025573 -0.00925013 -0.003
    endloop
  endfacet
  facet normal 0.195091 -0.980785 0
    outer loop
      vertex -0.025573 -0.00925013 -0.003
      vertex -0.025573 -0.00925013 0
      vertex -0.0257143 -0.00927822 -0.003
    endloop
  endfacet
  facet normal 0.195091 -0.980785 0
    outer loop
      vertex -0.025573 -0.00925013 0
      vertex -0.0257143 -0.00927822 0
      vertex -0.0257143 -0.00927822 -0.003
    endloop
  endfacet
  facet normal 0.237684 -0.971343 0
    outer loop
      vertex -0.0257143 -0.00927822 -0.003
      vertex -0.0257143 -0.00927822 0
      vertex -0.0258541 -0.00931244 -0.003
    endloop
  endfacet
  facet normal 0.237684 -0.971343 0
    outer loop
      vertex -0.0257143 -0.00927822 0
      vertex -0.0258541 -0.00931244 0
      vertex -0.0258541 -0.00931244 -0.003
    endloop
  endfacet
  facet normal 0.279836 -0.960048 0
    outer loop
      vertex -0.0258541 -0.00931244 -0.003
      vertex -0.0258541 -0.00931244 0
      vertex -0.0259923 -0.00935273 -0.003
    endloop
  endfacet
  facet normal 0.279836 -0.960048 0
    outer loop
      vertex -0.0258541 -0.00931244 0
      vertex -0.0259923 -0.00935273 0
      vertex -0.0259923 -0.00935273 -0.003
    endloop
  endfacet
  facet normal 0.321437 -0.946931 0
    outer loop
      vertex -0.0259923 -0.00935273 -0.003
      vertex -0.0259923 -0.00935273 0
      vertex -0.0261287 -0.00939901 -0.003
    endloop
  endfacet
  facet normal 0.321437 -0.946931 0
    outer loop
      vertex -0.0259923 -0.00935273 0
      vertex -0.0261287 -0.00939901 0
      vertex -0.0261287 -0.00939901 -0.003
    endloop
  endfacet
  facet normal 0.362437 -0.932008 0
    outer loop
      vertex -0.0261287 -0.00939901 -0.003
      vertex -0.0261287 -0.00939901 0
      vertex -0.0262629 -0.0094512 -0.003
    endloop
  endfacet
  facet normal 0.362437 -0.932008 0
    outer loop
      vertex -0.0261287 -0.00939901 0
      vertex -0.0262629 -0.0094512 0
      vertex -0.0262629 -0.0094512 -0.003
    endloop
  endfacet
  facet normal 0.402745 -0.915312 0
    outer loop
      vertex -0.0262629 -0.0094512 -0.003
      vertex -0.0262629 -0.0094512 0
      vertex -0.0263946 -0.00950918 -0.003
    endloop
  endfacet
  facet normal 0.402745 -0.915312 0
    outer loop
      vertex -0.0262629 -0.0094512 0
      vertex -0.0263946 -0.00950918 0
      vertex -0.0263946 -0.00950918 -0.003
    endloop
  endfacet
  facet normal 0.442291 -0.896872 0
    outer loop
      vertex -0.0263946 -0.00950918 -0.003
      vertex -0.0263946 -0.00950918 0
      vertex -0.0265238 -0.00957286 -0.003
    endloop
  endfacet
  facet normal 0.442291 -0.896872 0
    outer loop
      vertex -0.0263946 -0.00950918 0
      vertex -0.0265238 -0.00957286 0
      vertex -0.0265238 -0.00957286 -0.003
    endloop
  endfacet
  facet normal 0.480985 -0.876729 0
    outer loop
      vertex -0.0265238 -0.00957286 -0.003
      vertex -0.0265238 -0.00957286 0
      vertex -0.02665 -0.00964212 -0.003
    endloop
  endfacet
  facet normal 0.480985 -0.876729 0
    outer loop
      vertex -0.0265238 -0.00957286 0
      vertex -0.02665 -0.00964212 0
      vertex -0.02665 -0.00964212 -0.003
    endloop
  endfacet
  facet normal 0.518772 -0.854913 0
    outer loop
      vertex -0.02665 -0.00964212 -0.003
      vertex -0.02665 -0.00964212 0
      vertex -0.0267731 -0.00971681 -0.003
    endloop
  endfacet
  facet normal 0.518772 -0.854913 0
    outer loop
      vertex -0.02665 -0.00964212 0
      vertex -0.0267731 -0.00971681 0
      vertex -0.0267731 -0.00971681 -0.003
    endloop
  endfacet
  facet normal 0.555576 -0.831466 0
    outer loop
      vertex -0.0267731 -0.00971681 -0.003
      vertex -0.0267731 -0.00971681 0
      vertex -0.0268928 -0.0097968 -0.003
    endloop
  endfacet
  facet normal 0.555576 -0.831466 0
    outer loop
      vertex -0.0267731 -0.00971681 0
      vertex -0.0268928 -0.0097968 0
      vertex -0.0268928 -0.0097968 -0.003
    endloop
  endfacet
  facet normal 0.591306 -0.806447 0
    outer loop
      vertex -0.0268928 -0.0097968 -0.003
      vertex -0.0268928 -0.0097968 0
      vertex -0.0270089 -0.00988193 -0.003
    endloop
  endfacet
  facet normal 0.591306 -0.806447 0
    outer loop
      vertex -0.0268928 -0.0097968 0
      vertex -0.0270089 -0.00988193 0
      vertex -0.0270089 -0.00988193 -0.003
    endloop
  endfacet
  facet normal 0.625926 -0.779883 0
    outer loop
      vertex -0.0270089 -0.00988193 -0.003
      vertex -0.0270089 -0.00988193 0
      vertex -0.0271212 -0.00997205 -0.003
    endloop
  endfacet
  facet normal 0.625926 -0.779883 0
    outer loop
      vertex -0.0270089 -0.00988193 0
      vertex -0.0271212 -0.00997205 0
      vertex -0.0271212 -0.00997205 -0.003
    endloop
  endfacet
  facet normal 0.65935 -0.751837 0
    outer loop
      vertex -0.0271212 -0.00997205 -0.003
      vertex -0.0271212 -0.00997205 0
      vertex -0.0272294 -0.010067 -0.003
    endloop
  endfacet
  facet normal 0.65935 -0.751837 0
    outer loop
      vertex -0.0271212 -0.00997205 0
      vertex -0.0272294 -0.010067 0
      vertex -0.0272294 -0.010067 -0.003
    endloop
  endfacet
  facet normal 0.691505 -0.722372 0
    outer loop
      vertex -0.0272294 -0.010067 -0.003
      vertex -0.0272294 -0.010067 0
      vertex -0.0273335 -0.0101665 -0.003
    endloop
  endfacet
  facet normal 0.691505 -0.722372 0
    outer loop
      vertex -0.0272294 -0.010067 0
      vertex -0.0273335 -0.0101665 0
      vertex -0.0273335 -0.0101665 -0.003
    endloop
  endfacet
  facet normal 0.722369 -0.691508 0
    outer loop
      vertex -0.0273335 -0.0101665 -0.003
      vertex -0.0273335 -0.0101665 0
      vertex -0.027433 -0.0102706 -0.003
    endloop
  endfacet
  facet normal 0.722369 -0.691508 0
    outer loop
      vertex -0.0273335 -0.0101665 0
      vertex -0.027433 -0.0102706 0
      vertex -0.027433 -0.0102706 -0.003
    endloop
  endfacet
  facet normal 0.751839 -0.659346 0
    outer loop
      vertex -0.027433 -0.0102706 -0.003
      vertex -0.027433 -0.0102706 0
      vertex -0.0275279 -0.0103788 -0.003
    endloop
  endfacet
  facet normal 0.751839 -0.659346 0
    outer loop
      vertex -0.027433 -0.0102706 0
      vertex -0.0275279 -0.0103788 0
      vertex -0.0275279 -0.0103788 -0.003
    endloop
  endfacet
  facet normal 0.779886 -0.625922 0
    outer loop
      vertex -0.0275279 -0.0103788 -0.003
      vertex -0.0275279 -0.0103788 0
      vertex -0.0276181 -0.0104911 -0.003
    endloop
  endfacet
  facet normal 0.779886 -0.625922 0
    outer loop
      vertex -0.0275279 -0.0103788 0
      vertex -0.0276181 -0.0104911 0
      vertex -0.0276181 -0.0104911 -0.003
    endloop
  endfacet
  facet normal 0.806445 -0.59131 0
    outer loop
      vertex -0.0276181 -0.0104911 -0.003
      vertex -0.0276181 -0.0104911 0
      vertex -0.0277032 -0.0106072 -0.003
    endloop
  endfacet
  facet normal 0.806445 -0.59131 0
    outer loop
      vertex -0.0276181 -0.0104911 0
      vertex -0.0277032 -0.0106072 0
      vertex -0.0277032 -0.0106072 -0.003
    endloop
  endfacet
  facet normal 0.831465 -0.555578 0
    outer loop
      vertex -0.0277032 -0.0106072 -0.003
      vertex -0.0277032 -0.0106072 0
      vertex -0.0277832 -0.0107269 -0.003
    endloop
  endfacet
  facet normal 0.831465 -0.555578 0
    outer loop
      vertex -0.0277032 -0.0106072 0
      vertex -0.0277832 -0.0107269 0
      vertex -0.0277832 -0.0107269 -0.003
    endloop
  endfacet
  facet normal 0.854918 -0.518762 0
    outer loop
      vertex -0.0277832 -0.0107269 -0.003
      vertex -0.0277832 -0.0107269 0
      vertex -0.0278579 -0.01085 -0.003
    endloop
  endfacet
  facet normal 0.854918 -0.518762 0
    outer loop
      vertex -0.0277832 -0.0107269 0
      vertex -0.0278579 -0.01085 0
      vertex -0.0278579 -0.01085 -0.003
    endloop
  endfacet
  facet normal 0.876723 -0.480995 0
    outer loop
      vertex -0.0278579 -0.01085 -0.003
      vertex -0.0278579 -0.01085 0
      vertex -0.0279271 -0.0109762 -0.003
    endloop
  endfacet
  facet normal 0.876723 -0.480995 0
    outer loop
      vertex -0.0278579 -0.01085 0
      vertex -0.0279271 -0.0109762 0
      vertex -0.0279271 -0.0109762 -0.003
    endloop
  endfacet
  facet normal 0.896872 -0.442291 0
    outer loop
      vertex -0.0279271 -0.0109762 -0.003
      vertex -0.0279271 -0.0109762 0
      vertex -0.0279908 -0.0111054 -0.003
    endloop
  endfacet
  facet normal 0.896872 -0.442291 0
    outer loop
      vertex -0.0279271 -0.0109762 0
      vertex -0.0279908 -0.0111054 0
      vertex -0.0279908 -0.0111054 -0.003
    endloop
  endfacet
  facet normal 0.915313 -0.402742 0
    outer loop
      vertex -0.0279908 -0.0111054 -0.003
      vertex -0.0279908 -0.0111054 0
      vertex -0.0280488 -0.0112371 -0.003
    endloop
  endfacet
  facet normal 0.915313 -0.402742 0
    outer loop
      vertex -0.0279908 -0.0111054 0
      vertex -0.0280488 -0.0112371 0
      vertex -0.0280488 -0.0112371 -0.003
    endloop
  endfacet
  facet normal 0.932006 -0.362443 0
    outer loop
      vertex -0.0280488 -0.0112371 -0.003
      vertex -0.0280488 -0.0112371 0
      vertex -0.028101 -0.0113713 -0.003
    endloop
  endfacet
  facet normal 0.932006 -0.362443 0
    outer loop
      vertex -0.0280488 -0.0112371 0
      vertex -0.028101 -0.0113713 0
      vertex -0.028101 -0.0113713 -0.003
    endloop
  endfacet
  facet normal 0.946933 -0.321431 0
    outer loop
      vertex -0.028101 -0.0113713 -0.003
      vertex -0.028101 -0.0113713 0
      vertex -0.0281473 -0.0115077 -0.003
    endloop
  endfacet
  facet normal 0.946933 -0.321431 0
    outer loop
      vertex -0.028101 -0.0113713 0
      vertex -0.0281473 -0.0115077 0
      vertex -0.0281473 -0.0115077 -0.003
    endloop
  endfacet
  facet normal 0.96005 -0.279828 0
    outer loop
      vertex -0.0281473 -0.0115077 -0.003
      vertex -0.0281473 -0.0115077 0
      vertex -0.0281876 -0.0116459 -0.003
    endloop
  endfacet
  facet normal 0.96005 -0.279828 0
    outer loop
      vertex -0.0281473 -0.0115077 0
      vertex -0.0281876 -0.0116459 0
      vertex -0.0281876 -0.0116459 -0.003
    endloop
  endfacet
  facet normal 0.971341 -0.237691 0
    outer loop
      vertex -0.0281876 -0.0116459 -0.003
      vertex -0.0281876 -0.0116459 0
      vertex -0.0282218 -0.0117857 -0.003
    endloop
  endfacet
  facet normal 0.971341 -0.237691 0
    outer loop
      vertex -0.0281876 -0.0116459 0
      vertex -0.0282218 -0.0117857 0
      vertex -0.0282218 -0.0117857 -0.003
    endloop
  endfacet
  facet normal 0.980785 -0.19509 0
    outer loop
      vertex -0.0282218 -0.0117857 -0.003
      vertex -0.0282218 -0.0117857 0
      vertex -0.0282499 -0.011927 -0.003
    endloop
  endfacet
  facet normal 0.980785 -0.19509 0
    outer loop
      vertex -0.0282218 -0.0117857 0
      vertex -0.0282499 -0.011927 0
      vertex -0.0282499 -0.011927 -0.003
    endloop
  endfacet
  facet normal 0.988361 -0.152126 0
    outer loop
      vertex -0.0282499 -0.011927 -0.003
      vertex -0.0282499 -0.011927 0
      vertex -0.0282718 -0.0120693 -0.003
    endloop
  endfacet
  facet normal 0.988361 -0.152126 0
    outer loop
      vertex -0.0282499 -0.011927 0
      vertex -0.0282718 -0.0120693 0
      vertex -0.0282718 -0.0120693 -0.003
    endloop
  endfacet
  facet normal 0.994057 -0.108865 0
    outer loop
      vertex -0.0282718 -0.0120693 -0.003
      vertex -0.0282718 -0.0120693 0
      vertex -0.0282874 -0.0122124 -0.003
    endloop
  endfacet
  facet normal 0.994057 -0.108865 0
    outer loop
      vertex -0.0282718 -0.0120693 0
      vertex -0.0282874 -0.0122124 0
      vertex -0.0282874 -0.0122124 -0.003
    endloop
  endfacet
  facet normal 0.997858 -0.0654096 0
    outer loop
      vertex -0.0282874 -0.0122124 -0.003
      vertex -0.0282874 -0.0122124 0
      vertex -0.0282969 -0.0123561 -0.003
    endloop
  endfacet
  facet normal 0.997858 -0.0654096 0
    outer loop
      vertex -0.0282874 -0.0122124 0
      vertex -0.0282969 -0.0123561 0
      vertex -0.0282969 -0.0123561 -0.003
    endloop
  endfacet
  facet normal 0.999762 -0.0218117 0
    outer loop
      vertex -0.0282969 -0.0123561 -0.003
      vertex -0.0282969 -0.0123561 0
      vertex -0.0283 -0.0125 -0.003
    endloop
  endfacet
  facet normal 0.999762 -0.0218117 0
    outer loop
      vertex -0.0282969 -0.0123561 0
      vertex -0.0283 -0.0125 0
      vertex -0.0283 -0.0125 -0.003
    endloop
  endfacet
  facet normal 0.999762 0.0218119 0
    outer loop
      vertex -0.0283 -0.0125 -0.003
      vertex -0.0283 -0.0125 0
      vertex -0.0282969 -0.0126439 -0.003
    endloop
  endfacet
  facet normal 0.999762 0.0218119 0
    outer loop
      vertex -0.0283 -0.0125 0
      vertex -0.0282969 -0.0126439 0
      vertex -0.0282969 -0.0126439 -0.003
    endloop
  endfacet
  facet normal 0.997859 0.0654092 0
    outer loop
      vertex -0.0282969 -0.0126439 -0.003
      vertex -0.0282969 -0.0126439 0
      vertex -0.0282874 -0.0127876 -0.003
    endloop
  endfacet
  facet normal 0.997859 0.0654092 0
    outer loop
      vertex -0.0282969 -0.0126439 0
      vertex -0.0282874 -0.0127876 0
      vertex -0.0282874 -0.0127876 -0.003
    endloop
  endfacet
  facet normal 0.994057 0.108865 0
    outer loop
      vertex -0.0282874 -0.0127876 -0.003
      vertex -0.0282874 -0.0127876 0
      vertex -0.0282718 -0.0129307 -0.003
    endloop
  endfacet
  facet normal 0.994057 0.108865 0
    outer loop
      vertex -0.0282874 -0.0127876 0
      vertex -0.0282718 -0.0129307 0
      vertex -0.0282718 -0.0129307 -0.003
    endloop
  endfacet
  facet normal 0.988361 0.152126 0
    outer loop
      vertex -0.0282718 -0.0129307 -0.003
      vertex -0.0282718 -0.0129307 0
      vertex -0.0282499 -0.013073 -0.003
    endloop
  endfacet
  facet normal 0.988361 0.152126 0
    outer loop
      vertex -0.0282718 -0.0129307 0
      vertex -0.0282499 -0.013073 0
      vertex -0.0282499 -0.013073 -0.003
    endloop
  endfacet
  facet normal 0.980785 0.19509 0
    outer loop
      vertex -0.0282499 -0.013073 -0.003
      vertex -0.0282499 -0.013073 0
      vertex -0.0282218 -0.0132143 -0.003
    endloop
  endfacet
  facet normal 0.980785 0.19509 0
    outer loop
      vertex -0.0282499 -0.013073 0
      vertex -0.0282218 -0.0132143 0
      vertex -0.0282218 -0.0132143 -0.003
    endloop
  endfacet
  facet normal 0.971341 0.237691 0
    outer loop
      vertex -0.0282218 -0.0132143 -0.003
      vertex -0.0282218 -0.0132143 0
      vertex -0.0281876 -0.0133541 -0.003
    endloop
  endfacet
  facet normal 0.971341 0.237691 0
    outer loop
      vertex -0.0282218 -0.0132143 0
      vertex -0.0281876 -0.0133541 0
      vertex -0.0281876 -0.0133541 -0.003
    endloop
  endfacet
  facet normal 0.96005 0.279828 0
    outer loop
      vertex -0.0281876 -0.0133541 -0.003
      vertex -0.0281876 -0.0133541 0
      vertex -0.0281473 -0.0134923 -0.003
    endloop
  endfacet
  facet normal 0.96005 0.279828 0
    outer loop
      vertex -0.0281876 -0.0133541 0
      vertex -0.0281473 -0.0134923 0
      vertex -0.0281473 -0.0134923 -0.003
    endloop
  endfacet
  facet normal 0.946932 0.321433 0
    outer loop
      vertex -0.0281473 -0.0134923 -0.003
      vertex -0.0281473 -0.0134923 0
      vertex -0.028101 -0.0136287 -0.003
    endloop
  endfacet
  facet normal 0.946932 0.321433 0
    outer loop
      vertex -0.0281473 -0.0134923 0
      vertex -0.028101 -0.0136287 0
      vertex -0.028101 -0.0136287 -0.003
    endloop
  endfacet
  facet normal 0.932006 0.362443 0
    outer loop
      vertex -0.028101 -0.0136287 -0.003
      vertex -0.028101 -0.0136287 0
      vertex -0.0280488 -0.0137629 -0.003
    endloop
  endfacet
  facet normal 0.932006 0.362443 0
    outer loop
      vertex -0.028101 -0.0136287 0
      vertex -0.0280488 -0.0137629 0
      vertex -0.0280488 -0.0137629 -0.003
    endloop
  endfacet
  facet normal 0.915313 0.402742 0
    outer loop
      vertex -0.0280488 -0.0137629 -0.003
      vertex -0.0280488 -0.0137629 0
      vertex -0.0279908 -0.0138946 -0.003
    endloop
  endfacet
  facet normal 0.915313 0.402742 0
    outer loop
      vertex -0.0280488 -0.0137629 0
      vertex -0.0279908 -0.0138946 0
      vertex -0.0279908 -0.0138946 -0.003
    endloop
  endfacet
  facet normal 0.896873 0.442288 0
    outer loop
      vertex -0.0279908 -0.0138946 -0.003
      vertex -0.0279908 -0.0138946 0
      vertex -0.0279271 -0.0140238 -0.003
    endloop
  endfacet
  facet normal 0.896873 0.442288 0
    outer loop
      vertex -0.0279908 -0.0138946 0
      vertex -0.0279271 -0.0140238 0
      vertex -0.0279271 -0.0140238 -0.003
    endloop
  endfacet
  facet normal 0.876723 0.480995 0
    outer loop
      vertex -0.0279271 -0.0140238 -0.003
      vertex -0.0279271 -0.0140238 0
      vertex -0.0278579 -0.01415 -0.003
    endloop
  endfacet
  facet normal 0.876723 0.480995 0
    outer loop
      vertex -0.0279271 -0.0140238 0
      vertex -0.0278579 -0.01415 0
      vertex -0.0278579 -0.01415 -0.003
    endloop
  endfacet
  facet normal 0.854917 0.518765 0
    outer loop
      vertex -0.0278579 -0.01415 -0.003
      vertex -0.0278579 -0.01415 0
      vertex -0.0277832 -0.0142731 -0.003
    endloop
  endfacet
  facet normal 0.854917 0.518765 0
    outer loop
      vertex -0.0278579 -0.01415 0
      vertex -0.0277832 -0.0142731 0
      vertex -0.0277832 -0.0142731 -0.003
    endloop
  endfacet
  facet normal 0.831467 0.555575 0
    outer loop
      vertex -0.0277832 -0.0142731 -0.003
      vertex -0.0277832 -0.0142731 0
      vertex -0.0277032 -0.0143928 -0.003
    endloop
  endfacet
  facet normal 0.831467 0.555575 0
    outer loop
      vertex -0.0277832 -0.0142731 0
      vertex -0.0277032 -0.0143928 0
      vertex -0.0277032 -0.0143928 -0.003
    endloop
  endfacet
  facet normal 0.806442 0.591313 0
    outer loop
      vertex -0.0277032 -0.0143928 -0.003
      vertex -0.0277032 -0.0143928 0
      vertex -0.0276181 -0.0145089 -0.003
    endloop
  endfacet
  facet normal 0.806442 0.591313 0
    outer loop
      vertex -0.0277032 -0.0143928 0
      vertex -0.0276181 -0.0145089 0
      vertex -0.0276181 -0.0145089 -0.003
    endloop
  endfacet
  facet normal 0.779888 0.625919 0
    outer loop
      vertex -0.0276181 -0.0145089 -0.003
      vertex -0.0276181 -0.0145089 0
      vertex -0.0275279 -0.0146212 -0.003
    endloop
  endfacet
  facet normal 0.779888 0.625919 0
    outer loop
      vertex -0.0276181 -0.0145089 0
      vertex -0.0275279 -0.0146212 0
      vertex -0.0275279 -0.0146212 -0.003
    endloop
  endfacet
  facet normal 0.751839 0.659346 0
    outer loop
      vertex -0.0275279 -0.0146212 -0.003
      vertex -0.0275279 -0.0146212 0
      vertex -0.027433 -0.0147294 -0.003
    endloop
  endfacet
  facet normal 0.751839 0.659346 0
    outer loop
      vertex -0.0275279 -0.0146212 0
      vertex -0.027433 -0.0147294 0
      vertex -0.027433 -0.0147294 -0.003
    endloop
  endfacet
  facet normal 0.722366 0.691511 0
    outer loop
      vertex -0.027433 -0.0147294 -0.003
      vertex -0.027433 -0.0147294 0
      vertex -0.0273335 -0.0148335 -0.003
    endloop
  endfacet
  facet normal 0.722366 0.691511 0
    outer loop
      vertex -0.027433 -0.0147294 0
      vertex -0.0273335 -0.0148335 0
      vertex -0.0273335 -0.0148335 -0.003
    endloop
  endfacet
  facet normal 0.691508 0.722369 0
    outer loop
      vertex -0.0273335 -0.0148335 -0.003
      vertex -0.0273335 -0.0148335 0
      vertex -0.0272294 -0.014933 -0.003
    endloop
  endfacet
  facet normal 0.691508 0.722369 0
    outer loop
      vertex -0.0273335 -0.0148335 0
      vertex -0.0272294 -0.014933 0
      vertex -0.0272294 -0.014933 -0.003
    endloop
  endfacet
  facet normal 0.65935 0.751837 0
    outer loop
      vertex -0.0272294 -0.014933 -0.003
      vertex -0.0272294 -0.014933 0
      vertex -0.0271212 -0.0150279 -0.003
    endloop
  endfacet
  facet normal 0.65935 0.751837 0
    outer loop
      vertex -0.0272294 -0.014933 0
      vertex -0.0271212 -0.0150279 0
      vertex -0.0271212 -0.0150279 -0.003
    endloop
  endfacet
  facet normal 0.625926 0.779883 0
    outer loop
      vertex -0.0271212 -0.0150279 -0.003
      vertex -0.0271212 -0.0150279 0
      vertex -0.0270089 -0.0151181 -0.003
    endloop
  endfacet
  facet normal 0.625926 0.779883 0
    outer loop
      vertex -0.0271212 -0.0150279 0
      vertex -0.0270089 -0.0151181 0
      vertex -0.0270089 -0.0151181 -0.003
    endloop
  endfacet
  facet normal 0.591306 0.806447 0
    outer loop
      vertex -0.0270089 -0.0151181 -0.003
      vertex -0.0270089 -0.0151181 0
      vertex -0.0268928 -0.0152032 -0.003
    endloop
  endfacet
  facet normal 0.591306 0.806447 0
    outer loop
      vertex -0.0270089 -0.0151181 0
      vertex -0.0268928 -0.0152032 0
      vertex -0.0268928 -0.0152032 -0.003
    endloop
  endfacet
  facet normal 0.555572 0.831469 0
    outer loop
      vertex -0.0268928 -0.0152032 -0.003
      vertex -0.0268928 -0.0152032 0
      vertex -0.0267731 -0.0152832 -0.003
    endloop
  endfacet
  facet normal 0.555572 0.831469 0
    outer loop
      vertex -0.0268928 -0.0152032 0
      vertex -0.0267731 -0.0152832 0
      vertex -0.0267731 -0.0152832 -0.003
    endloop
  endfacet
  facet normal 0.518772 0.854913 0
    outer loop
      vertex -0.0267731 -0.0152832 -0.003
      vertex -0.0267731 -0.0152832 0
      vertex -0.02665 -0.0153579 -0.003
    endloop
  endfacet
  facet normal 0.518772 0.854913 0
    outer loop
      vertex -0.0267731 -0.0152832 0
      vertex -0.02665 -0.0153579 0
      vertex -0.02665 -0.0153579 -0.003
    endloop
  endfacet
  facet normal 0.48099 0.876726 0
    outer loop
      vertex -0.02665 -0.0153579 -0.003
      vertex -0.02665 -0.0153579 0
      vertex -0.0265238 -0.0154271 -0.003
    endloop
  endfacet
  facet normal 0.48099 0.876726 0
    outer loop
      vertex -0.02665 -0.0153579 0
      vertex -0.0265238 -0.0154271 0
      vertex -0.0265238 -0.0154271 -0.003
    endloop
  endfacet
  facet normal 0.442291 0.896872 0
    outer loop
      vertex -0.0265238 -0.0154271 -0.003
      vertex -0.0265238 -0.0154271 0
      vertex -0.0263946 -0.0154908 -0.003
    endloop
  endfacet
  facet normal 0.442291 0.896872 0
    outer loop
      vertex -0.0265238 -0.0154271 0
      vertex -0.0263946 -0.0154908 0
      vertex -0.0263946 -0.0154908 -0.003
    endloop
  endfacet
  facet normal 0.402745 0.915312 0
    outer loop
      vertex -0.0263946 -0.0154908 -0.003
      vertex -0.0263946 -0.0154908 0
      vertex -0.0262629 -0.0155488 -0.003
    endloop
  endfacet
  facet normal 0.402745 0.915312 0
    outer loop
      vertex -0.0263946 -0.0154908 0
      vertex -0.0262629 -0.0155488 0
      vertex -0.0262629 -0.0155488 -0.003
    endloop
  endfacet
  facet normal 0.362437 0.932008 0
    outer loop
      vertex -0.0262629 -0.0155488 -0.003
      vertex -0.0262629 -0.0155488 0
      vertex -0.0261287 -0.015601 -0.003
    endloop
  endfacet
  facet normal 0.362437 0.932008 0
    outer loop
      vertex -0.0262629 -0.0155488 0
      vertex -0.0261287 -0.015601 0
      vertex -0.0261287 -0.015601 -0.003
    endloop
  endfacet
  facet normal 0.321437 0.946931 0
    outer loop
      vertex -0.0261287 -0.015601 -0.003
      vertex -0.0261287 -0.015601 0
      vertex -0.0259923 -0.0156473 -0.003
    endloop
  endfacet
  facet normal 0.321437 0.946931 0
    outer loop
      vertex -0.0261287 -0.015601 0
      vertex -0.0259923 -0.0156473 0
      vertex -0.0259923 -0.0156473 -0.003
    endloop
  endfacet
  facet normal 0.27983 0.96005 0
    outer loop
      vertex -0.0259923 -0.0156473 -0.003
      vertex -0.0259923 -0.0156473 0
      vertex -0.0258541 -0.0156876 -0.003
    endloop
  endfacet
  facet normal 0.27983 0.96005 0
    outer loop
      vertex -0.0259923 -0.0156473 0
      vertex -0.0258541 -0.0156876 0
      vertex -0.0258541 -0.0156876 -0.003
    endloop
  endfacet
  facet normal 0.23769 0.971341 0
    outer loop
      vertex -0.0258541 -0.0156876 -0.003
      vertex -0.0258541 -0.0156876 0
      vertex -0.0257143 -0.0157218 -0.003
    endloop
  endfacet
  facet normal 0.23769 0.971341 0
    outer loop
      vertex -0.0258541 -0.0156876 0
      vertex -0.0257143 -0.0157218 0
      vertex -0.0257143 -0.0157218 -0.003
    endloop
  endfacet
  facet normal 0.195091 0.980785 0
    outer loop
      vertex -0.0257143 -0.0157218 -0.003
      vertex -0.0257143 -0.0157218 0
      vertex -0.025573 -0.0157499 -0.003
    endloop
  endfacet
  facet normal 0.195091 0.980785 0
    outer loop
      vertex -0.0257143 -0.0157218 0
      vertex -0.025573 -0.0157499 0
      vertex -0.025573 -0.0157499 -0.003
    endloop
  endfacet
  facet normal 0.152114 0.988363 0
    outer loop
      vertex -0.025573 -0.0157499 -0.003
      vertex -0.025573 -0.0157499 0
      vertex -0.0254307 -0.0157718 -0.003
    endloop
  endfacet
  facet normal 0.152114 0.988363 0
    outer loop
      vertex -0.025573 -0.0157499 0
      vertex -0.0254307 -0.0157718 0
      vertex -0.0254307 -0.0157718 -0.003
    endloop
  endfacet
  facet normal 0.108877 0.994055 0
    outer loop
      vertex -0.0254307 -0.0157718 -0.003
      vertex -0.0254307 -0.0157718 0
      vertex -0.0252876 -0.0157874 -0.003
    endloop
  endfacet
  facet normal 0.108877 0.994055 0
    outer loop
      vertex -0.0254307 -0.0157718 0
      vertex -0.0252876 -0.0157874 0
      vertex -0.0252876 -0.0157874 -0.003
    endloop
  endfacet
  facet normal 0.0653967 0.997859 0
    outer loop
      vertex -0.0252876 -0.0157874 -0.003
      vertex -0.0252876 -0.0157874 0
      vertex -0.0251439 -0.0157969 -0.003
    endloop
  endfacet
  facet normal 0.0653967 0.997859 0
    outer loop
      vertex -0.0252876 -0.0157874 0
      vertex -0.0251439 -0.0157969 0
      vertex -0.0251439 -0.0157969 -0.003
    endloop
  endfacet
  facet normal 0.0218119 0.999762 0
    outer loop
      vertex -0.0251439 -0.0157969 -0.003
      vertex -0.0251439 -0.0157969 0
      vertex -0.025 -0.0158 -0.003
    endloop
  endfacet
  facet normal 0.0218119 0.999762 0
    outer loop
      vertex -0.0251439 -0.0157969 0
      vertex -0.025 -0.0158 0
      vertex -0.025 -0.0158 -0.003
    endloop
  endfacet
  facet normal -0.0218116 0.999762 0
    outer loop
      vertex -0.025 -0.0158 -0.003
      vertex -0.025 -0.0158 0
      vertex -0.0248561 -0.0157969 -0.003
    endloop
  endfacet
  facet normal -0.0218116 0.999762 0
    outer loop
      vertex -0.025 -0.0158 0
      vertex -0.0248561 -0.0157969 0
      vertex -0.0248561 -0.0157969 -0.003
    endloop
  endfacet
  facet normal -0.0653967 0.997859 0
    outer loop
      vertex -0.0248561 -0.0157969 -0.003
      vertex -0.0248561 -0.0157969 0
      vertex -0.0247124 -0.0157874 -0.003
    endloop
  endfacet
  facet normal -0.0653967 0.997859 0
    outer loop
      vertex -0.0248561 -0.0157969 0
      vertex -0.0247124 -0.0157874 0
      vertex -0.0247124 -0.0157874 -0.003
    endloop
  endfacet
  facet normal -0.108878 0.994055 0
    outer loop
      vertex -0.0247124 -0.0157874 -0.003
      vertex -0.0247124 -0.0157874 0
      vertex -0.0245693 -0.0157718 -0.003
    endloop
  endfacet
  facet normal -0.108878 0.994055 0
    outer loop
      vertex -0.0247124 -0.0157874 0
      vertex -0.0245693 -0.0157718 0
      vertex -0.0245693 -0.0157718 -0.003
    endloop
  endfacet
  facet normal -0.152114 0.988363 0
    outer loop
      vertex -0.0245693 -0.0157718 -0.003
      vertex -0.0245693 -0.0157718 0
      vertex -0.024427 -0.0157499 -0.003
    endloop
  endfacet
  facet normal -0.152114 0.988363 0
    outer loop
      vertex -0.0245693 -0.0157718 0
      vertex -0.024427 -0.0157499 0
      vertex -0.024427 -0.0157499 -0.003
    endloop
  endfacet
  facet normal -0.195089 0.980786 0
    outer loop
      vertex -0.024427 -0.0157499 -0.003
      vertex -0.024427 -0.0157499 0
      vertex -0.0242857 -0.0157218 -0.003
    endloop
  endfacet
  facet normal -0.195089 0.980786 0
    outer loop
      vertex -0.024427 -0.0157499 0
      vertex -0.0242857 -0.0157218 0
      vertex -0.0242857 -0.0157218 -0.003
    endloop
  endfacet
  facet normal -0.237693 0.97134 0
    outer loop
      vertex -0.0242857 -0.0157218 -0.003
      vertex -0.0242857 -0.0157218 0
      vertex -0.0241459 -0.0156876 -0.003
    endloop
  endfacet
  facet normal -0.237693 0.97134 0
    outer loop
      vertex -0.0242857 -0.0157218 0
      vertex -0.0241459 -0.0156876 0
      vertex -0.0241459 -0.0156876 -0.003
    endloop
  endfacet
  facet normal -0.279826 0.960051 0
    outer loop
      vertex -0.0241459 -0.0156876 -0.003
      vertex -0.0241459 -0.0156876 0
      vertex -0.0240077 -0.0156473 -0.003
    endloop
  endfacet
  facet normal -0.279826 0.960051 0
    outer loop
      vertex -0.0241459 -0.0156876 0
      vertex -0.0240077 -0.0156473 0
      vertex -0.0240077 -0.0156473 -0.003
    endloop
  endfacet
  facet normal -0.321441 0.94693 0
    outer loop
      vertex -0.0240077 -0.0156473 -0.003
      vertex -0.0240077 -0.0156473 0
      vertex -0.0238713 -0.015601 -0.003
    endloop
  endfacet
  facet normal -0.321441 0.94693 0
    outer loop
      vertex -0.0240077 -0.0156473 0
      vertex -0.0238713 -0.015601 0
      vertex -0.0238713 -0.015601 -0.003
    endloop
  endfacet
  facet normal -0.362437 0.932008 0
    outer loop
      vertex -0.0238713 -0.015601 -0.003
      vertex -0.0238713 -0.015601 0
      vertex -0.0237371 -0.0155488 -0.003
    endloop
  endfacet
  facet normal -0.362437 0.932008 0
    outer loop
      vertex -0.0238713 -0.015601 0
      vertex -0.0237371 -0.0155488 0
      vertex -0.0237371 -0.0155488 -0.003
    endloop
  endfacet
  facet normal -0.402745 0.915312 0
    outer loop
      vertex -0.0237371 -0.0155488 -0.003
      vertex -0.0237371 -0.0155488 0
      vertex -0.0236054 -0.0154908 -0.003
    endloop
  endfacet
  facet normal -0.402745 0.915312 0
    outer loop
      vertex -0.0237371 -0.0155488 0
      vertex -0.0236054 -0.0154908 0
      vertex -0.0236054 -0.0154908 -0.003
    endloop
  endfacet
  facet normal -0.442291 0.896872 0
    outer loop
      vertex -0.0236054 -0.0154908 -0.003
      vertex -0.0236054 -0.0154908 0
      vertex -0.0234762 -0.0154271 -0.003
    endloop
  endfacet
  facet normal -0.442291 0.896872 0
    outer loop
      vertex -0.0236054 -0.0154908 0
      vertex -0.0234762 -0.0154271 0
      vertex -0.0234762 -0.0154271 -0.003
    endloop
  endfacet
  facet normal -0.48099 0.876726 0
    outer loop
      vertex -0.0234762 -0.0154271 -0.003
      vertex -0.0234762 -0.0154271 0
      vertex -0.02335 -0.0153579 -0.003
    endloop
  endfacet
  facet normal -0.48099 0.876726 0
    outer loop
      vertex -0.0234762 -0.0154271 0
      vertex -0.02335 -0.0153579 0
      vertex -0.02335 -0.0153579 -0.003
    endloop
  endfacet
  facet normal -0.518772 0.854913 0
    outer loop
      vertex -0.02335 -0.0153579 -0.003
      vertex -0.02335 -0.0153579 0
      vertex -0.0232269 -0.0152832 -0.003
    endloop
  endfacet
  facet normal -0.518772 0.854913 0
    outer loop
      vertex -0.02335 -0.0153579 0
      vertex -0.0232269 -0.0152832 0
      vertex -0.0232269 -0.0152832 -0.003
    endloop
  endfacet
  facet normal -0.555566 0.831473 0
    outer loop
      vertex -0.0232269 -0.0152832 -0.003
      vertex -0.0232269 -0.0152832 0
      vertex -0.0231072 -0.0152032 -0.003
    endloop
  endfacet
  facet normal -0.555566 0.831473 0
    outer loop
      vertex -0.0232269 -0.0152832 0
      vertex -0.0231072 -0.0152032 0
      vertex -0.0231072 -0.0152032 -0.003
    endloop
  endfacet
  facet normal -0.591313 0.806442 0
    outer loop
      vertex -0.0231072 -0.0152032 -0.003
      vertex -0.0231072 -0.0152032 0
      vertex -0.0229911 -0.0151181 -0.003
    endloop
  endfacet
  facet normal -0.591313 0.806442 0
    outer loop
      vertex -0.0231072 -0.0152032 0
      vertex -0.0229911 -0.0151181 0
      vertex -0.0229911 -0.0151181 -0.003
    endloop
  endfacet
  facet normal -0.625926 0.779883 0
    outer loop
      vertex -0.0229911 -0.0151181 -0.003
      vertex -0.0229911 -0.0151181 0
      vertex -0.0228788 -0.0150279 -0.003
    endloop
  endfacet
  facet normal -0.625926 0.779883 0
    outer loop
      vertex -0.0229911 -0.0151181 0
      vertex -0.0228788 -0.0150279 0
      vertex -0.0228788 -0.0150279 -0.003
    endloop
  endfacet
  facet normal -0.659343 0.751842 0
    outer loop
      vertex -0.0228788 -0.0150279 -0.003
      vertex -0.0228788 -0.0150279 0
      vertex -0.0227706 -0.014933 -0.003
    endloop
  endfacet
  facet normal -0.659343 0.751842 0
    outer loop
      vertex -0.0228788 -0.0150279 0
      vertex -0.0227706 -0.014933 0
      vertex -0.0227706 -0.014933 -0.003
    endloop
  endfacet
  facet normal -0.691514 0.722363 0
    outer loop
      vertex -0.0227706 -0.014933 -0.003
      vertex -0.0227706 -0.014933 0
      vertex -0.0226665 -0.0148335 -0.003
    endloop
  endfacet
  facet normal -0.691514 0.722363 0
    outer loop
      vertex -0.0227706 -0.014933 0
      vertex -0.0226665 -0.0148335 0
      vertex -0.0226665 -0.0148335 -0.003
    endloop
  endfacet
  facet normal -0.722366 0.691511 0
    outer loop
      vertex -0.0226665 -0.0148335 -0.003
      vertex -0.0226665 -0.0148335 0
      vertex -0.022567 -0.0147294 -0.003
    endloop
  endfacet
  facet normal -0.722366 0.691511 0
    outer loop
      vertex -0.0226665 -0.0148335 0
      vertex -0.022567 -0.0147294 0
      vertex -0.022567 -0.0147294 -0.003
    endloop
  endfacet
  facet normal -0.751839 0.659346 0
    outer loop
      vertex -0.022567 -0.0147294 -0.003
      vertex -0.022567 -0.0147294 0
      vertex -0.0224721 -0.0146212 -0.003
    endloop
  endfacet
  facet normal -0.751839 0.659346 0
    outer loop
      vertex -0.022567 -0.0147294 0
      vertex -0.0224721 -0.0146212 0
      vertex -0.0224721 -0.0146212 -0.003
    endloop
  endfacet
  facet normal -0.779882 0.625926 0
    outer loop
      vertex -0.0224721 -0.0146212 -0.003
      vertex -0.0224721 -0.0146212 0
      vertex -0.0223819 -0.0145089 -0.003
    endloop
  endfacet
  facet normal -0.779882 0.625926 0
    outer loop
      vertex -0.0224721 -0.0146212 0
      vertex -0.0223819 -0.0145089 0
      vertex -0.0223819 -0.0145089 -0.003
    endloop
  endfacet
  facet normal -0.806442 0.591313 0
    outer loop
      vertex -0.0223819 -0.0145089 -0.003
      vertex -0.0223819 -0.0145089 0
      vertex -0.0222968 -0.0143928 -0.003
    endloop
  endfacet
  facet normal -0.806442 0.591313 0
    outer loop
      vertex -0.0223819 -0.0145089 0
      vertex -0.0222968 -0.0143928 0
      vertex -0.0222968 -0.0143928 -0.003
    endloop
  endfacet
  facet normal -0.831473 0.555566 0
    outer loop
      vertex -0.0222968 -0.0143928 -0.003
      vertex -0.0222968 -0.0143928 0
      vertex -0.0222168 -0.0142731 -0.003
    endloop
  endfacet
  facet normal -0.831473 0.555566 0
    outer loop
      vertex -0.0222968 -0.0143928 0
      vertex -0.0222168 -0.0142731 0
      vertex -0.0222168 -0.0142731 -0.003
    endloop
  endfacet
  facet normal -0.854911 0.518775 0
    outer loop
      vertex -0.0222168 -0.0142731 -0.003
      vertex -0.0222168 -0.0142731 0
      vertex -0.0221421 -0.01415 -0.003
    endloop
  endfacet
  facet normal -0.854911 0.518775 0
    outer loop
      vertex -0.0222168 -0.0142731 0
      vertex -0.0221421 -0.01415 0
      vertex -0.0221421 -0.01415 -0.003
    endloop
  endfacet
  facet normal -0.876729 0.480985 0
    outer loop
      vertex -0.0221421 -0.01415 -0.003
      vertex -0.0221421 -0.01415 0
      vertex -0.0220729 -0.0140238 -0.003
    endloop
  endfacet
  facet normal -0.876729 0.480985 0
    outer loop
      vertex -0.0221421 -0.01415 0
      vertex -0.0220729 -0.0140238 0
      vertex -0.0220729 -0.0140238 -0.003
    endloop
  endfacet
  facet normal -0.896873 0.442288 0
    outer loop
      vertex -0.0220729 -0.0140238 -0.003
      vertex -0.0220729 -0.0140238 0
      vertex -0.0220092 -0.0138946 -0.003
    endloop
  endfacet
  facet normal -0.896873 0.442288 0
    outer loop
      vertex -0.0220729 -0.0140238 0
      vertex -0.0220092 -0.0138946 0
      vertex -0.0220092 -0.0138946 -0.003
    endloop
  endfacet
  facet normal -0.915309 0.402753 0
    outer loop
      vertex -0.0220092 -0.0138946 -0.003
      vertex -0.0220092 -0.0138946 0
      vertex -0.0219512 -0.0137629 -0.003
    endloop
  endfacet
  facet normal -0.915309 0.402753 0
    outer loop
      vertex -0.0220092 -0.0138946 0
      vertex -0.0219512 -0.0137629 0
      vertex -0.0219512 -0.0137629 -0.003
    endloop
  endfacet
  facet normal -0.93201 0.362431 0
    outer loop
      vertex -0.0219512 -0.0137629 -0.003
      vertex -0.0219512 -0.0137629 0
      vertex -0.021899 -0.0136287 -0.003
    endloop
  endfacet
  facet normal -0.93201 0.362431 0
    outer loop
      vertex -0.0219512 -0.0137629 0
      vertex -0.021899 -0.0136287 0
      vertex -0.021899 -0.0136287 -0.003
    endloop
  endfacet
  facet normal -0.946928 0.321445 0
    outer loop
      vertex -0.021899 -0.0136287 -0.003
      vertex -0.021899 -0.0136287 0
      vertex -0.0218527 -0.0134923 -0.003
    endloop
  endfacet
  facet normal -0.946928 0.321445 0
    outer loop
      vertex -0.021899 -0.0136287 0
      vertex -0.0218527 -0.0134923 0
      vertex -0.0218527 -0.0134923 -0.003
    endloop
  endfacet
  facet normal -0.96005 0.279828 0
    outer loop
      vertex -0.0218527 -0.0134923 -0.003
      vertex -0.0218527 -0.0134923 0
      vertex -0.0218124 -0.0133541 -0.003
    endloop
  endfacet
  facet normal -0.96005 0.279828 0
    outer loop
      vertex -0.0218527 -0.0134923 0
      vertex -0.0218124 -0.0133541 0
      vertex -0.0218124 -0.0133541 -0.003
    endloop
  endfacet
  facet normal -0.971344 0.237679 0
    outer loop
      vertex -0.0218124 -0.0133541 -0.003
      vertex -0.0218124 -0.0133541 0
      vertex -0.0217782 -0.0132143 -0.003
    endloop
  endfacet
  facet normal -0.971344 0.237679 0
    outer loop
      vertex -0.0218124 -0.0133541 0
      vertex -0.0217782 -0.0132143 0
      vertex -0.0217782 -0.0132143 -0.003
    endloop
  endfacet
  facet normal -0.980783 0.195102 0
    outer loop
      vertex -0.0217782 -0.0132143 -0.003
      vertex -0.0217782 -0.0132143 0
      vertex -0.0217501 -0.013073 -0.003
    endloop
  endfacet
  facet normal -0.980783 0.195102 0
    outer loop
      vertex -0.0217782 -0.0132143 0
      vertex -0.0217501 -0.013073 0
      vertex -0.0217501 -0.013073 -0.003
    endloop
  endfacet
  facet normal -0.988363 0.152114 0
    outer loop
      vertex -0.0217501 -0.013073 -0.003
      vertex -0.0217501 -0.013073 0
      vertex -0.0217282 -0.0129307 -0.003
    endloop
  endfacet
  facet normal -0.988363 0.152114 0
    outer loop
      vertex -0.0217501 -0.013073 0
      vertex -0.0217282 -0.0129307 0
      vertex -0.0217282 -0.0129307 -0.003
    endloop
  endfacet
  facet normal -0.994057 0.108865 0
    outer loop
      vertex -0.0217282 -0.0129307 -0.003
      vertex -0.0217282 -0.0129307 0
      vertex -0.0217126 -0.0127876 -0.003
    endloop
  endfacet
  facet normal -0.994057 0.108865 0
    outer loop
      vertex -0.0217282 -0.0129307 0
      vertex -0.0217126 -0.0127876 0
      vertex -0.0217126 -0.0127876 -0.003
    endloop
  endfacet
  facet normal -0.997859 0.0654092 0
    outer loop
      vertex -0.0217126 -0.0127876 -0.003
      vertex -0.0217126 -0.0127876 0
      vertex -0.0217031 -0.0126439 -0.003
    endloop
  endfacet
  facet normal -0.997859 0.0654092 0
    outer loop
      vertex -0.0217126 -0.0127876 0
      vertex -0.0217031 -0.0126439 0
      vertex -0.0217031 -0.0126439 -0.003
    endloop
  endfacet
  facet normal -0.999762 0.0218119 0
    outer loop
      vertex -0.0217031 -0.0126439 -0.003
      vertex -0.0217031 -0.0126439 0
      vertex -0.0217 -0.0125 -0.003
    endloop
  endfacet
  facet normal -0.999762 0.0218119 0
    outer loop
      vertex -0.0217031 -0.0126439 0
      vertex -0.0217 -0.0125 0
      vertex -0.0217 -0.0125 -0.003
    endloop
  endfacet
  facet normal -0.999762 -0.0218117 0
    outer loop
      vertex 0.0283 -0.0125 -0.003
      vertex 0.0283 -0.0125 0
      vertex 0.0282969 -0.0123561 -0.003
    endloop
  endfacet
  facet normal -0.999762 -0.0218117 0
    outer loop
      vertex 0.0283 -0.0125 0
      vertex 0.0282969 -0.0123561 0
      vertex 0.0282969 -0.0123561 -0.003
    endloop
  endfacet
  facet normal -0.997858 -0.0654096 0
    outer loop
      vertex 0.0282969 -0.0123561 -0.003
      vertex 0.0282969 -0.0123561 0
      vertex 0.0282874 -0.0122124 -0.003
    endloop
  endfacet
  facet normal -0.997858 -0.0654096 0
    outer loop
      vertex 0.0282969 -0.0123561 0
      vertex 0.0282874 -0.0122124 0
      vertex 0.0282874 -0.0122124 -0.003
    endloop
  endfacet
  facet normal -0.994057 -0.108865 0
    outer loop
      vertex 0.0282874 -0.0122124 -0.003
      vertex 0.0282874 -0.0122124 0
      vertex 0.0282718 -0.0120693 -0.003
    endloop
  endfacet
  facet normal -0.994057 -0.108865 0
    outer loop
      vertex 0.0282874 -0.0122124 0
      vertex 0.0282718 -0.0120693 0
      vertex 0.0282718 -0.0120693 -0.003
    endloop
  endfacet
  facet normal -0.988361 -0.152126 0
    outer loop
      vertex 0.0282718 -0.0120693 -0.003
      vertex 0.0282718 -0.0120693 0
      vertex 0.0282499 -0.011927 -0.003
    endloop
  endfacet
  facet normal -0.988361 -0.152126 0
    outer loop
      vertex 0.0282718 -0.0120693 0
      vertex 0.0282499 -0.011927 0
      vertex 0.0282499 -0.011927 -0.003
    endloop
  endfacet
  facet normal -0.980785 -0.19509 0
    outer loop
      vertex 0.0282499 -0.011927 -0.003
      vertex 0.0282499 -0.011927 0
      vertex 0.0282218 -0.0117857 -0.003
    endloop
  endfacet
  facet normal -0.980785 -0.19509 0
    outer loop
      vertex 0.0282499 -0.011927 0
      vertex 0.0282218 -0.0117857 0
      vertex 0.0282218 -0.0117857 -0.003
    endloop
  endfacet
  facet normal -0.971341 -0.237691 0
    outer loop
      vertex 0.0282218 -0.0117857 -0.003
      vertex 0.0282218 -0.0117857 0
      vertex 0.0281876 -0.0116459 -0.003
    endloop
  endfacet
  facet normal -0.971341 -0.237691 0
    outer loop
      vertex 0.0282218 -0.0117857 0
      vertex 0.0281876 -0.0116459 0
      vertex 0.0281876 -0.0116459 -0.003
    endloop
  endfacet
  facet normal -0.96005 -0.279828 0
    outer loop
      vertex 0.0281876 -0.0116459 -0.003
      vertex 0.0281876 -0.0116459 0
      vertex 0.0281473 -0.0115077 -0.003
    endloop
  endfacet
  facet normal -0.96005 -0.279828 0
    outer loop
      vertex 0.0281876 -0.0116459 0
      vertex 0.0281473 -0.0115077 0
      vertex 0.0281473 -0.0115077 -0.003
    endloop
  endfacet
  facet normal -0.946933 -0.321431 0
    outer loop
      vertex 0.0281473 -0.0115077 -0.003
      vertex 0.0281473 -0.0115077 0
      vertex 0.028101 -0.0113713 -0.003
    endloop
  endfacet
  facet normal -0.946933 -0.321431 0
    outer loop
      vertex 0.0281473 -0.0115077 0
      vertex 0.028101 -0.0113713 0
      vertex 0.028101 -0.0113713 -0.003
    endloop
  endfacet
  facet normal -0.932006 -0.362443 0
    outer loop
      vertex 0.028101 -0.0113713 -0.003
      vertex 0.028101 -0.0113713 0
      vertex 0.0280488 -0.0112371 -0.003
    endloop
  endfacet
  facet normal -0.932006 -0.362443 0
    outer loop
      vertex 0.028101 -0.0113713 0
      vertex 0.0280488 -0.0112371 0
      vertex 0.0280488 -0.0112371 -0.003
    endloop
  endfacet
  facet normal -0.915313 -0.402742 0
    outer loop
      vertex 0.0280488 -0.0112371 -0.003
      vertex 0.0280488 -0.0112371 0
      vertex 0.0279908 -0.0111054 -0.003
    endloop
  endfacet
  facet normal -0.915313 -0.402742 0
    outer loop
      vertex 0.0280488 -0.0112371 0
      vertex 0.0279908 -0.0111054 0
      vertex 0.0279908 -0.0111054 -0.003
    endloop
  endfacet
  facet normal -0.896872 -0.442291 0
    outer loop
      vertex 0.0279908 -0.0111054 -0.003
      vertex 0.0279908 -0.0111054 0
      vertex 0.0279271 -0.0109762 -0.003
    endloop
  endfacet
  facet normal -0.896872 -0.442291 0
    outer loop
      vertex 0.0279908 -0.0111054 0
      vertex 0.0279271 -0.0109762 0
      vertex 0.0279271 -0.0109762 -0.003
    endloop
  endfacet
  facet normal -0.876723 -0.480995 0
    outer loop
      vertex 0.0279271 -0.0109762 -0.003
      vertex 0.0279271 -0.0109762 0
      vertex 0.0278579 -0.01085 -0.003
    endloop
  endfacet
  facet normal -0.876723 -0.480995 0
    outer loop
      vertex 0.0279271 -0.0109762 0
      vertex 0.0278579 -0.01085 0
      vertex 0.0278579 -0.01085 -0.003
    endloop
  endfacet
  facet normal -0.854918 -0.518762 0
    outer loop
      vertex 0.0278579 -0.01085 -0.003
      vertex 0.0278579 -0.01085 0
      vertex 0.0277832 -0.0107269 -0.003
    endloop
  endfacet
  facet normal -0.854918 -0.518762 0
    outer loop
      vertex 0.0278579 -0.01085 0
      vertex 0.0277832 -0.0107269 0
      vertex 0.0277832 -0.0107269 -0.003
    endloop
  endfacet
  facet normal -0.831465 -0.555578 0
    outer loop
      vertex 0.0277832 -0.0107269 -0.003
      vertex 0.0277832 -0.0107269 0
      vertex 0.0277032 -0.0106072 -0.003
    endloop
  endfacet
  facet normal -0.831465 -0.555578 0
    outer loop
      vertex 0.0277832 -0.0107269 0
      vertex 0.0277032 -0.0106072 0
      vertex 0.0277032 -0.0106072 -0.003
    endloop
  endfacet
  facet normal -0.806445 -0.59131 0
    outer loop
      vertex 0.0277032 -0.0106072 -0.003
      vertex 0.0277032 -0.0106072 0
      vertex 0.0276181 -0.0104911 -0.003
    endloop
  endfacet
  facet normal -0.806445 -0.59131 0
    outer loop
      vertex 0.0277032 -0.0106072 0
      vertex 0.0276181 -0.0104911 0
      vertex 0.0276181 -0.0104911 -0.003
    endloop
  endfacet
  facet normal -0.779886 -0.625922 0
    outer loop
      vertex 0.0276181 -0.0104911 -0.003
      vertex 0.0276181 -0.0104911 0
      vertex 0.0275279 -0.0103788 -0.003
    endloop
  endfacet
  facet normal -0.779886 -0.625922 0
    outer loop
      vertex 0.0276181 -0.0104911 0
      vertex 0.0275279 -0.0103788 0
      vertex 0.0275279 -0.0103788 -0.003
    endloop
  endfacet
  facet normal -0.751839 -0.659346 0
    outer loop
      vertex 0.0275279 -0.0103788 -0.003
      vertex 0.0275279 -0.0103788 0
      vertex 0.027433 -0.0102706 -0.003
    endloop
  endfacet
  facet normal -0.751839 -0.659346 0
    outer loop
      vertex 0.0275279 -0.0103788 0
      vertex 0.027433 -0.0102706 0
      vertex 0.027433 -0.0102706 -0.003
    endloop
  endfacet
  facet normal -0.722369 -0.691508 0
    outer loop
      vertex 0.027433 -0.0102706 -0.003
      vertex 0.027433 -0.0102706 0
      vertex 0.0273335 -0.0101665 -0.003
    endloop
  endfacet
  facet normal -0.722369 -0.691508 0
    outer loop
      vertex 0.027433 -0.0102706 0
      vertex 0.0273335 -0.0101665 0
      vertex 0.0273335 -0.0101665 -0.003
    endloop
  endfacet
  facet normal -0.691505 -0.722372 0
    outer loop
      vertex 0.0273335 -0.0101665 -0.003
      vertex 0.0273335 -0.0101665 0
      vertex 0.0272294 -0.010067 -0.003
    endloop
  endfacet
  facet normal -0.691505 -0.722372 0
    outer loop
      vertex 0.0273335 -0.0101665 0
      vertex 0.0272294 -0.010067 0
      vertex 0.0272294 -0.010067 -0.003
    endloop
  endfacet
  facet normal -0.65935 -0.751837 0
    outer loop
      vertex 0.0272294 -0.010067 -0.003
      vertex 0.0272294 -0.010067 0
      vertex 0.0271212 -0.00997205 -0.003
    endloop
  endfacet
  facet normal -0.65935 -0.751837 0
    outer loop
      vertex 0.0272294 -0.010067 0
      vertex 0.0271212 -0.00997205 0
      vertex 0.0271212 -0.00997205 -0.003
    endloop
  endfacet
  facet normal -0.625926 -0.779883 0
    outer loop
      vertex 0.0271212 -0.00997205 -0.003
      vertex 0.0271212 -0.00997205 0
      vertex 0.0270089 -0.00988193 -0.003
    endloop
  endfacet
  facet normal -0.625926 -0.779883 0
    outer loop
      vertex 0.0271212 -0.00997205 0
      vertex 0.0270089 -0.00988193 0
      vertex 0.0270089 -0.00988193 -0.003
    endloop
  endfacet
  facet normal -0.591306 -0.806447 0
    outer loop
      vertex 0.0270089 -0.00988193 -0.003
      vertex 0.0270089 -0.00988193 0
      vertex 0.0268928 -0.0097968 -0.003
    endloop
  endfacet
  facet normal -0.591306 -0.806447 0
    outer loop
      vertex 0.0270089 -0.00988193 0
      vertex 0.0268928 -0.0097968 0
      vertex 0.0268928 -0.0097968 -0.003
    endloop
  endfacet
  facet normal -0.555576 -0.831466 0
    outer loop
      vertex 0.0268928 -0.0097968 -0.003
      vertex 0.0268928 -0.0097968 0
      vertex 0.0267731 -0.00971681 -0.003
    endloop
  endfacet
  facet normal -0.555576 -0.831466 0
    outer loop
      vertex 0.0268928 -0.0097968 0
      vertex 0.0267731 -0.00971681 0
      vertex 0.0267731 -0.00971681 -0.003
    endloop
  endfacet
  facet normal -0.518772 -0.854913 0
    outer loop
      vertex 0.0267731 -0.00971681 -0.003
      vertex 0.0267731 -0.00971681 0
      vertex 0.02665 -0.00964212 -0.003
    endloop
  endfacet
  facet normal -0.518772 -0.854913 0
    outer loop
      vertex 0.0267731 -0.00971681 0
      vertex 0.02665 -0.00964212 0
      vertex 0.02665 -0.00964212 -0.003
    endloop
  endfacet
  facet normal -0.480985 -0.876729 0
    outer loop
      vertex 0.02665 -0.00964212 -0.003
      vertex 0.02665 -0.00964212 0
      vertex 0.0265238 -0.00957286 -0.003
    endloop
  endfacet
  facet normal -0.480985 -0.876729 0
    outer loop
      vertex 0.02665 -0.00964212 0
      vertex 0.0265238 -0.00957286 0
      vertex 0.0265238 -0.00957286 -0.003
    endloop
  endfacet
  facet normal -0.442291 -0.896872 0
    outer loop
      vertex 0.0265238 -0.00957286 -0.003
      vertex 0.0265238 -0.00957286 0
      vertex 0.0263946 -0.00950918 -0.003
    endloop
  endfacet
  facet normal -0.442291 -0.896872 0
    outer loop
      vertex 0.0265238 -0.00957286 0
      vertex 0.0263946 -0.00950918 0
      vertex 0.0263946 -0.00950918 -0.003
    endloop
  endfacet
  facet normal -0.402745 -0.915312 0
    outer loop
      vertex 0.0263946 -0.00950918 -0.003
      vertex 0.0263946 -0.00950918 0
      vertex 0.0262629 -0.0094512 -0.003
    endloop
  endfacet
  facet normal -0.402745 -0.915312 0
    outer loop
      vertex 0.0263946 -0.00950918 0
      vertex 0.0262629 -0.0094512 0
      vertex 0.0262629 -0.0094512 -0.003
    endloop
  endfacet
  facet normal -0.362437 -0.932008 0
    outer loop
      vertex 0.0262629 -0.0094512 -0.003
      vertex 0.0262629 -0.0094512 0
      vertex 0.0261287 -0.00939901 -0.003
    endloop
  endfacet
  facet normal -0.362437 -0.932008 0
    outer loop
      vertex 0.0262629 -0.0094512 0
      vertex 0.0261287 -0.00939901 0
      vertex 0.0261287 -0.00939901 -0.003
    endloop
  endfacet
  facet normal -0.321437 -0.946931 0
    outer loop
      vertex 0.0261287 -0.00939901 -0.003
      vertex 0.0261287 -0.00939901 0
      vertex 0.0259923 -0.00935273 -0.003
    endloop
  endfacet
  facet normal -0.321437 -0.946931 0
    outer loop
      vertex 0.0261287 -0.00939901 0
      vertex 0.0259923 -0.00935273 0
      vertex 0.0259923 -0.00935273 -0.003
    endloop
  endfacet
  facet normal -0.279836 -0.960048 0
    outer loop
      vertex 0.0259923 -0.00935273 -0.003
      vertex 0.0259923 -0.00935273 0
      vertex 0.0258541 -0.00931244 -0.003
    endloop
  endfacet
  facet normal -0.279836 -0.960048 0
    outer loop
      vertex 0.0259923 -0.00935273 0
      vertex 0.0258541 -0.00931244 0
      vertex 0.0258541 -0.00931244 -0.003
    endloop
  endfacet
  facet normal -0.237684 -0.971343 0
    outer loop
      vertex 0.0258541 -0.00931244 -0.003
      vertex 0.0258541 -0.00931244 0
      vertex 0.0257143 -0.00927822 -0.003
    endloop
  endfacet
  facet normal -0.237684 -0.971343 0
    outer loop
      vertex 0.0258541 -0.00931244 0
      vertex 0.0257143 -0.00927822 0
      vertex 0.0257143 -0.00927822 -0.003
    endloop
  endfacet
  facet normal -0.195091 -0.980785 0
    outer loop
      vertex 0.0257143 -0.00927822 -0.003
      vertex 0.0257143 -0.00927822 0
      vertex 0.025573 -0.00925013 -0.003
    endloop
  endfacet
  facet normal -0.195091 -0.980785 0
    outer loop
      vertex 0.0257143 -0.00927822 0
      vertex 0.025573 -0.00925013 0
      vertex 0.025573 -0.00925013 -0.003
    endloop
  endfacet
  facet normal -0.15212 -0.988362 0
    outer loop
      vertex 0.025573 -0.00925013 -0.003
      vertex 0.025573 -0.00925013 0
      vertex 0.0254307 -0.00922823 -0.003
    endloop
  endfacet
  facet normal -0.15212 -0.988362 0
    outer loop
      vertex 0.025573 -0.00925013 0
      vertex 0.0254307 -0.00922823 0
      vertex 0.0254307 -0.00922823 -0.003
    endloop
  endfacet
  facet normal -0.10887 -0.994056 0
    outer loop
      vertex 0.0254307 -0.00922823 -0.003
      vertex 0.0254307 -0.00922823 0
      vertex 0.0252876 -0.00921256 -0.003
    endloop
  endfacet
  facet normal -0.10887 -0.994056 0
    outer loop
      vertex 0.0254307 -0.00922823 0
      vertex 0.0252876 -0.00921256 0
      vertex 0.0252876 -0.00921256 -0.003
    endloop
  endfacet
  facet normal -0.0654032 -0.997859 0
    outer loop
      vertex 0.0252876 -0.00921256 -0.003
      vertex 0.0252876 -0.00921256 0
      vertex 0.0251439 -0.00920314 -0.003
    endloop
  endfacet
  facet normal -0.0654032 -0.997859 0
    outer loop
      vertex 0.0252876 -0.00921256 0
      vertex 0.0251439 -0.00920314 0
      vertex 0.0251439 -0.00920314 -0.003
    endloop
  endfacet
  facet normal -0.0218119 -0.999762 0
    outer loop
      vertex 0.0251439 -0.00920314 -0.003
      vertex 0.0251439 -0.00920314 0
      vertex 0.025 -0.0092 -0.003
    endloop
  endfacet
  facet normal -0.0218119 -0.999762 0
    outer loop
      vertex 0.0251439 -0.00920314 0
      vertex 0.025 -0.0092 0
      vertex 0.025 -0.0092 -0.003
    endloop
  endfacet
  facet normal 0.0218116 -0.999762 0
    outer loop
      vertex 0.025 -0.0092 -0.003
      vertex 0.025 -0.0092 0
      vertex 0.0248561 -0.00920314 -0.003
    endloop
  endfacet
  facet normal 0.0218116 -0.999762 0
    outer loop
      vertex 0.025 -0.0092 0
      vertex 0.0248561 -0.00920314 0
      vertex 0.0248561 -0.00920314 -0.003
    endloop
  endfacet
  facet normal 0.0654032 -0.997859 0
    outer loop
      vertex 0.0248561 -0.00920314 -0.003
      vertex 0.0248561 -0.00920314 0
      vertex 0.0247124 -0.00921256 -0.003
    endloop
  endfacet
  facet normal 0.0654032 -0.997859 0
    outer loop
      vertex 0.0248561 -0.00920314 0
      vertex 0.0247124 -0.00921256 0
      vertex 0.0247124 -0.00921256 -0.003
    endloop
  endfacet
  facet normal 0.108872 -0.994056 0
    outer loop
      vertex 0.0247124 -0.00921256 -0.003
      vertex 0.0247124 -0.00921256 0
      vertex 0.0245693 -0.00922823 -0.003
    endloop
  endfacet
  facet normal 0.108872 -0.994056 0
    outer loop
      vertex 0.0247124 -0.00921256 0
      vertex 0.0245693 -0.00922823 0
      vertex 0.0245693 -0.00922823 -0.003
    endloop
  endfacet
  facet normal 0.15212 -0.988362 0
    outer loop
      vertex 0.0245693 -0.00922823 -0.003
      vertex 0.0245693 -0.00922823 0
      vertex 0.024427 -0.00925013 -0.003
    endloop
  endfacet
  facet normal 0.15212 -0.988362 0
    outer loop
      vertex 0.0245693 -0.00922823 0
      vertex 0.024427 -0.00925013 0
      vertex 0.024427 -0.00925013 -0.003
    endloop
  endfacet
  facet normal 0.195089 -0.980786 0
    outer loop
      vertex 0.024427 -0.00925013 -0.003
      vertex 0.024427 -0.00925013 0
      vertex 0.0242857 -0.00927822 -0.003
    endloop
  endfacet
  facet normal 0.195089 -0.980786 0
    outer loop
      vertex 0.024427 -0.00925013 0
      vertex 0.0242857 -0.00927822 0
      vertex 0.0242857 -0.00927822 -0.003
    endloop
  endfacet
  facet normal 0.237687 -0.971342 0
    outer loop
      vertex 0.0242857 -0.00927822 -0.003
      vertex 0.0242857 -0.00927822 0
      vertex 0.0241459 -0.00931244 -0.003
    endloop
  endfacet
  facet normal 0.237687 -0.971342 0
    outer loop
      vertex 0.0242857 -0.00927822 0
      vertex 0.0241459 -0.00931244 0
      vertex 0.0241459 -0.00931244 -0.003
    endloop
  endfacet
  facet normal 0.279832 -0.960049 0
    outer loop
      vertex 0.0241459 -0.00931244 -0.003
      vertex 0.0241459 -0.00931244 0
      vertex 0.0240077 -0.00935273 -0.003
    endloop
  endfacet
  facet normal 0.279832 -0.960049 0
    outer loop
      vertex 0.0241459 -0.00931244 0
      vertex 0.0240077 -0.00935273 0
      vertex 0.0240077 -0.00935273 -0.003
    endloop
  endfacet
  facet normal 0.321441 -0.94693 0
    outer loop
      vertex 0.0240077 -0.00935273 -0.003
      vertex 0.0240077 -0.00935273 0
      vertex 0.0238713 -0.00939901 -0.003
    endloop
  endfacet
  facet normal 0.321441 -0.94693 0
    outer loop
      vertex 0.0240077 -0.00935273 0
      vertex 0.0238713 -0.00939901 0
      vertex 0.0238713 -0.00939901 -0.003
    endloop
  endfacet
  facet normal 0.362437 -0.932008 0
    outer loop
      vertex 0.0238713 -0.00939901 -0.003
      vertex 0.0238713 -0.00939901 0
      vertex 0.0237371 -0.0094512 -0.003
    endloop
  endfacet
  facet normal 0.362437 -0.932008 0
    outer loop
      vertex 0.0238713 -0.00939901 0
      vertex 0.0237371 -0.0094512 0
      vertex 0.0237371 -0.0094512 -0.003
    endloop
  endfacet
  facet normal 0.402745 -0.915312 0
    outer loop
      vertex 0.0237371 -0.0094512 -0.003
      vertex 0.0237371 -0.0094512 0
      vertex 0.0236054 -0.00950918 -0.003
    endloop
  endfacet
  facet normal 0.402745 -0.915312 0
    outer loop
      vertex 0.0237371 -0.0094512 0
      vertex 0.0236054 -0.00950918 0
      vertex 0.0236054 -0.00950918 -0.003
    endloop
  endfacet
  facet normal 0.442291 -0.896872 0
    outer loop
      vertex 0.0236054 -0.00950918 -0.003
      vertex 0.0236054 -0.00950918 0
      vertex 0.0234762 -0.00957286 -0.003
    endloop
  endfacet
  facet normal 0.442291 -0.896872 0
    outer loop
      vertex 0.0236054 -0.00950918 0
      vertex 0.0234762 -0.00957286 0
      vertex 0.0234762 -0.00957286 -0.003
    endloop
  endfacet
  facet normal 0.480985 -0.876729 0
    outer loop
      vertex 0.0234762 -0.00957286 -0.003
      vertex 0.0234762 -0.00957286 0
      vertex 0.02335 -0.00964212 -0.003
    endloop
  endfacet
  facet normal 0.480985 -0.876729 0
    outer loop
      vertex 0.0234762 -0.00957286 0
      vertex 0.02335 -0.00964212 0
      vertex 0.02335 -0.00964212 -0.003
    endloop
  endfacet
  facet normal 0.518772 -0.854913 0
    outer loop
      vertex 0.02335 -0.00964212 -0.003
      vertex 0.02335 -0.00964212 0
      vertex 0.0232269 -0.00971681 -0.003
    endloop
  endfacet
  facet normal 0.518772 -0.854913 0
    outer loop
      vertex 0.02335 -0.00964212 0
      vertex 0.0232269 -0.00971681 0
      vertex 0.0232269 -0.00971681 -0.003
    endloop
  endfacet
  facet normal 0.55557 -0.83147 0
    outer loop
      vertex 0.0232269 -0.00971681 -0.003
      vertex 0.0232269 -0.00971681 0
      vertex 0.0231072 -0.0097968 -0.003
    endloop
  endfacet
  facet normal 0.55557 -0.83147 0
    outer loop
      vertex 0.0232269 -0.00971681 0
      vertex 0.0231072 -0.0097968 0
      vertex 0.0231072 -0.0097968 -0.003
    endloop
  endfacet
  facet normal 0.591313 -0.806442 0
    outer loop
      vertex 0.0231072 -0.0097968 -0.003
      vertex 0.0231072 -0.0097968 0
      vertex 0.0229911 -0.00988193 -0.003
    endloop
  endfacet
  facet normal 0.591313 -0.806442 0
    outer loop
      vertex 0.0231072 -0.0097968 0
      vertex 0.0229911 -0.00988193 0
      vertex 0.0229911 -0.00988193 -0.003
    endloop
  endfacet
  facet normal 0.625926 -0.779883 0
    outer loop
      vertex 0.0229911 -0.00988193 -0.003
      vertex 0.0229911 -0.00988193 0
      vertex 0.0228788 -0.00997205 -0.003
    endloop
  endfacet
  facet normal 0.625926 -0.779883 0
    outer loop
      vertex 0.0229911 -0.00988193 0
      vertex 0.0228788 -0.00997205 0
      vertex 0.0228788 -0.00997205 -0.003
    endloop
  endfacet
  facet normal 0.659343 -0.751842 0
    outer loop
      vertex 0.0228788 -0.00997205 -0.003
      vertex 0.0228788 -0.00997205 0
      vertex 0.0227706 -0.010067 -0.003
    endloop
  endfacet
  facet normal 0.659343 -0.751842 0
    outer loop
      vertex 0.0228788 -0.00997205 0
      vertex 0.0227706 -0.010067 0
      vertex 0.0227706 -0.010067 -0.003
    endloop
  endfacet
  facet normal 0.691511 -0.722366 0
    outer loop
      vertex 0.0227706 -0.010067 -0.003
      vertex 0.0227706 -0.010067 0
      vertex 0.0226665 -0.0101665 -0.003
    endloop
  endfacet
  facet normal 0.691511 -0.722366 0
    outer loop
      vertex 0.0227706 -0.010067 0
      vertex 0.0226665 -0.0101665 0
      vertex 0.0226665 -0.0101665 -0.003
    endloop
  endfacet
  facet normal 0.722369 -0.691508 0
    outer loop
      vertex 0.0226665 -0.0101665 -0.003
      vertex 0.0226665 -0.0101665 0
      vertex 0.022567 -0.0102706 -0.003
    endloop
  endfacet
  facet normal 0.722369 -0.691508 0
    outer loop
      vertex 0.0226665 -0.0101665 0
      vertex 0.022567 -0.0102706 0
      vertex 0.022567 -0.0102706 -0.003
    endloop
  endfacet
  facet normal 0.751839 -0.659346 0
    outer loop
      vertex 0.022567 -0.0102706 -0.003
      vertex 0.022567 -0.0102706 0
      vertex 0.0224721 -0.0103788 -0.003
    endloop
  endfacet
  facet normal 0.751839 -0.659346 0
    outer loop
      vertex 0.022567 -0.0102706 0
      vertex 0.0224721 -0.0103788 0
      vertex 0.0224721 -0.0103788 -0.003
    endloop
  endfacet
  facet normal 0.77988 -0.62593 0
    outer loop
      vertex 0.0224721 -0.0103788 -0.003
      vertex 0.0224721 -0.0103788 0
      vertex 0.0223819 -0.0104911 -0.003
    endloop
  endfacet
  facet normal 0.77988 -0.62593 0
    outer loop
      vertex 0.0224721 -0.0103788 0
      vertex 0.0223819 -0.0104911 0
      vertex 0.0223819 -0.0104911 -0.003
    endloop
  endfacet
  facet normal 0.806445 -0.59131 0
    outer loop
      vertex 0.0223819 -0.0104911 -0.003
      vertex 0.0223819 -0.0104911 0
      vertex 0.0222968 -0.0106072 -0.003
    endloop
  endfacet
  facet normal 0.806445 -0.59131 0
    outer loop
      vertex 0.0223819 -0.0104911 0
      vertex 0.0222968 -0.0106072 0
      vertex 0.0222968 -0.0106072 -0.003
    endloop
  endfacet
  facet normal 0.831471 -0.555569 0
    outer loop
      vertex 0.0222968 -0.0106072 -0.003
      vertex 0.0222968 -0.0106072 0
      vertex 0.0222168 -0.0107269 -0.003
    endloop
  endfacet
  facet normal 0.831471 -0.555569 0
    outer loop
      vertex 0.0222968 -0.0106072 0
      vertex 0.0222168 -0.0107269 0
      vertex 0.0222168 -0.0107269 -0.003
    endloop
  endfacet
  facet normal 0.854913 -0.518772 0
    outer loop
      vertex 0.0222168 -0.0107269 -0.003
      vertex 0.0222168 -0.0107269 0
      vertex 0.0221421 -0.01085 -0.003
    endloop
  endfacet
  facet normal 0.854913 -0.518772 0
    outer loop
      vertex 0.0222168 -0.0107269 0
      vertex 0.0221421 -0.01085 0
      vertex 0.0221421 -0.01085 -0.003
    endloop
  endfacet
  facet normal 0.876729 -0.480985 0
    outer loop
      vertex 0.0221421 -0.01085 -0.003
      vertex 0.0221421 -0.01085 0
      vertex 0.0220729 -0.0109762 -0.003
    endloop
  endfacet
  facet normal 0.876729 -0.480985 0
    outer loop
      vertex 0.0221421 -0.01085 0
      vertex 0.0220729 -0.0109762 0
      vertex 0.0220729 -0.0109762 -0.003
    endloop
  endfacet
  facet normal 0.896872 -0.442291 0
    outer loop
      vertex 0.0220729 -0.0109762 -0.003
      vertex 0.0220729 -0.0109762 0
      vertex 0.0220092 -0.0111054 -0.003
    endloop
  endfacet
  facet normal 0.896872 -0.442291 0
    outer loop
      vertex 0.0220729 -0.0109762 0
      vertex 0.0220092 -0.0111054 0
      vertex 0.0220092 -0.0111054 -0.003
    endloop
  endfacet
  facet normal 0.915309 -0.402753 0
    outer loop
      vertex 0.0220092 -0.0111054 -0.003
      vertex 0.0220092 -0.0111054 0
      vertex 0.0219512 -0.0112371 -0.003
    endloop
  endfacet
  facet normal 0.915309 -0.402753 0
    outer loop
      vertex 0.0220092 -0.0111054 0
      vertex 0.0219512 -0.0112371 0
      vertex 0.0219512 -0.0112371 -0.003
    endloop
  endfacet
  facet normal 0.93201 -0.362431 0
    outer loop
      vertex 0.0219512 -0.0112371 -0.003
      vertex 0.0219512 -0.0112371 0
      vertex 0.021899 -0.0113713 -0.003
    endloop
  endfacet
  facet normal 0.93201 -0.362431 0
    outer loop
      vertex 0.0219512 -0.0112371 0
      vertex 0.021899 -0.0113713 0
      vertex 0.021899 -0.0113713 -0.003
    endloop
  endfacet
  facet normal 0.946929 -0.321443 0
    outer loop
      vertex 0.021899 -0.0113713 -0.003
      vertex 0.021899 -0.0113713 0
      vertex 0.0218527 -0.0115077 -0.003
    endloop
  endfacet
  facet normal 0.946929 -0.321443 0
    outer loop
      vertex 0.021899 -0.0113713 0
      vertex 0.0218527 -0.0115077 0
      vertex 0.0218527 -0.0115077 -0.003
    endloop
  endfacet
  facet normal 0.96005 -0.279828 0
    outer loop
      vertex 0.0218527 -0.0115077 -0.003
      vertex 0.0218527 -0.0115077 0
      vertex 0.0218124 -0.0116459 -0.003
    endloop
  endfacet
  facet normal 0.96005 -0.279828 0
    outer loop
      vertex 0.0218527 -0.0115077 0
      vertex 0.0218124 -0.0116459 0
      vertex 0.0218124 -0.0116459 -0.003
    endloop
  endfacet
  facet normal 0.971344 -0.237679 0
    outer loop
      vertex 0.0218124 -0.0116459 -0.003
      vertex 0.0218124 -0.0116459 0
      vertex 0.0217782 -0.0117857 -0.003
    endloop
  endfacet
  facet normal 0.971344 -0.237679 0
    outer loop
      vertex 0.0218124 -0.0116459 0
      vertex 0.0217782 -0.0117857 0
      vertex 0.0217782 -0.0117857 -0.003
    endloop
  endfacet
  facet normal 0.980783 -0.195102 0
    outer loop
      vertex 0.0217782 -0.0117857 -0.003
      vertex 0.0217782 -0.0117857 0
      vertex 0.0217501 -0.011927 -0.003
    endloop
  endfacet
  facet normal 0.980783 -0.195102 0
    outer loop
      vertex 0.0217782 -0.0117857 0
      vertex 0.0217501 -0.011927 0
      vertex 0.0217501 -0.011927 -0.003
    endloop
  endfacet
  facet normal 0.988363 -0.152114 0
    outer loop
      vertex 0.0217501 -0.011927 -0.003
      vertex 0.0217501 -0.011927 0
      vertex 0.0217282 -0.0120693 -0.003
    endloop
  endfacet
  facet normal 0.988363 -0.152114 0
    outer loop
      vertex 0.0217501 -0.011927 0
      vertex 0.0217282 -0.0120693 0
      vertex 0.0217282 -0.0120693 -0.003
    endloop
  endfacet
  facet normal 0.994057 -0.108865 0
    outer loop
      vertex 0.0217282 -0.0120693 -0.003
      vertex 0.0217282 -0.0120693 0
      vertex 0.0217126 -0.0122124 -0.003
    endloop
  endfacet
  facet normal 0.994057 -0.108865 0
    outer loop
      vertex 0.0217282 -0.0120693 0
      vertex 0.0217126 -0.0122124 0
      vertex 0.0217126 -0.0122124 -0.003
    endloop
  endfacet
  facet normal 0.997858 -0.0654096 0
    outer loop
      vertex 0.0217126 -0.0122124 -0.003
      vertex 0.0217126 -0.0122124 0
      vertex 0.0217031 -0.0123561 -0.003
    endloop
  endfacet
  facet normal 0.997858 -0.0654096 0
    outer loop
      vertex 0.0217126 -0.0122124 0
      vertex 0.0217031 -0.0123561 0
      vertex 0.0217031 -0.0123561 -0.003
    endloop
  endfacet
  facet normal 0.999762 -0.0218117 0
    outer loop
      vertex 0.0217031 -0.0123561 -0.003
      vertex 0.0217031 -0.0123561 0
      vertex 0.0217 -0.0125 -0.003
    endloop
  endfacet
  facet normal 0.999762 -0.0218117 0
    outer loop
      vertex 0.0217031 -0.0123561 0
      vertex 0.0217 -0.0125 0
      vertex 0.0217 -0.0125 -0.003
    endloop
  endfacet
  facet normal 0.999762 0.0218119 0
    outer loop
      vertex 0.0217 -0.0125 -0.003
      vertex 0.0217 -0.0125 0
      vertex 0.0217031 -0.0126439 -0.003
    endloop
  endfacet
  facet normal 0.999762 0.0218119 0
    outer loop
      vertex 0.0217 -0.0125 0
      vertex 0.0217031 -0.0126439 0
      vertex 0.0217031 -0.0126439 -0.003
    endloop
  endfacet
  facet normal 0.997859 0.0654092 0
    outer loop
      vertex 0.0217031 -0.0126439 -0.003
      vertex 0.0217031 -0.0126439 0
      vertex 0.0217126 -0.0127876 -0.003
    endloop
  endfacet
  facet normal 0.997859 0.0654092 0
    outer loop
      vertex 0.0217031 -0.0126439 0
      vertex 0.0217126 -0.0127876 0
      vertex 0.0217126 -0.0127876 -0.003
    endloop
  endfacet
  facet normal 0.994057 0.108865 0
    outer loop
      vertex 0.0217126 -0.0127876 -0.003
      vertex 0.0217126 -0.0127876 0
      vertex 0.0217282 -0.0129307 -0.003
    endloop
  endfacet
  facet normal 0.994057 0.108865 0
    outer loop
      vertex 0.0217126 -0.0127876 0
      vertex 0.0217282 -0.0129307 0
      vertex 0.0217282 -0.0129307 -0.003
    endloop
  endfacet
  facet normal 0.988363 0.152114 0
    outer loop
      vertex 0.0217282 -0.0129307 -0.003
      vertex 0.0217282 -0.0129307 0
      vertex 0.0217501 -0.013073 -0.003
    endloop
  endfacet
  facet normal 0.988363 0.152114 0
    outer loop
      vertex 0.0217282 -0.0129307 0
      vertex 0.0217501 -0.013073 0
      vertex 0.0217501 -0.013073 -0.003
    endloop
  endfacet
  facet normal 0.980783 0.195102 0
    outer loop
      vertex 0.0217501 -0.013073 -0.003
      vertex 0.0217501 -0.013073 0
      vertex 0.0217782 -0.0132143 -0.003
    endloop
  endfacet
  facet normal 0.980783 0.195102 0
    outer loop
      vertex 0.0217501 -0.013073 0
      vertex 0.0217782 -0.0132143 0
      vertex 0.0217782 -0.0132143 -0.003
    endloop
  endfacet
  facet normal 0.971344 0.237679 0
    outer loop
      vertex 0.0217782 -0.0132143 -0.003
      vertex 0.0217782 -0.0132143 0
      vertex 0.0218124 -0.0133541 -0.003
    endloop
  endfacet
  facet normal 0.971344 0.237679 0
    outer loop
      vertex 0.0217782 -0.0132143 0
      vertex 0.0218124 -0.0133541 0
      vertex 0.0218124 -0.0133541 -0.003
    endloop
  endfacet
  facet normal 0.96005 0.279828 0
    outer loop
      vertex 0.0218124 -0.0133541 -0.003
      vertex 0.0218124 -0.0133541 0
      vertex 0.0218527 -0.0134923 -0.003
    endloop
  endfacet
  facet normal 0.96005 0.279828 0
    outer loop
      vertex 0.0218124 -0.0133541 0
      vertex 0.0218527 -0.0134923 0
      vertex 0.0218527 -0.0134923 -0.003
    endloop
  endfacet
  facet normal 0.946928 0.321445 0
    outer loop
      vertex 0.0218527 -0.0134923 -0.003
      vertex 0.0218527 -0.0134923 0
      vertex 0.021899 -0.0136287 -0.003
    endloop
  endfacet
  facet normal 0.946928 0.321445 0
    outer loop
      vertex 0.0218527 -0.0134923 0
      vertex 0.021899 -0.0136287 0
      vertex 0.021899 -0.0136287 -0.003
    endloop
  endfacet
  facet normal 0.93201 0.362431 0
    outer loop
      vertex 0.021899 -0.0136287 -0.003
      vertex 0.021899 -0.0136287 0
      vertex 0.0219512 -0.0137629 -0.003
    endloop
  endfacet
  facet normal 0.93201 0.362431 0
    outer loop
      vertex 0.021899 -0.0136287 0
      vertex 0.0219512 -0.0137629 0
      vertex 0.0219512 -0.0137629 -0.003
    endloop
  endfacet
  facet normal 0.915309 0.402753 0
    outer loop
      vertex 0.0219512 -0.0137629 -0.003
      vertex 0.0219512 -0.0137629 0
      vertex 0.0220092 -0.0138946 -0.003
    endloop
  endfacet
  facet normal 0.915309 0.402753 0
    outer loop
      vertex 0.0219512 -0.0137629 0
      vertex 0.0220092 -0.0138946 0
      vertex 0.0220092 -0.0138946 -0.003
    endloop
  endfacet
  facet normal 0.896873 0.442288 0
    outer loop
      vertex 0.0220092 -0.0138946 -0.003
      vertex 0.0220092 -0.0138946 0
      vertex 0.0220729 -0.0140238 -0.003
    endloop
  endfacet
  facet normal 0.896873 0.442288 0
    outer loop
      vertex 0.0220092 -0.0138946 0
      vertex 0.0220729 -0.0140238 0
      vertex 0.0220729 -0.0140238 -0.003
    endloop
  endfacet
  facet normal 0.876729 0.480985 0
    outer loop
      vertex 0.0220729 -0.0140238 -0.003
      vertex 0.0220729 -0.0140238 0
      vertex 0.0221421 -0.01415 -0.003
    endloop
  endfacet
  facet normal 0.876729 0.480985 0
    outer loop
      vertex 0.0220729 -0.0140238 0
      vertex 0.0221421 -0.01415 0
      vertex 0.0221421 -0.01415 -0.003
    endloop
  endfacet
  facet normal 0.854911 0.518775 0
    outer loop
      vertex 0.0221421 -0.01415 -0.003
      vertex 0.0221421 -0.01415 0
      vertex 0.0222168 -0.0142731 -0.003
    endloop
  endfacet
  facet normal 0.854911 0.518775 0
    outer loop
      vertex 0.0221421 -0.01415 0
      vertex 0.0222168 -0.0142731 0
      vertex 0.0222168 -0.0142731 -0.003
    endloop
  endfacet
  facet normal 0.831473 0.555566 0
    outer loop
      vertex 0.0222168 -0.0142731 -0.003
      vertex 0.0222168 -0.0142731 0
      vertex 0.0222968 -0.0143928 -0.003
    endloop
  endfacet
  facet normal 0.831473 0.555566 0
    outer loop
      vertex 0.0222168 -0.0142731 0
      vertex 0.0222968 -0.0143928 0
      vertex 0.0222968 -0.0143928 -0.003
    endloop
  endfacet
  facet normal 0.806442 0.591313 0
    outer loop
      vertex 0.0222968 -0.0143928 -0.003
      vertex 0.0222968 -0.0143928 0
      vertex 0.0223819 -0.0145089 -0.003
    endloop
  endfacet
  facet normal 0.806442 0.591313 0
    outer loop
      vertex 0.0222968 -0.0143928 0
      vertex 0.0223819 -0.0145089 0
      vertex 0.0223819 -0.0145089 -0.003
    endloop
  endfacet
  facet normal 0.779882 0.625926 0
    outer loop
      vertex 0.0223819 -0.0145089 -0.003
      vertex 0.0223819 -0.0145089 0
      vertex 0.0224721 -0.0146212 -0.003
    endloop
  endfacet
  facet normal 0.779882 0.625926 0
    outer loop
      vertex 0.0223819 -0.0145089 0
      vertex 0.0224721 -0.0146212 0
      vertex 0.0224721 -0.0146212 -0.003
    endloop
  endfacet
  facet normal 0.751839 0.659346 0
    outer loop
      vertex 0.0224721 -0.0146212 -0.003
      vertex 0.0224721 -0.0146212 0
      vertex 0.022567 -0.0147294 -0.003
    endloop
  endfacet
  facet normal 0.751839 0.659346 0
    outer loop
      vertex 0.0224721 -0.0146212 0
      vertex 0.022567 -0.0147294 0
      vertex 0.022567 -0.0147294 -0.003
    endloop
  endfacet
  facet normal 0.722366 0.691511 0
    outer loop
      vertex 0.022567 -0.0147294 -0.003
      vertex 0.022567 -0.0147294 0
      vertex 0.0226665 -0.0148335 -0.003
    endloop
  endfacet
  facet normal 0.722366 0.691511 0
    outer loop
      vertex 0.022567 -0.0147294 0
      vertex 0.0226665 -0.0148335 0
      vertex 0.0226665 -0.0148335 -0.003
    endloop
  endfacet
  facet normal 0.691514 0.722363 0
    outer loop
      vertex 0.0226665 -0.0148335 -0.003
      vertex 0.0226665 -0.0148335 0
      vertex 0.0227706 -0.014933 -0.003
    endloop
  endfacet
  facet normal 0.691514 0.722363 0
    outer loop
      vertex 0.0226665 -0.0148335 0
      vertex 0.0227706 -0.014933 0
      vertex 0.0227706 -0.014933 -0.003
    endloop
  endfacet
  facet normal 0.659343 0.751842 0
    outer loop
      vertex 0.0227706 -0.014933 -0.003
      vertex 0.0227706 -0.014933 0
      vertex 0.0228788 -0.0150279 -0.003
    endloop
  endfacet
  facet normal 0.659343 0.751842 0
    outer loop
      vertex 0.0227706 -0.014933 0
      vertex 0.0228788 -0.0150279 0
      vertex 0.0228788 -0.0150279 -0.003
    endloop
  endfacet
  facet normal 0.625926 0.779883 0
    outer loop
      vertex 0.0228788 -0.0150279 -0.003
      vertex 0.0228788 -0.0150279 0
      vertex 0.0229911 -0.0151181 -0.003
    endloop
  endfacet
  facet normal 0.625926 0.779883 0
    outer loop
      vertex 0.0228788 -0.0150279 0
      vertex 0.0229911 -0.0151181 0
      vertex 0.0229911 -0.0151181 -0.003
    endloop
  endfacet
  facet normal 0.591313 0.806442 0
    outer loop
      vertex 0.0229911 -0.0151181 -0.003
      vertex 0.0229911 -0.0151181 0
      vertex 0.0231072 -0.0152032 -0.003
    endloop
  endfacet
  facet normal 0.591313 0.806442 0
    outer loop
      vertex 0.0229911 -0.0151181 0
      vertex 0.0231072 -0.0152032 0
      vertex 0.0231072 -0.0152032 -0.003
    endloop
  endfacet
  facet normal 0.555566 0.831473 0
    outer loop
      vertex 0.0231072 -0.0152032 -0.003
      vertex 0.0231072 -0.0152032 0
      vertex 0.0232269 -0.0152832 -0.003
    endloop
  endfacet
  facet normal 0.555566 0.831473 0
    outer loop
      vertex 0.0231072 -0.0152032 0
      vertex 0.0232269 -0.0152832 0
      vertex 0.0232269 -0.0152832 -0.003
    endloop
  endfacet
  facet normal 0.518772 0.854913 0
    outer loop
      vertex 0.0232269 -0.0152832 -0.003
      vertex 0.0232269 -0.0152832 0
      vertex 0.02335 -0.0153579 -0.003
    endloop
  endfacet
  facet normal 0.518772 0.854913 0
    outer loop
      vertex 0.0232269 -0.0152832 0
      vertex 0.02335 -0.0153579 0
      vertex 0.02335 -0.0153579 -0.003
    endloop
  endfacet
  facet normal 0.48099 0.876726 0
    outer loop
      vertex 0.02335 -0.0153579 -0.003
      vertex 0.02335 -0.0153579 0
      vertex 0.0234762 -0.0154271 -0.003
    endloop
  endfacet
  facet normal 0.48099 0.876726 0
    outer loop
      vertex 0.02335 -0.0153579 0
      vertex 0.0234762 -0.0154271 0
      vertex 0.0234762 -0.0154271 -0.003
    endloop
  endfacet
  facet normal 0.442291 0.896872 0
    outer loop
      vertex 0.0234762 -0.0154271 -0.003
      vertex 0.0234762 -0.0154271 0
      vertex 0.0236054 -0.0154908 -0.003
    endloop
  endfacet
  facet normal 0.442291 0.896872 0
    outer loop
      vertex 0.0234762 -0.0154271 0
      vertex 0.0236054 -0.0154908 0
      vertex 0.0236054 -0.0154908 -0.003
    endloop
  endfacet
  facet normal 0.402745 0.915312 0
    outer loop
      vertex 0.0236054 -0.0154908 -0.003
      vertex 0.0236054 -0.0154908 0
      vertex 0.0237371 -0.0155488 -0.003
    endloop
  endfacet
  facet normal 0.402745 0.915312 0
    outer loop
      vertex 0.0236054 -0.0154908 0
      vertex 0.0237371 -0.0155488 0
      vertex 0.0237371 -0.0155488 -0.003
    endloop
  endfacet
  facet normal 0.362437 0.932008 0
    outer loop
      vertex 0.0237371 -0.0155488 -0.003
      vertex 0.0237371 -0.0155488 0
      vertex 0.0238713 -0.015601 -0.003
    endloop
  endfacet
  facet normal 0.362437 0.932008 0
    outer loop
      vertex 0.0237371 -0.0155488 0
      vertex 0.0238713 -0.015601 0
      vertex 0.0238713 -0.015601 -0.003
    endloop
  endfacet
  facet normal 0.321441 0.94693 0
    outer loop
      vertex 0.0238713 -0.015601 -0.003
      vertex 0.0238713 -0.015601 0
      vertex 0.0240077 -0.0156473 -0.003
    endloop
  endfacet
  facet normal 0.321441 0.94693 0
    outer loop
      vertex 0.0238713 -0.015601 0
      vertex 0.0240077 -0.0156473 0
      vertex 0.0240077 -0.0156473 -0.003
    endloop
  endfacet
  facet normal 0.279826 0.960051 0
    outer loop
      vertex 0.0240077 -0.0156473 -0.003
      vertex 0.0240077 -0.0156473 0
      vertex 0.0241459 -0.0156876 -0.003
    endloop
  endfacet
  facet normal 0.279826 0.960051 0
    outer loop
      vertex 0.0240077 -0.0156473 0
      vertex 0.0241459 -0.0156876 0
      vertex 0.0241459 -0.0156876 -0.003
    endloop
  endfacet
  facet normal 0.237693 0.97134 0
    outer loop
      vertex 0.0241459 -0.0156876 -0.003
      vertex 0.0241459 -0.0156876 0
      vertex 0.0242857 -0.0157218 -0.003
    endloop
  endfacet
  facet normal 0.237693 0.97134 0
    outer loop
      vertex 0.0241459 -0.0156876 0
      vertex 0.0242857 -0.0157218 0
      vertex 0.0242857 -0.0157218 -0.003
    endloop
  endfacet
  facet normal 0.195089 0.980786 0
    outer loop
      vertex 0.0242857 -0.0157218 -0.003
      vertex 0.0242857 -0.0157218 0
      vertex 0.024427 -0.0157499 -0.003
    endloop
  endfacet
  facet normal 0.195089 0.980786 0
    outer loop
      vertex 0.0242857 -0.0157218 0
      vertex 0.024427 -0.0157499 0
      vertex 0.024427 -0.0157499 -0.003
    endloop
  endfacet
  facet normal 0.152114 0.988363 0
    outer loop
      vertex 0.024427 -0.0157499 -0.003
      vertex 0.024427 -0.0157499 0
      vertex 0.0245693 -0.0157718 -0.003
    endloop
  endfacet
  facet normal 0.152114 0.988363 0
    outer loop
      vertex 0.024427 -0.0157499 0
      vertex 0.0245693 -0.0157718 0
      vertex 0.0245693 -0.0157718 -0.003
    endloop
  endfacet
  facet normal 0.108878 0.994055 0
    outer loop
      vertex 0.0245693 -0.0157718 -0.003
      vertex 0.0245693 -0.0157718 0
      vertex 0.0247124 -0.0157874 -0.003
    endloop
  endfacet
  facet normal 0.108878 0.994055 0
    outer loop
      vertex 0.0245693 -0.0157718 0
      vertex 0.0247124 -0.0157874 0
      vertex 0.0247124 -0.0157874 -0.003
    endloop
  endfacet
  facet normal 0.0653967 0.997859 0
    outer loop
      vertex 0.0247124 -0.0157874 -0.003
      vertex 0.0247124 -0.0157874 0
      vertex 0.0248561 -0.0157969 -0.003
    endloop
  endfacet
  facet normal 0.0653967 0.997859 0
    outer loop
      vertex 0.0247124 -0.0157874 0
      vertex 0.0248561 -0.0157969 0
      vertex 0.0248561 -0.0157969 -0.003
    endloop
  endfacet
  facet normal 0.0218116 0.999762 0
    outer loop
      vertex 0.0248561 -0.0157969 -0.003
      vertex 0.0248561 -0.0157969 0
      vertex 0.025 -0.0158 -0.003
    endloop
  endfacet
  facet normal 0.0218116 0.999762 0
    outer loop
      vertex 0.0248561 -0.0157969 0
      vertex 0.025 -0.0158 0
      vertex 0.025 -0.0158 -0.003
    endloop
  endfacet
  facet normal -0.0218119 0.999762 0
    outer loop
      vertex 0.025 -0.0158 -0.003
      vertex 0.025 -0.0158 0
      vertex 0.0251439 -0.0157969 -0.003
    endloop
  endfacet
  facet normal -0.0218119 0.999762 0
    outer loop
      vertex 0.025 -0.0158 0
      vertex 0.0251439 -0.0157969 0
      vertex 0.0251439 -0.0157969 -0.003
    endloop
  endfacet
  facet normal -0.0653967 0.997859 0
    outer loop
      vertex 0.0251439 -0.0157969 -0.003
      vertex 0.0251439 -0.0157969 0
      vertex 0.0252876 -0.0157874 -0.003
    endloop
  endfacet
  facet normal -0.0653967 0.997859 0
    outer loop
      vertex 0.0251439 -0.0157969 0
      vertex 0.0252876 -0.0157874 0
      vertex 0.0252876 -0.0157874 -0.003
    endloop
  endfacet
  facet normal -0.108877 0.994055 0
    outer loop
      vertex 0.0252876 -0.0157874 -0.003
      vertex 0.0252876 -0.0157874 0
      vertex 0.0254307 -0.0157718 -0.003
    endloop
  endfacet
  facet normal -0.108877 0.994055 0
    outer loop
      vertex 0.0252876 -0.0157874 0
      vertex 0.0254307 -0.0157718 0
      vertex 0.0254307 -0.0157718 -0.003
    endloop
  endfacet
  facet normal -0.152114 0.988363 0
    outer loop
      vertex 0.0254307 -0.0157718 -0.003
      vertex 0.0254307 -0.0157718 0
      vertex 0.025573 -0.0157499 -0.003
    endloop
  endfacet
  facet normal -0.152114 0.988363 0
    outer loop
      vertex 0.0254307 -0.0157718 0
      vertex 0.025573 -0.0157499 0
      vertex 0.025573 -0.0157499 -0.003
    endloop
  endfacet
  facet normal -0.195091 0.980785 0
    outer loop
      vertex 0.025573 -0.0157499 -0.003
      vertex 0.025573 -0.0157499 0
      vertex 0.0257143 -0.0157218 -0.003
    endloop
  endfacet
  facet normal -0.195091 0.980785 0
    outer loop
      vertex 0.025573 -0.0157499 0
      vertex 0.0257143 -0.0157218 0
      vertex 0.0257143 -0.0157218 -0.003
    endloop
  endfacet
  facet normal -0.23769 0.971341 0
    outer loop
      vertex 0.0257143 -0.0157218 -0.003
      vertex 0.0257143 -0.0157218 0
      vertex 0.0258541 -0.0156876 -0.003
    endloop
  endfacet
  facet normal -0.23769 0.971341 0
    outer loop
      vertex 0.0257143 -0.0157218 0
      vertex 0.0258541 -0.0156876 0
      vertex 0.0258541 -0.0156876 -0.003
    endloop
  endfacet
  facet normal -0.27983 0.96005 0
    outer loop
      vertex 0.0258541 -0.0156876 -0.003
      vertex 0.0258541 -0.0156876 0
      vertex 0.0259923 -0.0156473 -0.003
    endloop
  endfacet
  facet normal -0.27983 0.96005 0
    outer loop
      vertex 0.0258541 -0.0156876 0
      vertex 0.0259923 -0.0156473 0
      vertex 0.0259923 -0.0156473 -0.003
    endloop
  endfacet
  facet normal -0.321437 0.946931 0
    outer loop
      vertex 0.0259923 -0.0156473 -0.003
      vertex 0.0259923 -0.0156473 0
      vertex 0.0261287 -0.015601 -0.003
    endloop
  endfacet
  facet normal -0.321437 0.946931 0
    outer loop
      vertex 0.0259923 -0.0156473 0
      vertex 0.0261287 -0.015601 0
      vertex 0.0261287 -0.015601 -0.003
    endloop
  endfacet
  facet normal -0.362437 0.932008 0
    outer loop
      vertex 0.0261287 -0.015601 -0.003
      vertex 0.0261287 -0.015601 0
      vertex 0.0262629 -0.0155488 -0.003
    endloop
  endfacet
  facet normal -0.362437 0.932008 0
    outer loop
      vertex 0.0261287 -0.015601 0
      vertex 0.0262629 -0.0155488 0
      vertex 0.0262629 -0.0155488 -0.003
    endloop
  endfacet
  facet normal -0.402745 0.915312 0
    outer loop
      vertex 0.0262629 -0.0155488 -0.003
      vertex 0.0262629 -0.0155488 0
      vertex 0.0263946 -0.0154908 -0.003
    endloop
  endfacet
  facet normal -0.402745 0.915312 0
    outer loop
      vertex 0.0262629 -0.0155488 0
      vertex 0.0263946 -0.0154908 0
      vertex 0.0263946 -0.0154908 -0.003
    endloop
  endfacet
  facet normal -0.442291 0.896872 0
    outer loop
      vertex 0.0263946 -0.0154908 -0.003
      vertex 0.0263946 -0.0154908 0
      vertex 0.0265238 -0.0154271 -0.003
    endloop
  endfacet
  facet normal -0.442291 0.896872 0
    outer loop
      vertex 0.0263946 -0.0154908 0
      vertex 0.0265238 -0.0154271 0
      vertex 0.0265238 -0.0154271 -0.003
    endloop
  endfacet
  facet normal -0.48099 0.876726 0
    outer loop
      vertex 0.0265238 -0.0154271 -0.003
      vertex 0.0265238 -0.0154271 0
      vertex 0.02665 -0.0153579 -0.003
    endloop
  endfacet
  facet normal -0.48099 0.876726 0
    outer loop
      vertex 0.0265238 -0.0154271 0
      vertex 0.02665 -0.0153579 0
      vertex 0.02665 -0.0153579 -0.003
    endloop
  endfacet
  facet normal -0.518772 0.854913 0
    outer loop
      vertex 0.02665 -0.0153579 -0.003
      vertex 0.02665 -0.0153579 0
      vertex 0.0267731 -0.0152832 -0.003
    endloop
  endfacet
  facet normal -0.518772 0.854913 0
    outer loop
      vertex 0.02665 -0.0153579 0
      vertex 0.0267731 -0.0152832 0
      vertex 0.0267731 -0.0152832 -0.003
    endloop
  endfacet
  facet normal -0.555572 0.831469 0
    outer loop
      vertex 0.0267731 -0.0152832 -0.003
      vertex 0.0267731 -0.0152832 0
      vertex 0.0268928 -0.0152032 -0.003
    endloop
  endfacet
  facet normal -0.555572 0.831469 0
    outer loop
      vertex 0.0267731 -0.0152832 0
      vertex 0.0268928 -0.0152032 0
      vertex 0.0268928 -0.0152032 -0.003
    endloop
  endfacet
  facet normal -0.591306 0.806447 0
    outer loop
      vertex 0.0268928 -0.0152032 -0.003
      vertex 0.0268928 -0.0152032 0
      vertex 0.0270089 -0.0151181 -0.003
    endloop
  endfacet
  facet normal -0.591306 0.806447 0
    outer loop
      vertex 0.0268928 -0.0152032 0
      vertex 0.0270089 -0.0151181 0
      vertex 0.0270089 -0.0151181 -0.003
    endloop
  endfacet
  facet normal -0.625926 0.779883 0
    outer loop
      vertex 0.0270089 -0.0151181 -0.003
      vertex 0.0270089 -0.0151181 0
      vertex 0.0271212 -0.0150279 -0.003
    endloop
  endfacet
  facet normal -0.625926 0.779883 0
    outer loop
      vertex 0.0270089 -0.0151181 0
      vertex 0.0271212 -0.0150279 0
      vertex 0.0271212 -0.0150279 -0.003
    endloop
  endfacet
  facet normal -0.65935 0.751837 0
    outer loop
      vertex 0.0271212 -0.0150279 -0.003
      vertex 0.0271212 -0.0150279 0
      vertex 0.0272294 -0.014933 -0.003
    endloop
  endfacet
  facet normal -0.65935 0.751837 0
    outer loop
      vertex 0.0271212 -0.0150279 0
      vertex 0.0272294 -0.014933 0
      vertex 0.0272294 -0.014933 -0.003
    endloop
  endfacet
  facet normal -0.691508 0.722369 0
    outer loop
      vertex 0.0272294 -0.014933 -0.003
      vertex 0.0272294 -0.014933 0
      vertex 0.0273335 -0.0148335 -0.003
    endloop
  endfacet
  facet normal -0.691508 0.722369 0
    outer loop
      vertex 0.0272294 -0.014933 0
      vertex 0.0273335 -0.0148335 0
      vertex 0.0273335 -0.0148335 -0.003
    endloop
  endfacet
  facet normal -0.722366 0.691511 0
    outer loop
      vertex 0.0273335 -0.0148335 -0.003
      vertex 0.0273335 -0.0148335 0
      vertex 0.027433 -0.0147294 -0.003
    endloop
  endfacet
  facet normal -0.722366 0.691511 0
    outer loop
      vertex 0.0273335 -0.0148335 0
      vertex 0.027433 -0.0147294 0
      vertex 0.027433 -0.0147294 -0.003
    endloop
  endfacet
  facet normal -0.751839 0.659346 0
    outer loop
      vertex 0.027433 -0.0147294 -0.003
      vertex 0.027433 -0.0147294 0
      vertex 0.0275279 -0.0146212 -0.003
    endloop
  endfacet
  facet normal -0.751839 0.659346 0
    outer loop
      vertex 0.027433 -0.0147294 0
      vertex 0.0275279 -0.0146212 0
      vertex 0.0275279 -0.0146212 -0.003
    endloop
  endfacet
  facet normal -0.779888 0.625919 0
    outer loop
      vertex 0.0275279 -0.0146212 -0.003
      vertex 0.0275279 -0.0146212 0
      vertex 0.0276181 -0.0145089 -0.003
    endloop
  endfacet
  facet normal -0.779888 0.625919 0
    outer loop
      vertex 0.0275279 -0.0146212 0
      vertex 0.0276181 -0.0145089 0
      vertex 0.0276181 -0.0145089 -0.003
    endloop
  endfacet
  facet normal -0.806442 0.591313 0
    outer loop
      vertex 0.0276181 -0.0145089 -0.003
      vertex 0.0276181 -0.0145089 0
      vertex 0.0277032 -0.0143928 -0.003
    endloop
  endfacet
  facet normal -0.806442 0.591313 0
    outer loop
      vertex 0.0276181 -0.0145089 0
      vertex 0.0277032 -0.0143928 0
      vertex 0.0277032 -0.0143928 -0.003
    endloop
  endfacet
  facet normal -0.831467 0.555575 0
    outer loop
      vertex 0.0277032 -0.0143928 -0.003
      vertex 0.0277032 -0.0143928 0
      vertex 0.0277832 -0.0142731 -0.003
    endloop
  endfacet
  facet normal -0.831467 0.555575 0
    outer loop
      vertex 0.0277032 -0.0143928 0
      vertex 0.0277832 -0.0142731 0
      vertex 0.0277832 -0.0142731 -0.003
    endloop
  endfacet
  facet normal -0.854917 0.518765 0
    outer loop
      vertex 0.0277832 -0.0142731 -0.003
      vertex 0.0277832 -0.0142731 0
      vertex 0.0278579 -0.01415 -0.003
    endloop
  endfacet
  facet normal -0.854917 0.518765 0
    outer loop
      vertex 0.0277832 -0.0142731 0
      vertex 0.0278579 -0.01415 0
      vertex 0.0278579 -0.01415 -0.003
    endloop
  endfacet
  facet normal -0.876723 0.480995 0
    outer loop
      vertex 0.0278579 -0.01415 -0.003
      vertex 0.0278579 -0.01415 0
      vertex 0.0279271 -0.0140238 -0.003
    endloop
  endfacet
  facet normal -0.876723 0.480995 0
    outer loop
      vertex 0.0278579 -0.01415 0
      vertex 0.0279271 -0.0140238 0
      vertex 0.0279271 -0.0140238 -0.003
    endloop
  endfacet
  facet normal -0.896873 0.442288 0
    outer loop
      vertex 0.0279271 -0.0140238 -0.003
      vertex 0.0279271 -0.0140238 0
      vertex 0.0279908 -0.0138946 -0.003
    endloop
  endfacet
  facet normal -0.896873 0.442288 0
    outer loop
      vertex 0.0279271 -0.0140238 0
      vertex 0.0279908 -0.0138946 0
      vertex 0.0279908 -0.0138946 -0.003
    endloop
  endfacet
  facet normal -0.915313 0.402742 0
    outer loop
      vertex 0.0279908 -0.0138946 -0.003
      vertex 0.0279908 -0.0138946 0
      vertex 0.0280488 -0.0137629 -0.003
    endloop
  endfacet
  facet normal -0.915313 0.402742 0
    outer loop
      vertex 0.0279908 -0.0138946 0
      vertex 0.0280488 -0.0137629 0
      vertex 0.0280488 -0.0137629 -0.003
    endloop
  endfacet
  facet normal -0.932006 0.362443 0
    outer loop
      vertex 0.0280488 -0.0137629 -0.003
      vertex 0.0280488 -0.0137629 0
      vertex 0.028101 -0.0136287 -0.003
    endloop
  endfacet
  facet normal -0.932006 0.362443 0
    outer loop
      vertex 0.0280488 -0.0137629 0
      vertex 0.028101 -0.0136287 0
      vertex 0.028101 -0.0136287 -0.003
    endloop
  endfacet
  facet normal -0.946932 0.321433 0
    outer loop
      vertex 0.028101 -0.0136287 -0.003
      vertex 0.028101 -0.0136287 0
      vertex 0.0281473 -0.0134923 -0.003
    endloop
  endfacet
  facet normal -0.946932 0.321433 0
    outer loop
      vertex 0.028101 -0.0136287 0
      vertex 0.0281473 -0.0134923 0
      vertex 0.0281473 -0.0134923 -0.003
    endloop
  endfacet
  facet normal -0.96005 0.279828 0
    outer loop
      vertex 0.0281473 -0.0134923 -0.003
      vertex 0.0281473 -0.0134923 0
      vertex 0.0281876 -0.0133541 -0.003
    endloop
  endfacet
  facet normal -0.96005 0.279828 0
    outer loop
      vertex 0.0281473 -0.0134923 0
      vertex 0.0281876 -0.0133541 0
      vertex 0.0281876 -0.0133541 -0.003
    endloop
  endfacet
  facet normal -0.971341 0.237691 0
    outer loop
      vertex 0.0281876 -0.0133541 -0.003
      vertex 0.0281876 -0.0133541 0
      vertex 0.0282218 -0.0132143 -0.003
    endloop
  endfacet
  facet normal -0.971341 0.237691 0
    outer loop
      vertex 0.0281876 -0.0133541 0
      vertex 0.0282218 -0.0132143 0
      vertex 0.0282218 -0.0132143 -0.003
    endloop
  endfacet
  facet normal -0.980785 0.19509 0
    outer loop
      vertex 0.0282218 -0.0132143 -0.003
      vertex 0.0282218 -0.0132143 0
      vertex 0.0282499 -0.013073 -0.003
    endloop
  endfacet
  facet normal -0.980785 0.19509 0
    outer loop
      vertex 0.0282218 -0.0132143 0
      vertex 0.0282499 -0.013073 0
      vertex 0.0282499 -0.013073 -0.003
    endloop
  endfacet
  facet normal -0.988361 0.152126 0
    outer loop
      vertex 0.0282499 -0.013073 -0.003
      vertex 0.0282499 -0.013073 0
      vertex 0.0282718 -0.0129307 -0.003
    endloop
  endfacet
  facet normal -0.988361 0.152126 0
    outer loop
      vertex 0.0282499 -0.013073 0
      vertex 0.0282718 -0.0129307 0
      vertex 0.0282718 -0.0129307 -0.003
    endloop
  endfacet
  facet normal -0.994057 0.108865 0
    outer loop
      vertex 0.0282718 -0.0129307 -0.003
      vertex 0.0282718 -0.0129307 0
      vertex 0.0282874 -0.0127876 -0.003
    endloop
  endfacet
  facet normal -0.994057 0.108865 0
    outer loop
      vertex 0.0282718 -0.0129307 0
      vertex 0.0282874 -0.0127876 0
      vertex 0.0282874 -0.0127876 -0.003
    endloop
  endfacet
  facet normal -0.997859 0.0654092 0
    outer loop
      vertex 0.0282874 -0.0127876 -0.003
      vertex 0.0282874 -0.0127876 0
      vertex 0.0282969 -0.0126439 -0.003
    endloop
  endfacet
  facet normal -0.997859 0.0654092 0
    outer loop
      vertex 0.0282874 -0.0127876 0
      vertex 0.0282969 -0.0126439 0
      vertex 0.0282969 -0.0126439 -0.003
    endloop
  endfacet
  facet normal -0.999762 0.0218119 0
    outer loop
      vertex 0.0282969 -0.0126439 -0.003
      vertex 0.0282969 -0.0126439 0
      vertex 0.0283 -0.0125 -0.003
    endloop
  endfacet
  facet normal -0.999762 0.0218119 0
    outer loop
      vertex 0.0282969 -0.0126439 0
      vertex 0.0283 -0.0125 0
      vertex 0.0283 -0.0125 -0.003
    endloop
  endfacet
  facet normal -0.999762 -0.0218119 0
    outer loop
      vertex -0.0217 0.0125 -0.003
      vertex -0.0217 0.0125 0
      vertex -0.0217031 0.0126439 -0.003
    endloop
  endfacet
  facet normal -0.999762 -0.0218119 0
    outer loop
      vertex -0.0217 0.0125 0
      vertex -0.0217031 0.0126439 0
      vertex -0.0217031 0.0126439 -0.003
    endloop
  endfacet
  facet normal -0.997859 -0.0654092 0
    outer loop
      vertex -0.0217031 0.0126439 -0.003
      vertex -0.0217031 0.0126439 0
      vertex -0.0217126 0.0127876 -0.003
    endloop
  endfacet
  facet normal -0.997859 -0.0654092 0
    outer loop
      vertex -0.0217031 0.0126439 0
      vertex -0.0217126 0.0127876 0
      vertex -0.0217126 0.0127876 -0.003
    endloop
  endfacet
  facet normal -0.994057 -0.108865 0
    outer loop
      vertex -0.0217126 0.0127876 -0.003
      vertex -0.0217126 0.0127876 0
      vertex -0.0217282 0.0129307 -0.003
    endloop
  endfacet
  facet normal -0.994057 -0.108865 0
    outer loop
      vertex -0.0217126 0.0127876 0
      vertex -0.0217282 0.0129307 0
      vertex -0.0217282 0.0129307 -0.003
    endloop
  endfacet
  facet normal -0.988363 -0.152114 0
    outer loop
      vertex -0.0217282 0.0129307 -0.003
      vertex -0.0217282 0.0129307 0
      vertex -0.0217501 0.013073 -0.003
    endloop
  endfacet
  facet normal -0.988363 -0.152114 0
    outer loop
      vertex -0.0217282 0.0129307 0
      vertex -0.0217501 0.013073 0
      vertex -0.0217501 0.013073 -0.003
    endloop
  endfacet
  facet normal -0.980783 -0.195102 0
    outer loop
      vertex -0.0217501 0.013073 -0.003
      vertex -0.0217501 0.013073 0
      vertex -0.0217782 0.0132143 -0.003
    endloop
  endfacet
  facet normal -0.980783 -0.195102 0
    outer loop
      vertex -0.0217501 0.013073 0
      vertex -0.0217782 0.0132143 0
      vertex -0.0217782 0.0132143 -0.003
    endloop
  endfacet
  facet normal -0.971344 -0.237679 0
    outer loop
      vertex -0.0217782 0.0132143 -0.003
      vertex -0.0217782 0.0132143 0
      vertex -0.0218124 0.0133541 -0.003
    endloop
  endfacet
  facet normal -0.971344 -0.237679 0
    outer loop
      vertex -0.0217782 0.0132143 0
      vertex -0.0218124 0.0133541 0
      vertex -0.0218124 0.0133541 -0.003
    endloop
  endfacet
  facet normal -0.96005 -0.279828 0
    outer loop
      vertex -0.0218124 0.0133541 -0.003
      vertex -0.0218124 0.0133541 0
      vertex -0.0218527 0.0134923 -0.003
    endloop
  endfacet
  facet normal -0.96005 -0.279828 0
    outer loop
      vertex -0.0218124 0.0133541 0
      vertex -0.0218527 0.0134923 0
      vertex -0.0218527 0.0134923 -0.003
    endloop
  endfacet
  facet normal -0.946928 -0.321445 0
    outer loop
      vertex -0.0218527 0.0134923 -0.003
      vertex -0.0218527 0.0134923 0
      vertex -0.021899 0.0136287 -0.003
    endloop
  endfacet
  facet normal -0.946928 -0.321445 0
    outer loop
      vertex -0.0218527 0.0134923 0
      vertex -0.021899 0.0136287 0
      vertex -0.021899 0.0136287 -0.003
    endloop
  endfacet
  facet normal -0.93201 -0.362431 0
    outer loop
      vertex -0.021899 0.0136287 -0.003
      vertex -0.021899 0.0136287 0
      vertex -0.0219512 0.0137629 -0.003
    endloop
  endfacet
  facet normal -0.93201 -0.362431 0
    outer loop
      vertex -0.021899 0.0136287 0
      vertex -0.0219512 0.0137629 0
      vertex -0.0219512 0.0137629 -0.003
    endloop
  endfacet
  facet normal -0.915309 -0.402753 0
    outer loop
      vertex -0.0219512 0.0137629 -0.003
      vertex -0.0219512 0.0137629 0
      vertex -0.0220092 0.0138946 -0.003
    endloop
  endfacet
  facet normal -0.915309 -0.402753 0
    outer loop
      vertex -0.0219512 0.0137629 0
      vertex -0.0220092 0.0138946 0
      vertex -0.0220092 0.0138946 -0.003
    endloop
  endfacet
  facet normal -0.896873 -0.442288 0
    outer loop
      vertex -0.0220092 0.0138946 -0.003
      vertex -0.0220092 0.0138946 0
      vertex -0.0220729 0.0140238 -0.003
    endloop
  endfacet
  facet normal -0.896873 -0.442288 0
    outer loop
      vertex -0.0220092 0.0138946 0
      vertex -0.0220729 0.0140238 0
      vertex -0.0220729 0.0140238 -0.003
    endloop
  endfacet
  facet normal -0.876729 -0.480985 0
    outer loop
      vertex -0.0220729 0.0140238 -0.003
      vertex -0.0220729 0.0140238 0
      vertex -0.0221421 0.01415 -0.003
    endloop
  endfacet
  facet normal -0.876729 -0.480985 0
    outer loop
      vertex -0.0220729 0.0140238 0
      vertex -0.0221421 0.01415 0
      vertex -0.0221421 0.01415 -0.003
    endloop
  endfacet
  facet normal -0.854911 -0.518775 0
    outer loop
      vertex -0.0221421 0.01415 -0.003
      vertex -0.0221421 0.01415 0
      vertex -0.0222168 0.0142731 -0.003
    endloop
  endfacet
  facet normal -0.854911 -0.518775 0
    outer loop
      vertex -0.0221421 0.01415 0
      vertex -0.0222168 0.0142731 0
      vertex -0.0222168 0.0142731 -0.003
    endloop
  endfacet
  facet normal -0.831473 -0.555566 0
    outer loop
      vertex -0.0222168 0.0142731 -0.003
      vertex -0.0222168 0.0142731 0
      vertex -0.0222968 0.0143928 -0.003
    endloop
  endfacet
  facet normal -0.831473 -0.555566 0
    outer loop
      vertex -0.0222168 0.0142731 0
      vertex -0.0222968 0.0143928 0
      vertex -0.0222968 0.0143928 -0.003
    endloop
  endfacet
  facet normal -0.806442 -0.591313 0
    outer loop
      vertex -0.0222968 0.0143928 -0.003
      vertex -0.0222968 0.0143928 0
      vertex -0.0223819 0.0145089 -0.003
    endloop
  endfacet
  facet normal -0.806442 -0.591313 0
    outer loop
      vertex -0.0222968 0.0143928 0
      vertex -0.0223819 0.0145089 0
      vertex -0.0223819 0.0145089 -0.003
    endloop
  endfacet
  facet normal -0.779882 -0.625926 0
    outer loop
      vertex -0.0223819 0.0145089 -0.003
      vertex -0.0223819 0.0145089 0
      vertex -0.0224721 0.0146212 -0.003
    endloop
  endfacet
  facet normal -0.779882 -0.625926 0
    outer loop
      vertex -0.0223819 0.0145089 0
      vertex -0.0224721 0.0146212 0
      vertex -0.0224721 0.0146212 -0.003
    endloop
  endfacet
  facet normal -0.751839 -0.659346 0
    outer loop
      vertex -0.0224721 0.0146212 -0.003
      vertex -0.0224721 0.0146212 0
      vertex -0.022567 0.0147294 -0.003
    endloop
  endfacet
  facet normal -0.751839 -0.659346 0
    outer loop
      vertex -0.0224721 0.0146212 0
      vertex -0.022567 0.0147294 0
      vertex -0.022567 0.0147294 -0.003
    endloop
  endfacet
  facet normal -0.722366 -0.691511 0
    outer loop
      vertex -0.022567 0.0147294 -0.003
      vertex -0.022567 0.0147294 0
      vertex -0.0226665 0.0148335 -0.003
    endloop
  endfacet
  facet normal -0.722366 -0.691511 0
    outer loop
      vertex -0.022567 0.0147294 0
      vertex -0.0226665 0.0148335 0
      vertex -0.0226665 0.0148335 -0.003
    endloop
  endfacet
  facet normal -0.691514 -0.722363 0
    outer loop
      vertex -0.0226665 0.0148335 -0.003
      vertex -0.0226665 0.0148335 0
      vertex -0.0227706 0.014933 -0.003
    endloop
  endfacet
  facet normal -0.691514 -0.722363 0
    outer loop
      vertex -0.0226665 0.0148335 0
      vertex -0.0227706 0.014933 0
      vertex -0.0227706 0.014933 -0.003
    endloop
  endfacet
  facet normal -0.659343 -0.751842 0
    outer loop
      vertex -0.0227706 0.014933 -0.003
      vertex -0.0227706 0.014933 0
      vertex -0.0228788 0.0150279 -0.003
    endloop
  endfacet
  facet normal -0.659343 -0.751842 0
    outer loop
      vertex -0.0227706 0.014933 0
      vertex -0.0228788 0.0150279 0
      vertex -0.0228788 0.0150279 -0.003
    endloop
  endfacet
  facet normal -0.625926 -0.779883 0
    outer loop
      vertex -0.0228788 0.0150279 -0.003
      vertex -0.0228788 0.0150279 0
      vertex -0.0229911 0.0151181 -0.003
    endloop
  endfacet
  facet normal -0.625926 -0.779883 0
    outer loop
      vertex -0.0228788 0.0150279 0
      vertex -0.0229911 0.0151181 0
      vertex -0.0229911 0.0151181 -0.003
    endloop
  endfacet
  facet normal -0.591313 -0.806442 0
    outer loop
      vertex -0.0229911 0.0151181 -0.003
      vertex -0.0229911 0.0151181 0
      vertex -0.0231072 0.0152032 -0.003
    endloop
  endfacet
  facet normal -0.591313 -0.806442 0
    outer loop
      vertex -0.0229911 0.0151181 0
      vertex -0.0231072 0.0152032 0
      vertex -0.0231072 0.0152032 -0.003
    endloop
  endfacet
  facet normal -0.555566 -0.831473 0
    outer loop
      vertex -0.0231072 0.0152032 -0.003
      vertex -0.0231072 0.0152032 0
      vertex -0.0232269 0.0152832 -0.003
    endloop
  endfacet
  facet normal -0.555566 -0.831473 0
    outer loop
      vertex -0.0231072 0.0152032 0
      vertex -0.0232269 0.0152832 0
      vertex -0.0232269 0.0152832 -0.003
    endloop
  endfacet
  facet normal -0.518772 -0.854913 0
    outer loop
      vertex -0.0232269 0.0152832 -0.003
      vertex -0.0232269 0.0152832 0
      vertex -0.02335 0.0153579 -0.003
    endloop
  endfacet
  facet normal -0.518772 -0.854913 0
    outer loop
      vertex -0.0232269 0.0152832 0
      vertex -0.02335 0.0153579 0
      vertex -0.02335 0.0153579 -0.003
    endloop
  endfacet
  facet normal -0.48099 -0.876726 0
    outer loop
      vertex -0.02335 0.0153579 -0.003
      vertex -0.02335 0.0153579 0
      vertex -0.0234762 0.0154271 -0.003
    endloop
  endfacet
  facet normal -0.48099 -0.876726 0
    outer loop
      vertex -0.02335 0.0153579 0
      vertex -0.0234762 0.0154271 0
      vertex -0.0234762 0.0154271 -0.003
    endloop
  endfacet
  facet normal -0.442291 -0.896872 0
    outer loop
      vertex -0.0234762 0.0154271 -0.003
      vertex -0.0234762 0.0154271 0
      vertex -0.0236054 0.0154908 -0.003
    endloop
  endfacet
  facet normal -0.442291 -0.896872 0
    outer loop
      vertex -0.0234762 0.0154271 0
      vertex -0.0236054 0.0154908 0
      vertex -0.0236054 0.0154908 -0.003
    endloop
  endfacet
  facet normal -0.402745 -0.915312 0
    outer loop
      vertex -0.0236054 0.0154908 -0.003
      vertex -0.0236054 0.0154908 0
      vertex -0.0237371 0.0155488 -0.003
    endloop
  endfacet
  facet normal -0.402745 -0.915312 0
    outer loop
      vertex -0.0236054 0.0154908 0
      vertex -0.0237371 0.0155488 0
      vertex -0.0237371 0.0155488 -0.003
    endloop
  endfacet
  facet normal -0.362437 -0.932008 0
    outer loop
      vertex -0.0237371 0.0155488 -0.003
      vertex -0.0237371 0.0155488 0
      vertex -0.0238713 0.015601 -0.003
    endloop
  endfacet
  facet normal -0.362437 -0.932008 0
    outer loop
      vertex -0.0237371 0.0155488 0
      vertex -0.0238713 0.015601 0
      vertex -0.0238713 0.015601 -0.003
    endloop
  endfacet
  facet normal -0.321441 -0.94693 0
    outer loop
      vertex -0.0238713 0.015601 -0.003
      vertex -0.0238713 0.015601 0
      vertex -0.0240077 0.0156473 -0.003
    endloop
  endfacet
  facet normal -0.321441 -0.94693 0
    outer loop
      vertex -0.0238713 0.015601 0
      vertex -0.0240077 0.0156473 0
      vertex -0.0240077 0.0156473 -0.003
    endloop
  endfacet
  facet normal -0.279826 -0.960051 0
    outer loop
      vertex -0.0240077 0.0156473 -0.003
      vertex -0.0240077 0.0156473 0
      vertex -0.0241459 0.0156876 -0.003
    endloop
  endfacet
  facet normal -0.279826 -0.960051 0
    outer loop
      vertex -0.0240077 0.0156473 0
      vertex -0.0241459 0.0156876 0
      vertex -0.0241459 0.0156876 -0.003
    endloop
  endfacet
  facet normal -0.237693 -0.97134 0
    outer loop
      vertex -0.0241459 0.0156876 -0.003
      vertex -0.0241459 0.0156876 0
      vertex -0.0242857 0.0157218 -0.003
    endloop
  endfacet
  facet normal -0.237693 -0.97134 0
    outer loop
      vertex -0.0241459 0.0156876 0
      vertex -0.0242857 0.0157218 0
      vertex -0.0242857 0.0157218 -0.003
    endloop
  endfacet
  facet normal -0.195089 -0.980786 0
    outer loop
      vertex -0.0242857 0.0157218 -0.003
      vertex -0.0242857 0.0157218 0
      vertex -0.024427 0.0157499 -0.003
    endloop
  endfacet
  facet normal -0.195089 -0.980786 0
    outer loop
      vertex -0.0242857 0.0157218 0
      vertex -0.024427 0.0157499 0
      vertex -0.024427 0.0157499 -0.003
    endloop
  endfacet
  facet normal -0.152114 -0.988363 0
    outer loop
      vertex -0.024427 0.0157499 -0.003
      vertex -0.024427 0.0157499 0
      vertex -0.0245693 0.0157718 -0.003
    endloop
  endfacet
  facet normal -0.152114 -0.988363 0
    outer loop
      vertex -0.024427 0.0157499 0
      vertex -0.0245693 0.0157718 0
      vertex -0.0245693 0.0157718 -0.003
    endloop
  endfacet
  facet normal -0.108878 -0.994055 0
    outer loop
      vertex -0.0245693 0.0157718 -0.003
      vertex -0.0245693 0.0157718 0
      vertex -0.0247124 0.0157874 -0.003
    endloop
  endfacet
  facet normal -0.108878 -0.994055 0
    outer loop
      vertex -0.0245693 0.0157718 0
      vertex -0.0247124 0.0157874 0
      vertex -0.0247124 0.0157874 -0.003
    endloop
  endfacet
  facet normal -0.0653967 -0.997859 0
    outer loop
      vertex -0.0247124 0.0157874 -0.003
      vertex -0.0247124 0.0157874 0
      vertex -0.0248561 0.0157969 -0.003
    endloop
  endfacet
  facet normal -0.0653967 -0.997859 0
    outer loop
      vertex -0.0247124 0.0157874 0
      vertex -0.0248561 0.0157969 0
      vertex -0.0248561 0.0157969 -0.003
    endloop
  endfacet
  facet normal -0.0218116 -0.999762 0
    outer loop
      vertex -0.0248561 0.0157969 -0.003
      vertex -0.0248561 0.0157969 0
      vertex -0.025 0.0158 -0.003
    endloop
  endfacet
  facet normal -0.0218116 -0.999762 0
    outer loop
      vertex -0.0248561 0.0157969 0
      vertex -0.025 0.0158 0
      vertex -0.025 0.0158 -0.003
    endloop
  endfacet
  facet normal 0.0218119 -0.999762 0
    outer loop
      vertex -0.025 0.0158 -0.003
      vertex -0.025 0.0158 0
      vertex -0.0251439 0.0157969 -0.003
    endloop
  endfacet
  facet normal 0.0218119 -0.999762 0
    outer loop
      vertex -0.025 0.0158 0
      vertex -0.0251439 0.0157969 0
      vertex -0.0251439 0.0157969 -0.003
    endloop
  endfacet
  facet normal 0.0653967 -0.997859 0
    outer loop
      vertex -0.0251439 0.0157969 -0.003
      vertex -0.0251439 0.0157969 0
      vertex -0.0252876 0.0157874 -0.003
    endloop
  endfacet
  facet normal 0.0653967 -0.997859 0
    outer loop
      vertex -0.0251439 0.0157969 0
      vertex -0.0252876 0.0157874 0
      vertex -0.0252876 0.0157874 -0.003
    endloop
  endfacet
  facet normal 0.108877 -0.994055 0
    outer loop
      vertex -0.0252876 0.0157874 -0.003
      vertex -0.0252876 0.0157874 0
      vertex -0.0254307 0.0157718 -0.003
    endloop
  endfacet
  facet normal 0.108877 -0.994055 0
    outer loop
      vertex -0.0252876 0.0157874 0
      vertex -0.0254307 0.0157718 0
      vertex -0.0254307 0.0157718 -0.003
    endloop
  endfacet
  facet normal 0.152114 -0.988363 0
    outer loop
      vertex -0.0254307 0.0157718 -0.003
      vertex -0.0254307 0.0157718 0
      vertex -0.025573 0.0157499 -0.003
    endloop
  endfacet
  facet normal 0.152114 -0.988363 0
    outer loop
      vertex -0.0254307 0.0157718 0
      vertex -0.025573 0.0157499 0
      vertex -0.025573 0.0157499 -0.003
    endloop
  endfacet
  facet normal 0.195091 -0.980785 0
    outer loop
      vertex -0.025573 0.0157499 -0.003
      vertex -0.025573 0.0157499 0
      vertex -0.0257143 0.0157218 -0.003
    endloop
  endfacet
  facet normal 0.195091 -0.980785 0
    outer loop
      vertex -0.025573 0.0157499 0
      vertex -0.0257143 0.0157218 0
      vertex -0.0257143 0.0157218 -0.003
    endloop
  endfacet
  facet normal 0.23769 -0.971341 0
    outer loop
      vertex -0.0257143 0.0157218 -0.003
      vertex -0.0257143 0.0157218 0
      vertex -0.0258541 0.0156876 -0.003
    endloop
  endfacet
  facet normal 0.23769 -0.971341 0
    outer loop
      vertex -0.0257143 0.0157218 0
      vertex -0.0258541 0.0156876 0
      vertex -0.0258541 0.0156876 -0.003
    endloop
  endfacet
  facet normal 0.27983 -0.96005 0
    outer loop
      vertex -0.0258541 0.0156876 -0.003
      vertex -0.0258541 0.0156876 0
      vertex -0.0259923 0.0156473 -0.003
    endloop
  endfacet
  facet normal 0.27983 -0.96005 0
    outer loop
      vertex -0.0258541 0.0156876 0
      vertex -0.0259923 0.0156473 0
      vertex -0.0259923 0.0156473 -0.003
    endloop
  endfacet
  facet normal 0.321437 -0.946931 0
    outer loop
      vertex -0.0259923 0.0156473 -0.003
      vertex -0.0259923 0.0156473 0
      vertex -0.0261287 0.015601 -0.003
    endloop
  endfacet
  facet normal 0.321437 -0.946931 0
    outer loop
      vertex -0.0259923 0.0156473 0
      vertex -0.0261287 0.015601 0
      vertex -0.0261287 0.015601 -0.003
    endloop
  endfacet
  facet normal 0.362437 -0.932008 0
    outer loop
      vertex -0.0261287 0.015601 -0.003
      vertex -0.0261287 0.015601 0
      vertex -0.0262629 0.0155488 -0.003
    endloop
  endfacet
  facet normal 0.362437 -0.932008 0
    outer loop
      vertex -0.0261287 0.015601 0
      vertex -0.0262629 0.0155488 0
      vertex -0.0262629 0.0155488 -0.003
    endloop
  endfacet
  facet normal 0.402745 -0.915312 0
    outer loop
      vertex -0.0262629 0.0155488 -0.003
      vertex -0.0262629 0.0155488 0
      vertex -0.0263946 0.0154908 -0.003
    endloop
  endfacet
  facet normal 0.402745 -0.915312 0
    outer loop
      vertex -0.0262629 0.0155488 0
      vertex -0.0263946 0.0154908 0
      vertex -0.0263946 0.0154908 -0.003
    endloop
  endfacet
  facet normal 0.442291 -0.896872 0
    outer loop
      vertex -0.0263946 0.0154908 -0.003
      vertex -0.0263946 0.0154908 0
      vertex -0.0265238 0.0154271 -0.003
    endloop
  endfacet
  facet normal 0.442291 -0.896872 0
    outer loop
      vertex -0.0263946 0.0154908 0
      vertex -0.0265238 0.0154271 0
      vertex -0.0265238 0.0154271 -0.003
    endloop
  endfacet
  facet normal 0.48099 -0.876726 0
    outer loop
      vertex -0.0265238 0.0154271 -0.003
      vertex -0.0265238 0.0154271 0
      vertex -0.02665 0.0153579 -0.003
    endloop
  endfacet
  facet normal 0.48099 -0.876726 0
    outer loop
      vertex -0.0265238 0.0154271 0
      vertex -0.02665 0.0153579 0
      vertex -0.02665 0.0153579 -0.003
    endloop
  endfacet
  facet normal 0.518772 -0.854913 0
    outer loop
      vertex -0.02665 0.0153579 -0.003
      vertex -0.02665 0.0153579 0
      vertex -0.0267731 0.0152832 -0.003
    endloop
  endfacet
  facet normal 0.518772 -0.854913 0
    outer loop
      vertex -0.02665 0.0153579 0
      vertex -0.0267731 0.0152832 0
      vertex -0.0267731 0.0152832 -0.003
    endloop
  endfacet
  facet normal 0.555572 -0.831469 0
    outer loop
      vertex -0.0267731 0.0152832 -0.003
      vertex -0.0267731 0.0152832 0
      vertex -0.0268928 0.0152032 -0.003
    endloop
  endfacet
  facet normal 0.555572 -0.831469 0
    outer loop
      vertex -0.0267731 0.0152832 0
      vertex -0.0268928 0.0152032 0
      vertex -0.0268928 0.0152032 -0.003
    endloop
  endfacet
  facet normal 0.591306 -0.806447 0
    outer loop
      vertex -0.0268928 0.0152032 -0.003
      vertex -0.0268928 0.0152032 0
      vertex -0.0270089 0.0151181 -0.003
    endloop
  endfacet
  facet normal 0.591306 -0.806447 0
    outer loop
      vertex -0.0268928 0.0152032 0
      vertex -0.0270089 0.0151181 0
      vertex -0.0270089 0.0151181 -0.003
    endloop
  endfacet
  facet normal 0.625926 -0.779883 0
    outer loop
      vertex -0.0270089 0.0151181 -0.003
      vertex -0.0270089 0.0151181 0
      vertex -0.0271212 0.0150279 -0.003
    endloop
  endfacet
  facet normal 0.625926 -0.779883 0
    outer loop
      vertex -0.0270089 0.0151181 0
      vertex -0.0271212 0.0150279 0
      vertex -0.0271212 0.0150279 -0.003
    endloop
  endfacet
  facet normal 0.65935 -0.751837 0
    outer loop
      vertex -0.0271212 0.0150279 -0.003
      vertex -0.0271212 0.0150279 0
      vertex -0.0272294 0.014933 -0.003
    endloop
  endfacet
  facet normal 0.65935 -0.751837 0
    outer loop
      vertex -0.0271212 0.0150279 0
      vertex -0.0272294 0.014933 0
      vertex -0.0272294 0.014933 -0.003
    endloop
  endfacet
  facet normal 0.691508 -0.722369 0
    outer loop
      vertex -0.0272294 0.014933 -0.003
      vertex -0.0272294 0.014933 0
      vertex -0.0273335 0.0148335 -0.003
    endloop
  endfacet
  facet normal 0.691508 -0.722369 0
    outer loop
      vertex -0.0272294 0.014933 0
      vertex -0.0273335 0.0148335 0
      vertex -0.0273335 0.0148335 -0.003
    endloop
  endfacet
  facet normal 0.722366 -0.691511 0
    outer loop
      vertex -0.0273335 0.0148335 -0.003
      vertex -0.0273335 0.0148335 0
      vertex -0.027433 0.0147294 -0.003
    endloop
  endfacet
  facet normal 0.722366 -0.691511 0
    outer loop
      vertex -0.0273335 0.0148335 0
      vertex -0.027433 0.0147294 0
      vertex -0.027433 0.0147294 -0.003
    endloop
  endfacet
  facet normal 0.751839 -0.659346 0
    outer loop
      vertex -0.027433 0.0147294 -0.003
      vertex -0.027433 0.0147294 0
      vertex -0.0275279 0.0146212 -0.003
    endloop
  endfacet
  facet normal 0.751839 -0.659346 0
    outer loop
      vertex -0.027433 0.0147294 0
      vertex -0.0275279 0.0146212 0
      vertex -0.0275279 0.0146212 -0.003
    endloop
  endfacet
  facet normal 0.779888 -0.625919 0
    outer loop
      vertex -0.0275279 0.0146212 -0.003
      vertex -0.0275279 0.0146212 0
      vertex -0.0276181 0.0145089 -0.003
    endloop
  endfacet
  facet normal 0.779888 -0.625919 0
    outer loop
      vertex -0.0275279 0.0146212 0
      vertex -0.0276181 0.0145089 0
      vertex -0.0276181 0.0145089 -0.003
    endloop
  endfacet
  facet normal 0.806442 -0.591313 0
    outer loop
      vertex -0.0276181 0.0145089 -0.003
      vertex -0.0276181 0.0145089 0
      vertex -0.0277032 0.0143928 -0.003
    endloop
  endfacet
  facet normal 0.806442 -0.591313 0
    outer loop
      vertex -0.0276181 0.0145089 0
      vertex -0.0277032 0.0143928 0
      vertex -0.0277032 0.0143928 -0.003
    endloop
  endfacet
  facet normal 0.831467 -0.555575 0
    outer loop
      vertex -0.0277032 0.0143928 -0.003
      vertex -0.0277032 0.0143928 0
      vertex -0.0277832 0.0142731 -0.003
    endloop
  endfacet
  facet normal 0.831467 -0.555575 0
    outer loop
      vertex -0.0277032 0.0143928 0
      vertex -0.0277832 0.0142731 0
      vertex -0.0277832 0.0142731 -0.003
    endloop
  endfacet
  facet normal 0.854917 -0.518765 0
    outer loop
      vertex -0.0277832 0.0142731 -0.003
      vertex -0.0277832 0.0142731 0
      vertex -0.0278579 0.01415 -0.003
    endloop
  endfacet
  facet normal 0.854917 -0.518765 0
    outer loop
      vertex -0.0277832 0.0142731 0
      vertex -0.0278579 0.01415 0
      vertex -0.0278579 0.01415 -0.003
    endloop
  endfacet
  facet normal 0.876723 -0.480995 0
    outer loop
      vertex -0.0278579 0.01415 -0.003
      vertex -0.0278579 0.01415 0
      vertex -0.0279271 0.0140238 -0.003
    endloop
  endfacet
  facet normal 0.876723 -0.480995 0
    outer loop
      vertex -0.0278579 0.01415 0
      vertex -0.0279271 0.0140238 0
      vertex -0.0279271 0.0140238 -0.003
    endloop
  endfacet
  facet normal 0.896873 -0.442288 0
    outer loop
      vertex -0.0279271 0.0140238 -0.003
      vertex -0.0279271 0.0140238 0
      vertex -0.0279908 0.0138946 -0.003
    endloop
  endfacet
  facet normal 0.896873 -0.442288 0
    outer loop
      vertex -0.0279271 0.0140238 0
      vertex -0.0279908 0.0138946 0
      vertex -0.0279908 0.0138946 -0.003
    endloop
  endfacet
  facet normal 0.915313 -0.402742 0
    outer loop
      vertex -0.0279908 0.0138946 -0.003
      vertex -0.0279908 0.0138946 0
      vertex -0.0280488 0.0137629 -0.003
    endloop
  endfacet
  facet normal 0.915313 -0.402742 0
    outer loop
      vertex -0.0279908 0.0138946 0
      vertex -0.0280488 0.0137629 0
      vertex -0.0280488 0.0137629 -0.003
    endloop
  endfacet
  facet normal 0.932006 -0.362443 0
    outer loop
      vertex -0.0280488 0.0137629 -0.003
      vertex -0.0280488 0.0137629 0
      vertex -0.028101 0.0136287 -0.003
    endloop
  endfacet
  facet normal 0.932006 -0.362443 0
    outer loop
      vertex -0.0280488 0.0137629 0
      vertex -0.028101 0.0136287 0
      vertex -0.028101 0.0136287 -0.003
    endloop
  endfacet
  facet normal 0.946932 -0.321433 0
    outer loop
      vertex -0.028101 0.0136287 -0.003
      vertex -0.028101 0.0136287 0
      vertex -0.0281473 0.0134923 -0.003
    endloop
  endfacet
  facet normal 0.946932 -0.321433 0
    outer loop
      vertex -0.028101 0.0136287 0
      vertex -0.0281473 0.0134923 0
      vertex -0.0281473 0.0134923 -0.003
    endloop
  endfacet
  facet normal 0.96005 -0.279828 0
    outer loop
      vertex -0.0281473 0.0134923 -0.003
      vertex -0.0281473 0.0134923 0
      vertex -0.0281876 0.0133541 -0.003
    endloop
  endfacet
  facet normal 0.96005 -0.279828 0
    outer loop
      vertex -0.0281473 0.0134923 0
      vertex -0.0281876 0.0133541 0
      vertex -0.0281876 0.0133541 -0.003
    endloop
  endfacet
  facet normal 0.971341 -0.237691 0
    outer loop
      vertex -0.0281876 0.0133541 -0.003
      vertex -0.0281876 0.0133541 0
      vertex -0.0282218 0.0132143 -0.003
    endloop
  endfacet
  facet normal 0.971341 -0.237691 0
    outer loop
      vertex -0.0281876 0.0133541 0
      vertex -0.0282218 0.0132143 0
      vertex -0.0282218 0.0132143 -0.003
    endloop
  endfacet
  facet normal 0.980785 -0.19509 0
    outer loop
      vertex -0.0282218 0.0132143 -0.003
      vertex -0.0282218 0.0132143 0
      vertex -0.0282499 0.013073 -0.003
    endloop
  endfacet
  facet normal 0.980785 -0.19509 0
    outer loop
      vertex -0.0282218 0.0132143 0
      vertex -0.0282499 0.013073 0
      vertex -0.0282499 0.013073 -0.003
    endloop
  endfacet
  facet normal 0.988361 -0.152126 0
    outer loop
      vertex -0.0282499 0.013073 -0.003
      vertex -0.0282499 0.013073 0
      vertex -0.0282718 0.0129307 -0.003
    endloop
  endfacet
  facet normal 0.988361 -0.152126 0
    outer loop
      vertex -0.0282499 0.013073 0
      vertex -0.0282718 0.0129307 0
      vertex -0.0282718 0.0129307 -0.003
    endloop
  endfacet
  facet normal 0.994057 -0.108865 0
    outer loop
      vertex -0.0282718 0.0129307 -0.003
      vertex -0.0282718 0.0129307 0
      vertex -0.0282874 0.0127876 -0.003
    endloop
  endfacet
  facet normal 0.994057 -0.108865 0
    outer loop
      vertex -0.0282718 0.0129307 0
      vertex -0.0282874 0.0127876 0
      vertex -0.0282874 0.0127876 -0.003
    endloop
  endfacet
  facet normal 0.997859 -0.0654092 0
    outer loop
      vertex -0.0282874 0.0127876 -0.003
      vertex -0.0282874 0.0127876 0
      vertex -0.0282969 0.0126439 -0.003
    endloop
  endfacet
  facet normal 0.997859 -0.0654092 0
    outer loop
      vertex -0.0282874 0.0127876 0
      vertex -0.0282969 0.0126439 0
      vertex -0.0282969 0.0126439 -0.003
    endloop
  endfacet
  facet normal 0.999762 -0.0218119 0
    outer loop
      vertex -0.0282969 0.0126439 -0.003
      vertex -0.0282969 0.0126439 0
      vertex -0.0283 0.0125 -0.003
    endloop
  endfacet
  facet normal 0.999762 -0.0218119 0
    outer loop
      vertex -0.0282969 0.0126439 0
      vertex -0.0283 0.0125 0
      vertex -0.0283 0.0125 -0.003
    endloop
  endfacet
  facet normal 0.999762 0.0218117 0
    outer loop
      vertex -0.0283 0.0125 -0.003
      vertex -0.0283 0.0125 0
      vertex -0.0282969 0.0123561 -0.003
    endloop
  endfacet
  facet normal 0.999762 0.0218117 0
    outer loop
      vertex -0.0283 0.0125 0
      vertex -0.0282969 0.0123561 0
      vertex -0.0282969 0.0123561 -0.003
    endloop
  endfacet
  facet normal 0.997858 0.0654096 0
    outer loop
      vertex -0.0282969 0.0123561 -0.003
      vertex -0.0282969 0.0123561 0
      vertex -0.0282874 0.0122124 -0.003
    endloop
  endfacet
  facet normal 0.997858 0.0654096 0
    outer loop
      vertex -0.0282969 0.0123561 0
      vertex -0.0282874 0.0122124 0
      vertex -0.0282874 0.0122124 -0.003
    endloop
  endfacet
  facet normal 0.994057 0.108865 0
    outer loop
      vertex -0.0282874 0.0122124 -0.003
      vertex -0.0282874 0.0122124 0
      vertex -0.0282718 0.0120693 -0.003
    endloop
  endfacet
  facet normal 0.994057 0.108865 0
    outer loop
      vertex -0.0282874 0.0122124 0
      vertex -0.0282718 0.0120693 0
      vertex -0.0282718 0.0120693 -0.003
    endloop
  endfacet
  facet normal 0.988361 0.152126 0
    outer loop
      vertex -0.0282718 0.0120693 -0.003
      vertex -0.0282718 0.0120693 0
      vertex -0.0282499 0.011927 -0.003
    endloop
  endfacet
  facet normal 0.988361 0.152126 0
    outer loop
      vertex -0.0282718 0.0120693 0
      vertex -0.0282499 0.011927 0
      vertex -0.0282499 0.011927 -0.003
    endloop
  endfacet
  facet normal 0.980785 0.19509 0
    outer loop
      vertex -0.0282499 0.011927 -0.003
      vertex -0.0282499 0.011927 0
      vertex -0.0282218 0.0117857 -0.003
    endloop
  endfacet
  facet normal 0.980785 0.19509 0
    outer loop
      vertex -0.0282499 0.011927 0
      vertex -0.0282218 0.0117857 0
      vertex -0.0282218 0.0117857 -0.003
    endloop
  endfacet
  facet normal 0.971341 0.237691 0
    outer loop
      vertex -0.0282218 0.0117857 -0.003
      vertex -0.0282218 0.0117857 0
      vertex -0.0281876 0.0116459 -0.003
    endloop
  endfacet
  facet normal 0.971341 0.237691 0
    outer loop
      vertex -0.0282218 0.0117857 0
      vertex -0.0281876 0.0116459 0
      vertex -0.0281876 0.0116459 -0.003
    endloop
  endfacet
  facet normal 0.96005 0.279828 0
    outer loop
      vertex -0.0281876 0.0116459 -0.003
      vertex -0.0281876 0.0116459 0
      vertex -0.0281473 0.0115077 -0.003
    endloop
  endfacet
  facet normal 0.96005 0.279828 0
    outer loop
      vertex -0.0281876 0.0116459 0
      vertex -0.0281473 0.0115077 0
      vertex -0.0281473 0.0115077 -0.003
    endloop
  endfacet
  facet normal 0.946933 0.321431 0
    outer loop
      vertex -0.0281473 0.0115077 -0.003
      vertex -0.0281473 0.0115077 0
      vertex -0.028101 0.0113713 -0.003
    endloop
  endfacet
  facet normal 0.946933 0.321431 0
    outer loop
      vertex -0.0281473 0.0115077 0
      vertex -0.028101 0.0113713 0
      vertex -0.028101 0.0113713 -0.003
    endloop
  endfacet
  facet normal 0.932006 0.362443 0
    outer loop
      vertex -0.028101 0.0113713 -0.003
      vertex -0.028101 0.0113713 0
      vertex -0.0280488 0.0112371 -0.003
    endloop
  endfacet
  facet normal 0.932006 0.362443 0
    outer loop
      vertex -0.028101 0.0113713 0
      vertex -0.0280488 0.0112371 0
      vertex -0.0280488 0.0112371 -0.003
    endloop
  endfacet
  facet normal 0.915313 0.402742 0
    outer loop
      vertex -0.0280488 0.0112371 -0.003
      vertex -0.0280488 0.0112371 0
      vertex -0.0279908 0.0111054 -0.003
    endloop
  endfacet
  facet normal 0.915313 0.402742 0
    outer loop
      vertex -0.0280488 0.0112371 0
      vertex -0.0279908 0.0111054 0
      vertex -0.0279908 0.0111054 -0.003
    endloop
  endfacet
  facet normal 0.896872 0.442291 0
    outer loop
      vertex -0.0279908 0.0111054 -0.003
      vertex -0.0279908 0.0111054 0
      vertex -0.0279271 0.0109762 -0.003
    endloop
  endfacet
  facet normal 0.896872 0.442291 0
    outer loop
      vertex -0.0279908 0.0111054 0
      vertex -0.0279271 0.0109762 0
      vertex -0.0279271 0.0109762 -0.003
    endloop
  endfacet
  facet normal 0.876723 0.480995 0
    outer loop
      vertex -0.0279271 0.0109762 -0.003
      vertex -0.0279271 0.0109762 0
      vertex -0.0278579 0.01085 -0.003
    endloop
  endfacet
  facet normal 0.876723 0.480995 0
    outer loop
      vertex -0.0279271 0.0109762 0
      vertex -0.0278579 0.01085 0
      vertex -0.0278579 0.01085 -0.003
    endloop
  endfacet
  facet normal 0.854918 0.518762 0
    outer loop
      vertex -0.0278579 0.01085 -0.003
      vertex -0.0278579 0.01085 0
      vertex -0.0277832 0.0107269 -0.003
    endloop
  endfacet
  facet normal 0.854918 0.518762 0
    outer loop
      vertex -0.0278579 0.01085 0
      vertex -0.0277832 0.0107269 0
      vertex -0.0277832 0.0107269 -0.003
    endloop
  endfacet
  facet normal 0.831465 0.555578 0
    outer loop
      vertex -0.0277832 0.0107269 -0.003
      vertex -0.0277832 0.0107269 0
      vertex -0.0277032 0.0106072 -0.003
    endloop
  endfacet
  facet normal 0.831465 0.555578 0
    outer loop
      vertex -0.0277832 0.0107269 0
      vertex -0.0277032 0.0106072 0
      vertex -0.0277032 0.0106072 -0.003
    endloop
  endfacet
  facet normal 0.806445 0.59131 0
    outer loop
      vertex -0.0277032 0.0106072 -0.003
      vertex -0.0277032 0.0106072 0
      vertex -0.0276181 0.0104911 -0.003
    endloop
  endfacet
  facet normal 0.806445 0.59131 0
    outer loop
      vertex -0.0277032 0.0106072 0
      vertex -0.0276181 0.0104911 0
      vertex -0.0276181 0.0104911 -0.003
    endloop
  endfacet
  facet normal 0.779886 0.625922 0
    outer loop
      vertex -0.0276181 0.0104911 -0.003
      vertex -0.0276181 0.0104911 0
      vertex -0.0275279 0.0103788 -0.003
    endloop
  endfacet
  facet normal 0.779886 0.625922 0
    outer loop
      vertex -0.0276181 0.0104911 0
      vertex -0.0275279 0.0103788 0
      vertex -0.0275279 0.0103788 -0.003
    endloop
  endfacet
  facet normal 0.751839 0.659346 0
    outer loop
      vertex -0.0275279 0.0103788 -0.003
      vertex -0.0275279 0.0103788 0
      vertex -0.027433 0.0102706 -0.003
    endloop
  endfacet
  facet normal 0.751839 0.659346 0
    outer loop
      vertex -0.0275279 0.0103788 0
      vertex -0.027433 0.0102706 0
      vertex -0.027433 0.0102706 -0.003
    endloop
  endfacet
  facet normal 0.722369 0.691508 0
    outer loop
      vertex -0.027433 0.0102706 -0.003
      vertex -0.027433 0.0102706 0
      vertex -0.0273335 0.0101665 -0.003
    endloop
  endfacet
  facet normal 0.722369 0.691508 0
    outer loop
      vertex -0.027433 0.0102706 0
      vertex -0.0273335 0.0101665 0
      vertex -0.0273335 0.0101665 -0.003
    endloop
  endfacet
  facet normal 0.691505 0.722372 0
    outer loop
      vertex -0.0273335 0.0101665 -0.003
      vertex -0.0273335 0.0101665 0
      vertex -0.0272294 0.010067 -0.003
    endloop
  endfacet
  facet normal 0.691505 0.722372 0
    outer loop
      vertex -0.0273335 0.0101665 0
      vertex -0.0272294 0.010067 0
      vertex -0.0272294 0.010067 -0.003
    endloop
  endfacet
  facet normal 0.65935 0.751837 0
    outer loop
      vertex -0.0272294 0.010067 -0.003
      vertex -0.0272294 0.010067 0
      vertex -0.0271212 0.00997205 -0.003
    endloop
  endfacet
  facet normal 0.65935 0.751837 0
    outer loop
      vertex -0.0272294 0.010067 0
      vertex -0.0271212 0.00997205 0
      vertex -0.0271212 0.00997205 -0.003
    endloop
  endfacet
  facet normal 0.625926 0.779883 0
    outer loop
      vertex -0.0271212 0.00997205 -0.003
      vertex -0.0271212 0.00997205 0
      vertex -0.0270089 0.00988193 -0.003
    endloop
  endfacet
  facet normal 0.625926 0.779883 0
    outer loop
      vertex -0.0271212 0.00997205 0
      vertex -0.0270089 0.00988193 0
      vertex -0.0270089 0.00988193 -0.003
    endloop
  endfacet
  facet normal 0.591306 0.806447 0
    outer loop
      vertex -0.0270089 0.00988193 -0.003
      vertex -0.0270089 0.00988193 0
      vertex -0.0268928 0.0097968 -0.003
    endloop
  endfacet
  facet normal 0.591306 0.806447 0
    outer loop
      vertex -0.0270089 0.00988193 0
      vertex -0.0268928 0.0097968 0
      vertex -0.0268928 0.0097968 -0.003
    endloop
  endfacet
  facet normal 0.555576 0.831466 0
    outer loop
      vertex -0.0268928 0.0097968 -0.003
      vertex -0.0268928 0.0097968 0
      vertex -0.0267731 0.00971681 -0.003
    endloop
  endfacet
  facet normal 0.555576 0.831466 0
    outer loop
      vertex -0.0268928 0.0097968 0
      vertex -0.0267731 0.00971681 0
      vertex -0.0267731 0.00971681 -0.003
    endloop
  endfacet
  facet normal 0.518772 0.854913 0
    outer loop
      vertex -0.0267731 0.00971681 -0.003
      vertex -0.0267731 0.00971681 0
      vertex -0.02665 0.00964212 -0.003
    endloop
  endfacet
  facet normal 0.518772 0.854913 0
    outer loop
      vertex -0.0267731 0.00971681 0
      vertex -0.02665 0.00964212 0
      vertex -0.02665 0.00964212 -0.003
    endloop
  endfacet
  facet normal 0.480985 0.876729 0
    outer loop
      vertex -0.02665 0.00964212 -0.003
      vertex -0.02665 0.00964212 0
      vertex -0.0265238 0.00957286 -0.003
    endloop
  endfacet
  facet normal 0.480985 0.876729 0
    outer loop
      vertex -0.02665 0.00964212 0
      vertex -0.0265238 0.00957286 0
      vertex -0.0265238 0.00957286 -0.003
    endloop
  endfacet
  facet normal 0.442291 0.896872 0
    outer loop
      vertex -0.0265238 0.00957286 -0.003
      vertex -0.0265238 0.00957286 0
      vertex -0.0263946 0.00950918 -0.003
    endloop
  endfacet
  facet normal 0.442291 0.896872 0
    outer loop
      vertex -0.0265238 0.00957286 0
      vertex -0.0263946 0.00950918 0
      vertex -0.0263946 0.00950918 -0.003
    endloop
  endfacet
  facet normal 0.402745 0.915312 0
    outer loop
      vertex -0.0263946 0.00950918 -0.003
      vertex -0.0263946 0.00950918 0
      vertex -0.0262629 0.0094512 -0.003
    endloop
  endfacet
  facet normal 0.402745 0.915312 0
    outer loop
      vertex -0.0263946 0.00950918 0
      vertex -0.0262629 0.0094512 0
      vertex -0.0262629 0.0094512 -0.003
    endloop
  endfacet
  facet normal 0.362437 0.932008 0
    outer loop
      vertex -0.0262629 0.0094512 -0.003
      vertex -0.0262629 0.0094512 0
      vertex -0.0261287 0.00939901 -0.003
    endloop
  endfacet
  facet normal 0.362437 0.932008 0
    outer loop
      vertex -0.0262629 0.0094512 0
      vertex -0.0261287 0.00939901 0
      vertex -0.0261287 0.00939901 -0.003
    endloop
  endfacet
  facet normal 0.321437 0.946931 0
    outer loop
      vertex -0.0261287 0.00939901 -0.003
      vertex -0.0261287 0.00939901 0
      vertex -0.0259923 0.00935273 -0.003
    endloop
  endfacet
  facet normal 0.321437 0.946931 0
    outer loop
      vertex -0.0261287 0.00939901 0
      vertex -0.0259923 0.00935273 0
      vertex -0.0259923 0.00935273 -0.003
    endloop
  endfacet
  facet normal 0.279836 0.960048 0
    outer loop
      vertex -0.0259923 0.00935273 -0.003
      vertex -0.0259923 0.00935273 0
      vertex -0.0258541 0.00931244 -0.003
    endloop
  endfacet
  facet normal 0.279836 0.960048 0
    outer loop
      vertex -0.0259923 0.00935273 0
      vertex -0.0258541 0.00931244 0
      vertex -0.0258541 0.00931244 -0.003
    endloop
  endfacet
  facet normal 0.237684 0.971343 0
    outer loop
      vertex -0.0258541 0.00931244 -0.003
      vertex -0.0258541 0.00931244 0
      vertex -0.0257143 0.00927822 -0.003
    endloop
  endfacet
  facet normal 0.237684 0.971343 0
    outer loop
      vertex -0.0258541 0.00931244 0
      vertex -0.0257143 0.00927822 0
      vertex -0.0257143 0.00927822 -0.003
    endloop
  endfacet
  facet normal 0.195091 0.980785 0
    outer loop
      vertex -0.0257143 0.00927822 -0.003
      vertex -0.0257143 0.00927822 0
      vertex -0.025573 0.00925013 -0.003
    endloop
  endfacet
  facet normal 0.195091 0.980785 0
    outer loop
      vertex -0.0257143 0.00927822 0
      vertex -0.025573 0.00925013 0
      vertex -0.025573 0.00925013 -0.003
    endloop
  endfacet
  facet normal 0.15212 0.988362 0
    outer loop
      vertex -0.025573 0.00925013 -0.003
      vertex -0.025573 0.00925013 0
      vertex -0.0254307 0.00922823 -0.003
    endloop
  endfacet
  facet normal 0.15212 0.988362 0
    outer loop
      vertex -0.025573 0.00925013 0
      vertex -0.0254307 0.00922823 0
      vertex -0.0254307 0.00922823 -0.003
    endloop
  endfacet
  facet normal 0.10887 0.994056 0
    outer loop
      vertex -0.0254307 0.00922823 -0.003
      vertex -0.0254307 0.00922823 0
      vertex -0.0252876 0.00921256 -0.003
    endloop
  endfacet
  facet normal 0.10887 0.994056 0
    outer loop
      vertex -0.0254307 0.00922823 0
      vertex -0.0252876 0.00921256 0
      vertex -0.0252876 0.00921256 -0.003
    endloop
  endfacet
  facet normal 0.0654032 0.997859 0
    outer loop
      vertex -0.0252876 0.00921256 -0.003
      vertex -0.0252876 0.00921256 0
      vertex -0.0251439 0.00920314 -0.003
    endloop
  endfacet
  facet normal 0.0654032 0.997859 0
    outer loop
      vertex -0.0252876 0.00921256 0
      vertex -0.0251439 0.00920314 0
      vertex -0.0251439 0.00920314 -0.003
    endloop
  endfacet
  facet normal 0.0218119 0.999762 0
    outer loop
      vertex -0.0251439 0.00920314 -0.003
      vertex -0.0251439 0.00920314 0
      vertex -0.025 0.0092 -0.003
    endloop
  endfacet
  facet normal 0.0218119 0.999762 0
    outer loop
      vertex -0.0251439 0.00920314 0
      vertex -0.025 0.0092 0
      vertex -0.025 0.0092 -0.003
    endloop
  endfacet
  facet normal -0.0218116 0.999762 0
    outer loop
      vertex -0.025 0.0092 -0.003
      vertex -0.025 0.0092 0
      vertex -0.0248561 0.00920314 -0.003
    endloop
  endfacet
  facet normal -0.0218116 0.999762 0
    outer loop
      vertex -0.025 0.0092 0
      vertex -0.0248561 0.00920314 0
      vertex -0.0248561 0.00920314 -0.003
    endloop
  endfacet
  facet normal -0.0654032 0.997859 0
    outer loop
      vertex -0.0248561 0.00920314 -0.003
      vertex -0.0248561 0.00920314 0
      vertex -0.0247124 0.00921256 -0.003
    endloop
  endfacet
  facet normal -0.0654032 0.997859 0
    outer loop
      vertex -0.0248561 0.00920314 0
      vertex -0.0247124 0.00921256 0
      vertex -0.0247124 0.00921256 -0.003
    endloop
  endfacet
  facet normal -0.108872 0.994056 0
    outer loop
      vertex -0.0247124 0.00921256 -0.003
      vertex -0.0247124 0.00921256 0
      vertex -0.0245693 0.00922823 -0.003
    endloop
  endfacet
  facet normal -0.108872 0.994056 0
    outer loop
      vertex -0.0247124 0.00921256 0
      vertex -0.0245693 0.00922823 0
      vertex -0.0245693 0.00922823 -0.003
    endloop
  endfacet
  facet normal -0.15212 0.988362 0
    outer loop
      vertex -0.0245693 0.00922823 -0.003
      vertex -0.0245693 0.00922823 0
      vertex -0.024427 0.00925013 -0.003
    endloop
  endfacet
  facet normal -0.15212 0.988362 0
    outer loop
      vertex -0.0245693 0.00922823 0
      vertex -0.024427 0.00925013 0
      vertex -0.024427 0.00925013 -0.003
    endloop
  endfacet
  facet normal -0.195089 0.980786 0
    outer loop
      vertex -0.024427 0.00925013 -0.003
      vertex -0.024427 0.00925013 0
      vertex -0.0242857 0.00927822 -0.003
    endloop
  endfacet
  facet normal -0.195089 0.980786 0
    outer loop
      vertex -0.024427 0.00925013 0
      vertex -0.0242857 0.00927822 0
      vertex -0.0242857 0.00927822 -0.003
    endloop
  endfacet
  facet normal -0.237687 0.971342 0
    outer loop
      vertex -0.0242857 0.00927822 -0.003
      vertex -0.0242857 0.00927822 0
      vertex -0.0241459 0.00931244 -0.003
    endloop
  endfacet
  facet normal -0.237687 0.971342 0
    outer loop
      vertex -0.0242857 0.00927822 0
      vertex -0.0241459 0.00931244 0
      vertex -0.0241459 0.00931244 -0.003
    endloop
  endfacet
  facet normal -0.279832 0.960049 0
    outer loop
      vertex -0.0241459 0.00931244 -0.003
      vertex -0.0241459 0.00931244 0
      vertex -0.0240077 0.00935273 -0.003
    endloop
  endfacet
  facet normal -0.279832 0.960049 0
    outer loop
      vertex -0.0241459 0.00931244 0
      vertex -0.0240077 0.00935273 0
      vertex -0.0240077 0.00935273 -0.003
    endloop
  endfacet
  facet normal -0.321441 0.94693 0
    outer loop
      vertex -0.0240077 0.00935273 -0.003
      vertex -0.0240077 0.00935273 0
      vertex -0.0238713 0.00939901 -0.003
    endloop
  endfacet
  facet normal -0.321441 0.94693 0
    outer loop
      vertex -0.0240077 0.00935273 0
      vertex -0.0238713 0.00939901 0
      vertex -0.0238713 0.00939901 -0.003
    endloop
  endfacet
  facet normal -0.362437 0.932008 0
    outer loop
      vertex -0.0238713 0.00939901 -0.003
      vertex -0.0238713 0.00939901 0
      vertex -0.0237371 0.0094512 -0.003
    endloop
  endfacet
  facet normal -0.362437 0.932008 0
    outer loop
      vertex -0.0238713 0.00939901 0
      vertex -0.0237371 0.0094512 0
      vertex -0.0237371 0.0094512 -0.003
    endloop
  endfacet
  facet normal -0.402745 0.915312 0
    outer loop
      vertex -0.0237371 0.0094512 -0.003
      vertex -0.0237371 0.0094512 0
      vertex -0.0236054 0.00950918 -0.003
    endloop
  endfacet
  facet normal -0.402745 0.915312 0
    outer loop
      vertex -0.0237371 0.0094512 0
      vertex -0.0236054 0.00950918 0
      vertex -0.0236054 0.00950918 -0.003
    endloop
  endfacet
  facet normal -0.442291 0.896872 0
    outer loop
      vertex -0.0236054 0.00950918 -0.003
      vertex -0.0236054 0.00950918 0
      vertex -0.0234762 0.00957286 -0.003
    endloop
  endfacet
  facet normal -0.442291 0.896872 0
    outer loop
      vertex -0.0236054 0.00950918 0
      vertex -0.0234762 0.00957286 0
      vertex -0.0234762 0.00957286 -0.003
    endloop
  endfacet
  facet normal -0.480985 0.876729 0
    outer loop
      vertex -0.0234762 0.00957286 -0.003
      vertex -0.0234762 0.00957286 0
      vertex -0.02335 0.00964212 -0.003
    endloop
  endfacet
  facet normal -0.480985 0.876729 0
    outer loop
      vertex -0.0234762 0.00957286 0
      vertex -0.02335 0.00964212 0
      vertex -0.02335 0.00964212 -0.003
    endloop
  endfacet
  facet normal -0.518772 0.854913 0
    outer loop
      vertex -0.02335 0.00964212 -0.003
      vertex -0.02335 0.00964212 0
      vertex -0.0232269 0.00971681 -0.003
    endloop
  endfacet
  facet normal -0.518772 0.854913 0
    outer loop
      vertex -0.02335 0.00964212 0
      vertex -0.0232269 0.00971681 0
      vertex -0.0232269 0.00971681 -0.003
    endloop
  endfacet
  facet normal -0.55557 0.83147 0
    outer loop
      vertex -0.0232269 0.00971681 -0.003
      vertex -0.0232269 0.00971681 0
      vertex -0.0231072 0.0097968 -0.003
    endloop
  endfacet
  facet normal -0.55557 0.83147 0
    outer loop
      vertex -0.0232269 0.00971681 0
      vertex -0.0231072 0.0097968 0
      vertex -0.0231072 0.0097968 -0.003
    endloop
  endfacet
  facet normal -0.591313 0.806442 0
    outer loop
      vertex -0.0231072 0.0097968 -0.003
      vertex -0.0231072 0.0097968 0
      vertex -0.0229911 0.00988193 -0.003
    endloop
  endfacet
  facet normal -0.591313 0.806442 0
    outer loop
      vertex -0.0231072 0.0097968 0
      vertex -0.0229911 0.00988193 0
      vertex -0.0229911 0.00988193 -0.003
    endloop
  endfacet
  facet normal -0.625926 0.779883 0
    outer loop
      vertex -0.0229911 0.00988193 -0.003
      vertex -0.0229911 0.00988193 0
      vertex -0.0228788 0.00997205 -0.003
    endloop
  endfacet
  facet normal -0.625926 0.779883 0
    outer loop
      vertex -0.0229911 0.00988193 0
      vertex -0.0228788 0.00997205 0
      vertex -0.0228788 0.00997205 -0.003
    endloop
  endfacet
  facet normal -0.659343 0.751842 0
    outer loop
      vertex -0.0228788 0.00997205 -0.003
      vertex -0.0228788 0.00997205 0
      vertex -0.0227706 0.010067 -0.003
    endloop
  endfacet
  facet normal -0.659343 0.751842 0
    outer loop
      vertex -0.0228788 0.00997205 0
      vertex -0.0227706 0.010067 0
      vertex -0.0227706 0.010067 -0.003
    endloop
  endfacet
  facet normal -0.691511 0.722366 0
    outer loop
      vertex -0.0227706 0.010067 -0.003
      vertex -0.0227706 0.010067 0
      vertex -0.0226665 0.0101665 -0.003
    endloop
  endfacet
  facet normal -0.691511 0.722366 0
    outer loop
      vertex -0.0227706 0.010067 0
      vertex -0.0226665 0.0101665 0
      vertex -0.0226665 0.0101665 -0.003
    endloop
  endfacet
  facet normal -0.722369 0.691508 0
    outer loop
      vertex -0.0226665 0.0101665 -0.003
      vertex -0.0226665 0.0101665 0
      vertex -0.022567 0.0102706 -0.003
    endloop
  endfacet
  facet normal -0.722369 0.691508 0
    outer loop
      vertex -0.0226665 0.0101665 0
      vertex -0.022567 0.0102706 0
      vertex -0.022567 0.0102706 -0.003
    endloop
  endfacet
  facet normal -0.751839 0.659346 0
    outer loop
      vertex -0.022567 0.0102706 -0.003
      vertex -0.022567 0.0102706 0
      vertex -0.0224721 0.0103788 -0.003
    endloop
  endfacet
  facet normal -0.751839 0.659346 0
    outer loop
      vertex -0.022567 0.0102706 0
      vertex -0.0224721 0.0103788 0
      vertex -0.0224721 0.0103788 -0.003
    endloop
  endfacet
  facet normal -0.77988 0.62593 0
    outer loop
      vertex -0.0224721 0.0103788 -0.003
      vertex -0.0224721 0.0103788 0
      vertex -0.0223819 0.0104911 -0.003
    endloop
  endfacet
  facet normal -0.77988 0.62593 0
    outer loop
      vertex -0.0224721 0.0103788 0
      vertex -0.0223819 0.0104911 0
      vertex -0.0223819 0.0104911 -0.003
    endloop
  endfacet
  facet normal -0.806445 0.59131 0
    outer loop
      vertex -0.0223819 0.0104911 -0.003
      vertex -0.0223819 0.0104911 0
      vertex -0.0222968 0.0106072 -0.003
    endloop
  endfacet
  facet normal -0.806445 0.59131 0
    outer loop
      vertex -0.0223819 0.0104911 0
      vertex -0.0222968 0.0106072 0
      vertex -0.0222968 0.0106072 -0.003
    endloop
  endfacet
  facet normal -0.831471 0.555569 0
    outer loop
      vertex -0.0222968 0.0106072 -0.003
      vertex -0.0222968 0.0106072 0
      vertex -0.0222168 0.0107269 -0.003
    endloop
  endfacet
  facet normal -0.831471 0.555569 0
    outer loop
      vertex -0.0222968 0.0106072 0
      vertex -0.0222168 0.0107269 0
      vertex -0.0222168 0.0107269 -0.003
    endloop
  endfacet
  facet normal -0.854913 0.518772 0
    outer loop
      vertex -0.0222168 0.0107269 -0.003
      vertex -0.0222168 0.0107269 0
      vertex -0.0221421 0.01085 -0.003
    endloop
  endfacet
  facet normal -0.854913 0.518772 0
    outer loop
      vertex -0.0222168 0.0107269 0
      vertex -0.0221421 0.01085 0
      vertex -0.0221421 0.01085 -0.003
    endloop
  endfacet
  facet normal -0.876729 0.480985 0
    outer loop
      vertex -0.0221421 0.01085 -0.003
      vertex -0.0221421 0.01085 0
      vertex -0.0220729 0.0109762 -0.003
    endloop
  endfacet
  facet normal -0.876729 0.480985 0
    outer loop
      vertex -0.0221421 0.01085 0
      vertex -0.0220729 0.0109762 0
      vertex -0.0220729 0.0109762 -0.003
    endloop
  endfacet
  facet normal -0.896872 0.442291 0
    outer loop
      vertex -0.0220729 0.0109762 -0.003
      vertex -0.0220729 0.0109762 0
      vertex -0.0220092 0.0111054 -0.003
    endloop
  endfacet
  facet normal -0.896872 0.442291 0
    outer loop
      vertex -0.0220729 0.0109762 0
      vertex -0.0220092 0.0111054 0
      vertex -0.0220092 0.0111054 -0.003
    endloop
  endfacet
  facet normal -0.915309 0.402753 0
    outer loop
      vertex -0.0220092 0.0111054 -0.003
      vertex -0.0220092 0.0111054 0
      vertex -0.0219512 0.0112371 -0.003
    endloop
  endfacet
  facet normal -0.915309 0.402753 0
    outer loop
      vertex -0.0220092 0.0111054 0
      vertex -0.0219512 0.0112371 0
      vertex -0.0219512 0.0112371 -0.003
    endloop
  endfacet
  facet normal -0.93201 0.362431 0
    outer loop
      vertex -0.0219512 0.0112371 -0.003
      vertex -0.0219512 0.0112371 0
      vertex -0.021899 0.0113713 -0.003
    endloop
  endfacet
  facet normal -0.93201 0.362431 0
    outer loop
      vertex -0.0219512 0.0112371 0
      vertex -0.021899 0.0113713 0
      vertex -0.021899 0.0113713 -0.003
    endloop
  endfacet
  facet normal -0.946929 0.321443 0
    outer loop
      vertex -0.021899 0.0113713 -0.003
      vertex -0.021899 0.0113713 0
      vertex -0.0218527 0.0115077 -0.003
    endloop
  endfacet
  facet normal -0.946929 0.321443 0
    outer loop
      vertex -0.021899 0.0113713 0
      vertex -0.0218527 0.0115077 0
      vertex -0.0218527 0.0115077 -0.003
    endloop
  endfacet
  facet normal -0.96005 0.279828 0
    outer loop
      vertex -0.0218527 0.0115077 -0.003
      vertex -0.0218527 0.0115077 0
      vertex -0.0218124 0.0116459 -0.003
    endloop
  endfacet
  facet normal -0.96005 0.279828 0
    outer loop
      vertex -0.0218527 0.0115077 0
      vertex -0.0218124 0.0116459 0
      vertex -0.0218124 0.0116459 -0.003
    endloop
  endfacet
  facet normal -0.971344 0.237679 0
    outer loop
      vertex -0.0218124 0.0116459 -0.003
      vertex -0.0218124 0.0116459 0
      vertex -0.0217782 0.0117857 -0.003
    endloop
  endfacet
  facet normal -0.971344 0.237679 0
    outer loop
      vertex -0.0218124 0.0116459 0
      vertex -0.0217782 0.0117857 0
      vertex -0.0217782 0.0117857 -0.003
    endloop
  endfacet
  facet normal -0.980783 0.195102 0
    outer loop
      vertex -0.0217782 0.0117857 -0.003
      vertex -0.0217782 0.0117857 0
      vertex -0.0217501 0.011927 -0.003
    endloop
  endfacet
  facet normal -0.980783 0.195102 0
    outer loop
      vertex -0.0217782 0.0117857 0
      vertex -0.0217501 0.011927 0
      vertex -0.0217501 0.011927 -0.003
    endloop
  endfacet
  facet normal -0.988363 0.152114 0
    outer loop
      vertex -0.0217501 0.011927 -0.003
      vertex -0.0217501 0.011927 0
      vertex -0.0217282 0.0120693 -0.003
    endloop
  endfacet
  facet normal -0.988363 0.152114 0
    outer loop
      vertex -0.0217501 0.011927 0
      vertex -0.0217282 0.0120693 0
      vertex -0.0217282 0.0120693 -0.003
    endloop
  endfacet
  facet normal -0.994057 0.108865 0
    outer loop
      vertex -0.0217282 0.0120693 -0.003
      vertex -0.0217282 0.0120693 0
      vertex -0.0217126 0.0122124 -0.003
    endloop
  endfacet
  facet normal -0.994057 0.108865 0
    outer loop
      vertex -0.0217282 0.0120693 0
      vertex -0.0217126 0.0122124 0
      vertex -0.0217126 0.0122124 -0.003
    endloop
  endfacet
  facet normal -0.997858 0.0654096 0
    outer loop
      vertex -0.0217126 0.0122124 -0.003
      vertex -0.0217126 0.0122124 0
      vertex -0.0217031 0.0123561 -0.003
    endloop
  endfacet
  facet normal -0.997858 0.0654096 0
    outer loop
      vertex -0.0217126 0.0122124 0
      vertex -0.0217031 0.0123561 0
      vertex -0.0217031 0.0123561 -0.003
    endloop
  endfacet
  facet normal -0.999762 0.0218117 0
    outer loop
      vertex -0.0217031 0.0123561 -0.003
      vertex -0.0217031 0.0123561 0
      vertex -0.0217 0.0125 -0.003
    endloop
  endfacet
  facet normal -0.999762 0.0218117 0
    outer loop
      vertex -0.0217031 0.0123561 0
      vertex -0.0217 0.0125 0
      vertex -0.0217 0.0125 -0.003
    endloop
  endfacet
  facet normal 0 0 -1
    outer loop
      vertex -0.0282969 -0.0126439 -0.003
      vertex -0.0282874 -0.0127876 -0.003
      vertex -0.035 -0.02 -0.003
    endloop
  endfacet
  facet normal 0 0 -1
    outer loop
      vertex -0.0237371 0.0094512 -0.003
      vertex -0.0236054 0.00950918 -0.003
      vertex 0.0220092 0.0111054 -0.003
    endloop
  endfacet
  facet normal 0 0 -1
    outer loop
      vertex -0.0237371 0.0094512 -0.003
      vertex 0.0220092 0.0111054 -0.003
      vertex -0.0238713 0.00939901 -0.003
    endloop
  endfacet
  facet normal 0 0 -1
    outer loop
      vertex -0.0232269 0.00971681 -0.003
      vertex -0.0231072 0.0097968 -0.003
      vertex 0.0220092 0.0111054 -0.003
    endloop
  endfacet
  facet normal 0 0 -1
    outer loop
      vertex -0.0227706 0.010067 -0.003
      vertex -0.0226665 0.0101665 -0.003
      vertex 0.0220092 0.0111054 -0.003
    endloop
  endfacet
  facet normal 0 0 -1
    outer loop
      vertex -0.0223819 0.0104911 -0.003
      vertex -0.0222968 0.0106072 -0.003
      vertex 0.0220092 0.0111054 -0.003
    endloop
  endfacet
  facet normal 0 0 -1
    outer loop
      vertex -0.0222968 0.0106072 -0.003
      vertex -0.0222168 0.0107269 -0.003
      vertex 0.0220092 0.0111054 -0.003
    endloop
  endfacet
  facet normal 0 0 -1
    outer loop
      vertex -0.035 -0.02 -0.003
      vertex -0.028101 -0.0136287 -0.003
      vertex -0.0280488 -0.0137629 -0.003
    endloop
  endfacet
  facet normal 0 0 -1
    outer loop
      vertex 0.0220092 -0.0138946 -0.003
      vertex -0.021899 -0.0136287 -0.003
      vertex -0.0218527 -0.0134923 -0.003
    endloop
  endfacet
  facet normal 0 0 -1
    outer loop
      vertex -0.0247124 0.00921256 -0.003
      vertex -0.0245693 0.00922823 -0.003
      vertex 0.0220092 0.0111054 -0.003
    endloop
  endfacet
  facet normal 0 0 -1
    outer loop
      vertex -0.0245693 0.00922823 -0.003
      vertex -0.024427 0.00925013 -0.003
      vertex 0.0220092 0.0111054 -0.003
    endloop
  endfacet
  facet normal 0 0 -1
    outer loop
      vertex 0.0220092 0.0111054 -0.003
      vertex -0.024427 0.00925013 -0.003
      vertex -0.0242857 0.00927822 -0.003
    endloop
  endfacet
  facet normal 0 0 -1
    outer loop
      vertex -0.0236054 0.00950918 -0.003
      vertex -0.0234762 0.00957286 -0.003
      vertex 0.0220092 0.0111054 -0.003
    endloop
  endfacet
  facet normal 0 0 -1
    outer loop
      vertex -0.0234762 0.00957286 -0.003
      vertex -0.02335 0.00964212 -0.003
      vertex 0.0220092 0.0111054 -0.003
    endloop
  endfacet
  facet normal 0 0 -1
    outer loop
      vertex 0.0220092 0.0111054 -0.003
      vertex -0.02335 0.00964212 -0.003
      vertex -0.0232269 0.00971681 -0.003
    endloop
  endfacet
  facet normal 0 0 -1
    outer loop
      vertex -0.0231072 0.0097968 -0.003
      vertex -0.0229911 0.00988193 -0.003
      vertex 0.0220092 0.0111054 -0.003
    endloop
  endfacet
  facet normal 0 0 -1
    outer loop
      vertex -0.0229911 0.00988193 -0.003
      vertex -0.0228788 0.00997205 -0.003
      vertex 0.0220092 0.0111054 -0.003
    endloop
  endfacet
  facet normal 0 0 -1
    outer loop
      vertex 0.0220092 0.0111054 -0.003
      vertex -0.0228788 0.00997205 -0.003
      vertex -0.0227706 0.010067 -0.003
    endloop
  endfacet
  facet normal 0 0 -1
    outer loop
      vertex -0.0226665 0.0101665 -0.003
      vertex -0.022567 0.0102706 -0.003
      vertex 0.0220092 0.0111054 -0.003
    endloop
  endfacet
  facet normal 0 0 -1
    outer loop
      vertex -0.022567 0.0102706 -0.003
      vertex -0.0224721 0.0103788 -0.003
      vertex 0.0220092 0.0111054 -0.003
    endloop
  endfacet
  facet normal 0 0 -1
    outer loop
      vertex 0.0220092 0.0111054 -0.003
      vertex -0.0224721 0.0103788 -0.003
      vertex -0.0223819 0.0104911 -0.003
    endloop
  endfacet
  facet normal 0 0 -1
    outer loop
      vertex -0.0222168 0.0107269 -0.003
      vertex -0.0221421 0.01085 -0.003
      vertex 0.0220092 0.0111054 -0.003
    endloop
  endfacet
  facet normal 0 0 -1
    outer loop
      vertex -0.0221421 0.01085 -0.003
      vertex -0.0220729 0.0109762 -0.003
      vertex 0.0220092 0.0111054 -0.003
    endloop
  endfacet
  facet normal 0 0 -1
    outer loop
      vertex 0.0220092 0.0111054 -0.003
      vertex -0.0220729 0.0109762 -0.003
      vertex -0.0220092 0.0111054 -0.003
    endloop
  endfacet
  facet normal 0 0 -1
    outer loop
      vertex -0.0220092 0.0111054 -0.003
      vertex -0.0219512 0.0112371 -0.003
      vertex 0.0220092 0.0111054 -0.003
    endloop
  endfacet
  facet normal 0 0 -1
    outer loop
      vertex -0.0219512 0.0112371 -0.003
      vertex -0.021899 0.0113713 -0.003
      vertex 0.0220092 0.0111054 -0.003
    endloop
  endfacet
  facet normal 0 0 -1
    outer loop
      vertex 0.0220092 0.0111054 -0.003
      vertex -0.021899 0.0113713 -0.003
      vertex -0.0218527 0.0115077 -0.003
    endloop
  endfacet
  facet normal 0 0 -1
    outer loop
      vertex -0.0218527 0.0115077 -0.003
      vertex -0.0218124 0.0116459 -0.003
      vertex 0.0220092 0.0111054 -0.003
    endloop
  endfacet
  facet normal 0 0 -1
    outer loop
      vertex -0.0218124 0.0116459 -0.003
      vertex -0.0217782 0.0117857 -0.003
      vertex 0.0220092 0.0111054 -0.003
    endloop
  endfacet
  facet normal 0 0 -1
    outer loop
      vertex 0.0220092 0.0111054 -0.003
      vertex -0.0217782 0.0117857 -0.003
      vertex -0.0217501 0.011927 -0.003
    endloop
  endfacet
  facet normal 0 0 -1
    outer loop
      vertex -0.0282874 -0.0127876 -0.003
      vertex -0.0282718 -0.0129307 -0.003
      vertex -0.035 -0.02 -0.003
    endloop
  endfacet
  facet normal 0 0 -1
    outer loop
      vertex -0.0282718 -0.0129307 -0.003
      vertex -0.0282499 -0.013073 -0.003
      vertex -0.035 -0.02 -0.003
    endloop
  endfacet
  facet normal 0 0 -1
    outer loop
      vertex -0.035 -0.02 -0.003
      vertex -0.0282499 -0.013073 -0.003
      vertex -0.0282218 -0.0132143 -0.003
    endloop
  endfacet
  facet normal 0 0 -1
    outer loop
      vertex -0.0276181 -0.0145089 -0.003
      vertex -0.0275279 -0.0146212 -0.003
      vertex -0.035 -0.02 -0.003
    endloop
  endfacet
  facet normal 0 0 -1
    outer loop
      vertex -0.0275279 -0.0146212 -0.003
      vertex -0.027433 -0.0147294 -0.003
      vertex -0.035 -0.02 -0.003
    endloop
  endfacet
  facet normal 0 0 -1
    outer loop
      vertex -0.027433 -0.0147294 -0.003
      vertex -0.0273335 -0.0148335 -0.003
      vertex -0.035 -0.02 -0.003
    endloop
  endfacet
  facet normal 0 0 -1
    outer loop
      vertex -0.0273335 -0.0148335 -0.003
      vertex -0.0272294 -0.014933 -0.003
      vertex -0.035 -0.02 -0.003
    endloop
  endfacet
  facet normal 0 0 -1
    outer loop
      vertex -0.035 -0.02 -0.003
      vertex -0.0272294 -0.014933 -0.003
      vertex -0.0271212 -0.0150279 -0.003
    endloop
  endfacet
  facet normal 0 0 -1
    outer loop
      vertex -0.0218527 -0.0134923 -0.003
      vertex -0.0218124 -0.0133541 -0.003
      vertex 0.0220092 -0.0138946 -0.003
    endloop
  endfacet
  facet normal 0 0 -1
    outer loop
      vertex -0.0218124 -0.0133541 -0.003
      vertex -0.0217782 -0.0132143 -0.003
      vertex 0.0220092 -0.0138946 -0.003
    endloop
  endfacet
  facet normal 0 0 -1
    outer loop
      vertex 0.0220092 -0.0138946 -0.003
      vertex -0.0217782 -0.0132143 -0.003
      vertex -0.0217501 -0.013073 -0.003
    endloop
  endfacet
  facet normal 0 0 -1
    outer loop
      vertex -0.0282969 0.0123561 -0.003
      vertex -0.0282874 0.0122124 -0.003
      vertex -0.035 0.02 -0.003
    endloop
  endfacet
  facet normal 0 0 -1
    outer loop
      vertex -0.0282874 0.0122124 -0.003
      vertex -0.0282718 0.0120693 -0.003
      vertex -0.035 0.02 -0.003
    endloop
  endfacet
  facet normal 0 0 -1
    outer loop
      vertex 0.022567 -0.0147294 -0.003
      vertex 0.0226665 -0.0148335 -0.003
      vertex -0.035 -0.02 -0.003
    endloop
  endfacet
  facet normal 0 0 -1
    outer loop
      vertex -0.0242857 0.00927822 -0.003
      vertex -0.0241459 0.00931244 -0.003
      vertex 0.0220092 0.0111054 -0.003
    endloop
  endfacet
  facet normal 0 0 -1
    outer loop
      vertex -0.0241459 0.00931244 -0.003
      vertex -0.0240077 0.00935273 -0.003
      vertex 0.0220092 0.0111054 -0.003
    endloop
  endfacet
  facet normal 0 0 -1
    outer loop
      vertex 0.0220092 0.0111054 -0.003
      vertex -0.0240077 0.00935273 -0.003
      vertex -0.0238713 0.00939901 -0.003
    endloop
  endfacet
  facet normal 0 0 -1
    outer loop
      vertex 0.0217 0.0125 -0.003
      vertex 0.0217031 0.0123561 -0.003
      vertex -0.0217126 0.0122124 -0.003
    endloop
  endfacet
  facet normal 0 0 -1
    outer loop
      vertex 0.0217031 0.0123561 -0.003
      vertex 0.0217126 0.0122124 -0.003
      vertex -0.0217126 0.0122124 -0.003
    endloop
  endfacet
  facet normal 0 0 -1
    outer loop
      vertex 0.0217126 0.0122124 -0.003
      vertex 0.0217282 0.0120693 -0.003
      vertex -0.0217126 0.0122124 -0.003
    endloop
  endfacet
  facet normal 0 0 -1
    outer loop
      vertex -0.0217126 0.0122124 -0.003
      vertex 0.0217282 0.0120693 -0.003
      vertex 0.0217501 0.011927 -0.003
    endloop
  endfacet
  facet normal 0 0 -1
    outer loop
      vertex 0.0218527 0.0115077 -0.003
      vertex 0.021899 0.0113713 -0.003
      vertex -0.0217126 0.0122124 -0.003
    endloop
  endfacet
  facet normal 0 0 -1
    outer loop
      vertex -0.0282218 -0.0132143 -0.003
      vertex -0.0281876 -0.0133541 -0.003
      vertex -0.035 -0.02 -0.003
    endloop
  endfacet
  facet normal 0 0 -1
    outer loop
      vertex -0.0281876 -0.0133541 -0.003
      vertex -0.0281473 -0.0134923 -0.003
      vertex -0.035 -0.02 -0.003
    endloop
  endfacet
  facet normal 0 0 -1
    outer loop
      vertex -0.035 -0.02 -0.003
      vertex -0.0281473 -0.0134923 -0.003
      vertex -0.028101 -0.0136287 -0.003
    endloop
  endfacet
  facet normal 0 0 -1
    outer loop
      vertex -0.0280488 0.0112371 -0.003
      vertex -0.035 -0.02 -0.003
      vertex -0.028101 0.0113713 -0.003
    endloop
  endfacet
  facet normal 0 0 -1
    outer loop
      vertex -0.035 -0.02 -0.003
      vertex -0.0281473 0.0115077 -0.003
      vertex -0.028101 0.0113713 -0.003
    endloop
  endfacet
  facet normal 0 0 -1
    outer loop
      vertex 0.0281473 -0.0134923 -0.003
      vertex 0.0281876 -0.0133541 -0.003
      vertex 0.035 -0.02 -0.003
    endloop
  endfacet
  facet normal 0 0 -1
    outer loop
      vertex -0.0276181 -0.0104911 -0.003
      vertex -0.0277032 -0.0106072 -0.003
      vertex -0.0271212 0.00997205 -0.003
    endloop
  endfacet
  facet normal 0 0 -1
    outer loop
      vertex -0.0217501 0.011927 -0.003
      vertex -0.0217282 0.0120693 -0.003
      vertex 0.0220092 0.0111054 -0.003
    endloop
  endfacet
  facet normal 0 0 -1
    outer loop
      vertex -0.0217282 0.0120693 -0.003
      vertex -0.0217126 0.0122124 -0.003
      vertex 0.0220092 0.0111054 -0.003
    endloop
  endfacet
  facet normal 0 0 -1
    outer loop
      vertex 0.0220092 0.0111054 -0.003
      vertex -0.0217126 0.0122124 -0.003
      vertex 0.0219512 0.0112371 -0.003
    endloop
  endfacet
  facet normal 0 0 -1
    outer loop
      vertex -0.0217126 0.0122124 -0.003
      vertex 0.021899 0.0113713 -0.003
      vertex 0.0219512 0.0112371 -0.003
    endloop
  endfacet
  facet normal 0 0 -1
    outer loop
      vertex -0.0280488 -0.0137629 -0.003
      vertex -0.0279908 -0.0138946 -0.003
      vertex -0.035 -0.02 -0.003
    endloop
  endfacet
  facet normal 0 0 -1
    outer loop
      vertex -0.0279908 -0.0138946 -0.003
      vertex -0.0279271 -0.0140238 -0.003
      vertex -0.035 -0.02 -0.003
    endloop
  endfacet
  facet normal 0 0 -1
    outer loop
      vertex -0.035 -0.02 -0.003
      vertex -0.0279271 -0.0140238 -0.003
      vertex -0.0278579 -0.01415 -0.003
    endloop
  endfacet
  facet normal 0 0 -1
    outer loop
      vertex -0.0278579 -0.01415 -0.003
      vertex -0.0277832 -0.0142731 -0.003
      vertex -0.035 -0.02 -0.003
    endloop
  endfacet
  facet normal 0 0 -1
    outer loop
      vertex -0.0277832 -0.0142731 -0.003
      vertex -0.0277032 -0.0143928 -0.003
      vertex -0.035 -0.02 -0.003
    endloop
  endfacet
  facet normal 0 0 -1
    outer loop
      vertex -0.035 -0.02 -0.003
      vertex -0.0277032 -0.0143928 -0.003
      vertex -0.0276181 -0.0145089 -0.003
    endloop
  endfacet
  facet normal 0 0 -1
    outer loop
      vertex -0.0221421 0.01415 -0.003
      vertex -0.0222168 0.0142731 -0.003
      vertex 0.035 0.02 -0.003
    endloop
  endfacet
  facet normal 0 0 -1
    outer loop
      vertex -0.0222168 0.0142731 -0.003
      vertex -0.0222968 0.0143928 -0.003
      vertex 0.035 0.02 -0.003
    endloop
  endfacet
  facet normal 0 0 -1
    outer loop
      vertex 0.035 0.02 -0.003
      vertex -0.0222968 0.0143928 -0.003
      vertex -0.0223819 0.0145089 -0.003
    endloop
  endfacet
  facet normal 0 0 -1
    outer loop
      vertex -0.0271212 -0.0150279 -0.003
      vertex -0.0270089 -0.0151181 -0.003
      vertex -0.035 -0.02 -0.003
    endloop
  endfacet
  facet normal 0 0 -1
    outer loop
      vertex -0.0270089 -0.0151181 -0.003
      vertex -0.0268928 -0.0152032 -0.003
      vertex -0.035 -0.02 -0.003
    endloop
  endfacet
  facet normal 0 0 -1
    outer loop
      vertex -0.035 -0.02 -0.003
      vertex -0.0268928 -0.0152032 -0.003
      vertex -0.0267731 -0.0152832 -0.003
    endloop
  endfacet
  facet normal 0 0 -1
    outer loop
      vertex -0.035 -0.02 -0.003
      vertex -0.0263946 -0.0154908 -0.003
      vertex -0.0262629 -0.0155488 -0.003
    endloop
  endfacet
  facet normal 0 0 -1
    outer loop
      vertex -0.0220729 -0.0140238 -0.003
      vertex -0.0220092 -0.0138946 -0.003
      vertex 0.0220092 -0.0138946 -0.003
    endloop
  endfacet
  facet normal 0 0 -1
    outer loop
      vertex -0.0220092 -0.0138946 -0.003
      vertex -0.0219512 -0.0137629 -0.003
      vertex 0.0220092 -0.0138946 -0.003
    endloop
  endfacet
  facet normal 0 0 -1
    outer loop
      vertex 0.0220092 -0.0138946 -0.003
      vertex -0.0219512 -0.0137629 -0.003
      vertex -0.021899 -0.0136287 -0.003
    endloop
  endfacet
  facet normal 0 0 -1
    outer loop
      vertex 0.0217 -0.0125 -0.003
      vertex 0.0217031 -0.0126439 -0.003
      vertex -0.0217126 -0.0127876 -0.003
    endloop
  endfacet
  facet normal 0 0 -1
    outer loop
      vertex 0.0217031 -0.0126439 -0.003
      vertex 0.0217126 -0.0127876 -0.003
      vertex -0.0217126 -0.0127876 -0.003
    endloop
  endfacet
  facet normal 0 0 -1
    outer loop
      vertex 0.0217126 -0.0127876 -0.003
      vertex 0.0217282 -0.0129307 -0.003
      vertex -0.0217126 -0.0127876 -0.003
    endloop
  endfacet
  facet normal 0 0 -1
    outer loop
      vertex -0.0217126 -0.0127876 -0.003
      vertex 0.0217282 -0.0129307 -0.003
      vertex 0.0217501 -0.013073 -0.003
    endloop
  endfacet
  facet normal 0 0 -1
    outer loop
      vertex 0.0218527 -0.0134923 -0.003
      vertex 0.021899 -0.0136287 -0.003
      vertex -0.0217126 -0.0127876 -0.003
    endloop
  endfacet
  facet normal 0 0 -1
    outer loop
      vertex -0.0282718 0.0120693 -0.003
      vertex -0.0282499 0.011927 -0.003
      vertex -0.035 0.02 -0.003
    endloop
  endfacet
  facet normal 0 0 -1
    outer loop
      vertex -0.0282499 0.011927 -0.003
      vertex -0.0282218 0.0117857 -0.003
      vertex -0.035 0.02 -0.003
    endloop
  endfacet
  facet normal 0 0 -1
    outer loop
      vertex -0.035 0.02 -0.003
      vertex -0.0282218 0.0117857 -0.003
      vertex -0.035 -0.02 -0.003
    endloop
  endfacet
  facet normal 0 0 -1
    outer loop
      vertex -0.0282218 0.0117857 -0.003
      vertex -0.0281876 0.0116459 -0.003
      vertex -0.035 -0.02 -0.003
    endloop
  endfacet
  facet normal 0 0 -1
    outer loop
      vertex -0.035 -0.02 -0.003
      vertex -0.0281876 0.0116459 -0.003
      vertex -0.0281473 0.0115077 -0.003
    endloop
  endfacet
  facet normal 0 0 -1
    outer loop
      vertex 0.0222168 -0.0142731 -0.003
      vertex 0.0222968 -0.0143928 -0.003
      vertex -0.035 -0.02 -0.003
    endloop
  endfacet
  facet normal 0 0 -1
    outer loop
      vertex 0.0222968 -0.0143928 -0.003
      vertex 0.0223819 -0.0145089 -0.003
      vertex -0.035 -0.02 -0.003
    endloop
  endfacet
  facet normal 0 0 -1
    outer loop
      vertex 0.0223819 -0.0145089 -0.003
      vertex 0.0224721 -0.0146212 -0.003
      vertex -0.035 -0.02 -0.003
    endloop
  endfacet
  facet normal 0 0 -1
    outer loop
      vertex -0.035 -0.02 -0.003
      vertex 0.0224721 -0.0146212 -0.003
      vertex 0.022567 -0.0147294 -0.003
    endloop
  endfacet
  facet normal 0 0 -1
    outer loop
      vertex 0.0226665 -0.0148335 -0.003
      vertex 0.0227706 -0.014933 -0.003
      vertex -0.035 -0.02 -0.003
    endloop
  endfacet
  facet normal 0 0 -1
    outer loop
      vertex 0.0227706 -0.014933 -0.003
      vertex 0.0228788 -0.0150279 -0.003
      vertex -0.035 -0.02 -0.003
    endloop
  endfacet
  facet normal 0 0 -1
    outer loop
      vertex -0.035 -0.02 -0.003
      vertex 0.0228788 -0.0150279 -0.003
      vertex 0.0229911 -0.0151181 -0.003
    endloop
  endfacet
  facet normal 0 0 -1
    outer loop
      vertex -0.0271212 0.00997205 -0.003
      vertex -0.0277032 -0.0106072 -0.003
      vertex -0.0272294 0.010067 -0.003
    endloop
  endfacet
  facet normal 0 0 -1
    outer loop
      vertex -0.0282718 -0.0120693 -0.003
      vertex -0.0282874 -0.0122124 -0.003
      vertex -0.035 -0.02 -0.003
    endloop
  endfacet
  facet normal 0 0 -1
    outer loop
      vertex 0.035 -0.02 -0.003
      vertex 0.028101 0.0113713 -0.003
      vertex 0.035 0.02 -0.003
    endloop
  endfacet
  facet normal 0 0 -1
    outer loop
      vertex 0.028101 0.0113713 -0.003
      vertex 0.0281473 0.0115077 -0.003
      vertex 0.035 0.02 -0.003
    endloop
  endfacet
  facet normal 0 0 -1
    outer loop
      vertex 0.035 0.02 -0.003
      vertex 0.0281473 0.0115077 -0.003
      vertex 0.0281876 0.0116459 -0.003
    endloop
  endfacet
  facet normal 0 0 -1
    outer loop
      vertex -0.0226665 0.0148335 -0.003
      vertex -0.0227706 0.014933 -0.003
      vertex 0.035 0.02 -0.003
    endloop
  endfacet
  facet normal 0 0 -1
    outer loop
      vertex -0.0227706 0.014933 -0.003
      vertex -0.0228788 0.0150279 -0.003
      vertex 0.035 0.02 -0.003
    endloop
  endfacet
  facet normal 0 0 -1
    outer loop
      vertex 0.035 0.02 -0.003
      vertex -0.0228788 0.0150279 -0.003
      vertex -0.0229911 0.0151181 -0.003
    endloop
  endfacet
  facet normal 0 0 -1
    outer loop
      vertex 0.0217501 0.011927 -0.003
      vertex 0.0217782 0.0117857 -0.003
      vertex -0.0217126 0.0122124 -0.003
    endloop
  endfacet
  facet normal 0 0 -1
    outer loop
      vertex 0.0217782 0.0117857 -0.003
      vertex 0.0218124 0.0116459 -0.003
      vertex -0.0217126 0.0122124 -0.003
    endloop
  endfacet
  facet normal 0 0 -1
    outer loop
      vertex -0.0217126 0.0122124 -0.003
      vertex 0.0218124 0.0116459 -0.003
      vertex 0.0218527 0.0115077 -0.003
    endloop
  endfacet
  facet normal 0 0 -1
    outer loop
      vertex -0.0267731 -0.0152832 -0.003
      vertex -0.02665 -0.0153579 -0.003
      vertex -0.035 -0.02 -0.003
    endloop
  endfacet
  facet normal 0 0 -1
    outer loop
      vertex -0.02665 -0.0153579 -0.003
      vertex -0.0265238 -0.0154271 -0.003
      vertex -0.035 -0.02 -0.003
    endloop
  endfacet
  facet normal 0 0 -1
    outer loop
      vertex -0.035 -0.02 -0.003
      vertex -0.0265238 -0.0154271 -0.003
      vertex -0.0263946 -0.0154908 -0.003
    endloop
  endfacet
  facet normal 0 0 -1
    outer loop
      vertex -0.0217501 -0.013073 -0.003
      vertex -0.0217282 -0.0129307 -0.003
      vertex 0.0220092 -0.0138946 -0.003
    endloop
  endfacet
  facet normal 0 0 -1
    outer loop
      vertex -0.0217282 -0.0129307 -0.003
      vertex -0.0217126 -0.0127876 -0.003
      vertex 0.0220092 -0.0138946 -0.003
    endloop
  endfacet
  facet normal 0 0 -1
    outer loop
      vertex 0.0220092 -0.0138946 -0.003
      vertex -0.0217126 -0.0127876 -0.003
      vertex 0.0219512 -0.0137629 -0.003
    endloop
  endfacet
  facet normal 0 0 -1
    outer loop
      vertex -0.0217126 -0.0127876 -0.003
      vertex 0.021899 -0.0136287 -0.003
      vertex 0.0219512 -0.0137629 -0.003
    endloop
  endfacet
  facet normal 0 0 -1
    outer loop
      vertex 0.0223819 0.0104911 -0.003
      vertex 0.0224721 0.0103788 -0.003
      vertex -0.0248561 0.00920314 -0.003
    endloop
  endfacet
  facet normal 0 0 -1
    outer loop
      vertex 0.0224721 0.0103788 -0.003
      vertex 0.022567 0.0102706 -0.003
      vertex -0.0248561 0.00920314 -0.003
    endloop
  endfacet
  facet normal 0 0 -1
    outer loop
      vertex -0.0282874 -0.0122124 -0.003
      vertex -0.0282969 -0.0123561 -0.003
      vertex -0.035 -0.02 -0.003
    endloop
  endfacet
  facet normal 0 0 -1
    outer loop
      vertex -0.0282969 -0.0123561 -0.003
      vertex -0.0283 -0.0125 -0.003
      vertex -0.035 -0.02 -0.003
    endloop
  endfacet
  facet normal 0 0 -1
    outer loop
      vertex -0.035 -0.02 -0.003
      vertex -0.0283 -0.0125 -0.003
      vertex -0.0282969 -0.0126439 -0.003
    endloop
  endfacet
  facet normal 0 0 -1
    outer loop
      vertex 0.0223819 0.0145089 -0.003
      vertex 0.0222968 0.0143928 -0.003
      vertex -0.0221421 0.01415 -0.003
    endloop
  endfacet
  facet normal 0 0 -1
    outer loop
      vertex 0.0222968 0.0143928 -0.003
      vertex 0.0222168 0.0142731 -0.003
      vertex -0.0221421 0.01415 -0.003
    endloop
  endfacet
  facet normal 0 0 -1
    outer loop
      vertex -0.0219512 0.0137629 -0.003
      vertex 0.0217501 0.013073 -0.003
      vertex -0.021899 0.0136287 -0.003
    endloop
  endfacet
  facet normal 0 0 -1
    outer loop
      vertex 0.0217501 0.013073 -0.003
      vertex -0.0218527 0.0134923 -0.003
      vertex -0.021899 0.0136287 -0.003
    endloop
  endfacet
  facet normal 0 0 -1
    outer loop
      vertex -0.0229911 0.0151181 -0.003
      vertex -0.0231072 0.0152032 -0.003
      vertex 0.035 0.02 -0.003
    endloop
  endfacet
  facet normal 0 0 -1
    outer loop
      vertex -0.0231072 0.0152032 -0.003
      vertex -0.0232269 0.0152832 -0.003
      vertex 0.035 0.02 -0.003
    endloop
  endfacet
  facet normal 0 0 -1
    outer loop
      vertex 0.035 0.02 -0.003
      vertex -0.0232269 0.0152832 -0.003
      vertex -0.02335 0.0153579 -0.003
    endloop
  endfacet
  facet normal 0 0 -1
    outer loop
      vertex -0.0262629 -0.0155488 -0.003
      vertex -0.0261287 -0.015601 -0.003
      vertex -0.035 -0.02 -0.003
    endloop
  endfacet
  facet normal 0 0 -1
    outer loop
      vertex -0.0261287 -0.015601 -0.003
      vertex -0.0259923 -0.0156473 -0.003
      vertex -0.035 -0.02 -0.003
    endloop
  endfacet
  facet normal 0 0 -1
    outer loop
      vertex -0.035 -0.02 -0.003
      vertex -0.0259923 -0.0156473 -0.003
      vertex -0.0258541 -0.0156876 -0.003
    endloop
  endfacet
  facet normal 0 0 -1
    outer loop
      vertex 0.0220092 -0.0138946 -0.003
      vertex 0.0220729 -0.0140238 -0.003
      vertex -0.035 -0.02 -0.003
    endloop
  endfacet
  facet normal 0 0 -1
    outer loop
      vertex 0.0220729 -0.0140238 -0.003
      vertex 0.0221421 -0.01415 -0.003
      vertex -0.035 -0.02 -0.003
    endloop
  endfacet
  facet normal 0 0 -1
    outer loop
      vertex -0.035 -0.02 -0.003
      vertex 0.0221421 -0.01415 -0.003
      vertex 0.0222168 -0.0142731 -0.003
    endloop
  endfacet
  facet normal 0 0 -1
    outer loop
      vertex 0.0229911 -0.0151181 -0.003
      vertex 0.0231072 -0.0152032 -0.003
      vertex -0.035 -0.02 -0.003
    endloop
  endfacet
  facet normal 0 0 -1
    outer loop
      vertex 0.0231072 -0.0152032 -0.003
      vertex 0.0232269 -0.0152832 -0.003
      vertex -0.035 -0.02 -0.003
    endloop
  endfacet
  facet normal 0 0 -1
    outer loop
      vertex -0.035 -0.02 -0.003
      vertex 0.0232269 -0.0152832 -0.003
      vertex 0.02335 -0.0153579 -0.003
    endloop
  endfacet
  facet normal 0 0 -1
    outer loop
      vertex 0.02335 -0.0153579 -0.003
      vertex 0.0234762 -0.0154271 -0.003
      vertex -0.035 -0.02 -0.003
    endloop
  endfacet
  facet normal 0 0 -1
    outer loop
      vertex 0.0234762 -0.0154271 -0.003
      vertex 0.0236054 -0.0154908 -0.003
      vertex -0.035 -0.02 -0.003
    endloop
  endfacet
  facet normal 0 0 -1
    outer loop
      vertex -0.035 -0.02 -0.003
      vertex 0.0236054 -0.0154908 -0.003
      vertex 0.0237371 -0.0155488 -0.003
    endloop
  endfacet
  facet normal 0 0 -1
    outer loop
      vertex 0.0254307 -0.0157718 -0.003
      vertex 0.025573 -0.0157499 -0.003
      vertex 0.035 -0.02 -0.003
    endloop
  endfacet
  facet normal 0 0 -1
    outer loop
      vertex 0.0279908 -0.0138946 -0.003
      vertex 0.0280488 -0.0137629 -0.003
      vertex 0.035 -0.02 -0.003
    endloop
  endfacet
  facet normal 0 0 -1
    outer loop
      vertex 0.0280488 -0.0137629 -0.003
      vertex 0.028101 -0.0136287 -0.003
      vertex 0.035 -0.02 -0.003
    endloop
  endfacet
  facet normal 0 0 -1
    outer loop
      vertex 0.035 -0.02 -0.003
      vertex 0.028101 -0.0136287 -0.003
      vertex 0.0281473 -0.0134923 -0.003
    endloop
  endfacet
  facet normal 0 0 -1
    outer loop
      vertex -0.0277032 -0.0106072 -0.003
      vertex -0.0278579 0.01085 -0.003
      vertex -0.0277832 0.0107269 -0.003
    endloop
  endfacet
  facet normal 0 0 -1
    outer loop
      vertex -0.0277832 0.0107269 -0.003
      vertex -0.0277032 0.0106072 -0.003
      vertex -0.0277032 -0.0106072 -0.003
    endloop
  endfacet
  facet normal 0 0 -1
    outer loop
      vertex -0.0277032 0.0106072 -0.003
      vertex -0.0276181 0.0104911 -0.003
      vertex -0.0277032 -0.0106072 -0.003
    endloop
  endfacet
  facet normal 0 0 -1
    outer loop
      vertex -0.0277032 -0.0106072 -0.003
      vertex -0.0276181 0.0104911 -0.003
      vertex -0.0275279 0.0103788 -0.003
    endloop
  endfacet
  facet normal 0 0 -1
    outer loop
      vertex -0.0275279 0.0103788 -0.003
      vertex -0.027433 0.0102706 -0.003
      vertex -0.0277032 -0.0106072 -0.003
    endloop
  endfacet
  facet normal 0 0 -1
    outer loop
      vertex -0.027433 0.0102706 -0.003
      vertex -0.0273335 0.0101665 -0.003
      vertex -0.0277032 -0.0106072 -0.003
    endloop
  endfacet
  facet normal 0 0 -1
    outer loop
      vertex -0.0277032 -0.0106072 -0.003
      vertex -0.0273335 0.0101665 -0.003
      vertex -0.0272294 0.010067 -0.003
    endloop
  endfacet
  facet normal 0 0 -1
    outer loop
      vertex -0.0280488 0.0112371 -0.003
      vertex -0.0277032 -0.0106072 -0.003
      vertex -0.0277832 -0.0107269 -0.003
    endloop
  endfacet
  facet normal 0 0 -1
    outer loop
      vertex 0.0234762 0.0154271 -0.003
      vertex 0.02335 0.0153579 -0.003
      vertex -0.0221421 0.01415 -0.003
    endloop
  endfacet
  facet normal 0 0 -1
    outer loop
      vertex 0.0222168 0.0142731 -0.003
      vertex 0.0221421 0.01415 -0.003
      vertex -0.0221421 0.01415 -0.003
    endloop
  endfacet
  facet normal 0 0 -1
    outer loop
      vertex 0.0221421 0.01415 -0.003
      vertex 0.0220729 0.0140238 -0.003
      vertex -0.0221421 0.01415 -0.003
    endloop
  endfacet
  facet normal 0 0 -1
    outer loop
      vertex -0.0221421 0.01415 -0.003
      vertex 0.0220729 0.0140238 -0.003
      vertex 0.0220092 0.0138946 -0.003
    endloop
  endfacet
  facet normal 0 0 -1
    outer loop
      vertex 0.0220092 0.0138946 -0.003
      vertex 0.0219512 0.0137629 -0.003
      vertex -0.0221421 0.01415 -0.003
    endloop
  endfacet
  facet normal 0 0 -1
    outer loop
      vertex 0.0219512 0.0137629 -0.003
      vertex 0.021899 0.0136287 -0.003
      vertex -0.0221421 0.01415 -0.003
    endloop
  endfacet
  facet normal 0 0 -1
    outer loop
      vertex -0.0221421 0.01415 -0.003
      vertex 0.021899 0.0136287 -0.003
      vertex 0.0218527 0.0134923 -0.003
    endloop
  endfacet
  facet normal 0 0 -1
    outer loop
      vertex 0.0218527 0.0134923 -0.003
      vertex 0.0218124 0.0133541 -0.003
      vertex -0.0221421 0.01415 -0.003
    endloop
  endfacet
  facet normal 0 0 -1
    outer loop
      vertex 0.0218124 0.0133541 -0.003
      vertex 0.0217782 0.0132143 -0.003
      vertex -0.0221421 0.01415 -0.003
    endloop
  endfacet
  facet normal 0 0 -1
    outer loop
      vertex -0.0221421 0.01415 -0.003
      vertex 0.0217782 0.0132143 -0.003
      vertex 0.0217501 0.013073 -0.003
    endloop
  endfacet
  facet normal 0 0 -1
    outer loop
      vertex -0.0217501 0.013073 -0.003
      vertex -0.0217782 0.0132143 -0.003
      vertex 0.0217501 0.013073 -0.003
    endloop
  endfacet
  facet normal 0 0 -1
    outer loop
      vertex -0.0217782 0.0132143 -0.003
      vertex -0.0218124 0.0133541 -0.003
      vertex 0.0217501 0.013073 -0.003
    endloop
  endfacet
  facet normal 0 0 -1
    outer loop
      vertex 0.0217501 0.013073 -0.003
      vertex -0.0218124 0.0133541 -0.003
      vertex -0.0218527 0.0134923 -0.003
    endloop
  endfacet
  facet normal 0 0 -1
    outer loop
      vertex -0.0219512 0.0137629 -0.003
      vertex -0.0220092 0.0138946 -0.003
      vertex 0.0217501 0.013073 -0.003
    endloop
  endfacet
  facet normal 0 0 -1
    outer loop
      vertex -0.0220092 0.0138946 -0.003
      vertex -0.0220729 0.0140238 -0.003
      vertex 0.0217501 0.013073 -0.003
    endloop
  endfacet
  facet normal 0 0 -1
    outer loop
      vertex 0.0217501 0.013073 -0.003
      vertex -0.0220729 0.0140238 -0.003
      vertex -0.0221421 0.01415 -0.003
    endloop
  endfacet
  facet normal 0 0 -1
    outer loop
      vertex -0.0223819 0.0145089 -0.003
      vertex -0.0224721 0.0146212 -0.003
      vertex 0.035 0.02 -0.003
    endloop
  endfacet
  facet normal 0 0 -1
    outer loop
      vertex -0.0224721 0.0146212 -0.003
      vertex -0.022567 0.0147294 -0.003
      vertex 0.035 0.02 -0.003
    endloop
  endfacet
  facet normal 0 0 -1
    outer loop
      vertex 0.035 0.02 -0.003
      vertex -0.022567 0.0147294 -0.003
      vertex -0.0226665 0.0148335 -0.003
    endloop
  endfacet
  facet normal 0 0 -1
    outer loop
      vertex -0.0258541 -0.0156876 -0.003
      vertex -0.0257143 -0.0157218 -0.003
      vertex -0.035 -0.02 -0.003
    endloop
  endfacet
  facet normal 0 0 -1
    outer loop
      vertex -0.0257143 -0.0157218 -0.003
      vertex -0.025573 -0.0157499 -0.003
      vertex -0.035 -0.02 -0.003
    endloop
  endfacet
  facet normal 0 0 -1
    outer loop
      vertex -0.035 -0.02 -0.003
      vertex -0.025573 -0.0157499 -0.003
      vertex -0.0254307 -0.0157718 -0.003
    endloop
  endfacet
  facet normal 0 0 -1
    outer loop
      vertex -0.0254307 -0.0157718 -0.003
      vertex -0.0252876 -0.0157874 -0.003
      vertex -0.035 -0.02 -0.003
    endloop
  endfacet
  facet normal 0 0 -1
    outer loop
      vertex -0.0252876 -0.0157874 -0.003
      vertex -0.0251439 -0.0157969 -0.003
      vertex -0.035 -0.02 -0.003
    endloop
  endfacet
  facet normal 0 0 -1
    outer loop
      vertex -0.035 -0.02 -0.003
      vertex -0.0251439 -0.0157969 -0.003
      vertex -0.025 -0.0158 -0.003
    endloop
  endfacet
  facet normal 0 0 -1
    outer loop
      vertex -0.025 -0.0158 -0.003
      vertex -0.0248561 -0.0157969 -0.003
      vertex -0.035 -0.02 -0.003
    endloop
  endfacet
  facet normal 0 0 -1
    outer loop
      vertex -0.0248561 -0.0157969 -0.003
      vertex -0.0247124 -0.0157874 -0.003
      vertex -0.035 -0.02 -0.003
    endloop
  endfacet
  facet normal 0 0 -1
    outer loop
      vertex -0.035 -0.02 -0.003
      vertex -0.0247124 -0.0157874 -0.003
      vertex -0.0245693 -0.0157718 -0.003
    endloop
  endfacet
  facet normal 0 0 -1
    outer loop
      vertex 0.0217501 -0.013073 -0.003
      vertex 0.0217782 -0.0132143 -0.003
      vertex -0.0217126 -0.0127876 -0.003
    endloop
  endfacet
  facet normal 0 0 -1
    outer loop
      vertex 0.0217782 -0.0132143 -0.003
      vertex 0.0218124 -0.0133541 -0.003
      vertex -0.0217126 -0.0127876 -0.003
    endloop
  endfacet
  facet normal 0 0 -1
    outer loop
      vertex -0.0217126 -0.0127876 -0.003
      vertex 0.0218124 -0.0133541 -0.003
      vertex 0.0218527 -0.0134923 -0.003
    endloop
  endfacet
  facet normal 0 0 -1
    outer loop
      vertex -0.0247124 0.00921256 -0.003
      vertex 0.0220092 0.0111054 -0.003
      vertex -0.0248561 0.00920314 -0.003
    endloop
  endfacet
  facet normal 0 0 -1
    outer loop
      vertex 0.0220092 0.0111054 -0.003
      vertex 0.0220729 0.0109762 -0.003
      vertex -0.0248561 0.00920314 -0.003
    endloop
  endfacet
  facet normal 0 0 -1
    outer loop
      vertex -0.0248561 0.00920314 -0.003
      vertex 0.0220729 0.0109762 -0.003
      vertex 0.0221421 0.01085 -0.003
    endloop
  endfacet
  facet normal 0 0 -1
    outer loop
      vertex 0.0221421 0.01085 -0.003
      vertex 0.0222168 0.0107269 -0.003
      vertex -0.0248561 0.00920314 -0.003
    endloop
  endfacet
  facet normal 0 0 -1
    outer loop
      vertex 0.0222168 0.0107269 -0.003
      vertex 0.0222968 0.0106072 -0.003
      vertex -0.0248561 0.00920314 -0.003
    endloop
  endfacet
  facet normal 0 0 -1
    outer loop
      vertex -0.0248561 0.00920314 -0.003
      vertex 0.0222968 0.0106072 -0.003
      vertex 0.0223819 0.0104911 -0.003
    endloop
  endfacet
  facet normal 0 0 -1
    outer loop
      vertex 0.022567 0.0102706 -0.003
      vertex 0.0226665 0.0101665 -0.003
      vertex -0.0248561 0.00920314 -0.003
    endloop
  endfacet
  facet normal 0 0 -1
    outer loop
      vertex 0.0226665 0.0101665 -0.003
      vertex 0.0227706 0.010067 -0.003
      vertex -0.0248561 0.00920314 -0.003
    endloop
  endfacet
  facet normal 0 0 -1
    outer loop
      vertex -0.0248561 0.00920314 -0.003
      vertex 0.0227706 0.010067 -0.003
      vertex -0.025 0.0092 -0.003
    endloop
  endfacet
  facet normal 0 0 -1
    outer loop
      vertex 0.0222968 -0.0106072 -0.003
      vertex 0.0228788 0.00997205 -0.003
      vertex 0.0229911 0.00988193 -0.003
    endloop
  endfacet
  facet normal 0 0 -1
    outer loop
      vertex -0.0280488 0.0112371 -0.003
      vertex -0.0279908 0.0111054 -0.003
      vertex -0.0277032 -0.0106072 -0.003
    endloop
  endfacet
  facet normal 0 0 -1
    outer loop
      vertex -0.0279908 0.0111054 -0.003
      vertex -0.0279271 0.0109762 -0.003
      vertex -0.0277032 -0.0106072 -0.003
    endloop
  endfacet
  facet normal 0 0 -1
    outer loop
      vertex -0.0277032 -0.0106072 -0.003
      vertex -0.0279271 0.0109762 -0.003
      vertex -0.0278579 0.01085 -0.003
    endloop
  endfacet
  facet normal 0 0 -1
    outer loop
      vertex -0.0277832 -0.0107269 -0.003
      vertex -0.0278579 -0.01085 -0.003
      vertex -0.0280488 0.0112371 -0.003
    endloop
  endfacet
  facet normal 0 0 -1
    outer loop
      vertex -0.0278579 -0.01085 -0.003
      vertex -0.0279271 -0.0109762 -0.003
      vertex -0.0280488 0.0112371 -0.003
    endloop
  endfacet
  facet normal 0 0 -1
    outer loop
      vertex -0.0280488 0.0112371 -0.003
      vertex -0.0279271 -0.0109762 -0.003
      vertex -0.0279908 -0.0111054 -0.003
    endloop
  endfacet
  facet normal 0 0 -1
    outer loop
      vertex -0.0279908 -0.0111054 -0.003
      vertex -0.0280488 -0.0112371 -0.003
      vertex -0.0280488 0.0112371 -0.003
    endloop
  endfacet
  facet normal 0 0 -1
    outer loop
      vertex -0.0280488 -0.0112371 -0.003
      vertex -0.028101 -0.0113713 -0.003
      vertex -0.0280488 0.0112371 -0.003
    endloop
  endfacet
  facet normal 0 0 -1
    outer loop
      vertex -0.0280488 0.0112371 -0.003
      vertex -0.028101 -0.0113713 -0.003
      vertex -0.035 -0.02 -0.003
    endloop
  endfacet
  facet normal 0 0 -1
    outer loop
      vertex -0.028101 -0.0113713 -0.003
      vertex -0.0281473 -0.0115077 -0.003
      vertex -0.035 -0.02 -0.003
    endloop
  endfacet
  facet normal 0 0 -1
    outer loop
      vertex -0.035 -0.02 -0.003
      vertex -0.0281473 -0.0115077 -0.003
      vertex -0.0281876 -0.0116459 -0.003
    endloop
  endfacet
  facet normal 0 0 -1
    outer loop
      vertex 0.0234762 0.0154271 -0.003
      vertex -0.0221421 0.01415 -0.003
      vertex 0.0236054 0.0154908 -0.003
    endloop
  endfacet
  facet normal 0 0 -1
    outer loop
      vertex 0.0229911 0.0151181 -0.003
      vertex 0.0228788 0.0150279 -0.003
      vertex -0.0221421 0.01415 -0.003
    endloop
  endfacet
  facet normal 0 0 -1
    outer loop
      vertex 0.0228788 0.0150279 -0.003
      vertex 0.0227706 0.014933 -0.003
      vertex -0.0221421 0.01415 -0.003
    endloop
  endfacet
  facet normal 0 0 -1
    outer loop
      vertex -0.0221421 0.01415 -0.003
      vertex 0.0227706 0.014933 -0.003
      vertex 0.0226665 0.0148335 -0.003
    endloop
  endfacet
  facet normal 0 0 -1
    outer loop
      vertex 0.0226665 0.0148335 -0.003
      vertex 0.022567 0.0147294 -0.003
      vertex -0.0221421 0.01415 -0.003
    endloop
  endfacet
  facet normal 0 0 -1
    outer loop
      vertex 0.022567 0.0147294 -0.003
      vertex 0.0224721 0.0146212 -0.003
      vertex -0.0221421 0.01415 -0.003
    endloop
  endfacet
  facet normal 0 0 -1
    outer loop
      vertex -0.0221421 0.01415 -0.003
      vertex 0.0224721 0.0146212 -0.003
      vertex 0.0223819 0.0145089 -0.003
    endloop
  endfacet
  facet normal 0 0 -1
    outer loop
      vertex -0.0217126 0.0122124 -0.003
      vertex -0.0217031 0.0123561 -0.003
      vertex 0.0217 0.0125 -0.003
    endloop
  endfacet
  facet normal 0 0 -1
    outer loop
      vertex -0.0217031 0.0123561 -0.003
      vertex -0.0217 0.0125 -0.003
      vertex 0.0217 0.0125 -0.003
    endloop
  endfacet
  facet normal 0 0 -1
    outer loop
      vertex 0.0217 0.0125 -0.003
      vertex -0.0217 0.0125 -0.003
      vertex 0.0217031 0.0126439 -0.003
    endloop
  endfacet
  facet normal 0 0 -1
    outer loop
      vertex 0.0217501 0.013073 -0.003
      vertex 0.0217282 0.0129307 -0.003
      vertex -0.0217501 0.013073 -0.003
    endloop
  endfacet
  facet normal 0 0 -1
    outer loop
      vertex 0.0217282 0.0129307 -0.003
      vertex 0.0217126 0.0127876 -0.003
      vertex -0.0217501 0.013073 -0.003
    endloop
  endfacet
  facet normal 0 0 -1
    outer loop
      vertex -0.0217501 0.013073 -0.003
      vertex 0.0217126 0.0127876 -0.003
      vertex -0.0217282 0.0129307 -0.003
    endloop
  endfacet
  facet normal 0 0 -1
    outer loop
      vertex 0.0217126 0.0127876 -0.003
      vertex -0.0217126 0.0127876 -0.003
      vertex -0.0217282 0.0129307 -0.003
    endloop
  endfacet
  facet normal 0 0 -1
    outer loop
      vertex -0.0254307 0.0157718 -0.003
      vertex -0.025573 0.0157499 -0.003
      vertex -0.035 0.02 -0.003
    endloop
  endfacet
  facet normal 0 0 -1
    outer loop
      vertex -0.025573 0.0157499 -0.003
      vertex -0.0257143 0.0157218 -0.003
      vertex -0.035 0.02 -0.003
    endloop
  endfacet
  facet normal 0 0 -1
    outer loop
      vertex -0.0265238 0.0154271 -0.003
      vertex -0.02665 0.0153579 -0.003
      vertex -0.035 0.02 -0.003
    endloop
  endfacet
  facet normal 0 0 -1
    outer loop
      vertex -0.022567 -0.0147294 -0.003
      vertex -0.0224721 -0.0146212 -0.003
      vertex 0.0220092 -0.0138946 -0.003
    endloop
  endfacet
  facet normal 0 0 -1
    outer loop
      vertex -0.0224721 -0.0146212 -0.003
      vertex -0.0223819 -0.0145089 -0.003
      vertex 0.0220092 -0.0138946 -0.003
    endloop
  endfacet
  facet normal 0 0 -1
    outer loop
      vertex 0.0220092 -0.0138946 -0.003
      vertex -0.0223819 -0.0145089 -0.003
      vertex -0.0222968 -0.0143928 -0.003
    endloop
  endfacet
  facet normal 0 0 -1
    outer loop
      vertex -0.0222968 -0.0143928 -0.003
      vertex -0.0222168 -0.0142731 -0.003
      vertex 0.0220092 -0.0138946 -0.003
    endloop
  endfacet
  facet normal 0 0 -1
    outer loop
      vertex -0.0222168 -0.0142731 -0.003
      vertex -0.0221421 -0.01415 -0.003
      vertex 0.0220092 -0.0138946 -0.003
    endloop
  endfacet
  facet normal 0 0 -1
    outer loop
      vertex 0.0220092 -0.0138946 -0.003
      vertex -0.0221421 -0.01415 -0.003
      vertex -0.0220729 -0.0140238 -0.003
    endloop
  endfacet
  facet normal 0 0 -1
    outer loop
      vertex -0.0254307 0.00922823 -0.003
      vertex -0.0252876 0.00921256 -0.003
      vertex 0.0222968 -0.0106072 -0.003
    endloop
  endfacet
  facet normal 0 0 -1
    outer loop
      vertex -0.0281876 -0.0116459 -0.003
      vertex -0.0282218 -0.0117857 -0.003
      vertex -0.035 -0.02 -0.003
    endloop
  endfacet
  facet normal 0 0 -1
    outer loop
      vertex -0.0282218 -0.0117857 -0.003
      vertex -0.0282499 -0.011927 -0.003
      vertex -0.035 -0.02 -0.003
    endloop
  endfacet
  facet normal 0 0 -1
    outer loop
      vertex -0.035 -0.02 -0.003
      vertex -0.0282499 -0.011927 -0.003
      vertex -0.0282718 -0.0120693 -0.003
    endloop
  endfacet
  facet normal 0 0 -1
    outer loop
      vertex -0.02335 0.0153579 -0.003
      vertex -0.0234762 0.0154271 -0.003
      vertex 0.035 0.02 -0.003
    endloop
  endfacet
  facet normal 0 0 -1
    outer loop
      vertex -0.0234762 0.0154271 -0.003
      vertex -0.0236054 0.0154908 -0.003
      vertex 0.035 0.02 -0.003
    endloop
  endfacet
  facet normal 0 0 -1
    outer loop
      vertex 0.035 0.02 -0.003
      vertex -0.0236054 0.0154908 -0.003
      vertex -0.0237371 0.0155488 -0.003
    endloop
  endfacet
  facet normal 0 0 -1
    outer loop
      vertex -0.0236054 -0.0154908 -0.003
      vertex -0.0234762 -0.0154271 -0.003
      vertex 0.0220092 -0.0138946 -0.003
    endloop
  endfacet
  facet normal 0 0 -1
    outer loop
      vertex -0.0234762 -0.0154271 -0.003
      vertex -0.02335 -0.0153579 -0.003
      vertex 0.0220092 -0.0138946 -0.003
    endloop
  endfacet
  facet normal 0 0 -1
    outer loop
      vertex 0.0220092 -0.0138946 -0.003
      vertex -0.02335 -0.0153579 -0.003
      vertex -0.0232269 -0.0152832 -0.003
    endloop
  endfacet
  facet normal 0 0 -1
    outer loop
      vertex -0.0232269 -0.0152832 -0.003
      vertex -0.0231072 -0.0152032 -0.003
      vertex 0.0220092 -0.0138946 -0.003
    endloop
  endfacet
  facet normal 0 0 -1
    outer loop
      vertex -0.0231072 -0.0152032 -0.003
      vertex -0.0229911 -0.0151181 -0.003
      vertex 0.0220092 -0.0138946 -0.003
    endloop
  endfacet
  facet normal 0 0 -1
    outer loop
      vertex 0.0220092 -0.0138946 -0.003
      vertex -0.0229911 -0.0151181 -0.003
      vertex -0.0228788 -0.0150279 -0.003
    endloop
  endfacet
  facet normal 0 0 -1
    outer loop
      vertex 0.0237371 -0.0155488 -0.003
      vertex 0.0238713 -0.015601 -0.003
      vertex -0.035 -0.02 -0.003
    endloop
  endfacet
  facet normal 0 0 -1
    outer loop
      vertex 0.0238713 -0.015601 -0.003
      vertex 0.0240077 -0.0156473 -0.003
      vertex -0.035 -0.02 -0.003
    endloop
  endfacet
  facet normal 0 0 -1
    outer loop
      vertex -0.035 -0.02 -0.003
      vertex 0.0240077 -0.0156473 -0.003
      vertex 0.035 -0.02 -0.003
    endloop
  endfacet
  facet normal 0 0 -1
    outer loop
      vertex 0.0240077 -0.0156473 -0.003
      vertex 0.0241459 -0.0156876 -0.003
      vertex 0.035 -0.02 -0.003
    endloop
  endfacet
  facet normal 0 0 -1
    outer loop
      vertex 0.0241459 -0.0156876 -0.003
      vertex 0.0242857 -0.0157218 -0.003
      vertex 0.035 -0.02 -0.003
    endloop
  endfacet
  facet normal 0 0 -1
    outer loop
      vertex 0.0242857 -0.0157218 -0.003
      vertex 0.024427 -0.0157499 -0.003
      vertex 0.035 -0.02 -0.003
    endloop
  endfacet
  facet normal 0 0 -1
    outer loop
      vertex 0.035 -0.02 -0.003
      vertex 0.024427 -0.0157499 -0.003
      vertex 0.0245693 -0.0157718 -0.003
    endloop
  endfacet
  facet normal 0 0 -1
    outer loop
      vertex 0.0245693 -0.0157718 -0.003
      vertex 0.0247124 -0.0157874 -0.003
      vertex 0.035 -0.02 -0.003
    endloop
  endfacet
  facet normal 0 0 -1
    outer loop
      vertex 0.0247124 -0.0157874 -0.003
      vertex 0.0248561 -0.0157969 -0.003
      vertex 0.035 -0.02 -0.003
    endloop
  endfacet
  facet normal 0 0 -1
    outer loop
      vertex 0.035 -0.02 -0.003
      vertex 0.0248561 -0.0157969 -0.003
      vertex 0.025 -0.0158 -0.003
    endloop
  endfacet
  facet normal 0 0 -1
    outer loop
      vertex 0.025 -0.0158 -0.003
      vertex 0.0251439 -0.0157969 -0.003
      vertex 0.035 -0.02 -0.003
    endloop
  endfacet
  facet normal 0 0 -1
    outer loop
      vertex 0.0251439 -0.0157969 -0.003
      vertex 0.0252876 -0.0157874 -0.003
      vertex 0.035 -0.02 -0.003
    endloop
  endfacet
  facet normal 0 0 -1
    outer loop
      vertex 0.035 -0.02 -0.003
      vertex 0.0252876 -0.0157874 -0.003
      vertex 0.0254307 -0.0157718 -0.003
    endloop
  endfacet
  facet normal 0 0 -1
    outer loop
      vertex 0.035 -0.02 -0.003
      vertex 0.0277032 -0.0143928 -0.003
      vertex 0.0277832 -0.0142731 -0.003
    endloop
  endfacet
  facet normal 0 0 -1
    outer loop
      vertex -0.0252876 0.00921256 -0.003
      vertex -0.0251439 0.00920314 -0.003
      vertex 0.0222968 -0.0106072 -0.003
    endloop
  endfacet
  facet normal 0 0 -1
    outer loop
      vertex -0.0251439 0.00920314 -0.003
      vertex -0.025 0.0092 -0.003
      vertex 0.0222968 -0.0106072 -0.003
    endloop
  endfacet
  facet normal 0 0 -1
    outer loop
      vertex 0.0222968 -0.0106072 -0.003
      vertex -0.025 0.0092 -0.003
      vertex 0.0228788 0.00997205 -0.003
    endloop
  endfacet
  facet normal 0 0 -1
    outer loop
      vertex -0.025 0.0092 -0.003
      vertex 0.0227706 0.010067 -0.003
      vertex 0.0228788 0.00997205 -0.003
    endloop
  endfacet
  facet normal 0 0 -1
    outer loop
      vertex 0.0279271 0.0109762 -0.003
      vertex 0.0279908 0.0111054 -0.003
      vertex 0.035 -0.02 -0.003
    endloop
  endfacet
  facet normal 0 0 -1
    outer loop
      vertex 0.0279908 0.0111054 -0.003
      vertex 0.0280488 0.0112371 -0.003
      vertex 0.035 -0.02 -0.003
    endloop
  endfacet
  facet normal 0 0 -1
    outer loop
      vertex 0.035 -0.02 -0.003
      vertex 0.0280488 0.0112371 -0.003
      vertex 0.028101 0.0113713 -0.003
    endloop
  endfacet
  facet normal 0 0 -1
    outer loop
      vertex -0.0222168 -0.0107269 -0.003
      vertex 0.0222968 -0.0106072 -0.003
      vertex -0.0221421 -0.01085 -0.003
    endloop
  endfacet
  facet normal 0 0 -1
    outer loop
      vertex 0.0222968 -0.0106072 -0.003
      vertex 0.0222168 -0.0107269 -0.003
      vertex -0.0221421 -0.01085 -0.003
    endloop
  endfacet
  facet normal 0 0 -1
    outer loop
      vertex -0.0219512 -0.0112371 -0.003
      vertex 0.0217501 -0.011927 -0.003
      vertex -0.021899 -0.0113713 -0.003
    endloop
  endfacet
  facet normal 0 0 -1
    outer loop
      vertex 0.0217501 -0.011927 -0.003
      vertex -0.0218527 -0.0115077 -0.003
      vertex -0.021899 -0.0113713 -0.003
    endloop
  endfacet
  facet normal 0 0 -1
    outer loop
      vertex -0.0222168 -0.0107269 -0.003
      vertex -0.0222968 -0.0106072 -0.003
      vertex 0.0222968 -0.0106072 -0.003
    endloop
  endfacet
  facet normal 0 0 -1
    outer loop
      vertex -0.0222968 -0.0106072 -0.003
      vertex -0.0223819 -0.0104911 -0.003
      vertex 0.0222968 -0.0106072 -0.003
    endloop
  endfacet
  facet normal 0 0 -1
    outer loop
      vertex 0.0222968 -0.0106072 -0.003
      vertex -0.0223819 -0.0104911 -0.003
      vertex -0.0224721 -0.0103788 -0.003
    endloop
  endfacet
  facet normal 0 0 -1
    outer loop
      vertex 0.0281876 0.0116459 -0.003
      vertex 0.0282218 0.0117857 -0.003
      vertex 0.035 0.02 -0.003
    endloop
  endfacet
  facet normal 0 0 -1
    outer loop
      vertex 0.0282218 0.0117857 -0.003
      vertex 0.0282499 0.011927 -0.003
      vertex 0.035 0.02 -0.003
    endloop
  endfacet
  facet normal 0 0 -1
    outer loop
      vertex 0.035 0.02 -0.003
      vertex 0.0282499 0.011927 -0.003
      vertex 0.0282718 0.0120693 -0.003
    endloop
  endfacet
  facet normal 0 0 -1
    outer loop
      vertex 0.0282718 0.0129307 -0.003
      vertex 0.0282499 0.013073 -0.003
      vertex 0.035 0.02 -0.003
    endloop
  endfacet
  facet normal 0 0 -1
    outer loop
      vertex 0.0282499 0.013073 -0.003
      vertex 0.0282218 0.0132143 -0.003
      vertex 0.035 0.02 -0.003
    endloop
  endfacet
  facet normal 0 0 -1
    outer loop
      vertex 0.035 0.02 -0.003
      vertex 0.0282218 0.0132143 -0.003
      vertex 0.0281876 0.0133541 -0.003
    endloop
  endfacet
  facet normal 0 0 -1
    outer loop
      vertex 0.0281876 0.0133541 -0.003
      vertex 0.0281473 0.0134923 -0.003
      vertex 0.035 0.02 -0.003
    endloop
  endfacet
  facet normal 0 0 -1
    outer loop
      vertex 0.0281473 0.0134923 -0.003
      vertex 0.028101 0.0136287 -0.003
      vertex 0.035 0.02 -0.003
    endloop
  endfacet
  facet normal 0 0 -1
    outer loop
      vertex 0.035 0.02 -0.003
      vertex 0.028101 0.0136287 -0.003
      vertex 0.0280488 0.0137629 -0.003
    endloop
  endfacet
  facet normal 0 0 -1
    outer loop
      vertex 0.0280488 0.0137629 -0.003
      vertex 0.0279908 0.0138946 -0.003
      vertex 0.035 0.02 -0.003
    endloop
  endfacet
  facet normal 0 0 -1
    outer loop
      vertex 0.0279908 0.0138946 -0.003
      vertex 0.0279271 0.0140238 -0.003
      vertex 0.035 0.02 -0.003
    endloop
  endfacet
  facet normal 0 0 -1
    outer loop
      vertex 0.035 0.02 -0.003
      vertex 0.0279271 0.0140238 -0.003
      vertex 0.0278579 0.01415 -0.003
    endloop
  endfacet
  facet normal 0 0 -1
    outer loop
      vertex 0.0278579 0.01415 -0.003
      vertex 0.0277832 0.0142731 -0.003
      vertex 0.035 0.02 -0.003
    endloop
  endfacet
  facet normal 0 0 -1
    outer loop
      vertex 0.0277832 0.0142731 -0.003
      vertex 0.0277032 0.0143928 -0.003
      vertex 0.035 0.02 -0.003
    endloop
  endfacet
  facet normal 0 0 -1
    outer loop
      vertex 0.035 0.02 -0.003
      vertex 0.0277032 0.0143928 -0.003
      vertex 0.0276181 0.0145089 -0.003
    endloop
  endfacet
  facet normal 0 0 -1
    outer loop
      vertex 0.0240077 0.0156473 -0.003
      vertex 0.0238713 0.015601 -0.003
      vertex -0.0221421 0.01415 -0.003
    endloop
  endfacet
  facet normal 0 0 -1
    outer loop
      vertex 0.0238713 0.015601 -0.003
      vertex 0.0237371 0.0155488 -0.003
      vertex -0.0221421 0.01415 -0.003
    endloop
  endfacet
  facet normal 0 0 -1
    outer loop
      vertex -0.0221421 0.01415 -0.003
      vertex 0.0237371 0.0155488 -0.003
      vertex 0.0236054 0.0154908 -0.003
    endloop
  endfacet
  facet normal 0 0 -1
    outer loop
      vertex 0.0217031 0.0126439 -0.003
      vertex -0.0217 0.0125 -0.003
      vertex 0.0217126 0.0127876 -0.003
    endloop
  endfacet
  facet normal 0 0 -1
    outer loop
      vertex -0.0217 0.0125 -0.003
      vertex -0.0217031 0.0126439 -0.003
      vertex 0.0217126 0.0127876 -0.003
    endloop
  endfacet
  facet normal 0 0 -1
    outer loop
      vertex 0.0217126 0.0127876 -0.003
      vertex -0.0217031 0.0126439 -0.003
      vertex -0.0217126 0.0127876 -0.003
    endloop
  endfacet
  facet normal 0 0 -1
    outer loop
      vertex -0.0237371 0.0155488 -0.003
      vertex -0.0238713 0.015601 -0.003
      vertex 0.035 0.02 -0.003
    endloop
  endfacet
  facet normal 0 0 -1
    outer loop
      vertex -0.0238713 0.015601 -0.003
      vertex -0.0240077 0.0156473 -0.003
      vertex 0.035 0.02 -0.003
    endloop
  endfacet
  facet normal 0 0 -1
    outer loop
      vertex 0.035 0.02 -0.003
      vertex -0.0240077 0.0156473 -0.003
      vertex -0.0241459 0.0156876 -0.003
    endloop
  endfacet
  facet normal 0 0 -1
    outer loop
      vertex -0.0245693 0.0157718 -0.003
      vertex -0.035 0.02 -0.003
      vertex -0.024427 0.0157499 -0.003
    endloop
  endfacet
  facet normal 0 0 -1
    outer loop
      vertex -0.035 0.02 -0.003
      vertex 0.035 0.02 -0.003
      vertex -0.024427 0.0157499 -0.003
    endloop
  endfacet
  facet normal 0 0 -1
    outer loop
      vertex -0.024427 0.0157499 -0.003
      vertex 0.035 0.02 -0.003
      vertex -0.0242857 0.0157218 -0.003
    endloop
  endfacet
  facet normal 0 0 -1
    outer loop
      vertex 0.035 0.02 -0.003
      vertex -0.0241459 0.0156876 -0.003
      vertex -0.0242857 0.0157218 -0.003
    endloop
  endfacet
  facet normal 0 0 -1
    outer loop
      vertex -0.0257143 0.0157218 -0.003
      vertex -0.0258541 0.0156876 -0.003
      vertex -0.035 0.02 -0.003
    endloop
  endfacet
  facet normal 0 0 -1
    outer loop
      vertex -0.0258541 0.0156876 -0.003
      vertex -0.0259923 0.0156473 -0.003
      vertex -0.035 0.02 -0.003
    endloop
  endfacet
  facet normal 0 0 -1
    outer loop
      vertex -0.035 0.02 -0.003
      vertex -0.0259923 0.0156473 -0.003
      vertex -0.0261287 0.015601 -0.003
    endloop
  endfacet
  facet normal 0 0 -1
    outer loop
      vertex -0.0270089 0.0151181 -0.003
      vertex -0.0271212 0.0150279 -0.003
      vertex -0.035 0.02 -0.003
    endloop
  endfacet
  facet normal 0 0 -1
    outer loop
      vertex -0.0271212 0.0150279 -0.003
      vertex -0.0272294 0.014933 -0.003
      vertex -0.035 0.02 -0.003
    endloop
  endfacet
  facet normal 0 0 -1
    outer loop
      vertex -0.035 0.02 -0.003
      vertex -0.0272294 0.014933 -0.003
      vertex -0.0273335 0.0148335 -0.003
    endloop
  endfacet
  facet normal 0 0 -1
    outer loop
      vertex -0.0273335 0.0148335 -0.003
      vertex -0.027433 0.0147294 -0.003
      vertex -0.035 0.02 -0.003
    endloop
  endfacet
  facet normal 0 0 -1
    outer loop
      vertex -0.027433 0.0147294 -0.003
      vertex -0.0275279 0.0146212 -0.003
      vertex -0.035 0.02 -0.003
    endloop
  endfacet
  facet normal 0 0 -1
    outer loop
      vertex -0.035 0.02 -0.003
      vertex -0.0275279 0.0146212 -0.003
      vertex -0.0276181 0.0145089 -0.003
    endloop
  endfacet
  facet normal 0 0 -1
    outer loop
      vertex -0.0282718 0.0129307 -0.003
      vertex -0.0282874 0.0127876 -0.003
      vertex -0.035 0.02 -0.003
    endloop
  endfacet
  facet normal 0 0 -1
    outer loop
      vertex -0.0240077 -0.0156473 -0.003
      vertex -0.0238713 -0.015601 -0.003
      vertex 0.0220092 -0.0138946 -0.003
    endloop
  endfacet
  facet normal 0 0 -1
    outer loop
      vertex -0.0238713 -0.015601 -0.003
      vertex -0.0237371 -0.0155488 -0.003
      vertex 0.0220092 -0.0138946 -0.003
    endloop
  endfacet
  facet normal 0 0 -1
    outer loop
      vertex 0.0220092 -0.0138946 -0.003
      vertex -0.0237371 -0.0155488 -0.003
      vertex -0.0236054 -0.0154908 -0.003
    endloop
  endfacet
  facet normal 0 0 -1
    outer loop
      vertex -0.0228788 -0.0150279 -0.003
      vertex -0.0227706 -0.014933 -0.003
      vertex 0.0220092 -0.0138946 -0.003
    endloop
  endfacet
  facet normal 0 0 -1
    outer loop
      vertex -0.0227706 -0.014933 -0.003
      vertex -0.0226665 -0.0148335 -0.003
      vertex 0.0220092 -0.0138946 -0.003
    endloop
  endfacet
  facet normal 0 0 -1
    outer loop
      vertex 0.0220092 -0.0138946 -0.003
      vertex -0.0226665 -0.0148335 -0.003
      vertex -0.022567 -0.0147294 -0.003
    endloop
  endfacet
  facet normal 0 0 -1
    outer loop
      vertex 0.0263946 -0.0154908 -0.003
      vertex 0.0265238 -0.0154271 -0.003
      vertex 0.035 -0.02 -0.003
    endloop
  endfacet
  facet normal 0 0 -1
    outer loop
      vertex 0.0265238 -0.0154271 -0.003
      vertex 0.02665 -0.0153579 -0.003
      vertex 0.035 -0.02 -0.003
    endloop
  endfacet
  facet normal 0 0 -1
    outer loop
      vertex 0.035 -0.02 -0.003
      vertex 0.02665 -0.0153579 -0.003
      vertex 0.0267731 -0.0152832 -0.003
    endloop
  endfacet
  facet normal 0 0 -1
    outer loop
      vertex 0.027433 -0.0147294 -0.003
      vertex 0.0275279 -0.0146212 -0.003
      vertex 0.035 -0.02 -0.003
    endloop
  endfacet
  facet normal 0 0 -1
    outer loop
      vertex 0.0275279 -0.0146212 -0.003
      vertex 0.0276181 -0.0145089 -0.003
      vertex 0.035 -0.02 -0.003
    endloop
  endfacet
  facet normal 0 0 -1
    outer loop
      vertex 0.035 -0.02 -0.003
      vertex 0.0276181 -0.0145089 -0.003
      vertex 0.0277032 -0.0143928 -0.003
    endloop
  endfacet
  facet normal 0 0 -1
    outer loop
      vertex 0.0277832 -0.0142731 -0.003
      vertex 0.0278579 -0.01415 -0.003
      vertex 0.035 -0.02 -0.003
    endloop
  endfacet
  facet normal 0 0 -1
    outer loop
      vertex 0.0278579 -0.01415 -0.003
      vertex 0.0279271 -0.0140238 -0.003
      vertex 0.035 -0.02 -0.003
    endloop
  endfacet
  facet normal 0 0 -1
    outer loop
      vertex 0.035 -0.02 -0.003
      vertex 0.0279271 -0.0140238 -0.003
      vertex 0.0279908 -0.0138946 -0.003
    endloop
  endfacet
  facet normal 0 0 -1
    outer loop
      vertex -0.0262629 0.0094512 -0.003
      vertex -0.0261287 0.00939901 -0.003
      vertex 0.0222968 -0.0106072 -0.003
    endloop
  endfacet
  facet normal 0 0 -1
    outer loop
      vertex -0.0261287 0.00939901 -0.003
      vertex -0.0259923 0.00935273 -0.003
      vertex 0.0222968 -0.0106072 -0.003
    endloop
  endfacet
  facet normal 0 0 -1
    outer loop
      vertex 0.0222968 -0.0106072 -0.003
      vertex -0.0259923 0.00935273 -0.003
      vertex -0.0258541 0.00931244 -0.003
    endloop
  endfacet
  facet normal 0 0 -1
    outer loop
      vertex 0.0229911 0.00988193 -0.003
      vertex 0.0231072 0.0097968 -0.003
      vertex 0.0222968 -0.0106072 -0.003
    endloop
  endfacet
  facet normal 0 0 -1
    outer loop
      vertex 0.0231072 0.0097968 -0.003
      vertex 0.0232269 0.00971681 -0.003
      vertex 0.0222968 -0.0106072 -0.003
    endloop
  endfacet
  facet normal 0 0 -1
    outer loop
      vertex 0.0222968 -0.0106072 -0.003
      vertex 0.0232269 0.00971681 -0.003
      vertex 0.0223819 -0.0104911 -0.003
    endloop
  endfacet
  facet normal 0 0 -1
    outer loop
      vertex 0.0222168 -0.0107269 -0.003
      vertex 0.0221421 -0.01085 -0.003
      vertex -0.0221421 -0.01085 -0.003
    endloop
  endfacet
  facet normal 0 0 -1
    outer loop
      vertex 0.0221421 -0.01085 -0.003
      vertex 0.0220729 -0.0109762 -0.003
      vertex -0.0221421 -0.01085 -0.003
    endloop
  endfacet
  facet normal 0 0 -1
    outer loop
      vertex -0.0221421 -0.01085 -0.003
      vertex 0.0220729 -0.0109762 -0.003
      vertex 0.0220092 -0.0111054 -0.003
    endloop
  endfacet
  facet normal 0 0 -1
    outer loop
      vertex 0.0220092 -0.0111054 -0.003
      vertex 0.0219512 -0.0112371 -0.003
      vertex -0.0221421 -0.01085 -0.003
    endloop
  endfacet
  facet normal 0 0 -1
    outer loop
      vertex 0.0219512 -0.0112371 -0.003
      vertex 0.021899 -0.0113713 -0.003
      vertex -0.0221421 -0.01085 -0.003
    endloop
  endfacet
  facet normal 0 0 -1
    outer loop
      vertex -0.0221421 -0.01085 -0.003
      vertex 0.021899 -0.0113713 -0.003
      vertex 0.0218527 -0.0115077 -0.003
    endloop
  endfacet
  facet normal 0 0 -1
    outer loop
      vertex 0.0218527 -0.0115077 -0.003
      vertex 0.0218124 -0.0116459 -0.003
      vertex -0.0221421 -0.01085 -0.003
    endloop
  endfacet
  facet normal 0 0 -1
    outer loop
      vertex 0.0218124 -0.0116459 -0.003
      vertex 0.0217782 -0.0117857 -0.003
      vertex -0.0221421 -0.01085 -0.003
    endloop
  endfacet
  facet normal 0 0 -1
    outer loop
      vertex -0.0221421 -0.01085 -0.003
      vertex 0.0217782 -0.0117857 -0.003
      vertex 0.0217501 -0.011927 -0.003
    endloop
  endfacet
  facet normal 0 0 -1
    outer loop
      vertex -0.0217501 -0.011927 -0.003
      vertex -0.0217782 -0.0117857 -0.003
      vertex 0.0217501 -0.011927 -0.003
    endloop
  endfacet
  facet normal 0 0 -1
    outer loop
      vertex -0.0217782 -0.0117857 -0.003
      vertex -0.0218124 -0.0116459 -0.003
      vertex 0.0217501 -0.011927 -0.003
    endloop
  endfacet
  facet normal 0 0 -1
    outer loop
      vertex 0.0217501 -0.011927 -0.003
      vertex -0.0218124 -0.0116459 -0.003
      vertex -0.0218527 -0.0115077 -0.003
    endloop
  endfacet
  facet normal 0 0 -1
    outer loop
      vertex -0.0219512 -0.0112371 -0.003
      vertex -0.0220092 -0.0111054 -0.003
      vertex 0.0217501 -0.011927 -0.003
    endloop
  endfacet
  facet normal 0 0 -1
    outer loop
      vertex -0.0220092 -0.0111054 -0.003
      vertex -0.0220729 -0.0109762 -0.003
      vertex 0.0217501 -0.011927 -0.003
    endloop
  endfacet
  facet normal 0 0 -1
    outer loop
      vertex 0.0217501 -0.011927 -0.003
      vertex -0.0220729 -0.0109762 -0.003
      vertex -0.0221421 -0.01085 -0.003
    endloop
  endfacet
  facet normal 0 0 -1
    outer loop
      vertex 0.0258541 0.0156876 -0.003
      vertex 0.035 0.02 -0.003
      vertex 0.0259923 0.0156473 -0.003
    endloop
  endfacet
  facet normal 0 0 -1
    outer loop
      vertex 0.035 0.02 -0.003
      vertex 0.0261287 0.015601 -0.003
      vertex 0.0259923 0.0156473 -0.003
    endloop
  endfacet
  facet normal 0 0 -1
    outer loop
      vertex 0.02335 0.0153579 -0.003
      vertex 0.0232269 0.0152832 -0.003
      vertex -0.0221421 0.01415 -0.003
    endloop
  endfacet
  facet normal 0 0 -1
    outer loop
      vertex 0.0232269 0.0152832 -0.003
      vertex 0.0231072 0.0152032 -0.003
      vertex -0.0221421 0.01415 -0.003
    endloop
  endfacet
  facet normal 0 0 -1
    outer loop
      vertex -0.0221421 0.01415 -0.003
      vertex 0.0231072 0.0152032 -0.003
      vertex 0.0229911 0.0151181 -0.003
    endloop
  endfacet
  facet normal 0 0 -1
    outer loop
      vertex -0.0245693 0.0157718 -0.003
      vertex -0.0247124 0.0157874 -0.003
      vertex -0.035 0.02 -0.003
    endloop
  endfacet
  facet normal 0 0 -1
    outer loop
      vertex -0.0247124 0.0157874 -0.003
      vertex -0.0248561 0.0157969 -0.003
      vertex -0.035 0.02 -0.003
    endloop
  endfacet
  facet normal 0 0 -1
    outer loop
      vertex -0.035 0.02 -0.003
      vertex -0.0248561 0.0157969 -0.003
      vertex -0.025 0.0158 -0.003
    endloop
  endfacet
  facet normal 0 0 -1
    outer loop
      vertex -0.025 0.0158 -0.003
      vertex -0.0251439 0.0157969 -0.003
      vertex -0.035 0.02 -0.003
    endloop
  endfacet
  facet normal 0 0 -1
    outer loop
      vertex -0.0251439 0.0157969 -0.003
      vertex -0.0252876 0.0157874 -0.003
      vertex -0.035 0.02 -0.003
    endloop
  endfacet
  facet normal 0 0 -1
    outer loop
      vertex -0.035 0.02 -0.003
      vertex -0.0252876 0.0157874 -0.003
      vertex -0.0254307 0.0157718 -0.003
    endloop
  endfacet
  facet normal 0 0 -1
    outer loop
      vertex -0.0282874 0.0127876 -0.003
      vertex -0.0282969 0.0126439 -0.003
      vertex -0.035 0.02 -0.003
    endloop
  endfacet
  facet normal 0 0 -1
    outer loop
      vertex -0.0282969 0.0126439 -0.003
      vertex -0.0283 0.0125 -0.003
      vertex -0.035 0.02 -0.003
    endloop
  endfacet
  facet normal 0 0 -1
    outer loop
      vertex -0.035 0.02 -0.003
      vertex -0.0283 0.0125 -0.003
      vertex -0.0282969 0.0123561 -0.003
    endloop
  endfacet
  facet normal 0 0 -1
    outer loop
      vertex -0.0258541 0.00931244 -0.003
      vertex -0.0257143 0.00927822 -0.003
      vertex 0.0222968 -0.0106072 -0.003
    endloop
  endfacet
  facet normal 0 0 -1
    outer loop
      vertex -0.0257143 0.00927822 -0.003
      vertex -0.025573 0.00925013 -0.003
      vertex 0.0222968 -0.0106072 -0.003
    endloop
  endfacet
  facet normal 0 0 -1
    outer loop
      vertex 0.0222968 -0.0106072 -0.003
      vertex -0.025573 0.00925013 -0.003
      vertex -0.0254307 0.00922823 -0.003
    endloop
  endfacet
  facet normal 0 0 -1
    outer loop
      vertex 0.0282718 -0.0120693 -0.003
      vertex 0.0282499 -0.011927 -0.003
      vertex 0.035 -0.02 -0.003
    endloop
  endfacet
  facet normal 0 0 -1
    outer loop
      vertex 0.0282499 -0.011927 -0.003
      vertex 0.0282218 -0.0117857 -0.003
      vertex 0.035 -0.02 -0.003
    endloop
  endfacet
  facet normal 0 0 -1
    outer loop
      vertex -0.0217126 -0.0127876 -0.003
      vertex -0.0217031 -0.0126439 -0.003
      vertex 0.0217 -0.0125 -0.003
    endloop
  endfacet
  facet normal 0 0 -1
    outer loop
      vertex -0.0217031 -0.0126439 -0.003
      vertex -0.0217 -0.0125 -0.003
      vertex 0.0217 -0.0125 -0.003
    endloop
  endfacet
  facet normal 0 0 -1
    outer loop
      vertex 0.0217 -0.0125 -0.003
      vertex -0.0217 -0.0125 -0.003
      vertex 0.0217031 -0.0123561 -0.003
    endloop
  endfacet
  facet normal 0 0 -1
    outer loop
      vertex 0.0217501 -0.011927 -0.003
      vertex 0.0217282 -0.0120693 -0.003
      vertex -0.0217501 -0.011927 -0.003
    endloop
  endfacet
  facet normal 0 0 -1
    outer loop
      vertex 0.0217282 -0.0120693 -0.003
      vertex 0.0217126 -0.0122124 -0.003
      vertex -0.0217501 -0.011927 -0.003
    endloop
  endfacet
  facet normal 0 0 -1
    outer loop
      vertex -0.0217501 -0.011927 -0.003
      vertex 0.0217126 -0.0122124 -0.003
      vertex -0.0217282 -0.0120693 -0.003
    endloop
  endfacet
  facet normal 0 0 -1
    outer loop
      vertex 0.0217126 -0.0122124 -0.003
      vertex -0.0217126 -0.0122124 -0.003
      vertex -0.0217282 -0.0120693 -0.003
    endloop
  endfacet
  facet normal 0 0 -1
    outer loop
      vertex -0.0273335 -0.0101665 -0.003
      vertex -0.027433 -0.0102706 -0.003
      vertex -0.0271212 0.00997205 -0.003
    endloop
  endfacet
  facet normal 0 0 -1
    outer loop
      vertex -0.027433 -0.0102706 -0.003
      vertex -0.0275279 -0.0103788 -0.003
      vertex -0.0271212 0.00997205 -0.003
    endloop
  endfacet
  facet normal 0 0 -1
    outer loop
      vertex -0.0271212 0.00997205 -0.003
      vertex -0.0275279 -0.0103788 -0.003
      vertex -0.0276181 -0.0104911 -0.003
    endloop
  endfacet
  facet normal 0 0 -1
    outer loop
      vertex 0.0282718 0.0120693 -0.003
      vertex 0.0282874 0.0122124 -0.003
      vertex 0.035 0.02 -0.003
    endloop
  endfacet
  facet normal 0 0 -1
    outer loop
      vertex 0.0282874 0.0122124 -0.003
      vertex 0.0282969 0.0123561 -0.003
      vertex 0.035 0.02 -0.003
    endloop
  endfacet
  facet normal 0 0 -1
    outer loop
      vertex 0.035 0.02 -0.003
      vertex 0.0282969 0.0123561 -0.003
      vertex 0.0283 0.0125 -0.003
    endloop
  endfacet
  facet normal 0 0 -1
    outer loop
      vertex 0.0283 0.0125 -0.003
      vertex 0.0282969 0.0126439 -0.003
      vertex 0.035 0.02 -0.003
    endloop
  endfacet
  facet normal 0 0 -1
    outer loop
      vertex 0.0282969 0.0126439 -0.003
      vertex 0.0282874 0.0127876 -0.003
      vertex 0.035 0.02 -0.003
    endloop
  endfacet
  facet normal 0 0 -1
    outer loop
      vertex 0.035 0.02 -0.003
      vertex 0.0282874 0.0127876 -0.003
      vertex 0.0282718 0.0129307 -0.003
    endloop
  endfacet
  facet normal 0 0 -1
    outer loop
      vertex 0.0276181 0.0145089 -0.003
      vertex 0.0275279 0.0146212 -0.003
      vertex 0.035 0.02 -0.003
    endloop
  endfacet
  facet normal 0 0 -1
    outer loop
      vertex 0.0275279 0.0146212 -0.003
      vertex 0.027433 0.0147294 -0.003
      vertex 0.035 0.02 -0.003
    endloop
  endfacet
  facet normal 0 0 -1
    outer loop
      vertex 0.035 0.02 -0.003
      vertex 0.027433 0.0147294 -0.003
      vertex 0.0273335 0.0148335 -0.003
    endloop
  endfacet
  facet normal 0 0 -1
    outer loop
      vertex 0.0273335 0.0148335 -0.003
      vertex 0.0272294 0.014933 -0.003
      vertex 0.035 0.02 -0.003
    endloop
  endfacet
  facet normal 0 0 -1
    outer loop
      vertex 0.0272294 0.014933 -0.003
      vertex 0.0271212 0.0150279 -0.003
      vertex 0.035 0.02 -0.003
    endloop
  endfacet
  facet normal 0 0 -1
    outer loop
      vertex 0.035 0.02 -0.003
      vertex 0.0271212 0.0150279 -0.003
      vertex 0.0270089 0.0151181 -0.003
    endloop
  endfacet
  facet normal 0 0 -1
    outer loop
      vertex 0.035 0.02 -0.003
      vertex 0.02665 0.0153579 -0.003
      vertex 0.0265238 0.0154271 -0.003
    endloop
  endfacet
  facet normal 0 0 -1
    outer loop
      vertex 0.0258541 0.0156876 -0.003
      vertex 0.0257143 0.0157218 -0.003
      vertex 0.035 0.02 -0.003
    endloop
  endfacet
  facet normal 0 0 -1
    outer loop
      vertex 0.0257143 0.0157218 -0.003
      vertex 0.025573 0.0157499 -0.003
      vertex 0.035 0.02 -0.003
    endloop
  endfacet
  facet normal 0 0 -1
    outer loop
      vertex 0.035 0.02 -0.003
      vertex 0.025573 0.0157499 -0.003
      vertex 0.0254307 0.0157718 -0.003
    endloop
  endfacet
  facet normal 0 0 -1
    outer loop
      vertex 0.0245693 0.0157718 -0.003
      vertex 0.024427 0.0157499 -0.003
      vertex 0.035 0.02 -0.003
    endloop
  endfacet
  facet normal 0 0 -1
    outer loop
      vertex 0.024427 0.0157499 -0.003
      vertex 0.0242857 0.0157218 -0.003
      vertex 0.035 0.02 -0.003
    endloop
  endfacet
  facet normal 0 0 -1
    outer loop
      vertex 0.035 0.02 -0.003
      vertex 0.0242857 0.0157218 -0.003
      vertex -0.0221421 0.01415 -0.003
    endloop
  endfacet
  facet normal 0 0 -1
    outer loop
      vertex 0.0242857 0.0157218 -0.003
      vertex 0.0241459 0.0156876 -0.003
      vertex -0.0221421 0.01415 -0.003
    endloop
  endfacet
  facet normal 0 0 -1
    outer loop
      vertex -0.0221421 0.01415 -0.003
      vertex 0.0241459 0.0156876 -0.003
      vertex 0.0240077 0.0156473 -0.003
    endloop
  endfacet
  facet normal 0 0 -1
    outer loop
      vertex -0.0261287 0.015601 -0.003
      vertex -0.0262629 0.0155488 -0.003
      vertex -0.035 0.02 -0.003
    endloop
  endfacet
  facet normal 0 0 -1
    outer loop
      vertex -0.0262629 0.0155488 -0.003
      vertex -0.0263946 0.0154908 -0.003
      vertex -0.035 0.02 -0.003
    endloop
  endfacet
  facet normal 0 0 -1
    outer loop
      vertex -0.035 0.02 -0.003
      vertex -0.0263946 0.0154908 -0.003
      vertex -0.0265238 0.0154271 -0.003
    endloop
  endfacet
  facet normal 0 0 -1
    outer loop
      vertex -0.0276181 0.0145089 -0.003
      vertex -0.0277032 0.0143928 -0.003
      vertex -0.035 0.02 -0.003
    endloop
  endfacet
  facet normal 0 0 -1
    outer loop
      vertex -0.0277032 0.0143928 -0.003
      vertex -0.0277832 0.0142731 -0.003
      vertex -0.035 0.02 -0.003
    endloop
  endfacet
  facet normal 0 0 -1
    outer loop
      vertex -0.035 0.02 -0.003
      vertex -0.0277832 0.0142731 -0.003
      vertex -0.0278579 0.01415 -0.003
    endloop
  endfacet
  facet normal 0 0 -1
    outer loop
      vertex -0.0245693 -0.0157718 -0.003
      vertex -0.024427 -0.0157499 -0.003
      vertex -0.035 -0.02 -0.003
    endloop
  endfacet
  facet normal 0 0 -1
    outer loop
      vertex -0.024427 -0.0157499 -0.003
      vertex -0.0242857 -0.0157218 -0.003
      vertex -0.035 -0.02 -0.003
    endloop
  endfacet
  facet normal 0 0 -1
    outer loop
      vertex -0.035 -0.02 -0.003
      vertex -0.0242857 -0.0157218 -0.003
      vertex 0.0220092 -0.0138946 -0.003
    endloop
  endfacet
  facet normal 0 0 -1
    outer loop
      vertex -0.0242857 -0.0157218 -0.003
      vertex -0.0241459 -0.0156876 -0.003
      vertex 0.0220092 -0.0138946 -0.003
    endloop
  endfacet
  facet normal 0 0 -1
    outer loop
      vertex 0.0220092 -0.0138946 -0.003
      vertex -0.0241459 -0.0156876 -0.003
      vertex -0.0240077 -0.0156473 -0.003
    endloop
  endfacet
  facet normal 0 0 -1
    outer loop
      vertex 0.0259923 -0.0156473 -0.003
      vertex 0.0261287 -0.015601 -0.003
      vertex 0.035 -0.02 -0.003
    endloop
  endfacet
  facet normal 0 0 -1
    outer loop
      vertex 0.0261287 -0.015601 -0.003
      vertex 0.0262629 -0.0155488 -0.003
      vertex 0.035 -0.02 -0.003
    endloop
  endfacet
  facet normal 0 0 -1
    outer loop
      vertex 0.035 -0.02 -0.003
      vertex 0.0262629 -0.0155488 -0.003
      vertex 0.0263946 -0.0154908 -0.003
    endloop
  endfacet
  facet normal 0 0 -1
    outer loop
      vertex 0.0267731 -0.0152832 -0.003
      vertex 0.0268928 -0.0152032 -0.003
      vertex 0.035 -0.02 -0.003
    endloop
  endfacet
  facet normal 0 0 -1
    outer loop
      vertex 0.0268928 -0.0152032 -0.003
      vertex 0.0270089 -0.0151181 -0.003
      vertex 0.035 -0.02 -0.003
    endloop
  endfacet
  facet normal 0 0 -1
    outer loop
      vertex 0.035 -0.02 -0.003
      vertex 0.0270089 -0.0151181 -0.003
      vertex 0.0271212 -0.0150279 -0.003
    endloop
  endfacet
  facet normal 0 0 -1
    outer loop
      vertex 0.0271212 -0.0150279 -0.003
      vertex 0.0272294 -0.014933 -0.003
      vertex 0.035 -0.02 -0.003
    endloop
  endfacet
  facet normal 0 0 -1
    outer loop
      vertex 0.0272294 -0.014933 -0.003
      vertex 0.0273335 -0.0148335 -0.003
      vertex 0.035 -0.02 -0.003
    endloop
  endfacet
  facet normal 0 0 -1
    outer loop
      vertex 0.035 -0.02 -0.003
      vertex 0.0273335 -0.0148335 -0.003
      vertex 0.027433 -0.0147294 -0.003
    endloop
  endfacet
  facet normal 0 0 -1
    outer loop
      vertex 0.0281876 -0.0133541 -0.003
      vertex 0.0282218 -0.0132143 -0.003
      vertex 0.035 -0.02 -0.003
    endloop
  endfacet
  facet normal 0 0 -1
    outer loop
      vertex 0.0282218 -0.0132143 -0.003
      vertex 0.0282499 -0.013073 -0.003
      vertex 0.035 -0.02 -0.003
    endloop
  endfacet
  facet normal 0 0 -1
    outer loop
      vertex 0.035 -0.02 -0.003
      vertex 0.0282499 -0.013073 -0.003
      vertex 0.0282718 -0.0129307 -0.003
    endloop
  endfacet
  facet normal 0 0 -1
    outer loop
      vertex 0.0280488 -0.0112371 -0.003
      vertex 0.0279908 -0.0111054 -0.003
      vertex 0.0279271 0.0109762 -0.003
    endloop
  endfacet
  facet normal 0 0 -1
    outer loop
      vertex 0.0279908 -0.0111054 -0.003
      vertex 0.0279271 -0.0109762 -0.003
      vertex 0.0279271 0.0109762 -0.003
    endloop
  endfacet
  facet normal 0 0 -1
    outer loop
      vertex 0.0279271 0.0109762 -0.003
      vertex 0.0279271 -0.0109762 -0.003
      vertex 0.0278579 -0.01085 -0.003
    endloop
  endfacet
  facet normal 0 0 -1
    outer loop
      vertex -0.0224721 -0.0103788 -0.003
      vertex -0.022567 -0.0102706 -0.003
      vertex 0.0222968 -0.0106072 -0.003
    endloop
  endfacet
  facet normal 0 0 -1
    outer loop
      vertex -0.022567 -0.0102706 -0.003
      vertex -0.0226665 -0.0101665 -0.003
      vertex 0.0222968 -0.0106072 -0.003
    endloop
  endfacet
  facet normal 0 0 -1
    outer loop
      vertex 0.0222968 -0.0106072 -0.003
      vertex -0.0226665 -0.0101665 -0.003
      vertex -0.0262629 0.0094512 -0.003
    endloop
  endfacet
  facet normal 0 0 -1
    outer loop
      vertex -0.0226665 -0.0101665 -0.003
      vertex -0.0227706 -0.010067 -0.003
      vertex -0.0262629 0.0094512 -0.003
    endloop
  endfacet
  facet normal 0 0 -1
    outer loop
      vertex -0.0271212 0.00997205 -0.003
      vertex -0.025573 -0.00925013 -0.003
      vertex -0.0257143 -0.00927822 -0.003
    endloop
  endfacet
  facet normal 0 0 -1
    outer loop
      vertex 0.0270089 0.0151181 -0.003
      vertex 0.0268928 0.0152032 -0.003
      vertex 0.035 0.02 -0.003
    endloop
  endfacet
  facet normal 0 0 -1
    outer loop
      vertex 0.0268928 0.0152032 -0.003
      vertex 0.0267731 0.0152832 -0.003
      vertex 0.035 0.02 -0.003
    endloop
  endfacet
  facet normal 0 0 -1
    outer loop
      vertex 0.035 0.02 -0.003
      vertex 0.0267731 0.0152832 -0.003
      vertex 0.02665 0.0153579 -0.003
    endloop
  endfacet
  facet normal 0 0 -1
    outer loop
      vertex -0.02665 0.0153579 -0.003
      vertex -0.0267731 0.0152832 -0.003
      vertex -0.035 0.02 -0.003
    endloop
  endfacet
  facet normal 0 0 -1
    outer loop
      vertex -0.0267731 0.0152832 -0.003
      vertex -0.0268928 0.0152032 -0.003
      vertex -0.035 0.02 -0.003
    endloop
  endfacet
  facet normal 0 0 -1
    outer loop
      vertex -0.035 0.02 -0.003
      vertex -0.0268928 0.0152032 -0.003
      vertex -0.0270089 0.0151181 -0.003
    endloop
  endfacet
  facet normal 0 0 -1
    outer loop
      vertex -0.0278579 0.01415 -0.003
      vertex -0.0279271 0.0140238 -0.003
      vertex -0.035 0.02 -0.003
    endloop
  endfacet
  facet normal 0 0 -1
    outer loop
      vertex -0.0279271 0.0140238 -0.003
      vertex -0.0279908 0.0138946 -0.003
      vertex -0.035 0.02 -0.003
    endloop
  endfacet
  facet normal 0 0 -1
    outer loop
      vertex -0.035 0.02 -0.003
      vertex -0.0279908 0.0138946 -0.003
      vertex -0.0280488 0.0137629 -0.003
    endloop
  endfacet
  facet normal 0 0 -1
    outer loop
      vertex -0.0280488 0.0137629 -0.003
      vertex -0.028101 0.0136287 -0.003
      vertex -0.035 0.02 -0.003
    endloop
  endfacet
  facet normal 0 0 -1
    outer loop
      vertex -0.028101 0.0136287 -0.003
      vertex -0.0281473 0.0134923 -0.003
      vertex -0.035 0.02 -0.003
    endloop
  endfacet
  facet normal 0 0 -1
    outer loop
      vertex -0.035 0.02 -0.003
      vertex -0.0281473 0.0134923 -0.003
      vertex -0.0281876 0.0133541 -0.003
    endloop
  endfacet
  facet normal 0 0 -1
    outer loop
      vertex 0.025573 -0.0157499 -0.003
      vertex 0.0257143 -0.0157218 -0.003
      vertex 0.035 -0.02 -0.003
    endloop
  endfacet
  facet normal 0 0 -1
    outer loop
      vertex 0.0257143 -0.0157218 -0.003
      vertex 0.0258541 -0.0156876 -0.003
      vertex 0.035 -0.02 -0.003
    endloop
  endfacet
  facet normal 0 0 -1
    outer loop
      vertex 0.035 -0.02 -0.003
      vertex 0.0258541 -0.0156876 -0.003
      vertex 0.0259923 -0.0156473 -0.003
    endloop
  endfacet
  facet normal 0 0 -1
    outer loop
      vertex 0.0282218 -0.0117857 -0.003
      vertex 0.0281876 -0.0116459 -0.003
      vertex 0.035 -0.02 -0.003
    endloop
  endfacet
  facet normal 0 0 -1
    outer loop
      vertex 0.0281876 -0.0116459 -0.003
      vertex 0.0281473 -0.0115077 -0.003
      vertex 0.035 -0.02 -0.003
    endloop
  endfacet
  facet normal 0 0 -1
    outer loop
      vertex 0.035 -0.02 -0.003
      vertex 0.0281473 -0.0115077 -0.003
      vertex 0.0279271 0.0109762 -0.003
    endloop
  endfacet
  facet normal 0 0 -1
    outer loop
      vertex 0.0281473 -0.0115077 -0.003
      vertex 0.028101 -0.0113713 -0.003
      vertex 0.0279271 0.0109762 -0.003
    endloop
  endfacet
  facet normal 0 0 -1
    outer loop
      vertex 0.0279271 0.0109762 -0.003
      vertex 0.028101 -0.0113713 -0.003
      vertex 0.0280488 -0.0112371 -0.003
    endloop
  endfacet
  facet normal 0 0 -1
    outer loop
      vertex 0.0278579 -0.01085 -0.003
      vertex 0.0277832 -0.0107269 -0.003
      vertex 0.0279271 0.0109762 -0.003
    endloop
  endfacet
  facet normal 0 0 -1
    outer loop
      vertex 0.0277832 -0.0107269 -0.003
      vertex 0.0277032 -0.0106072 -0.003
      vertex 0.0279271 0.0109762 -0.003
    endloop
  endfacet
  facet normal 0 0 -1
    outer loop
      vertex 0.0279271 0.0109762 -0.003
      vertex 0.0277032 -0.0106072 -0.003
      vertex 0.0276181 -0.0104911 -0.003
    endloop
  endfacet
  facet normal 0 0 -1
    outer loop
      vertex 0.0276181 -0.0104911 -0.003
      vertex 0.0275279 -0.0103788 -0.003
      vertex 0.0279271 0.0109762 -0.003
    endloop
  endfacet
  facet normal 0 0 -1
    outer loop
      vertex 0.0275279 -0.0103788 -0.003
      vertex 0.027433 -0.0102706 -0.003
      vertex 0.0279271 0.0109762 -0.003
    endloop
  endfacet
  facet normal 0 0 -1
    outer loop
      vertex 0.0279271 0.0109762 -0.003
      vertex 0.027433 -0.0102706 -0.003
      vertex 0.0273335 -0.0101665 -0.003
    endloop
  endfacet
  facet normal 0 0 -1
    outer loop
      vertex 0.0217031 -0.0123561 -0.003
      vertex -0.0217 -0.0125 -0.003
      vertex 0.0217126 -0.0122124 -0.003
    endloop
  endfacet
  facet normal 0 0 -1
    outer loop
      vertex -0.0217 -0.0125 -0.003
      vertex -0.0217031 -0.0123561 -0.003
      vertex 0.0217126 -0.0122124 -0.003
    endloop
  endfacet
  facet normal 0 0 -1
    outer loop
      vertex 0.0217126 -0.0122124 -0.003
      vertex -0.0217031 -0.0123561 -0.003
      vertex -0.0217126 -0.0122124 -0.003
    endloop
  endfacet
  facet normal 0 0 -1
    outer loop
      vertex -0.0227706 -0.010067 -0.003
      vertex -0.0228788 -0.00997205 -0.003
      vertex -0.0262629 0.0094512 -0.003
    endloop
  endfacet
  facet normal 0 0 -1
    outer loop
      vertex -0.0228788 -0.00997205 -0.003
      vertex -0.0229911 -0.00988193 -0.003
      vertex -0.0262629 0.0094512 -0.003
    endloop
  endfacet
  facet normal 0 0 -1
    outer loop
      vertex -0.0262629 0.0094512 -0.003
      vertex -0.0229911 -0.00988193 -0.003
      vertex -0.0231072 -0.0097968 -0.003
    endloop
  endfacet
  facet normal 0 0 -1
    outer loop
      vertex -0.0231072 -0.0097968 -0.003
      vertex -0.0232269 -0.00971681 -0.003
      vertex -0.0262629 0.0094512 -0.003
    endloop
  endfacet
  facet normal 0 0 -1
    outer loop
      vertex -0.0232269 -0.00971681 -0.003
      vertex -0.02335 -0.00964212 -0.003
      vertex -0.0262629 0.0094512 -0.003
    endloop
  endfacet
  facet normal 0 0 -1
    outer loop
      vertex -0.0262629 0.0094512 -0.003
      vertex -0.02335 -0.00964212 -0.003
      vertex -0.0234762 -0.00957286 -0.003
    endloop
  endfacet
  facet normal 0 0 -1
    outer loop
      vertex -0.0262629 0.0094512 -0.003
      vertex -0.0238713 -0.00939901 -0.003
      vertex -0.0240077 -0.00935273 -0.003
    endloop
  endfacet
  facet normal 0 0 -1
    outer loop
      vertex -0.0257143 -0.00927822 -0.003
      vertex -0.0258541 -0.00931244 -0.003
      vertex -0.0271212 0.00997205 -0.003
    endloop
  endfacet
  facet normal 0 0 -1
    outer loop
      vertex -0.0258541 -0.00931244 -0.003
      vertex -0.0259923 -0.00935273 -0.003
      vertex -0.0271212 0.00997205 -0.003
    endloop
  endfacet
  facet normal 0 0 -1
    outer loop
      vertex -0.0271212 0.00997205 -0.003
      vertex -0.0259923 -0.00935273 -0.003
      vertex -0.0261287 -0.00939901 -0.003
    endloop
  endfacet
  facet normal 0 0 -1
    outer loop
      vertex -0.0265238 -0.00957286 -0.003
      vertex -0.02665 -0.00964212 -0.003
      vertex -0.0271212 0.00997205 -0.003
    endloop
  endfacet
  facet normal 0 0 -1
    outer loop
      vertex 0.0265238 0.0154271 -0.003
      vertex 0.0263946 0.0154908 -0.003
      vertex 0.035 0.02 -0.003
    endloop
  endfacet
  facet normal 0 0 -1
    outer loop
      vertex 0.0263946 0.0154908 -0.003
      vertex 0.0262629 0.0155488 -0.003
      vertex 0.035 0.02 -0.003
    endloop
  endfacet
  facet normal 0 0 -1
    outer loop
      vertex 0.035 0.02 -0.003
      vertex 0.0262629 0.0155488 -0.003
      vertex 0.0261287 0.015601 -0.003
    endloop
  endfacet
  facet normal 0 0 -1
    outer loop
      vertex 0.0254307 0.0157718 -0.003
      vertex 0.0252876 0.0157874 -0.003
      vertex 0.035 0.02 -0.003
    endloop
  endfacet
  facet normal 0 0 -1
    outer loop
      vertex 0.0252876 0.0157874 -0.003
      vertex 0.0251439 0.0157969 -0.003
      vertex 0.035 0.02 -0.003
    endloop
  endfacet
  facet normal 0 0 -1
    outer loop
      vertex 0.035 0.02 -0.003
      vertex 0.0251439 0.0157969 -0.003
      vertex 0.025 0.0158 -0.003
    endloop
  endfacet
  facet normal 0 0 -1
    outer loop
      vertex 0.025 0.0158 -0.003
      vertex 0.0248561 0.0157969 -0.003
      vertex 0.035 0.02 -0.003
    endloop
  endfacet
  facet normal 0 0 -1
    outer loop
      vertex 0.0248561 0.0157969 -0.003
      vertex 0.0247124 0.0157874 -0.003
      vertex 0.035 0.02 -0.003
    endloop
  endfacet
  facet normal 0 0 -1
    outer loop
      vertex 0.035 0.02 -0.003
      vertex 0.0247124 0.0157874 -0.003
      vertex 0.0245693 0.0157718 -0.003
    endloop
  endfacet
  facet normal 0 0 -1
    outer loop
      vertex -0.0281876 0.0133541 -0.003
      vertex -0.0282218 0.0132143 -0.003
      vertex -0.035 0.02 -0.003
    endloop
  endfacet
  facet normal 0 0 -1
    outer loop
      vertex -0.0282218 0.0132143 -0.003
      vertex -0.0282499 0.013073 -0.003
      vertex -0.035 0.02 -0.003
    endloop
  endfacet
  facet normal 0 0 -1
    outer loop
      vertex -0.035 0.02 -0.003
      vertex -0.0282499 0.013073 -0.003
      vertex -0.0282718 0.0129307 -0.003
    endloop
  endfacet
  facet normal 0 0 -1
    outer loop
      vertex 0.0282718 -0.0129307 -0.003
      vertex 0.0282874 -0.0127876 -0.003
      vertex 0.035 -0.02 -0.003
    endloop
  endfacet
  facet normal 0 0 -1
    outer loop
      vertex 0.0282874 -0.0127876 -0.003
      vertex 0.0282969 -0.0126439 -0.003
      vertex 0.035 -0.02 -0.003
    endloop
  endfacet
  facet normal 0 0 -1
    outer loop
      vertex 0.035 -0.02 -0.003
      vertex 0.0282969 -0.0126439 -0.003
      vertex 0.0283 -0.0125 -0.003
    endloop
  endfacet
  facet normal 0 0 -1
    outer loop
      vertex 0.0283 -0.0125 -0.003
      vertex 0.0282969 -0.0123561 -0.003
      vertex 0.035 -0.02 -0.003
    endloop
  endfacet
  facet normal 0 0 -1
    outer loop
      vertex 0.0282969 -0.0123561 -0.003
      vertex 0.0282874 -0.0122124 -0.003
      vertex 0.035 -0.02 -0.003
    endloop
  endfacet
  facet normal 0 0 -1
    outer loop
      vertex 0.035 -0.02 -0.003
      vertex 0.0282874 -0.0122124 -0.003
      vertex 0.0282718 -0.0120693 -0.003
    endloop
  endfacet
  facet normal 0 0 -1
    outer loop
      vertex 0.0226665 -0.0101665 -0.003
      vertex 0.022567 -0.0102706 -0.003
      vertex 0.0232269 0.00971681 -0.003
    endloop
  endfacet
  facet normal 0 0 -1
    outer loop
      vertex 0.022567 -0.0102706 -0.003
      vertex 0.0224721 -0.0103788 -0.003
      vertex 0.0232269 0.00971681 -0.003
    endloop
  endfacet
  facet normal 0 0 -1
    outer loop
      vertex 0.0232269 0.00971681 -0.003
      vertex 0.0224721 -0.0103788 -0.003
      vertex 0.0223819 -0.0104911 -0.003
    endloop
  endfacet
  facet normal 0 0 -1
    outer loop
      vertex -0.0270089 0.00988193 -0.003
      vertex -0.0252876 -0.00921256 -0.003
      vertex -0.0271212 0.00997205 -0.003
    endloop
  endfacet
  facet normal 0 0 -1
    outer loop
      vertex -0.0252876 -0.00921256 -0.003
      vertex -0.0254307 -0.00922823 -0.003
      vertex -0.0271212 0.00997205 -0.003
    endloop
  endfacet
  facet normal 0 0 -1
    outer loop
      vertex -0.0271212 0.00997205 -0.003
      vertex -0.0254307 -0.00922823 -0.003
      vertex -0.025573 -0.00925013 -0.003
    endloop
  endfacet
  facet normal 0 0 -1
    outer loop
      vertex 0.0272294 -0.010067 -0.003
      vertex 0.0271212 -0.00997205 -0.003
      vertex 0.0252876 0.00921256 -0.003
    endloop
  endfacet
  facet normal 0 0 -1
    outer loop
      vertex 0.0271212 -0.00997205 -0.003
      vertex 0.0270089 -0.00988193 -0.003
      vertex 0.0252876 0.00921256 -0.003
    endloop
  endfacet
  facet normal 0 0 -1
    outer loop
      vertex 0.0252876 0.00921256 -0.003
      vertex 0.0270089 -0.00988193 -0.003
      vertex 0.0268928 -0.0097968 -0.003
    endloop
  endfacet
  facet normal 0 0 -1
    outer loop
      vertex 0.0268928 -0.0097968 -0.003
      vertex 0.0267731 -0.00971681 -0.003
      vertex 0.0252876 0.00921256 -0.003
    endloop
  endfacet
  facet normal 0 0 -1
    outer loop
      vertex 0.0267731 -0.00971681 -0.003
      vertex 0.02665 -0.00964212 -0.003
      vertex 0.0252876 0.00921256 -0.003
    endloop
  endfacet
  facet normal 0 0 -1
    outer loop
      vertex 0.0252876 0.00921256 -0.003
      vertex 0.02665 -0.00964212 -0.003
      vertex 0.0265238 -0.00957286 -0.003
    endloop
  endfacet
  facet normal 0 0 -1
    outer loop
      vertex 0.0252876 0.00921256 -0.003
      vertex 0.0261287 -0.00939901 -0.003
      vertex 0.0259923 -0.00935273 -0.003
    endloop
  endfacet
  facet normal 0 0 -1
    outer loop
      vertex 0.0272294 -0.010067 -0.003
      vertex 0.0252876 0.00921256 -0.003
      vertex 0.0273335 -0.0101665 -0.003
    endloop
  endfacet
  facet normal 0 0 -1
    outer loop
      vertex 0.0252876 0.00921256 -0.003
      vertex 0.0254307 0.00922823 -0.003
      vertex 0.0273335 -0.0101665 -0.003
    endloop
  endfacet
  facet normal 0 0 -1
    outer loop
      vertex 0.0273335 -0.0101665 -0.003
      vertex 0.0254307 0.00922823 -0.003
      vertex 0.025573 0.00925013 -0.003
    endloop
  endfacet
  facet normal 0 0 -1
    outer loop
      vertex -0.0234762 -0.00957286 -0.003
      vertex -0.0236054 -0.00950918 -0.003
      vertex -0.0262629 0.0094512 -0.003
    endloop
  endfacet
  facet normal 0 0 -1
    outer loop
      vertex -0.0236054 -0.00950918 -0.003
      vertex -0.0237371 -0.0094512 -0.003
      vertex -0.0262629 0.0094512 -0.003
    endloop
  endfacet
  facet normal 0 0 -1
    outer loop
      vertex -0.0262629 0.0094512 -0.003
      vertex -0.0237371 -0.0094512 -0.003
      vertex -0.0238713 -0.00939901 -0.003
    endloop
  endfacet
  facet normal 0 0 -1
    outer loop
      vertex -0.0240077 -0.00935273 -0.003
      vertex -0.0241459 -0.00931244 -0.003
      vertex -0.0262629 0.0094512 -0.003
    endloop
  endfacet
  facet normal 0 0 -1
    outer loop
      vertex -0.0241459 -0.00931244 -0.003
      vertex -0.0242857 -0.00927822 -0.003
      vertex -0.0262629 0.0094512 -0.003
    endloop
  endfacet
  facet normal 0 0 -1
    outer loop
      vertex -0.0262629 0.0094512 -0.003
      vertex -0.0242857 -0.00927822 -0.003
      vertex -0.024427 -0.00925013 -0.003
    endloop
  endfacet
  facet normal 0 0 -1
    outer loop
      vertex -0.0270089 0.00988193 -0.003
      vertex -0.0268928 0.0097968 -0.003
      vertex -0.0252876 -0.00921256 -0.003
    endloop
  endfacet
  facet normal 0 0 -1
    outer loop
      vertex -0.0268928 0.0097968 -0.003
      vertex -0.0267731 0.00971681 -0.003
      vertex -0.0252876 -0.00921256 -0.003
    endloop
  endfacet
  facet normal 0 0 -1
    outer loop
      vertex -0.0252876 -0.00921256 -0.003
      vertex -0.0267731 0.00971681 -0.003
      vertex -0.02665 0.00964212 -0.003
    endloop
  endfacet
  facet normal 0 0 -1
    outer loop
      vertex -0.0270089 -0.00988193 -0.003
      vertex -0.0271212 -0.00997205 -0.003
      vertex -0.0271212 0.00997205 -0.003
    endloop
  endfacet
  facet normal 0 0 -1
    outer loop
      vertex -0.0271212 -0.00997205 -0.003
      vertex -0.0272294 -0.010067 -0.003
      vertex -0.0271212 0.00997205 -0.003
    endloop
  endfacet
  facet normal 0 0 -1
    outer loop
      vertex -0.0271212 0.00997205 -0.003
      vertex -0.0272294 -0.010067 -0.003
      vertex -0.0273335 -0.0101665 -0.003
    endloop
  endfacet
  facet normal 0 0 -1
    outer loop
      vertex 0.0234762 0.00957286 -0.003
      vertex 0.0236054 0.00950918 -0.003
      vertex 0.024427 -0.00925013 -0.003
    endloop
  endfacet
  facet normal 0 0 -1
    outer loop
      vertex 0.0236054 0.00950918 -0.003
      vertex 0.0237371 0.0094512 -0.003
      vertex 0.024427 -0.00925013 -0.003
    endloop
  endfacet
  facet normal 0 0 -1
    outer loop
      vertex 0.024427 -0.00925013 -0.003
      vertex 0.0237371 0.0094512 -0.003
      vertex 0.0238713 0.00939901 -0.003
    endloop
  endfacet
  facet normal 0 0 -1
    outer loop
      vertex 0.0242857 -0.00927822 -0.003
      vertex 0.0241459 -0.00931244 -0.003
      vertex 0.0232269 0.00971681 -0.003
    endloop
  endfacet
  facet normal 0 0 -1
    outer loop
      vertex 0.0241459 -0.00931244 -0.003
      vertex 0.0240077 -0.00935273 -0.003
      vertex 0.0232269 0.00971681 -0.003
    endloop
  endfacet
  facet normal 0 0 -1
    outer loop
      vertex 0.0232269 0.00971681 -0.003
      vertex 0.0240077 -0.00935273 -0.003
      vertex 0.0238713 -0.00939901 -0.003
    endloop
  endfacet
  facet normal 0 0 -1
    outer loop
      vertex 0.0234762 -0.00957286 -0.003
      vertex 0.02335 -0.00964212 -0.003
      vertex 0.0232269 0.00971681 -0.003
    endloop
  endfacet
  facet normal 0 0 -1
    outer loop
      vertex 0.0263946 0.00950918 -0.003
      vertex 0.0265238 0.00957286 -0.003
      vertex 0.0273335 -0.0101665 -0.003
    endloop
  endfacet
  facet normal 0 0 -1
    outer loop
      vertex 0.0265238 0.00957286 -0.003
      vertex 0.02665 0.00964212 -0.003
      vertex 0.0273335 -0.0101665 -0.003
    endloop
  endfacet
  facet normal 0 0 -1
    outer loop
      vertex 0.0273335 -0.0101665 -0.003
      vertex 0.02665 0.00964212 -0.003
      vertex 0.0267731 0.00971681 -0.003
    endloop
  endfacet
  facet normal 0 0 -1
    outer loop
      vertex 0.027433 0.0102706 -0.003
      vertex 0.0275279 0.0103788 -0.003
      vertex 0.0273335 -0.0101665 -0.003
    endloop
  endfacet
  facet normal 0 0 -1
    outer loop
      vertex 0.0275279 0.0103788 -0.003
      vertex 0.0276181 0.0104911 -0.003
      vertex 0.0273335 -0.0101665 -0.003
    endloop
  endfacet
  facet normal 0 0 -1
    outer loop
      vertex 0.0273335 -0.0101665 -0.003
      vertex 0.0276181 0.0104911 -0.003
      vertex 0.0277032 0.0106072 -0.003
    endloop
  endfacet
  facet normal 0 0 -1
    outer loop
      vertex 0.0277032 0.0106072 -0.003
      vertex 0.0277832 0.0107269 -0.003
      vertex 0.0273335 -0.0101665 -0.003
    endloop
  endfacet
  facet normal 0 0 -1
    outer loop
      vertex 0.0277832 0.0107269 -0.003
      vertex 0.0278579 0.01085 -0.003
      vertex 0.0273335 -0.0101665 -0.003
    endloop
  endfacet
  facet normal 0 0 -1
    outer loop
      vertex 0.0273335 -0.0101665 -0.003
      vertex 0.0278579 0.01085 -0.003
      vertex 0.0279271 0.0109762 -0.003
    endloop
  endfacet
  facet normal 0 0 -1
    outer loop
      vertex -0.024427 -0.00925013 -0.003
      vertex -0.0245693 -0.00922823 -0.003
      vertex -0.0262629 0.0094512 -0.003
    endloop
  endfacet
  facet normal 0 0 -1
    outer loop
      vertex -0.0245693 -0.00922823 -0.003
      vertex -0.0247124 -0.00921256 -0.003
      vertex -0.0262629 0.0094512 -0.003
    endloop
  endfacet
  facet normal 0 0 -1
    outer loop
      vertex -0.0262629 0.0094512 -0.003
      vertex -0.0247124 -0.00921256 -0.003
      vertex -0.0248561 -0.00920314 -0.003
    endloop
  endfacet
  facet normal 0 0 -1
    outer loop
      vertex -0.0261287 -0.00939901 -0.003
      vertex -0.0262629 -0.0094512 -0.003
      vertex -0.0271212 0.00997205 -0.003
    endloop
  endfacet
  facet normal 0 0 -1
    outer loop
      vertex -0.0262629 -0.0094512 -0.003
      vertex -0.0263946 -0.00950918 -0.003
      vertex -0.0271212 0.00997205 -0.003
    endloop
  endfacet
  facet normal 0 0 -1
    outer loop
      vertex -0.0271212 0.00997205 -0.003
      vertex -0.0263946 -0.00950918 -0.003
      vertex -0.0265238 -0.00957286 -0.003
    endloop
  endfacet
  facet normal 0 0 -1
    outer loop
      vertex 0.0265238 -0.00957286 -0.003
      vertex 0.0263946 -0.00950918 -0.003
      vertex 0.0252876 0.00921256 -0.003
    endloop
  endfacet
  facet normal 0 0 -1
    outer loop
      vertex 0.0263946 -0.00950918 -0.003
      vertex 0.0262629 -0.0094512 -0.003
      vertex 0.0252876 0.00921256 -0.003
    endloop
  endfacet
  facet normal 0 0 -1
    outer loop
      vertex 0.0252876 0.00921256 -0.003
      vertex 0.0262629 -0.0094512 -0.003
      vertex 0.0261287 -0.00939901 -0.003
    endloop
  endfacet
  facet normal 0 0 -1
    outer loop
      vertex 0.0259923 -0.00935273 -0.003
      vertex 0.0258541 -0.00931244 -0.003
      vertex 0.0252876 0.00921256 -0.003
    endloop
  endfacet
  facet normal 0 0 -1
    outer loop
      vertex 0.0258541 -0.00931244 -0.003
      vertex 0.0257143 -0.00927822 -0.003
      vertex 0.0252876 0.00921256 -0.003
    endloop
  endfacet
  facet normal 0 0 -1
    outer loop
      vertex 0.0252876 0.00921256 -0.003
      vertex 0.0257143 -0.00927822 -0.003
      vertex 0.025573 -0.00925013 -0.003
    endloop
  endfacet
  facet normal 0 0 -1
    outer loop
      vertex 0.0242857 -0.00927822 -0.003
      vertex 0.0232269 0.00971681 -0.003
      vertex 0.024427 -0.00925013 -0.003
    endloop
  endfacet
  facet normal 0 0 -1
    outer loop
      vertex 0.0232269 0.00971681 -0.003
      vertex 0.02335 0.00964212 -0.003
      vertex 0.024427 -0.00925013 -0.003
    endloop
  endfacet
  facet normal 0 0 -1
    outer loop
      vertex 0.024427 -0.00925013 -0.003
      vertex 0.02335 0.00964212 -0.003
      vertex 0.0234762 0.00957286 -0.003
    endloop
  endfacet
  facet normal 0 0 -1
    outer loop
      vertex -0.02665 0.00964212 -0.003
      vertex -0.0265238 0.00957286 -0.003
      vertex -0.0252876 -0.00921256 -0.003
    endloop
  endfacet
  facet normal 0 0 -1
    outer loop
      vertex -0.0265238 0.00957286 -0.003
      vertex -0.0263946 0.00950918 -0.003
      vertex -0.0252876 -0.00921256 -0.003
    endloop
  endfacet
  facet normal 0 0 -1
    outer loop
      vertex -0.0252876 -0.00921256 -0.003
      vertex -0.0263946 0.00950918 -0.003
      vertex -0.0251439 -0.00920314 -0.003
    endloop
  endfacet
  facet normal 0 0 -1
    outer loop
      vertex -0.0263946 0.00950918 -0.003
      vertex -0.0262629 0.0094512 -0.003
      vertex -0.0251439 -0.00920314 -0.003
    endloop
  endfacet
  facet normal 0 0 -1
    outer loop
      vertex -0.0251439 -0.00920314 -0.003
      vertex -0.0262629 0.0094512 -0.003
      vertex -0.025 -0.0092 -0.003
    endloop
  endfacet
  facet normal 0 0 -1
    outer loop
      vertex -0.0262629 0.0094512 -0.003
      vertex -0.0248561 -0.00920314 -0.003
      vertex -0.025 -0.0092 -0.003
    endloop
  endfacet
  facet normal 0 0 -1
    outer loop
      vertex 0.0229911 -0.00988193 -0.003
      vertex 0.0228788 -0.00997205 -0.003
      vertex 0.0232269 0.00971681 -0.003
    endloop
  endfacet
  facet normal 0 0 -1
    outer loop
      vertex 0.0228788 -0.00997205 -0.003
      vertex 0.0227706 -0.010067 -0.003
      vertex 0.0232269 0.00971681 -0.003
    endloop
  endfacet
  facet normal 0 0 -1
    outer loop
      vertex 0.0232269 0.00971681 -0.003
      vertex 0.0227706 -0.010067 -0.003
      vertex 0.0226665 -0.0101665 -0.003
    endloop
  endfacet
  facet normal 0 0 -1
    outer loop
      vertex 0.0259923 0.00935273 -0.003
      vertex 0.0261287 0.00939901 -0.003
      vertex 0.0273335 -0.0101665 -0.003
    endloop
  endfacet
  facet normal 0 0 -1
    outer loop
      vertex 0.0261287 0.00939901 -0.003
      vertex 0.0262629 0.0094512 -0.003
      vertex 0.0273335 -0.0101665 -0.003
    endloop
  endfacet
  facet normal 0 0 -1
    outer loop
      vertex 0.0273335 -0.0101665 -0.003
      vertex 0.0262629 0.0094512 -0.003
      vertex 0.0263946 0.00950918 -0.003
    endloop
  endfacet
  facet normal 0 0 -1
    outer loop
      vertex 0.0267731 0.00971681 -0.003
      vertex 0.0268928 0.0097968 -0.003
      vertex 0.0273335 -0.0101665 -0.003
    endloop
  endfacet
  facet normal 0 0 -1
    outer loop
      vertex 0.0268928 0.0097968 -0.003
      vertex 0.0270089 0.00988193 -0.003
      vertex 0.0273335 -0.0101665 -0.003
    endloop
  endfacet
  facet normal 0 0 -1
    outer loop
      vertex 0.0273335 -0.0101665 -0.003
      vertex 0.0270089 0.00988193 -0.003
      vertex 0.0271212 0.00997205 -0.003
    endloop
  endfacet
  facet normal 0 0 -1
    outer loop
      vertex 0.0271212 0.00997205 -0.003
      vertex 0.0272294 0.010067 -0.003
      vertex 0.0273335 -0.0101665 -0.003
    endloop
  endfacet
  facet normal 0 0 -1
    outer loop
      vertex 0.0272294 0.010067 -0.003
      vertex 0.0273335 0.0101665 -0.003
      vertex 0.0273335 -0.0101665 -0.003
    endloop
  endfacet
  facet normal 0 0 -1
    outer loop
      vertex 0.0273335 -0.0101665 -0.003
      vertex 0.0273335 0.0101665 -0.003
      vertex 0.027433 0.0102706 -0.003
    endloop
  endfacet
  facet normal 0 0 -1
    outer loop
      vertex -0.02665 -0.00964212 -0.003
      vertex -0.0267731 -0.00971681 -0.003
      vertex -0.0271212 0.00997205 -0.003
    endloop
  endfacet
  facet normal 0 0 -1
    outer loop
      vertex -0.0267731 -0.00971681 -0.003
      vertex -0.0268928 -0.0097968 -0.003
      vertex -0.0271212 0.00997205 -0.003
    endloop
  endfacet
  facet normal 0 0 -1
    outer loop
      vertex -0.0271212 0.00997205 -0.003
      vertex -0.0268928 -0.0097968 -0.003
      vertex -0.0270089 -0.00988193 -0.003
    endloop
  endfacet
  facet normal 0 0 -1
    outer loop
      vertex 0.0240077 0.00935273 -0.003
      vertex 0.0247124 -0.00921256 -0.003
      vertex 0.0238713 0.00939901 -0.003
    endloop
  endfacet
  facet normal 0 0 -1
    outer loop
      vertex 0.0247124 -0.00921256 -0.003
      vertex 0.0245693 -0.00922823 -0.003
      vertex 0.0238713 0.00939901 -0.003
    endloop
  endfacet
  facet normal 0 0 -1
    outer loop
      vertex 0.0238713 0.00939901 -0.003
      vertex 0.0245693 -0.00922823 -0.003
      vertex 0.024427 -0.00925013 -0.003
    endloop
  endfacet
  facet normal 0 0 -1
    outer loop
      vertex 0.025573 -0.00925013 -0.003
      vertex 0.0254307 -0.00922823 -0.003
      vertex 0.0252876 0.00921256 -0.003
    endloop
  endfacet
  facet normal 0 0 -1
    outer loop
      vertex 0.0254307 -0.00922823 -0.003
      vertex 0.0252876 -0.00921256 -0.003
      vertex 0.0252876 0.00921256 -0.003
    endloop
  endfacet
  facet normal 0 0 -1
    outer loop
      vertex 0.0252876 0.00921256 -0.003
      vertex 0.0252876 -0.00921256 -0.003
      vertex 0.0251439 -0.00920314 -0.003
    endloop
  endfacet
  facet normal 0 0 -1
    outer loop
      vertex 0.0238713 -0.00939901 -0.003
      vertex 0.0237371 -0.0094512 -0.003
      vertex 0.0232269 0.00971681 -0.003
    endloop
  endfacet
  facet normal 0 0 -1
    outer loop
      vertex 0.0237371 -0.0094512 -0.003
      vertex 0.0236054 -0.00950918 -0.003
      vertex 0.0232269 0.00971681 -0.003
    endloop
  endfacet
  facet normal 0 0 -1
    outer loop
      vertex 0.0232269 0.00971681 -0.003
      vertex 0.0236054 -0.00950918 -0.003
      vertex 0.0234762 -0.00957286 -0.003
    endloop
  endfacet
  facet normal 0 0 -1
    outer loop
      vertex 0.025573 0.00925013 -0.003
      vertex 0.0257143 0.00927822 -0.003
      vertex 0.0273335 -0.0101665 -0.003
    endloop
  endfacet
  facet normal 0 0 -1
    outer loop
      vertex 0.0257143 0.00927822 -0.003
      vertex 0.0258541 0.00931244 -0.003
      vertex 0.0273335 -0.0101665 -0.003
    endloop
  endfacet
  facet normal 0 0 -1
    outer loop
      vertex 0.0273335 -0.0101665 -0.003
      vertex 0.0258541 0.00931244 -0.003
      vertex 0.0259923 0.00935273 -0.003
    endloop
  endfacet
  facet normal 0 0 -1
    outer loop
      vertex 0.0240077 0.00935273 -0.003
      vertex 0.0241459 0.00931244 -0.003
      vertex 0.0247124 -0.00921256 -0.003
    endloop
  endfacet
  facet normal 0 0 -1
    outer loop
      vertex 0.0241459 0.00931244 -0.003
      vertex 0.0242857 0.00927822 -0.003
      vertex 0.0247124 -0.00921256 -0.003
    endloop
  endfacet
  facet normal 0 0 -1
    outer loop
      vertex 0.0247124 -0.00921256 -0.003
      vertex 0.0242857 0.00927822 -0.003
      vertex 0.024427 0.00925013 -0.003
    endloop
  endfacet
  facet normal 0 0 -1
    outer loop
      vertex 0.024427 0.00925013 -0.003
      vertex 0.0245693 0.00922823 -0.003
      vertex 0.0247124 -0.00921256 -0.003
    endloop
  endfacet
  facet normal 0 0 -1
    outer loop
      vertex 0.0245693 0.00922823 -0.003
      vertex 0.0247124 0.00921256 -0.003
      vertex 0.0247124 -0.00921256 -0.003
    endloop
  endfacet
  facet normal 0 0 -1
    outer loop
      vertex 0.0247124 -0.00921256 -0.003
      vertex 0.0247124 0.00921256 -0.003
      vertex 0.0248561 -0.00920314 -0.003
    endloop
  endfacet
  facet normal 0 0 -1
    outer loop
      vertex 0.0247124 0.00921256 -0.003
      vertex 0.0248561 0.00920314 -0.003
      vertex 0.0248561 -0.00920314 -0.003
    endloop
  endfacet
  facet normal 0 0 -1
    outer loop
      vertex 0.0248561 -0.00920314 -0.003
      vertex 0.0248561 0.00920314 -0.003
      vertex 0.025 -0.0092 -0.003
    endloop
  endfacet
  facet normal 0 0 -1
    outer loop
      vertex 0.0248561 0.00920314 -0.003
      vertex 0.025 0.0092 -0.003
      vertex 0.025 -0.0092 -0.003
    endloop
  endfacet
  facet normal 0 0 -1
    outer loop
      vertex 0.025 -0.0092 -0.003
      vertex 0.025 0.0092 -0.003
      vertex 0.0251439 -0.00920314 -0.003
    endloop
  endfacet
  facet normal 0 0 -1
    outer loop
      vertex 0.025 0.0092 -0.003
      vertex 0.0251439 0.00920314 -0.003
      vertex 0.0251439 -0.00920314 -0.003
    endloop
  endfacet
  facet normal 0 0 -1
    outer loop
      vertex 0.0251439 -0.00920314 -0.003
      vertex 0.0251439 0.00920314 -0.003
      vertex 0.0252876 0.00921256 -0.003
    endloop
  endfacet
  facet normal 0 0 -1
    outer loop
      vertex 0.02335 -0.00964212 -0.003
      vertex 0.0232269 -0.00971681 -0.003
      vertex 0.0232269 0.00971681 -0.003
    endloop
  endfacet
  facet normal 0 0 -1
    outer loop
      vertex 0.0232269 -0.00971681 -0.003
      vertex 0.0231072 -0.0097968 -0.003
      vertex 0.0232269 0.00971681 -0.003
    endloop
  endfacet
  facet normal 0 0 -1
    outer loop
      vertex 0.0232269 0.00971681 -0.003
      vertex 0.0231072 -0.0097968 -0.003
      vertex 0.0229911 -0.00988193 -0.003
    endloop
  endfacet
  facet normal 0 1 0
    outer loop
      vertex 0.035 0.02 0
      vertex 0.035 0.02 -0.003
      vertex -0.02085 0.02 0
    endloop
  endfacet
  facet normal 0 1 0
    outer loop
      vertex 0.035 0.02 -0.003
      vertex -0.035 0.02 -0.003
      vertex -0.02085 0.02 0
    endloop
  endfacet
  facet normal 0 1 0
    outer loop
      vertex -0.02085 0.02 0
      vertex -0.035 0.02 -0.003
      vertex -0.035 0.02 0
    endloop
  endfacet
  facet normal -1 0 0
    outer loop
      vertex -0.035 0.02 0
      vertex -0.035 0.02 -0.003
      vertex -0.035 5.20417e-18 0
    endloop
  endfacet
  facet normal -1 0 0
    outer loop
      vertex -0.035 0.02 -0.003
      vertex -0.035 -0.02 -0.003
      vertex -0.035 5.20417e-18 0
    endloop
  endfacet
  facet normal -1 0 0
    outer loop
      vertex -0.035 5.20417e-18 0
      vertex -0.035 -0.02 -0.003
      vertex -0.035 -0.02 0
    endloop
  endfacet
  facet normal 0 -1 0
    outer loop
      vertex -0.035 -0.02 0
      vertex -0.035 -0.02 -0.003
      vertex -0.02085 -0.02 0
    endloop
  endfacet
  facet normal 0 -1 0
    outer loop
      vertex -0.035 -0.02 -0.003
      vertex 0.035 -0.02 -0.003
      vertex -0.02085 -0.02 0
    endloop
  endfacet
  facet normal 0 -1 0
    outer loop
      vertex -0.02085 -0.02 0
      vertex 0.035 -0.02 -0.003
      vertex 0.035 -0.02 0
    endloop
  endfacet
  facet normal 1 0 0
    outer loop
      vertex 0.035 -0.02 0
      vertex 0.035 -0.02 -0.003
      vertex 0.035 5.20417e-18 0
    endloop
  endfacet
  facet normal 1 0 0
    outer loop
      vertex 0.035 -0.02 -0.003
      vertex 0.035 0.02 -0.003
      vertex 0.035 5.20417e-18 0
    endloop
  endfacet
  facet normal 1 0 0
    outer loop
      vertex 0.035 5.20417e-18 0
      vertex 0.035 0.02 -0.003
      vertex 0.035 0.02 0
    endloop
  endfacet
  facet normal 0 0 1
    outer loop
      vertex -0.0115 0.006 0
      vertex -0.0115 -0.006 0
      vertex 0.0115 0.006 0
    endloop
  endfacet
  facet normal 0 0 1
    outer loop
      vertex -0.0115 -0.006 0
      vertex 0.0115 -0.006 0
      vertex 0.0115 0.006 0
    endloop
  endfacet
  facet normal 0 0 1
    outer loop
      vertex -0.0199062 -0.0145744 0.0285
      vertex -0.02 -0.0147913 0.0285
      vertex -0.02 -0.015 0.0285
    endloop
  endfacet
  facet normal 0 0 1
    outer loop
      vertex 0.0135 0.0085 0.0285
      vertex 0.02 0.015 0.0285
      vertex -0.0135 0.0085 0.0285
    endloop
  endfacet
  facet normal 0 0 1
    outer loop
      vertex 0.02 0.015 0.0285
      vertex -0.02 0.015 0.0285
      vertex -0.0135 0.0085 0.0285
    endloop
  endfacet
  facet normal 0 0 1
    outer loop
      vertex 0.0197469 -0.0108705 0.0285
      vertex 0.0198218 -0.0106463 0.0285
      vertex 0.0135 -0.0085 0.0285
    endloop
  endfacet
  facet normal 0 0 1
    outer loop
      vertex 0.02 -0.015 0.0285
      vertex 0.02 -0.0147913 0.0285
      vertex 0.0135 -0.0085 0.0285
    endloop
  endfacet
  facet normal 0 0 1
    outer loop
      vertex 0.02 -0.0147913 0.0285
      vertex 0.0199062 -0.0145744 0.0285
      vertex 0.0135 -0.0085 0.0285
    endloop
  endfacet
  facet normal 0 0 1
    outer loop
      vertex 0.0195203 -0.0120279 0.0285
      vertex 0.0195456 -0.011793 0.0285
      vertex 0.0135 -0.0085 0.0285
    endloop
  endfacet
  facet normal 0 0 1
    outer loop
      vertex 0.0195456 -0.011793 0.0285
      vertex 0.019581 -0.0115593 0.0285
      vertex 0.0135 -0.0085 0.0285
    endloop
  endfacet
  facet normal 0 0 1
    outer loop
      vertex -0.019581 -0.0134407 0.0285
      vertex -0.0196265 -0.0136726 0.0285
      vertex -0.0135 -0.0085 0.0285
    endloop
  endfacet
  facet normal 0 0 1
    outer loop
      vertex -0.0196265 -0.0136726 0.0285
      vertex -0.0196818 -0.0139024 0.0285
      vertex -0.0135 -0.0085 0.0285
    endloop
  endfacet
  facet normal 0 0 1
    outer loop
      vertex 0.02 -0.015 0.0285
      vertex 0.0135 -0.0085 0.0285
      vertex -0.02 -0.015 0.0285
    endloop
  endfacet
  facet normal 0 0 1
    outer loop
      vertex 0.0135 -0.0085 0.0285
      vertex -0.0135 -0.0085 0.0285
      vertex -0.02 -0.015 0.0285
    endloop
  endfacet
  facet normal 0 0 1
    outer loop
      vertex -0.02 -0.015 0.0285
      vertex -0.0135 -0.0085 0.0285
      vertex -0.0199062 -0.0145744 0.0285
    endloop
  endfacet
  facet normal 0 0 1
    outer loop
      vertex 0.0199062 -0.0145744 0.0285
      vertex 0.0198218 -0.0143537 0.0285
      vertex 0.0135 -0.0085 0.0285
    endloop
  endfacet
  facet normal 0 0 1
    outer loop
      vertex 0.0198218 -0.0143537 0.0285
      vertex 0.0197469 -0.0141295 0.0285
      vertex 0.0135 -0.0085 0.0285
    endloop
  endfacet
  facet normal 0 0 1
    outer loop
      vertex 0.0135 -0.0085 0.0285
      vertex 0.0197469 -0.0141295 0.0285
      vertex 0.0196818 -0.0139024 0.0285
    endloop
  endfacet
  facet normal 0 0 1
    outer loop
      vertex 0.019581 -0.0115593 0.0285
      vertex 0.0196265 -0.0113274 0.0285
      vertex 0.0135 -0.0085 0.0285
    endloop
  endfacet
  facet normal 0 0 1
    outer loop
      vertex 0.0196265 -0.0113274 0.0285
      vertex 0.0196818 -0.0110976 0.0285
      vertex 0.0135 -0.0085 0.0285
    endloop
  endfacet
  facet normal 0 0 1
    outer loop
      vertex 0.0135 -0.0085 0.0285
      vertex 0.0196818 -0.0110976 0.0285
      vertex 0.0197469 -0.0108705 0.0285
    endloop
  endfacet
  facet normal 0 0 1
    outer loop
      vertex 0.0195 0.0125 0.0285
      vertex 0.0195051 0.0127363 0.0285
      vertex 0.0135 0.0085 0.0285
    endloop
  endfacet
  facet normal 0 0 1
    outer loop
      vertex -0.0196818 -0.0139024 0.0285
      vertex -0.0197469 -0.0141295 0.0285
      vertex -0.0135 -0.0085 0.0285
    endloop
  endfacet
  facet normal 0 0 1
    outer loop
      vertex -0.0197469 -0.0141295 0.0285
      vertex -0.0198218 -0.0143537 0.0285
      vertex -0.0135 -0.0085 0.0285
    endloop
  endfacet
  facet normal 0 0 1
    outer loop
      vertex -0.0135 -0.0085 0.0285
      vertex -0.0198218 -0.0143537 0.0285
      vertex -0.0199062 -0.0145744 0.0285
    endloop
  endfacet
  facet normal 0 0 1
    outer loop
      vertex 0.0195051 -0.0127363 0.0285
      vertex 0.0135 -0.0085 0.0285
      vertex 0.0195203 -0.0129721 0.0285
    endloop
  endfacet
  facet normal 0 0 1
    outer loop
      vertex 0.0135 -0.0085 0.0285
      vertex 0.0195456 -0.013207 0.0285
      vertex 0.0195203 -0.0129721 0.0285
    endloop
  endfacet
  facet normal 0 0 1
    outer loop
      vertex 0.0195051 -0.0127363 0.0285
      vertex 0.0195 -0.0125 0.0285
      vertex 0.0135 -0.0085 0.0285
    endloop
  endfacet
  facet normal 0 0 1
    outer loop
      vertex 0.0195 -0.0125 0.0285
      vertex 0.0195051 -0.0122637 0.0285
      vertex 0.0135 -0.0085 0.0285
    endloop
  endfacet
  facet normal 0 0 1
    outer loop
      vertex 0.0135 -0.0085 0.0285
      vertex 0.0195051 -0.0122637 0.0285
      vertex 0.0195203 -0.0120279 0.0285
    endloop
  endfacet
  facet normal 0 0 1
    outer loop
      vertex 0.0199062 0.0104256 0.0285
      vertex 0.0198218 0.0106463 0.0285
      vertex 0.0135 0.0085 0.0285
    endloop
  endfacet
  facet normal 0 0 1
    outer loop
      vertex 0.0198218 0.0106463 0.0285
      vertex 0.0197469 0.0108705 0.0285
      vertex 0.0135 0.0085 0.0285
    endloop
  endfacet
  facet normal 0 0 1
    outer loop
      vertex 0.0135 0.0085 0.0285
      vertex 0.0197469 0.0108705 0.0285
      vertex 0.0196818 0.0110976 0.0285
    endloop
  endfacet
  facet normal 0 0 1
    outer loop
      vertex -0.0135 0.0085 0.0285
      vertex -0.0197469 0.0108705 0.0285
      vertex -0.0198218 0.0106463 0.0285
    endloop
  endfacet
  facet normal 0 0 1
    outer loop
      vertex -0.0195 -0.0125 0.0285
      vertex -0.0195051 -0.0127363 0.0285
      vertex -0.0135 -0.0085 0.0285
    endloop
  endfacet
  facet normal 0 0 1
    outer loop
      vertex 0.0196818 -0.0139024 0.0285
      vertex 0.0196265 -0.0136726 0.0285
      vertex 0.0135 -0.0085 0.0285
    endloop
  endfacet
  facet normal 0 0 1
    outer loop
      vertex 0.0196265 -0.0136726 0.0285
      vertex 0.019581 -0.0134407 0.0285
      vertex 0.0135 -0.0085 0.0285
    endloop
  endfacet
  facet normal 0 0 1
    outer loop
      vertex 0.0135 -0.0085 0.0285
      vertex 0.019581 -0.0134407 0.0285
      vertex 0.0195456 -0.013207 0.0285
    endloop
  endfacet
  facet normal 0 0 1
    outer loop
      vertex 0.0196818 0.0110976 0.0285
      vertex 0.0196265 0.0113274 0.0285
      vertex 0.0135 0.0085 0.0285
    endloop
  endfacet
  facet normal 0 0 1
    outer loop
      vertex 0.0196265 0.0113274 0.0285
      vertex 0.019581 0.0115593 0.0285
      vertex 0.0135 0.0085 0.0285
    endloop
  endfacet
  facet normal 0 0 1
    outer loop
      vertex 0.0135 0.0085 0.0285
      vertex 0.019581 0.0115593 0.0285
      vertex 0.0195456 0.011793 0.0285
    endloop
  endfacet
  facet normal 0 0 1
    outer loop
      vertex 0.0195051 0.0127363 0.0285
      vertex 0.0195203 0.0129721 0.0285
      vertex 0.0135 0.0085 0.0285
    endloop
  endfacet
  facet normal 0 0 1
    outer loop
      vertex 0.0195203 0.0129721 0.0285
      vertex 0.0195456 0.013207 0.0285
      vertex 0.0135 0.0085 0.0285
    endloop
  endfacet
  facet normal 0 0 1
    outer loop
      vertex 0.0135 0.0085 0.0285
      vertex 0.0195456 0.013207 0.0285
      vertex 0.019581 0.0134407 0.0285
    endloop
  endfacet
  facet normal 0 0 1
    outer loop
      vertex 0.02 0.0147913 0.0285
      vertex 0.02 0.015 0.0285
      vertex 0.0199062 0.0145744 0.0285
    endloop
  endfacet
  facet normal 0 0 1
    outer loop
      vertex 0.02 0.015 0.0285
      vertex 0.0135 0.0085 0.0285
      vertex 0.0199062 0.0145744 0.0285
    endloop
  endfacet
  facet normal 0 0 1
    outer loop
      vertex 0.0199062 0.0145744 0.0285
      vertex 0.0135 0.0085 0.0285
      vertex 0.0198218 0.0143537 0.0285
    endloop
  endfacet
  facet normal 0 0 1
    outer loop
      vertex 0.0135 0.0085 0.0285
      vertex 0.0197469 0.0141295 0.0285
      vertex 0.0198218 0.0143537 0.0285
    endloop
  endfacet
  facet normal 0 0 1
    outer loop
      vertex -0.02 0.015 0.0285
      vertex -0.02 0.0147913 0.0285
      vertex -0.0135 0.0085 0.0285
    endloop
  endfacet
  facet normal 0 0 1
    outer loop
      vertex -0.02 0.0147913 0.0285
      vertex -0.0199062 0.0145744 0.0285
      vertex -0.0135 0.0085 0.0285
    endloop
  endfacet
  facet normal 0 0 1
    outer loop
      vertex -0.0135 0.0085 0.0285
      vertex -0.0199062 0.0145744 0.0285
      vertex -0.0198218 0.0143537 0.0285
    endloop
  endfacet
  facet normal 0 0 1
    outer loop
      vertex -0.0198218 0.0143537 0.0285
      vertex -0.0197469 0.0141295 0.0285
      vertex -0.0135 0.0085 0.0285
    endloop
  endfacet
  facet normal 0 0 1
    outer loop
      vertex -0.0197469 0.0141295 0.0285
      vertex -0.0196818 0.0139024 0.0285
      vertex -0.0135 0.0085 0.0285
    endloop
  endfacet
  facet normal 0 0 1
    outer loop
      vertex -0.0135 0.0085 0.0285
      vertex -0.0196818 0.0139024 0.0285
      vertex -0.0196265 0.0136726 0.0285
    endloop
  endfacet
  facet normal 0 0 1
    outer loop
      vertex -0.0196265 0.0136726 0.0285
      vertex -0.019581 0.0134407 0.0285
      vertex -0.0135 0.0085 0.0285
    endloop
  endfacet
  facet normal 0 0 1
    outer loop
      vertex -0.019581 0.0134407 0.0285
      vertex -0.0195456 0.013207 0.0285
      vertex -0.0135 0.0085 0.0285
    endloop
  endfacet
  facet normal 0 0 1
    outer loop
      vertex -0.0135 0.0085 0.0285
      vertex -0.0195456 0.013207 0.0285
      vertex -0.0195203 0.0129721 0.0285
    endloop
  endfacet
  facet normal 0 0 1
    outer loop
      vertex -0.0195203 0.0129721 0.0285
      vertex -0.0195051 0.0127363 0.0285
      vertex -0.0135 0.0085 0.0285
    endloop
  endfacet
  facet normal 0 0 1
    outer loop
      vertex -0.0195051 0.0127363 0.0285
      vertex -0.0195 0.0125 0.0285
      vertex -0.0135 0.0085 0.0285
    endloop
  endfacet
  facet normal 0 0 1
    outer loop
      vertex -0.0135 0.0085 0.0285
      vertex -0.0195 0.0125 0.0285
      vertex -0.0195051 0.0122637 0.0285
    endloop
  endfacet
  facet normal 0 0 1
    outer loop
      vertex -0.0195051 0.0122637 0.0285
      vertex -0.0195203 0.0120279 0.0285
      vertex -0.0135 0.0085 0.0285
    endloop
  endfacet
  facet normal 0 0 1
    outer loop
      vertex -0.0195203 0.0120279 0.0285
      vertex -0.0195456 0.011793 0.0285
      vertex -0.0135 0.0085 0.0285
    endloop
  endfacet
  facet normal 0 0 1
    outer loop
      vertex -0.0135 0.0085 0.0285
      vertex -0.0195456 0.011793 0.0285
      vertex -0.019581 0.0115593 0.0285
    endloop
  endfacet
  facet normal 0 0 1
    outer loop
      vertex -0.019581 0.0115593 0.0285
      vertex -0.0196265 0.0113274 0.0285
      vertex -0.0135 0.0085 0.0285
    endloop
  endfacet
  facet normal 0 0 1
    outer loop
      vertex -0.0196265 0.0113274 0.0285
      vertex -0.0196818 0.0110976 0.0285
      vertex -0.0135 0.0085 0.0285
    endloop
  endfacet
  facet normal 0 0 1
    outer loop
      vertex -0.0135 0.0085 0.0285
      vertex -0.0196818 0.0110976 0.0285
      vertex -0.0197469 0.0108705 0.0285
    endloop
  endfacet
  facet normal 0 0 1
    outer loop
      vertex -0.0199062 -0.0104256 0.0285
      vertex -0.0198218 -0.0106463 0.0285
      vertex -0.0135 -0.0085 0.0285
    endloop
  endfacet
  facet normal 0 0 1
    outer loop
      vertex -0.0198218 -0.0106463 0.0285
      vertex -0.0197469 -0.0108705 0.0285
      vertex -0.0135 -0.0085 0.0285
    endloop
  endfacet
  facet normal 0 0 1
    outer loop
      vertex -0.0195051 -0.0127363 0.0285
      vertex -0.0195203 -0.0129721 0.0285
      vertex -0.0135 -0.0085 0.0285
    endloop
  endfacet
  facet normal 0 0 1
    outer loop
      vertex -0.0195203 -0.0129721 0.0285
      vertex -0.0195456 -0.013207 0.0285
      vertex -0.0135 -0.0085 0.0285
    endloop
  endfacet
  facet normal 0 0 1
    outer loop
      vertex -0.0135 -0.0085 0.0285
      vertex -0.0195456 -0.013207 0.0285
      vertex -0.019581 -0.0134407 0.0285
    endloop
  endfacet
  facet normal 0 0 1
    outer loop
      vertex 0.0198218 -0.0106463 0.0285
      vertex 0.0199062 -0.0104256 0.0285
      vertex 0.0135 -0.0085 0.0285
    endloop
  endfacet
  facet normal 0 0 1
    outer loop
      vertex 0.0199062 -0.0104256 0.0285
      vertex 0.02 -0.0102087 0.0285
      vertex 0.0135 -0.0085 0.0285
    endloop
  endfacet
  facet normal 0 0 1
    outer loop
      vertex 0.0135 -0.0085 0.0285
      vertex 0.02 -0.0102087 0.0285
      vertex 0.0135 0.0085 0.0285
    endloop
  endfacet
  facet normal 0 0 1
    outer loop
      vertex 0.02 -0.0102087 0.0285
      vertex 0.02 0.0102087 0.0285
      vertex 0.0135 0.0085 0.0285
    endloop
  endfacet
  facet normal 0 0 1
    outer loop
      vertex 0.0135 0.0085 0.0285
      vertex 0.02 0.0102087 0.0285
      vertex 0.0199062 0.0104256 0.0285
    endloop
  endfacet
  facet normal 0 0 1
    outer loop
      vertex 0.0195456 0.011793 0.0285
      vertex 0.0195203 0.0120279 0.0285
      vertex 0.0135 0.0085 0.0285
    endloop
  endfacet
  facet normal 0 0 1
    outer loop
      vertex 0.0195203 0.0120279 0.0285
      vertex 0.0195051 0.0122637 0.0285
      vertex 0.0135 0.0085 0.0285
    endloop
  endfacet
  facet normal 0 0 1
    outer loop
      vertex 0.0135 0.0085 0.0285
      vertex 0.0195051 0.0122637 0.0285
      vertex 0.0195 0.0125 0.0285
    endloop
  endfacet
  facet normal 0 0 1
    outer loop
      vertex 0.019581 0.0134407 0.0285
      vertex 0.0196265 0.0136726 0.0285
      vertex 0.0135 0.0085 0.0285
    endloop
  endfacet
  facet normal 0 0 1
    outer loop
      vertex 0.0196265 0.0136726 0.0285
      vertex 0.0196818 0.0139024 0.0285
      vertex 0.0135 0.0085 0.0285
    endloop
  endfacet
  facet normal 0 0 1
    outer loop
      vertex 0.0135 0.0085 0.0285
      vertex 0.0196818 0.0139024 0.0285
      vertex 0.0197469 0.0141295 0.0285
    endloop
  endfacet
  facet normal 0 0 1
    outer loop
      vertex -0.0135 -0.0085 0.0285
      vertex -0.019581 -0.0115593 0.0285
      vertex -0.0195456 -0.011793 0.0285
    endloop
  endfacet
  facet normal 0 0 1
    outer loop
      vertex -0.0197469 -0.0108705 0.0285
      vertex -0.0196818 -0.0110976 0.0285
      vertex -0.0135 -0.0085 0.0285
    endloop
  endfacet
  facet normal 0 0 1
    outer loop
      vertex -0.0196818 -0.0110976 0.0285
      vertex -0.0196265 -0.0113274 0.0285
      vertex -0.0135 -0.0085 0.0285
    endloop
  endfacet
  facet normal 0 0 1
    outer loop
      vertex -0.0135 -0.0085 0.0285
      vertex -0.0196265 -0.0113274 0.0285
      vertex -0.019581 -0.0115593 0.0285
    endloop
  endfacet
  facet normal 0 0 1
    outer loop
      vertex -0.0195456 -0.011793 0.0285
      vertex -0.0195203 -0.0120279 0.0285
      vertex -0.0135 -0.0085 0.0285
    endloop
  endfacet
  facet normal 0 0 1
    outer loop
      vertex -0.0195203 -0.0120279 0.0285
      vertex -0.0195051 -0.0122637 0.0285
      vertex -0.0135 -0.0085 0.0285
    endloop
  endfacet
  facet normal 0 0 1
    outer loop
      vertex -0.0135 -0.0085 0.0285
      vertex -0.0195051 -0.0122637 0.0285
      vertex -0.0195 -0.0125 0.0285
    endloop
  endfacet
  facet normal 0 0 1
    outer loop
      vertex -0.0198218 0.0106463 0.0285
      vertex -0.0199062 0.0104256 0.0285
      vertex -0.0135 0.0085 0.0285
    endloop
  endfacet
  facet normal 0 0 1
    outer loop
      vertex -0.0199062 0.0104256 0.0285
      vertex -0.02 0.0102087 0.0285
      vertex -0.0135 0.0085 0.0285
    endloop
  endfacet
  facet normal 0 0 1
    outer loop
      vertex -0.0135 0.0085 0.0285
      vertex -0.02 0.0102087 0.0285
      vertex -0.0135 -0.0085 0.0285
    endloop
  endfacet
  facet normal 0 0 1
    outer loop
      vertex -0.02 0.0102087 0.0285
      vertex -0.02 -0.0102087 0.0285
      vertex -0.0135 -0.0085 0.0285
    endloop
  endfacet
  facet normal 0 0 1
    outer loop
      vertex -0.0135 -0.0085 0.0285
      vertex -0.02 -0.0102087 0.0285
      vertex -0.0199062 -0.0104256 0.0285
    endloop
  endfacet
  facet normal -1 0 0
    outer loop
      vertex 0.0135 0.0085 0.025
      vertex 0.0135 -0.0085 0.025
      vertex 0.0135 0.0085 0.0285
    endloop
  endfacet
  facet normal -1 0 0
    outer loop
      vertex 0.0135 -0.0085 0.025
      vertex 0.0135 -0.0085 0.0285
      vertex 0.0135 0.0085 0.0285
    endloop
  endfacet
  facet normal -1 0 0
    outer loop
      vertex -0.02 0.0147913 0.0285
      vertex -0.02 0.015 0.0285
      vertex -0.02 0.0147913 0
    endloop
  endfacet
  facet normal -1 0 0
    outer loop
      vertex -0.02 0.015 0.0285
      vertex -0.02 0.015 0
      vertex -0.02 0.0147913 0
    endloop
  endfacet
  facet normal 0.917832 -0.396969 0
    outer loop
      vertex 0.02 0.0147913 0
      vertex 0.02 0.0147913 0.0285
      vertex 0.0199062 0.0145744 0
    endloop
  endfacet
  facet normal 0.917832 -0.396969 0
    outer loop
      vertex 0.02 0.0147913 0.0285
      vertex 0.0199062 0.0145744 0.0285
      vertex 0.0199062 0.0145744 0
    endloop
  endfacet
  facet normal 0.934035 -0.35718 0
    outer loop
      vertex 0.0199062 0.0145744 0
      vertex 0.0199062 0.0145744 0.0285
      vertex 0.0198218 0.0143537 0
    endloop
  endfacet
  facet normal 0.934035 -0.35718 0
    outer loop
      vertex 0.0199062 0.0145744 0.0285
      vertex 0.0198218 0.0143537 0.0285
      vertex 0.0198218 0.0143537 0
    endloop
  endfacet
  facet normal 0.948518 -0.316722 0
    outer loop
      vertex 0.0198218 0.0143537 0
      vertex 0.0198218 0.0143537 0.0285
      vertex 0.0197469 0.0141295 0
    endloop
  endfacet
  facet normal 0.948518 -0.316722 0
    outer loop
      vertex 0.0198218 0.0143537 0.0285
      vertex 0.0197469 0.0141295 0.0285
      vertex 0.0197469 0.0141295 0
    endloop
  endfacet
  facet normal 0.961247 -0.275688 0
    outer loop
      vertex 0.0197469 0.0141295 0
      vertex 0.0197469 0.0141295 0.0285
      vertex 0.0196818 0.0139024 0
    endloop
  endfacet
  facet normal 0.961247 -0.275688 0
    outer loop
      vertex 0.0197469 0.0141295 0.0285
      vertex 0.0196818 0.0139024 0.0285
      vertex 0.0196818 0.0139024 0
    endloop
  endfacet
  facet normal 0.972202 -0.234143 0
    outer loop
      vertex 0.0196818 0.0139024 0
      vertex 0.0196818 0.0139024 0.0285
      vertex 0.0196265 0.0136726 0
    endloop
  endfacet
  facet normal 0.972202 -0.234143 0
    outer loop
      vertex 0.0196818 0.0139024 0.0285
      vertex 0.0196265 0.0136726 0.0285
      vertex 0.0196265 0.0136726 0
    endloop
  endfacet
  facet normal 0.981363 -0.192163 0
    outer loop
      vertex 0.0196265 0.0136726 0
      vertex 0.0196265 0.0136726 0.0285
      vertex 0.019581 0.0134407 0
    endloop
  endfacet
  facet normal 0.981363 -0.192163 0
    outer loop
      vertex 0.0196265 0.0136726 0.0285
      vertex 0.019581 0.0134407 0.0285
      vertex 0.019581 0.0134407 0
    endloop
  endfacet
  facet normal 0.988712 -0.149829 0
    outer loop
      vertex 0.019581 0.0134407 0
      vertex 0.019581 0.0134407 0.0285
      vertex 0.0195456 0.013207 0
    endloop
  endfacet
  facet normal 0.988712 -0.149829 0
    outer loop
      vertex 0.019581 0.0134407 0.0285
      vertex 0.0195456 0.013207 0.0285
      vertex 0.0195456 0.013207 0
    endloop
  endfacet
  facet normal 0.994235 -0.107218 0
    outer loop
      vertex 0.0195456 0.013207 0
      vertex 0.0195456 0.013207 0.0285
      vertex 0.0195203 0.0129721 0
    endloop
  endfacet
  facet normal 0.994235 -0.107218 0
    outer loop
      vertex 0.0195456 0.013207 0.0285
      vertex 0.0195203 0.0129721 0.0285
      vertex 0.0195203 0.0129721 0
    endloop
  endfacet
  facet normal 0.997923 -0.0644116 0
    outer loop
      vertex 0.0195203 0.0129721 0
      vertex 0.0195203 0.0129721 0.0285
      vertex 0.0195051 0.0127363 0
    endloop
  endfacet
  facet normal 0.997923 -0.0644116 0
    outer loop
      vertex 0.0195203 0.0129721 0.0285
      vertex 0.0195051 0.0127363 0.0285
      vertex 0.0195051 0.0127363 0
    endloop
  endfacet
  facet normal 0.999769 -0.0214785 0
    outer loop
      vertex 0.0195051 0.0127363 0
      vertex 0.0195051 0.0127363 0.0285
      vertex 0.0195 0.0125 0
    endloop
  endfacet
  facet normal 0.999769 -0.0214785 0
    outer loop
      vertex 0.0195051 0.0127363 0.0285
      vertex 0.0195 0.0125 0.0285
      vertex 0.0195 0.0125 0
    endloop
  endfacet
  facet normal 0.999769 0.0214784 0
    outer loop
      vertex 0.0195 0.0125 0
      vertex 0.0195 0.0125 0.0285
      vertex 0.0195051 0.0122637 0
    endloop
  endfacet
  facet normal 0.999769 0.0214784 0
    outer loop
      vertex 0.0195 0.0125 0.0285
      vertex 0.0195051 0.0122637 0.0285
      vertex 0.0195051 0.0122637 0
    endloop
  endfacet
  facet normal 0.997923 0.0644116 0
    outer loop
      vertex 0.0195051 0.0122637 0
      vertex 0.0195051 0.0122637 0.0285
      vertex 0.0195203 0.0120279 0
    endloop
  endfacet
  facet normal 0.997923 0.0644116 0
    outer loop
      vertex 0.0195051 0.0122637 0.0285
      vertex 0.0195203 0.0120279 0.0285
      vertex 0.0195203 0.0120279 0
    endloop
  endfacet
  facet normal 0.994235 0.107219 0
    outer loop
      vertex 0.0195203 0.0120279 0
      vertex 0.0195203 0.0120279 0.0285
      vertex 0.0195456 0.011793 0
    endloop
  endfacet
  facet normal 0.994235 0.107219 0
    outer loop
      vertex 0.0195203 0.0120279 0.0285
      vertex 0.0195456 0.011793 0.0285
      vertex 0.0195456 0.011793 0
    endloop
  endfacet
  facet normal 0.988712 0.149829 0
    outer loop
      vertex 0.0195456 0.011793 0
      vertex 0.0195456 0.011793 0.0285
      vertex 0.019581 0.0115593 0
    endloop
  endfacet
  facet normal 0.988712 0.149829 0
    outer loop
      vertex 0.0195456 0.011793 0.0285
      vertex 0.019581 0.0115593 0.0285
      vertex 0.019581 0.0115593 0
    endloop
  endfacet
  facet normal 0.981363 0.192163 0
    outer loop
      vertex 0.019581 0.0115593 0
      vertex 0.019581 0.0115593 0.0285
      vertex 0.0196265 0.0113274 0
    endloop
  endfacet
  facet normal 0.981363 0.192163 0
    outer loop
      vertex 0.019581 0.0115593 0.0285
      vertex 0.0196265 0.0113274 0.0285
      vertex 0.0196265 0.0113274 0
    endloop
  endfacet
  facet normal 0.972202 0.234142 0
    outer loop
      vertex 0.0196265 0.0113274 0
      vertex 0.0196265 0.0113274 0.0285
      vertex 0.0196818 0.0110976 0
    endloop
  endfacet
  facet normal 0.972202 0.234142 0
    outer loop
      vertex 0.0196265 0.0113274 0.0285
      vertex 0.0196818 0.0110976 0.0285
      vertex 0.0196818 0.0110976 0
    endloop
  endfacet
  facet normal 0.961247 0.275688 0
    outer loop
      vertex 0.0196818 0.0110976 0
      vertex 0.0196818 0.0110976 0.0285
      vertex 0.0197469 0.0108705 0
    endloop
  endfacet
  facet normal 0.961247 0.275688 0
    outer loop
      vertex 0.0196818 0.0110976 0.0285
      vertex 0.0197469 0.0108705 0.0285
      vertex 0.0197469 0.0108705 0
    endloop
  endfacet
  facet normal 0.948518 0.316723 0
    outer loop
      vertex 0.0197469 0.0108705 0
      vertex 0.0197469 0.0108705 0.0285
      vertex 0.0198218 0.0106463 0
    endloop
  endfacet
  facet normal 0.948518 0.316723 0
    outer loop
      vertex 0.0197469 0.0108705 0.0285
      vertex 0.0198218 0.0106463 0.0285
      vertex 0.0198218 0.0106463 0
    endloop
  endfacet
  facet normal 0.934036 0.357179 0
    outer loop
      vertex 0.0198218 0.0106463 0
      vertex 0.0198218 0.0106463 0.0285
      vertex 0.0199062 0.0104256 0
    endloop
  endfacet
  facet normal 0.934036 0.357179 0
    outer loop
      vertex 0.0198218 0.0106463 0.0285
      vertex 0.0199062 0.0104256 0.0285
      vertex 0.0199062 0.0104256 0
    endloop
  endfacet
  facet normal 0.917832 0.396969 0
    outer loop
      vertex 0.0199062 0.0104256 0
      vertex 0.0199062 0.0104256 0.0285
      vertex 0.02 0.0102087 0
    endloop
  endfacet
  facet normal 0.917832 0.396969 0
    outer loop
      vertex 0.0199062 0.0104256 0.0285
      vertex 0.02 0.0102087 0.0285
      vertex 0.02 0.0102087 0
    endloop
  endfacet
  facet normal 0 1 0
    outer loop
      vertex -0.0115 -0.006 0.025
      vertex 0.0115 -0.006 0.025
      vertex -0.0115 -0.006 0
    endloop
  endfacet
  facet normal 0 1 0
    outer loop
      vertex 0.0115 -0.006 0.025
      vertex 0.0115 -0.006 0
      vertex -0.0115 -0.006 0
    endloop
  endfacet
  facet normal 1 0 0
    outer loop
      vertex -0.0135 -0.0085 0.025
      vertex -0.0135 0.0085 0.025
      vertex -0.0135 -0.0085 0.0285
    endloop
  endfacet
  facet normal 1 0 0
    outer loop
      vertex -0.0135 0.0085 0.025
      vertex -0.0135 0.0085 0.0285
      vertex -0.0135 -0.0085 0.0285
    endloop
  endfacet
  facet normal -1 0 0
    outer loop
      vertex -0.02 -0.0102087 0
      vertex -0.02 -0.0102087 0.0285
      vertex -0.02 5.20417e-18 0
    endloop
  endfacet
  facet normal -1 0 0
    outer loop
      vertex -0.02 -0.0102087 0.0285
      vertex -0.02 0.0102087 0.0285
      vertex -0.02 5.20417e-18 0
    endloop
  endfacet
  facet normal -1 0 0
    outer loop
      vertex -0.02 5.20417e-18 0
      vertex -0.02 0.0102087 0.0285
      vertex -0.02 0.0102087 0
    endloop
  endfacet
  facet normal 0.917832 -0.396969 0
    outer loop
      vertex 0.02 -0.0102087 0
      vertex 0.02 -0.0102087 0.0285
      vertex 0.0199062 -0.0104256 0
    endloop
  endfacet
  facet normal 0.917832 -0.396969 0
    outer loop
      vertex 0.02 -0.0102087 0.0285
      vertex 0.0199062 -0.0104256 0.0285
      vertex 0.0199062 -0.0104256 0
    endloop
  endfacet
  facet normal 0.934036 -0.357179 0
    outer loop
      vertex 0.0199062 -0.0104256 0
      vertex 0.0199062 -0.0104256 0.0285
      vertex 0.0198218 -0.0106463 0
    endloop
  endfacet
  facet normal 0.934036 -0.357179 0
    outer loop
      vertex 0.0199062 -0.0104256 0.0285
      vertex 0.0198218 -0.0106463 0.0285
      vertex 0.0198218 -0.0106463 0
    endloop
  endfacet
  facet normal 0.948518 -0.316723 0
    outer loop
      vertex 0.0198218 -0.0106463 0
      vertex 0.0198218 -0.0106463 0.0285
      vertex 0.0197469 -0.0108705 0
    endloop
  endfacet
  facet normal 0.948518 -0.316723 0
    outer loop
      vertex 0.0198218 -0.0106463 0.0285
      vertex 0.0197469 -0.0108705 0.0285
      vertex 0.0197469 -0.0108705 0
    endloop
  endfacet
  facet normal 0.961247 -0.275688 0
    outer loop
      vertex 0.0197469 -0.0108705 0
      vertex 0.0197469 -0.0108705 0.0285
      vertex 0.0196818 -0.0110976 0
    endloop
  endfacet
  facet normal 0.961247 -0.275688 0
    outer loop
      vertex 0.0197469 -0.0108705 0.0285
      vertex 0.0196818 -0.0110976 0.0285
      vertex 0.0196818 -0.0110976 0
    endloop
  endfacet
  facet normal 0.972202 -0.234142 0
    outer loop
      vertex 0.0196818 -0.0110976 0
      vertex 0.0196818 -0.0110976 0.0285
      vertex 0.0196265 -0.0113274 0
    endloop
  endfacet
  facet normal 0.972202 -0.234142 0
    outer loop
      vertex 0.0196818 -0.0110976 0.0285
      vertex 0.0196265 -0.0113274 0.0285
      vertex 0.0196265 -0.0113274 0
    endloop
  endfacet
  facet normal 0.981363 -0.192163 0
    outer loop
      vertex 0.0196265 -0.0113274 0
      vertex 0.0196265 -0.0113274 0.0285
      vertex 0.019581 -0.0115593 0
    endloop
  endfacet
  facet normal 0.981363 -0.192163 0
    outer loop
      vertex 0.0196265 -0.0113274 0.0285
      vertex 0.019581 -0.0115593 0.0285
      vertex 0.019581 -0.0115593 0
    endloop
  endfacet
  facet normal 0.988712 -0.149829 0
    outer loop
      vertex 0.019581 -0.0115593 0
      vertex 0.019581 -0.0115593 0.0285
      vertex 0.0195456 -0.011793 0
    endloop
  endfacet
  facet normal 0.988712 -0.149829 0
    outer loop
      vertex 0.019581 -0.0115593 0.0285
      vertex 0.0195456 -0.011793 0.0285
      vertex 0.0195456 -0.011793 0
    endloop
  endfacet
  facet normal 0.994235 -0.107219 0
    outer loop
      vertex 0.0195456 -0.011793 0
      vertex 0.0195456 -0.011793 0.0285
      vertex 0.0195203 -0.0120279 0
    endloop
  endfacet
  facet normal 0.994235 -0.107219 0
    outer loop
      vertex 0.0195456 -0.011793 0.0285
      vertex 0.0195203 -0.0120279 0.0285
      vertex 0.0195203 -0.0120279 0
    endloop
  endfacet
  facet normal 0.997923 -0.0644116 0
    outer loop
      vertex 0.0195203 -0.0120279 0
      vertex 0.0195203 -0.0120279 0.0285
      vertex 0.0195051 -0.0122637 0
    endloop
  endfacet
  facet normal 0.997923 -0.0644116 0
    outer loop
      vertex 0.0195203 -0.0120279 0.0285
      vertex 0.0195051 -0.0122637 0.0285
      vertex 0.0195051 -0.0122637 0
    endloop
  endfacet
  facet normal 0.999769 -0.0214784 0
    outer loop
      vertex 0.0195051 -0.0122637 0
      vertex 0.0195051 -0.0122637 0.0285
      vertex 0.0195 -0.0125 0
    endloop
  endfacet
  facet normal 0.999769 -0.0214784 0
    outer loop
      vertex 0.0195051 -0.0122637 0.0285
      vertex 0.0195 -0.0125 0.0285
      vertex 0.0195 -0.0125 0
    endloop
  endfacet
  facet normal 0.999769 0.0214785 0
    outer loop
      vertex 0.0195 -0.0125 0
      vertex 0.0195 -0.0125 0.0285
      vertex 0.0195051 -0.0127363 0
    endloop
  endfacet
  facet normal 0.999769 0.0214785 0
    outer loop
      vertex 0.0195 -0.0125 0.0285
      vertex 0.0195051 -0.0127363 0.0285
      vertex 0.0195051 -0.0127363 0
    endloop
  endfacet
  facet normal 0.997923 0.0644116 0
    outer loop
      vertex 0.0195051 -0.0127363 0
      vertex 0.0195051 -0.0127363 0.0285
      vertex 0.0195203 -0.0129721 0
    endloop
  endfacet
  facet normal 0.997923 0.0644116 0
    outer loop
      vertex 0.0195051 -0.0127363 0.0285
      vertex 0.0195203 -0.0129721 0.0285
      vertex 0.0195203 -0.0129721 0
    endloop
  endfacet
  facet normal 0.994235 0.107218 0
    outer loop
      vertex 0.0195203 -0.0129721 0
      vertex 0.0195203 -0.0129721 0.0285
      vertex 0.0195456 -0.013207 0
    endloop
  endfacet
  facet normal 0.994235 0.107218 0
    outer loop
      vertex 0.0195203 -0.0129721 0.0285
      vertex 0.0195456 -0.013207 0.0285
      vertex 0.0195456 -0.013207 0
    endloop
  endfacet
  facet normal 0.988712 0.149829 0
    outer loop
      vertex 0.0195456 -0.013207 0
      vertex 0.0195456 -0.013207 0.0285
      vertex 0.019581 -0.0134407 0
    endloop
  endfacet
  facet normal 0.988712 0.149829 0
    outer loop
      vertex 0.0195456 -0.013207 0.0285
      vertex 0.019581 -0.0134407 0.0285
      vertex 0.019581 -0.0134407 0
    endloop
  endfacet
  facet normal 0.981363 0.192163 0
    outer loop
      vertex 0.019581 -0.0134407 0
      vertex 0.019581 -0.0134407 0.0285
      vertex 0.0196265 -0.0136726 0
    endloop
  endfacet
  facet normal 0.981363 0.192163 0
    outer loop
      vertex 0.019581 -0.0134407 0.0285
      vertex 0.0196265 -0.0136726 0.0285
      vertex 0.0196265 -0.0136726 0
    endloop
  endfacet
  facet normal 0.972202 0.234143 0
    outer loop
      vertex 0.0196265 -0.0136726 0
      vertex 0.0196265 -0.0136726 0.0285
      vertex 0.0196818 -0.0139024 0
    endloop
  endfacet
  facet normal 0.972202 0.234143 0
    outer loop
      vertex 0.0196265 -0.0136726 0.0285
      vertex 0.0196818 -0.0139024 0.0285
      vertex 0.0196818 -0.0139024 0
    endloop
  endfacet
  facet normal 0.961247 0.275688 0
    outer loop
      vertex 0.0196818 -0.0139024 0
      vertex 0.0196818 -0.0139024 0.0285
      vertex 0.0197469 -0.0141295 0
    endloop
  endfacet
  facet normal 0.961247 0.275688 0
    outer loop
      vertex 0.0196818 -0.0139024 0.0285
      vertex 0.0197469 -0.0141295 0.0285
      vertex 0.0197469 -0.0141295 0
    endloop
  endfacet
  facet normal 0.948518 0.316722 0
    outer loop
      vertex 0.0197469 -0.0141295 0
      vertex 0.0197469 -0.0141295 0.0285
      vertex 0.0198218 -0.0143537 0
    endloop
  endfacet
  facet normal 0.948518 0.316722 0
    outer loop
      vertex 0.0197469 -0.0141295 0.0285
      vertex 0.0198218 -0.0143537 0.0285
      vertex 0.0198218 -0.0143537 0
    endloop
  endfacet
  facet normal 0.934035 0.35718 0
    outer loop
      vertex 0.0198218 -0.0143537 0
      vertex 0.0198218 -0.0143537 0.0285
      vertex 0.0199062 -0.0145744 0
    endloop
  endfacet
  facet normal 0.934035 0.35718 0
    outer loop
      vertex 0.0198218 -0.0143537 0.0285
      vertex 0.0199062 -0.0145744 0.0285
      vertex 0.0199062 -0.0145744 0
    endloop
  endfacet
  facet normal 0.917832 0.396969 0
    outer loop
      vertex 0.0199062 -0.0145744 0
      vertex 0.0199062 -0.0145744 0.0285
      vertex 0.02 -0.0147913 0
    endloop
  endfacet
  facet normal 0.917832 0.396969 0
    outer loop
      vertex 0.0199062 -0.0145744 0.0285
      vertex 0.02 -0.0147913 0.0285
      vertex 0.02 -0.0147913 0
    endloop
  endfacet
  facet normal 1 0 0
    outer loop
      vertex -0.0115 -0.006 0.025
      vertex -0.0115 -0.006 0
      vertex -0.0115 0.006 0.025
    endloop
  endfacet
  facet normal 1 0 0
    outer loop
      vertex -0.0115 -0.006 0
      vertex -0.0115 0.006 0
      vertex -0.0115 0.006 0.025
    endloop
  endfacet
  facet normal 1 0 0
    outer loop
      vertex 0.02 0.015 0
      vertex 0.02 0.015 0.0285
      vertex 0.02 0.0147913 0
    endloop
  endfacet
  facet normal 1 0 0
    outer loop
      vertex 0.02 0.015 0.0285
      vertex 0.02 0.0147913 0.0285
      vertex 0.02 0.0147913 0
    endloop
  endfacet
  facet normal -0.917832 0.396969 0
    outer loop
      vertex -0.02 0.0102087 0
      vertex -0.02 0.0102087 0.0285
      vertex -0.0199062 0.0104256 0
    endloop
  endfacet
  facet normal -0.917832 0.396969 0
    outer loop
      vertex -0.02 0.0102087 0.0285
      vertex -0.0199062 0.0104256 0.0285
      vertex -0.0199062 0.0104256 0
    endloop
  endfacet
  facet normal -0.934036 0.357179 0
    outer loop
      vertex -0.0199062 0.0104256 0
      vertex -0.0199062 0.0104256 0.0285
      vertex -0.0198218 0.0106463 0
    endloop
  endfacet
  facet normal -0.934036 0.357179 0
    outer loop
      vertex -0.0199062 0.0104256 0.0285
      vertex -0.0198218 0.0106463 0.0285
      vertex -0.0198218 0.0106463 0
    endloop
  endfacet
  facet normal -0.948518 0.316723 0
    outer loop
      vertex -0.0198218 0.0106463 0
      vertex -0.0198218 0.0106463 0.0285
      vertex -0.0197469 0.0108705 0
    endloop
  endfacet
  facet normal -0.948518 0.316723 0
    outer loop
      vertex -0.0198218 0.0106463 0.0285
      vertex -0.0197469 0.0108705 0.0285
      vertex -0.0197469 0.0108705 0
    endloop
  endfacet
  facet normal -0.961247 0.275688 0
    outer loop
      vertex -0.0197469 0.0108705 0
      vertex -0.0197469 0.0108705 0.0285
      vertex -0.0196818 0.0110976 0
    endloop
  endfacet
  facet normal -0.961247 0.275688 0
    outer loop
      vertex -0.0197469 0.0108705 0.0285
      vertex -0.0196818 0.0110976 0.0285
      vertex -0.0196818 0.0110976 0
    endloop
  endfacet
  facet normal -0.972202 0.234142 0
    outer loop
      vertex -0.0196818 0.0110976 0
      vertex -0.0196818 0.0110976 0.0285
      vertex -0.0196265 0.0113274 0
    endloop
  endfacet
  facet normal -0.972202 0.234142 0
    outer loop
      vertex -0.0196818 0.0110976 0.0285
      vertex -0.0196265 0.0113274 0.0285
      vertex -0.0196265 0.0113274 0
    endloop
  endfacet
  facet normal -0.981363 0.192163 0
    outer loop
      vertex -0.0196265 0.0113274 0
      vertex -0.0196265 0.0113274 0.0285
      vertex -0.019581 0.0115593 0
    endloop
  endfacet
  facet normal -0.981363 0.192163 0
    outer loop
      vertex -0.0196265 0.0113274 0.0285
      vertex -0.019581 0.0115593 0.0285
      vertex -0.019581 0.0115593 0
    endloop
  endfacet
  facet normal -0.988712 0.149829 0
    outer loop
      vertex -0.019581 0.0115593 0
      vertex -0.019581 0.0115593 0.0285
      vertex -0.0195456 0.011793 0
    endloop
  endfacet
  facet normal -0.988712 0.149829 0
    outer loop
      vertex -0.019581 0.0115593 0.0285
      vertex -0.0195456 0.011793 0.0285
      vertex -0.0195456 0.011793 0
    endloop
  endfacet
  facet normal -0.994235 0.107219 0
    outer loop
      vertex -0.0195456 0.011793 0
      vertex -0.0195456 0.011793 0.0285
      vertex -0.0195203 0.0120279 0
    endloop
  endfacet
  facet normal -0.994235 0.107219 0
    outer loop
      vertex -0.0195456 0.011793 0.0285
      vertex -0.0195203 0.0120279 0.0285
      vertex -0.0195203 0.0120279 0
    endloop
  endfacet
  facet normal -0.997923 0.0644116 0
    outer loop
      vertex -0.0195203 0.0120279 0
      vertex -0.0195203 0.0120279 0.0285
      vertex -0.0195051 0.0122637 0
    endloop
  endfacet
  facet normal -0.997923 0.0644116 0
    outer loop
      vertex -0.0195203 0.0120279 0.0285
      vertex -0.0195051 0.0122637 0.0285
      vertex -0.0195051 0.0122637 0
    endloop
  endfacet
  facet normal -0.999769 0.0214784 0
    outer loop
      vertex -0.0195051 0.0122637 0
      vertex -0.0195051 0.0122637 0.0285
      vertex -0.0195 0.0125 0
    endloop
  endfacet
  facet normal -0.999769 0.0214784 0
    outer loop
      vertex -0.0195051 0.0122637 0.0285
      vertex -0.0195 0.0125 0.0285
      vertex -0.0195 0.0125 0
    endloop
  endfacet
  facet normal -0.999769 -0.0214785 0
    outer loop
      vertex -0.0195 0.0125 0
      vertex -0.0195 0.0125 0.0285
      vertex -0.0195051 0.0127363 0
    endloop
  endfacet
  facet normal -0.999769 -0.0214785 0
    outer loop
      vertex -0.0195 0.0125 0.0285
      vertex -0.0195051 0.0127363 0.0285
      vertex -0.0195051 0.0127363 0
    endloop
  endfacet
  facet normal -0.997923 -0.0644116 0
    outer loop
      vertex -0.0195051 0.0127363 0
      vertex -0.0195051 0.0127363 0.0285
      vertex -0.0195203 0.0129721 0
    endloop
  endfacet
  facet normal -0.997923 -0.0644116 0
    outer loop
      vertex -0.0195051 0.0127363 0.0285
      vertex -0.0195203 0.0129721 0.0285
      vertex -0.0195203 0.0129721 0
    endloop
  endfacet
  facet normal -0.994235 -0.107218 0
    outer loop
      vertex -0.0195203 0.0129721 0
      vertex -0.0195203 0.0129721 0.0285
      vertex -0.0195456 0.013207 0
    endloop
  endfacet
  facet normal -0.994235 -0.107218 0
    outer loop
      vertex -0.0195203 0.0129721 0.0285
      vertex -0.0195456 0.013207 0.0285
      vertex -0.0195456 0.013207 0
    endloop
  endfacet
  facet normal -0.988712 -0.149829 0
    outer loop
      vertex -0.0195456 0.013207 0
      vertex -0.0195456 0.013207 0.0285
      vertex -0.019581 0.0134407 0
    endloop
  endfacet
  facet normal -0.988712 -0.149829 0
    outer loop
      vertex -0.0195456 0.013207 0.0285
      vertex -0.019581 0.0134407 0.0285
      vertex -0.019581 0.0134407 0
    endloop
  endfacet
  facet normal -0.981363 -0.192163 0
    outer loop
      vertex -0.019581 0.0134407 0
      vertex -0.019581 0.0134407 0.0285
      vertex -0.0196265 0.0136726 0
    endloop
  endfacet
  facet normal -0.981363 -0.192163 0
    outer loop
      vertex -0.019581 0.0134407 0.0285
      vertex -0.0196265 0.0136726 0.0285
      vertex -0.0196265 0.0136726 0
    endloop
  endfacet
  facet normal -0.972202 -0.234143 0
    outer loop
      vertex -0.0196265 0.0136726 0
      vertex -0.0196265 0.0136726 0.0285
      vertex -0.0196818 0.0139024 0
    endloop
  endfacet
  facet normal -0.972202 -0.234143 0
    outer loop
      vertex -0.0196265 0.0136726 0.0285
      vertex -0.0196818 0.0139024 0.0285
      vertex -0.0196818 0.0139024 0
    endloop
  endfacet
  facet normal -0.961247 -0.275688 0
    outer loop
      vertex -0.0196818 0.0139024 0
      vertex -0.0196818 0.0139024 0.0285
      vertex -0.0197469 0.0141295 0
    endloop
  endfacet
  facet normal -0.961247 -0.275688 0
    outer loop
      vertex -0.0196818 0.0139024 0.0285
      vertex -0.0197469 0.0141295 0.0285
      vertex -0.0197469 0.0141295 0
    endloop
  endfacet
  facet normal -0.948518 -0.316722 0
    outer loop
      vertex -0.0197469 0.0141295 0
      vertex -0.0197469 0.0141295 0.0285
      vertex -0.0198218 0.0143537 0
    endloop
  endfacet
  facet normal -0.948518 -0.316722 0
    outer loop
      vertex -0.0197469 0.0141295 0.0285
      vertex -0.0198218 0.0143537 0.0285
      vertex -0.0198218 0.0143537 0
    endloop
  endfacet
  facet normal -0.934035 -0.35718 0
    outer loop
      vertex -0.0198218 0.0143537 0
      vertex -0.0198218 0.0143537 0.0285
      vertex -0.0199062 0.0145744 0
    endloop
  endfacet
  facet normal -0.934035 -0.35718 0
    outer loop
      vertex -0.0198218 0.0143537 0.0285
      vertex -0.0199062 0.0145744 0.0285
      vertex -0.0199062 0.0145744 0
    endloop
  endfacet
  facet normal -0.917832 -0.396969 0
    outer loop
      vertex -0.0199062 0.0145744 0
      vertex -0.0199062 0.0145744 0.0285
      vertex -0.02 0.0147913 0
    endloop
  endfacet
  facet normal -0.917832 -0.396969 0
    outer loop
      vertex -0.0199062 0.0145744 0.0285
      vertex -0.02 0.0147913 0.0285
      vertex -0.02 0.0147913 0
    endloop
  endfacet
  facet normal 0 -1 0
    outer loop
      vertex -0.0115 0.006 0.025
      vertex -0.0115 0.006 0
      vertex 0.0115 0.006 0.025
    endloop
  endfacet
  facet normal 0 -1 0
    outer loop
      vertex -0.0115 0.006 0
      vertex 0.0115 0.006 0
      vertex 0.0115 0.006 0.025
    endloop
  endfacet
  facet normal 1 0 0
    outer loop
      vertex 0.02 -0.015 0.0285
      vertex 0.02 -0.015 0
      vertex 0.02 -0.0147913 0.0285
    endloop
  endfacet
  facet normal 1 0 0
    outer loop
      vertex 0.02 -0.015 0
      vertex 0.02 -0.0147913 0
      vertex 0.02 -0.0147913 0.0285
    endloop
  endfacet
  facet normal 0 1 0
    outer loop
      vertex -0.02 0.015 0.0285
      vertex 0.02 0.015 0.0285
      vertex -0.02 0.015 0
    endloop
  endfacet
  facet normal 0 1 0
    outer loop
      vertex 0.02 0.015 0.0285
      vertex 0.02 0.015 0
      vertex -0.02 0.015 0
    endloop
  endfacet
  facet normal 0 -1 0
    outer loop
      vertex -0.0135 0.0085 0.025
      vertex 0.0135 0.0085 0.025
      vertex -0.0135 0.0085 0.0285
    endloop
  endfacet
  facet normal 0 -1 0
    outer loop
      vertex 0.0135 0.0085 0.025
      vertex 0.0135 0.0085 0.0285
      vertex -0.0135 0.0085 0.0285
    endloop
  endfacet
  facet normal -1 0 0
    outer loop
      vertex -0.02 -0.0147913 0
      vertex -0.02 -0.015 0
      vertex -0.02 -0.0147913 0.0285
    endloop
  endfacet
  facet normal -1 0 0
    outer loop
      vertex -0.02 -0.015 0
      vertex -0.02 -0.015 0.0285
      vertex -0.02 -0.0147913 0.0285
    endloop
  endfacet
  facet normal -0.917832 0.396969 0
    outer loop
      vertex -0.02 -0.0147913 0
      vertex -0.02 -0.0147913 0.0285
      vertex -0.0199062 -0.0145744 0
    endloop
  endfacet
  facet normal -0.917832 0.396969 0
    outer loop
      vertex -0.02 -0.0147913 0.0285
      vertex -0.0199062 -0.0145744 0.0285
      vertex -0.0199062 -0.0145744 0
    endloop
  endfacet
  facet normal -0.934035 0.35718 0
    outer loop
      vertex -0.0199062 -0.0145744 0
      vertex -0.0199062 -0.0145744 0.0285
      vertex -0.0198218 -0.0143537 0
    endloop
  endfacet
  facet normal -0.934035 0.35718 0
    outer loop
      vertex -0.0199062 -0.0145744 0.0285
      vertex -0.0198218 -0.0143537 0.0285
      vertex -0.0198218 -0.0143537 0
    endloop
  endfacet
  facet normal -0.948518 0.316722 0
    outer loop
      vertex -0.0198218 -0.0143537 0
      vertex -0.0198218 -0.0143537 0.0285
      vertex -0.0197469 -0.0141295 0
    endloop
  endfacet
  facet normal -0.948518 0.316722 0
    outer loop
      vertex -0.0198218 -0.0143537 0.0285
      vertex -0.0197469 -0.0141295 0.0285
      vertex -0.0197469 -0.0141295 0
    endloop
  endfacet
  facet normal -0.961247 0.275688 0
    outer loop
      vertex -0.0197469 -0.0141295 0
      vertex -0.0197469 -0.0141295 0.0285
      vertex -0.0196818 -0.0139024 0
    endloop
  endfacet
  facet normal -0.961247 0.275688 0
    outer loop
      vertex -0.0197469 -0.0141295 0.0285
      vertex -0.0196818 -0.0139024 0.0285
      vertex -0.0196818 -0.0139024 0
    endloop
  endfacet
  facet normal -0.972202 0.234143 0
    outer loop
      vertex -0.0196818 -0.0139024 0
      vertex -0.0196818 -0.0139024 0.0285
      vertex -0.0196265 -0.0136726 0
    endloop
  endfacet
  facet normal -0.972202 0.234143 0
    outer loop
      vertex -0.0196818 -0.0139024 0.0285
      vertex -0.0196265 -0.0136726 0.0285
      vertex -0.0196265 -0.0136726 0
    endloop
  endfacet
  facet normal -0.981363 0.192163 0
    outer loop
      vertex -0.0196265 -0.0136726 0
      vertex -0.0196265 -0.0136726 0.0285
      vertex -0.019581 -0.0134407 0
    endloop
  endfacet
  facet normal -0.981363 0.192163 0
    outer loop
      vertex -0.0196265 -0.0136726 0.0285
      vertex -0.019581 -0.0134407 0.0285
      vertex -0.019581 -0.0134407 0
    endloop
  endfacet
  facet normal -0.988712 0.149829 0
    outer loop
      vertex -0.019581 -0.0134407 0
      vertex -0.019581 -0.0134407 0.0285
      vertex -0.0195456 -0.013207 0
    endloop
  endfacet
  facet normal -0.988712 0.149829 0
    outer loop
      vertex -0.019581 -0.0134407 0.0285
      vertex -0.0195456 -0.013207 0.0285
      vertex -0.0195456 -0.013207 0
    endloop
  endfacet
  facet normal -0.994235 0.107218 0
    outer loop
      vertex -0.0195456 -0.013207 0
      vertex -0.0195456 -0.013207 0.0285
      vertex -0.0195203 -0.0129721 0
    endloop
  endfacet
  facet normal -0.994235 0.107218 0
    outer loop
      vertex -0.0195456 -0.013207 0.0285
      vertex -0.0195203 -0.0129721 0.0285
      vertex -0.0195203 -0.0129721 0
    endloop
  endfacet
  facet normal -0.997923 0.0644116 0
    outer loop
      vertex -0.0195203 -0.0129721 0
      vertex -0.0195203 -0.0129721 0.0285
      vertex -0.0195051 -0.0127363 0
    endloop
  endfacet
  facet normal -0.997923 0.0644116 0
    outer loop
      vertex -0.0195203 -0.0129721 0.0285
      vertex -0.0195051 -0.0127363 0.0285
      vertex -0.0195051 -0.0127363 0
    endloop
  endfacet
  facet normal -0.999769 0.0214785 0
    outer loop
      vertex -0.0195051 -0.0127363 0
      vertex -0.0195051 -0.0127363 0.0285
      vertex -0.0195 -0.0125 0
    endloop
  endfacet
  facet normal -0.999769 0.0214785 0
    outer loop
      vertex -0.0195051 -0.0127363 0.0285
      vertex -0.0195 -0.0125 0.0285
      vertex -0.0195 -0.0125 0
    endloop
  endfacet
  facet normal -0.999769 -0.0214784 0
    outer loop
      vertex -0.0195 -0.0125 0
      vertex -0.0195 -0.0125 0.0285
      vertex -0.0195051 -0.0122637 0
    endloop
  endfacet
  facet normal -0.999769 -0.0214784 0
    outer loop
      vertex -0.0195 -0.0125 0.0285
      vertex -0.0195051 -0.0122637 0.0285
      vertex -0.0195051 -0.0122637 0
    endloop
  endfacet
  facet normal -0.997923 -0.0644116 0
    outer loop
      vertex -0.0195051 -0.0122637 0
      vertex -0.0195051 -0.0122637 0.0285
      vertex -0.0195203 -0.0120279 0
    endloop
  endfacet
  facet normal -0.997923 -0.0644116 0
    outer loop
      vertex -0.0195051 -0.0122637 0.0285
      vertex -0.0195203 -0.0120279 0.0285
      vertex -0.0195203 -0.0120279 0
    endloop
  endfacet
  facet normal -0.994235 -0.107219 0
    outer loop
      vertex -0.0195203 -0.0120279 0
      vertex -0.0195203 -0.0120279 0.0285
      vertex -0.0195456 -0.011793 0
    endloop
  endfacet
  facet normal -0.994235 -0.107219 0
    outer loop
      vertex -0.0195203 -0.0120279 0.0285
      vertex -0.0195456 -0.011793 0.0285
      vertex -0.0195456 -0.011793 0
    endloop
  endfacet
  facet normal -0.988712 -0.149829 0
    outer loop
      vertex -0.0195456 -0.011793 0
      vertex -0.0195456 -0.011793 0.0285
      vertex -0.019581 -0.0115593 0
    endloop
  endfacet
  facet normal -0.988712 -0.149829 0
    outer loop
      vertex -0.0195456 -0.011793 0.0285
      vertex -0.019581 -0.0115593 0.0285
      vertex -0.019581 -0.0115593 0
    endloop
  endfacet
  facet normal -0.981363 -0.192163 0
    outer loop
      vertex -0.019581 -0.0115593 0
      vertex -0.019581 -0.0115593 0.0285
      vertex -0.0196265 -0.0113274 0
    endloop
  endfacet
  facet normal -0.981363 -0.192163 0
    outer loop
      vertex -0.019581 -0.0115593 0.0285
      vertex -0.0196265 -0.0113274 0.0285
      vertex -0.0196265 -0.0113274 0
    endloop
  endfacet
  facet normal -0.972202 -0.234142 0
    outer loop
      vertex -0.0196265 -0.0113274 0
      vertex -0.0196265 -0.0113274 0.0285
      vertex -0.0196818 -0.0110976 0
    endloop
  endfacet
  facet normal -0.972202 -0.234142 0
    outer loop
      vertex -0.0196265 -0.0113274 0.0285
      vertex -0.0196818 -0.0110976 0.0285
      vertex -0.0196818 -0.0110976 0
    endloop
  endfacet
  facet normal -0.961247 -0.275688 0
    outer loop
      vertex -0.0196818 -0.0110976 0
      vertex -0.0196818 -0.0110976 0.0285
      vertex -0.0197469 -0.0108705 0
    endloop
  endfacet
  facet normal -0.961247 -0.275688 0
    outer loop
      vertex -0.0196818 -0.0110976 0.0285
      vertex -0.0197469 -0.0108705 0.0285
      vertex -0.0197469 -0.0108705 0
    endloop
  endfacet
  facet normal -0.948518 -0.316723 0
    outer loop
      vertex -0.0197469 -0.0108705 0
      vertex -0.0197469 -0.0108705 0.0285
      vertex -0.0198218 -0.0106463 0
    endloop
  endfacet
  facet normal -0.948518 -0.316723 0
    outer loop
      vertex -0.0197469 -0.0108705 0.0285
      vertex -0.0198218 -0.0106463 0.0285
      vertex -0.0198218 -0.0106463 0
    endloop
  endfacet
  facet normal -0.934036 -0.357179 0
    outer loop
      vertex -0.0198218 -0.0106463 0
      vertex -0.0198218 -0.0106463 0.0285
      vertex -0.0199062 -0.0104256 0
    endloop
  endfacet
  facet normal -0.934036 -0.357179 0
    outer loop
      vertex -0.0198218 -0.0106463 0.0285
      vertex -0.0199062 -0.0104256 0.0285
      vertex -0.0199062 -0.0104256 0
    endloop
  endfacet
  facet normal -0.917832 -0.396969 0
    outer loop
      vertex -0.0199062 -0.0104256 0
      vertex -0.0199062 -0.0104256 0.0285
      vertex -0.02 -0.0102087 0
    endloop
  endfacet
  facet normal -0.917832 -0.396969 0
    outer loop
      vertex -0.0199062 -0.0104256 0.0285
      vertex -0.02 -0.0102087 0.0285
      vertex -0.02 -0.0102087 0
    endloop
  endfacet
  facet normal 0 0 1
    outer loop
      vertex -0.0115 0.006 0.025
      vertex -0.0135 0.0085 0.025
      vertex -0.0115 -0.006 0.025
    endloop
  endfacet
  facet normal 0 0 1
    outer loop
      vertex -0.0135 0.0085 0.025
      vertex -0.0135 -0.0085 0.025
      vertex -0.0115 -0.006 0.025
    endloop
  endfacet
  facet normal 0 0 1
    outer loop
      vertex -0.0115 -0.006 0.025
      vertex -0.0135 -0.0085 0.025
      vertex 0.0115 -0.006 0.025
    endloop
  endfacet
  facet normal 0 0 1
    outer loop
      vertex -0.0135 -0.0085 0.025
      vertex 0.0135 -0.0085 0.025
      vertex 0.0115 -0.006 0.025
    endloop
  endfacet
  facet normal 0 0 1
    outer loop
      vertex 0.0115 -0.006 0.025
      vertex 0.0135 -0.0085 0.025
      vertex 0.0115 0.006 0.025
    endloop
  endfacet
  facet normal 0 0 1
    outer loop
      vertex 0.0135 -0.0085 0.025
      vertex 0.0135 0.0085 0.025
      vertex 0.0115 0.006 0.025
    endloop
  endfacet
  facet normal 0 0 1
    outer loop
      vertex 0.0115 0.006 0.025
      vertex 0.0135 0.0085 0.025
      vertex -0.0115 0.006 0.025
    endloop
  endfacet
  facet normal 0 0 1
    outer loop
      vertex 0.0135 0.0085 0.025
      vertex -0.0135 0.0085 0.025
      vertex -0.0115 0.006 0.025
    endloop
  endfacet
  facet normal -1 0 0
    outer loop
      vertex 0.0115 -0.006 0.025
      vertex 0.0115 0.006 0.025
      vertex 0.0115 -0.006 0
    endloop
  endfacet
  facet normal -1 0 0
    outer loop
      vertex 0.0115 0.006 0.025
      vertex 0.0115 0.006 0
      vertex 0.0115 -0.006 0
    endloop
  endfacet
  facet normal 0 0 1
    outer loop
      vertex 0.035 5.20417e-18 0
      vertex 0.02 5.20417e-18 0
      vertex 0.02 -0.0102087 0
    endloop
  endfacet
  facet normal 0 0 1
    outer loop
      vertex -0.02 -0.0147913 0
      vertex -0.02085 5.20417e-18 0
      vertex -0.02085 -0.02 0
    endloop
  endfacet
  facet normal 0 0 1
    outer loop
      vertex 0.0227706 -0.014933 0
      vertex 0.0226665 -0.0148335 0
      vertex 0.02 -0.0147913 0
    endloop
  endfacet
  facet normal 0 0 1
    outer loop
      vertex 0.0282218 -0.0132143 0
      vertex 0.0281876 -0.0133541 0
      vertex 0.035 -0.02 0
    endloop
  endfacet
  facet normal 0 0 1
    outer loop
      vertex 0.0281876 -0.0133541 0
      vertex 0.0281473 -0.0134923 0
      vertex 0.035 -0.02 0
    endloop
  endfacet
  facet normal 0 0 1
    outer loop
      vertex 0.035 -0.02 0
      vertex 0.0281473 -0.0134923 0
      vertex 0.028101 -0.0136287 0
    endloop
  endfacet
  facet normal 0 0 1
    outer loop
      vertex 0.0254307 -0.0157718 0
      vertex 0.0252876 -0.0157874 0
      vertex 0.035 -0.02 0
    endloop
  endfacet
  facet normal 0 0 1
    outer loop
      vertex 0.0240077 -0.0156473 0
      vertex 0.0238713 -0.015601 0
      vertex 0.02 -0.0147913 0
    endloop
  endfacet
  facet normal 0 0 1
    outer loop
      vertex 0.028101 -0.0136287 0
      vertex 0.0280488 -0.0137629 0
      vertex 0.035 -0.02 0
    endloop
  endfacet
  facet normal 0 0 1
    outer loop
      vertex 0.0280488 -0.0137629 0
      vertex 0.0279908 -0.0138946 0
      vertex 0.035 -0.02 0
    endloop
  endfacet
  facet normal 0 0 1
    outer loop
      vertex 0.035 -0.02 0
      vertex 0.0279908 -0.0138946 0
      vertex 0.0279271 -0.0140238 0
    endloop
  endfacet
  facet normal 0 0 1
    outer loop
      vertex 0.0226665 -0.0148335 0
      vertex 0.022567 -0.0147294 0
      vertex 0.02 -0.0147913 0
    endloop
  endfacet
  facet normal 0 0 1
    outer loop
      vertex 0.022567 -0.0147294 0
      vertex 0.0224721 -0.0146212 0
      vertex 0.02 -0.0147913 0
    endloop
  endfacet
  facet normal 0 0 1
    outer loop
      vertex 0.02 -0.0147913 0
      vertex 0.0224721 -0.0146212 0
      vertex 0.0223819 -0.0145089 0
    endloop
  endfacet
  facet normal 0 0 1
    outer loop
      vertex 0.0282969 -0.0123561 0
      vertex 0.0283 -0.0125 0
      vertex 0.035 -0.02 0
    endloop
  endfacet
  facet normal 0 0 1
    outer loop
      vertex 0.0283 -0.0125 0
      vertex 0.0282969 -0.0126439 0
      vertex 0.035 -0.02 0
    endloop
  endfacet
  facet normal 0 0 1
    outer loop
      vertex 0.035 -0.02 0
      vertex 0.0282969 -0.0126439 0
      vertex 0.0282874 -0.0127876 0
    endloop
  endfacet
  facet normal 0 0 1
    outer loop
      vertex 0.0282874 -0.0127876 0
      vertex 0.0282718 -0.0129307 0
      vertex 0.035 -0.02 0
    endloop
  endfacet
  facet normal 0 0 1
    outer loop
      vertex 0.0282718 -0.0129307 0
      vertex 0.0282499 -0.013073 0
      vertex 0.035 -0.02 0
    endloop
  endfacet
  facet normal 0 0 1
    outer loop
      vertex 0.035 -0.02 0
      vertex 0.0282499 -0.013073 0
      vertex 0.0282218 -0.0132143 0
    endloop
  endfacet
  facet normal 0 0 1
    outer loop
      vertex -0.02 -0.0102087 0
      vertex -0.02 -0.0147913 0
      vertex -0.0199062 -0.0145744 0
    endloop
  endfacet
  facet normal 0 0 1
    outer loop
      vertex -0.0195456 -0.013207 0
      vertex -0.0195203 -0.0129721 0
      vertex -0.02 -0.0102087 0
    endloop
  endfacet
  facet normal 0 0 1
    outer loop
      vertex -0.0195203 -0.0129721 0
      vertex -0.0195051 -0.0127363 0
      vertex -0.02 -0.0102087 0
    endloop
  endfacet
  facet normal 0 0 1
    outer loop
      vertex -0.0195051 -0.0127363 0
      vertex -0.0195 -0.0125 0
      vertex -0.02 -0.0102087 0
    endloop
  endfacet
  facet normal 0 0 1
    outer loop
      vertex -0.0195 -0.0125 0
      vertex -0.0195051 -0.0122637 0
      vertex -0.02 -0.0102087 0
    endloop
  endfacet
  facet normal 0 0 1
    outer loop
      vertex -0.02 -0.0102087 0
      vertex -0.0195051 -0.0122637 0
      vertex -0.0195203 -0.0120279 0
    endloop
  endfacet
  facet normal 0 0 1
    outer loop
      vertex 0.0231072 -0.0152032 0
      vertex 0.0229911 -0.0151181 0
      vertex 0.02 -0.0147913 0
    endloop
  endfacet
  facet normal 0 0 1
    outer loop
      vertex 0.0229911 -0.0151181 0
      vertex 0.0228788 -0.0150279 0
      vertex 0.02 -0.0147913 0
    endloop
  endfacet
  facet normal 0 0 1
    outer loop
      vertex 0.02 -0.0147913 0
      vertex 0.0228788 -0.0150279 0
      vertex 0.0227706 -0.014933 0
    endloop
  endfacet
  facet normal 0 0 1
    outer loop
      vertex 0.0223819 -0.0145089 0
      vertex 0.0222968 -0.0143928 0
      vertex 0.02 -0.0147913 0
    endloop
  endfacet
  facet normal 0 0 1
    outer loop
      vertex 0.0222968 -0.0143928 0
      vertex 0.0222168 -0.0142731 0
      vertex 0.02 -0.0147913 0
    endloop
  endfacet
  facet normal 0 0 1
    outer loop
      vertex 0.02 -0.0147913 0
      vertex 0.0222168 -0.0142731 0
      vertex 0.0221421 -0.01415 0
    endloop
  endfacet
  facet normal 0 0 1
    outer loop
      vertex 0.0220729 -0.0109762 0
      vertex 0.0221421 -0.01085 0
      vertex 0.02 -0.0102087 0
    endloop
  endfacet
  facet normal 0 0 1
    outer loop
      vertex 0.0221421 -0.01085 0
      vertex 0.0222168 -0.0107269 0
      vertex 0.02 -0.0102087 0
    endloop
  endfacet
  facet normal 0 0 1
    outer loop
      vertex 0.0222168 -0.0107269 0
      vertex 0.0222968 -0.0106072 0
      vertex 0.02 -0.0102087 0
    endloop
  endfacet
  facet normal 0 0 1
    outer loop
      vertex 0.0222968 -0.0106072 0
      vertex 0.0223819 -0.0104911 0
      vertex 0.02 -0.0102087 0
    endloop
  endfacet
  facet normal 0 0 1
    outer loop
      vertex 0.02 -0.0102087 0
      vertex 0.0223819 -0.0104911 0
      vertex 0.0224721 -0.0103788 0
    endloop
  endfacet
  facet normal 0 0 1
    outer loop
      vertex 0.0267731 -0.0152832 0
      vertex 0.02665 -0.0153579 0
      vertex 0.035 -0.02 0
    endloop
  endfacet
  facet normal 0 0 1
    outer loop
      vertex 0.0252876 -0.0157874 0
      vertex 0.0251439 -0.0157969 0
      vertex 0.035 -0.02 0
    endloop
  endfacet
  facet normal 0 0 1
    outer loop
      vertex 0.0251439 -0.0157969 0
      vertex 0.025 -0.0158 0
      vertex 0.035 -0.02 0
    endloop
  endfacet
  facet normal 0 0 1
    outer loop
      vertex 0.035 -0.02 0
      vertex 0.025 -0.0158 0
      vertex 0.0248561 -0.0157969 0
    endloop
  endfacet
  facet normal 0 0 1
    outer loop
      vertex 0.0248561 -0.0157969 0
      vertex 0.0247124 -0.0157874 0
      vertex 0.035 -0.02 0
    endloop
  endfacet
  facet normal 0 0 1
    outer loop
      vertex 0.0247124 -0.0157874 0
      vertex 0.0245693 -0.0157718 0
      vertex 0.035 -0.02 0
    endloop
  endfacet
  facet normal 0 0 1
    outer loop
      vertex 0.035 -0.02 0
      vertex 0.0245693 -0.0157718 0
      vertex 0.024427 -0.0157499 0
    endloop
  endfacet
  facet normal 0 0 1
    outer loop
      vertex 0.02 -0.015 0
      vertex 0.0242857 -0.0157218 0
      vertex 0.02 -0.0147913 0
    endloop
  endfacet
  facet normal 0 0 1
    outer loop
      vertex 0.0242857 -0.0157218 0
      vertex 0.0241459 -0.0156876 0
      vertex 0.02 -0.0147913 0
    endloop
  endfacet
  facet normal 0 0 1
    outer loop
      vertex 0.02 -0.0147913 0
      vertex 0.0241459 -0.0156876 0
      vertex 0.0240077 -0.0156473 0
    endloop
  endfacet
  facet normal 0 0 1
    outer loop
      vertex -0.0199062 -0.0145744 0
      vertex -0.0198218 -0.0143537 0
      vertex -0.02 -0.0102087 0
    endloop
  endfacet
  facet normal 0 0 1
    outer loop
      vertex -0.0198218 -0.0143537 0
      vertex -0.0197469 -0.0141295 0
      vertex -0.02 -0.0102087 0
    endloop
  endfacet
  facet normal 0 0 1
    outer loop
      vertex -0.02 -0.0102087 0
      vertex -0.0197469 -0.0141295 0
      vertex -0.0196818 -0.0139024 0
    endloop
  endfacet
  facet normal 0 0 1
    outer loop
      vertex -0.0196818 -0.0139024 0
      vertex -0.0196265 -0.0136726 0
      vertex -0.02 -0.0102087 0
    endloop
  endfacet
  facet normal 0 0 1
    outer loop
      vertex -0.0196265 -0.0136726 0
      vertex -0.019581 -0.0134407 0
      vertex -0.02 -0.0102087 0
    endloop
  endfacet
  facet normal 0 0 1
    outer loop
      vertex -0.02 -0.0102087 0
      vertex -0.019581 -0.0134407 0
      vertex -0.0195456 -0.013207 0
    endloop
  endfacet
  facet normal 0 0 1
    outer loop
      vertex -0.0195203 -0.0120279 0
      vertex -0.0196818 -0.0110976 0
      vertex -0.0197469 -0.0108705 0
    endloop
  endfacet
  facet normal 0 0 1
    outer loop
      vertex 0.0238713 -0.015601 0
      vertex 0.0237371 -0.0155488 0
      vertex 0.02 -0.0147913 0
    endloop
  endfacet
  facet normal 0 0 1
    outer loop
      vertex 0.0237371 -0.0155488 0
      vertex 0.0236054 -0.0154908 0
      vertex 0.02 -0.0147913 0
    endloop
  endfacet
  facet normal 0 0 1
    outer loop
      vertex 0.02 -0.0147913 0
      vertex 0.0236054 -0.0154908 0
      vertex 0.0234762 -0.0154271 0
    endloop
  endfacet
  facet normal 0 0 1
    outer loop
      vertex 0.0254307 -0.00922823 0
      vertex 0.025573 -0.00925013 0
      vertex 0.035 5.20417e-18 0
    endloop
  endfacet
  facet normal 0 0 1
    outer loop
      vertex 0.027433 -0.0102706 0
      vertex 0.0275279 -0.0103788 0
      vertex 0.035 5.20417e-18 0
    endloop
  endfacet
  facet normal 0 0 1
    outer loop
      vertex 0.0275279 -0.0103788 0
      vertex 0.0276181 -0.0104911 0
      vertex 0.035 5.20417e-18 0
    endloop
  endfacet
  facet normal 0 0 1
    outer loop
      vertex 0.035 5.20417e-18 0
      vertex 0.0276181 -0.0104911 0
      vertex 0.0277032 -0.0106072 0
    endloop
  endfacet
  facet normal 0 0 1
    outer loop
      vertex 0.0279271 -0.0140238 0
      vertex 0.0278579 -0.01415 0
      vertex 0.035 -0.02 0
    endloop
  endfacet
  facet normal 0 0 1
    outer loop
      vertex 0.0278579 -0.01415 0
      vertex 0.0277832 -0.0142731 0
      vertex 0.035 -0.02 0
    endloop
  endfacet
  facet normal 0 0 1
    outer loop
      vertex 0.035 -0.02 0
      vertex 0.0277832 -0.0142731 0
      vertex 0.0277032 -0.0143928 0
    endloop
  endfacet
  facet normal 0 0 1
    outer loop
      vertex 0.0277032 -0.0143928 0
      vertex 0.0276181 -0.0145089 0
      vertex 0.035 -0.02 0
    endloop
  endfacet
  facet normal 0 0 1
    outer loop
      vertex 0.0276181 -0.0145089 0
      vertex 0.0275279 -0.0146212 0
      vertex 0.035 -0.02 0
    endloop
  endfacet
  facet normal 0 0 1
    outer loop
      vertex 0.035 -0.02 0
      vertex 0.0275279 -0.0146212 0
      vertex 0.027433 -0.0147294 0
    endloop
  endfacet
  facet normal 0 0 1
    outer loop
      vertex 0.024427 -0.0157499 0
      vertex 0.0242857 -0.0157218 0
      vertex 0.035 -0.02 0
    endloop
  endfacet
  facet normal 0 0 1
    outer loop
      vertex 0.0242857 -0.0157218 0
      vertex 0.02 -0.015 0
      vertex 0.035 -0.02 0
    endloop
  endfacet
  facet normal 0 0 1
    outer loop
      vertex 0.035 -0.02 0
      vertex 0.02 -0.015 0
      vertex -0.02085 -0.02 0
    endloop
  endfacet
  facet normal 0 0 1
    outer loop
      vertex 0.02 -0.015 0
      vertex -0.02 -0.015 0
      vertex -0.02085 -0.02 0
    endloop
  endfacet
  facet normal 0 0 1
    outer loop
      vertex -0.02085 -0.02 0
      vertex -0.02 -0.015 0
      vertex -0.02 -0.0147913 0
    endloop
  endfacet
  facet normal 0 0 1
    outer loop
      vertex -0.0196818 -0.0110976 0
      vertex -0.0195203 -0.0120279 0
      vertex -0.0196265 -0.0113274 0
    endloop
  endfacet
  facet normal 0 0 1
    outer loop
      vertex -0.0195203 -0.0120279 0
      vertex -0.0195456 -0.011793 0
      vertex -0.0196265 -0.0113274 0
    endloop
  endfacet
  facet normal 0 0 1
    outer loop
      vertex -0.0196265 -0.0113274 0
      vertex -0.0195456 -0.011793 0
      vertex -0.019581 -0.0115593 0
    endloop
  endfacet
  facet normal 0 0 1
    outer loop
      vertex -0.0197469 -0.0108705 0
      vertex -0.0198218 -0.0106463 0
      vertex -0.0195203 -0.0120279 0
    endloop
  endfacet
  facet normal 0 0 1
    outer loop
      vertex -0.0198218 -0.0106463 0
      vertex -0.0199062 -0.0104256 0
      vertex -0.0195203 -0.0120279 0
    endloop
  endfacet
  facet normal 0 0 1
    outer loop
      vertex -0.0195203 -0.0120279 0
      vertex -0.0199062 -0.0104256 0
      vertex -0.02 -0.0102087 0
    endloop
  endfacet
  facet normal 0 0 1
    outer loop
      vertex 0.0234762 -0.0154271 0
      vertex 0.02335 -0.0153579 0
      vertex 0.02 -0.0147913 0
    endloop
  endfacet
  facet normal 0 0 1
    outer loop
      vertex 0.02335 -0.0153579 0
      vertex 0.0232269 -0.0152832 0
      vertex 0.02 -0.0147913 0
    endloop
  endfacet
  facet normal 0 0 1
    outer loop
      vertex 0.02 -0.0147913 0
      vertex 0.0232269 -0.0152832 0
      vertex 0.0231072 -0.0152032 0
    endloop
  endfacet
  facet normal 0 0 1
    outer loop
      vertex 0.0277032 -0.0106072 0
      vertex 0.0277832 -0.0107269 0
      vertex 0.035 5.20417e-18 0
    endloop
  endfacet
  facet normal 0 0 1
    outer loop
      vertex 0.0277832 -0.0107269 0
      vertex 0.0278579 -0.01085 0
      vertex 0.035 5.20417e-18 0
    endloop
  endfacet
  facet normal 0 0 1
    outer loop
      vertex 0.035 5.20417e-18 0
      vertex 0.0278579 -0.01085 0
      vertex 0.0279271 -0.0109762 0
    endloop
  endfacet
  facet normal 0 0 1
    outer loop
      vertex 0.0279271 -0.0109762 0
      vertex 0.0279908 -0.0111054 0
      vertex 0.035 5.20417e-18 0
    endloop
  endfacet
  facet normal 0 0 1
    outer loop
      vertex 0.0279908 -0.0111054 0
      vertex 0.0280488 -0.0112371 0
      vertex 0.035 5.20417e-18 0
    endloop
  endfacet
  facet normal 0 0 1
    outer loop
      vertex 0.035 5.20417e-18 0
      vertex 0.0280488 -0.0112371 0
      vertex 0.028101 -0.0113713 0
    endloop
  endfacet
  facet normal 0 0 1
    outer loop
      vertex 0.028101 -0.0113713 0
      vertex 0.0281473 -0.0115077 0
      vertex 0.035 5.20417e-18 0
    endloop
  endfacet
  facet normal 0 0 1
    outer loop
      vertex 0.0281473 -0.0115077 0
      vertex 0.0281876 -0.0116459 0
      vertex 0.035 5.20417e-18 0
    endloop
  endfacet
  facet normal 0 0 1
    outer loop
      vertex 0.035 5.20417e-18 0
      vertex 0.0281876 -0.0116459 0
      vertex 0.0282218 -0.0117857 0
    endloop
  endfacet
  facet normal 0 0 1
    outer loop
      vertex 0.02665 -0.0153579 0
      vertex 0.0265238 -0.0154271 0
      vertex 0.035 -0.02 0
    endloop
  endfacet
  facet normal 0 0 1
    outer loop
      vertex 0.0265238 -0.0154271 0
      vertex 0.0263946 -0.0154908 0
      vertex 0.035 -0.02 0
    endloop
  endfacet
  facet normal 0 0 1
    outer loop
      vertex 0.035 -0.02 0
      vertex 0.0263946 -0.0154908 0
      vertex 0.0262629 -0.0155488 0
    endloop
  endfacet
  facet normal 0 0 1
    outer loop
      vertex 0.0241459 -0.00931244 0
      vertex 0.035 5.20417e-18 0
      vertex 0.0240077 -0.00935273 0
    endloop
  endfacet
  facet normal 0 0 1
    outer loop
      vertex 0.035 5.20417e-18 0
      vertex 0.0238713 -0.00939901 0
      vertex 0.0240077 -0.00935273 0
    endloop
  endfacet
  facet normal 0 0 1
    outer loop
      vertex 0.0241459 -0.00931244 0
      vertex 0.0242857 -0.00927822 0
      vertex 0.035 5.20417e-18 0
    endloop
  endfacet
  facet normal 0 0 1
    outer loop
      vertex 0.0242857 -0.00927822 0
      vertex 0.024427 -0.00925013 0
      vertex 0.035 5.20417e-18 0
    endloop
  endfacet
  facet normal 0 0 1
    outer loop
      vertex 0.035 5.20417e-18 0
      vertex 0.024427 -0.00925013 0
      vertex 0.0245693 -0.00922823 0
    endloop
  endfacet
  facet normal 0 0 1
    outer loop
      vertex 0.0271212 -0.00997205 0
      vertex 0.0272294 -0.010067 0
      vertex 0.035 5.20417e-18 0
    endloop
  endfacet
  facet normal 0 0 1
    outer loop
      vertex 0.0272294 -0.010067 0
      vertex 0.0273335 -0.0101665 0
      vertex 0.035 5.20417e-18 0
    endloop
  endfacet
  facet normal 0 0 1
    outer loop
      vertex 0.035 5.20417e-18 0
      vertex 0.0273335 -0.0101665 0
      vertex 0.027433 -0.0102706 0
    endloop
  endfacet
  facet normal 0 0 1
    outer loop
      vertex 0.0282218 -0.0117857 0
      vertex 0.0282499 -0.011927 0
      vertex 0.035 5.20417e-18 0
    endloop
  endfacet
  facet normal 0 0 1
    outer loop
      vertex 0.0282499 -0.011927 0
      vertex 0.0282718 -0.0120693 0
      vertex 0.035 5.20417e-18 0
    endloop
  endfacet
  facet normal 0 0 1
    outer loop
      vertex 0.035 5.20417e-18 0
      vertex 0.0282718 -0.0120693 0
      vertex 0.035 -0.02 0
    endloop
  endfacet
  facet normal 0 0 1
    outer loop
      vertex 0.0282718 -0.0120693 0
      vertex 0.0282874 -0.0122124 0
      vertex 0.035 -0.02 0
    endloop
  endfacet
  facet normal 0 0 1
    outer loop
      vertex 0.035 -0.02 0
      vertex 0.0282874 -0.0122124 0
      vertex 0.0282969 -0.0123561 0
    endloop
  endfacet
  facet normal 0 0 1
    outer loop
      vertex 0.0224721 -0.0103788 0
      vertex 0.022567 -0.0102706 0
      vertex 0.02 -0.0102087 0
    endloop
  endfacet
  facet normal 0 0 1
    outer loop
      vertex 0.022567 -0.0102706 0
      vertex 0.0226665 -0.0101665 0
      vertex 0.02 -0.0102087 0
    endloop
  endfacet
  facet normal 0 0 1
    outer loop
      vertex 0.02 -0.0102087 0
      vertex 0.0226665 -0.0101665 0
      vertex 0.0227706 -0.010067 0
    endloop
  endfacet
  facet normal 0 0 1
    outer loop
      vertex 0.035 5.20417e-18 0
      vertex 0.02665 -0.00964212 0
      vertex 0.0267731 -0.00971681 0
    endloop
  endfacet
  facet normal 0 0 1
    outer loop
      vertex 0.027433 -0.0147294 0
      vertex 0.0273335 -0.0148335 0
      vertex 0.035 -0.02 0
    endloop
  endfacet
  facet normal 0 0 1
    outer loop
      vertex 0.0273335 -0.0148335 0
      vertex 0.0272294 -0.014933 0
      vertex 0.035 -0.02 0
    endloop
  endfacet
  facet normal 0 0 1
    outer loop
      vertex 0.035 -0.02 0
      vertex 0.0272294 -0.014933 0
      vertex 0.0271212 -0.0150279 0
    endloop
  endfacet
  facet normal 0 0 1
    outer loop
      vertex 0.0271212 -0.0150279 0
      vertex 0.0270089 -0.0151181 0
      vertex 0.035 -0.02 0
    endloop
  endfacet
  facet normal 0 0 1
    outer loop
      vertex 0.0270089 -0.0151181 0
      vertex 0.0268928 -0.0152032 0
      vertex 0.035 -0.02 0
    endloop
  endfacet
  facet normal 0 0 1
    outer loop
      vertex 0.035 -0.02 0
      vertex 0.0268928 -0.0152032 0
      vertex 0.0267731 -0.0152832 0
    endloop
  endfacet
  facet normal 0 0 1
    outer loop
      vertex 0.0262629 -0.0155488 0
      vertex 0.0261287 -0.015601 0
      vertex 0.035 -0.02 0
    endloop
  endfacet
  facet normal 0 0 1
    outer loop
      vertex 0.0261287 -0.015601 0
      vertex 0.0259923 -0.0156473 0
      vertex 0.035 -0.02 0
    endloop
  endfacet
  facet normal 0 0 1
    outer loop
      vertex 0.035 -0.02 0
      vertex 0.0259923 -0.0156473 0
      vertex 0.0258541 -0.0156876 0
    endloop
  endfacet
  facet normal 0 0 1
    outer loop
      vertex 0.0221421 -0.01415 0
      vertex 0.0220729 -0.0140238 0
      vertex 0.02 -0.0147913 0
    endloop
  endfacet
  facet normal 0 0 1
    outer loop
      vertex 0.0220729 -0.0140238 0
      vertex 0.0220092 -0.0138946 0
      vertex 0.02 -0.0147913 0
    endloop
  endfacet
  facet normal 0 0 1
    outer loop
      vertex 0.02 -0.0147913 0
      vertex 0.0220092 -0.0138946 0
      vertex 0.0199062 -0.0145744 0
    endloop
  endfacet
  facet normal 0 0 1
    outer loop
      vertex 0.0220092 -0.0138946 0
      vertex 0.0219512 -0.0137629 0
      vertex 0.0199062 -0.0145744 0
    endloop
  endfacet
  facet normal 0 0 1
    outer loop
      vertex 0.0199062 -0.0145744 0
      vertex 0.0219512 -0.0137629 0
      vertex 0.0198218 -0.0143537 0
    endloop
  endfacet
  facet normal 0 0 1
    outer loop
      vertex 0.0219512 -0.0137629 0
      vertex 0.021899 -0.0136287 0
      vertex 0.0198218 -0.0143537 0
    endloop
  endfacet
  facet normal 0 0 1
    outer loop
      vertex 0.0198218 -0.0143537 0
      vertex 0.021899 -0.0136287 0
      vertex 0.0197469 -0.0141295 0
    endloop
  endfacet
  facet normal 0 0 1
    outer loop
      vertex 0.021899 -0.0136287 0
      vertex 0.0218527 -0.0134923 0
      vertex 0.0197469 -0.0141295 0
    endloop
  endfacet
  facet normal 0 0 1
    outer loop
      vertex 0.0197469 -0.0141295 0
      vertex 0.0218527 -0.0134923 0
      vertex 0.0196818 -0.0139024 0
    endloop
  endfacet
  facet normal 0 0 1
    outer loop
      vertex 0.0218527 -0.0134923 0
      vertex 0.0218124 -0.0133541 0
      vertex 0.0196818 -0.0139024 0
    endloop
  endfacet
  facet normal 0 0 1
    outer loop
      vertex 0.0196818 -0.0139024 0
      vertex 0.0218124 -0.0133541 0
      vertex 0.0196265 -0.0136726 0
    endloop
  endfacet
  facet normal 0 0 1
    outer loop
      vertex 0.0218124 -0.0133541 0
      vertex 0.0217782 -0.0132143 0
      vertex 0.0196265 -0.0136726 0
    endloop
  endfacet
  facet normal 0 0 1
    outer loop
      vertex 0.0196265 -0.0136726 0
      vertex 0.0217782 -0.0132143 0
      vertex 0.019581 -0.0134407 0
    endloop
  endfacet
  facet normal 0 0 1
    outer loop
      vertex 0.0217782 -0.0132143 0
      vertex 0.0217501 -0.013073 0
      vertex 0.019581 -0.0134407 0
    endloop
  endfacet
  facet normal 0 0 1
    outer loop
      vertex 0.019581 -0.0134407 0
      vertex 0.0217501 -0.013073 0
      vertex 0.0195456 -0.013207 0
    endloop
  endfacet
  facet normal 0 0 1
    outer loop
      vertex 0.0217501 -0.013073 0
      vertex 0.0217282 -0.0129307 0
      vertex 0.0195456 -0.013207 0
    endloop
  endfacet
  facet normal 0 0 1
    outer loop
      vertex 0.0195456 -0.013207 0
      vertex 0.0217282 -0.0129307 0
      vertex 0.0195203 -0.0129721 0
    endloop
  endfacet
  facet normal 0 0 1
    outer loop
      vertex 0.0217282 -0.0129307 0
      vertex 0.0217126 -0.0127876 0
      vertex 0.0195203 -0.0129721 0
    endloop
  endfacet
  facet normal 0 0 1
    outer loop
      vertex 0.0195203 -0.0129721 0
      vertex 0.0217126 -0.0127876 0
      vertex 0.0195051 -0.0127363 0
    endloop
  endfacet
  facet normal 0 0 1
    outer loop
      vertex 0.0217126 -0.0127876 0
      vertex 0.0217031 -0.0126439 0
      vertex 0.0195051 -0.0127363 0
    endloop
  endfacet
  facet normal 0 0 1
    outer loop
      vertex 0.0195051 -0.0127363 0
      vertex 0.0217031 -0.0126439 0
      vertex 0.0195 -0.0125 0
    endloop
  endfacet
  facet normal 0 0 1
    outer loop
      vertex 0.0217031 -0.0126439 0
      vertex 0.0217 -0.0125 0
      vertex 0.0195 -0.0125 0
    endloop
  endfacet
  facet normal 0 0 1
    outer loop
      vertex 0.0195 -0.0125 0
      vertex 0.0217 -0.0125 0
      vertex 0.0195051 -0.0122637 0
    endloop
  endfacet
  facet normal 0 0 1
    outer loop
      vertex 0.0217 -0.0125 0
      vertex 0.0217031 -0.0123561 0
      vertex 0.0195051 -0.0122637 0
    endloop
  endfacet
  facet normal 0 0 1
    outer loop
      vertex 0.0195051 -0.0122637 0
      vertex 0.0217031 -0.0123561 0
      vertex 0.0195203 -0.0120279 0
    endloop
  endfacet
  facet normal 0 0 1
    outer loop
      vertex 0.0217031 -0.0123561 0
      vertex 0.0217126 -0.0122124 0
      vertex 0.0195203 -0.0120279 0
    endloop
  endfacet
  facet normal 0 0 1
    outer loop
      vertex 0.0195203 -0.0120279 0
      vertex 0.0217126 -0.0122124 0
      vertex 0.0195456 -0.011793 0
    endloop
  endfacet
  facet normal 0 0 1
    outer loop
      vertex 0.0217126 -0.0122124 0
      vertex 0.0217282 -0.0120693 0
      vertex 0.0195456 -0.011793 0
    endloop
  endfacet
  facet normal 0 0 1
    outer loop
      vertex 0.0195456 -0.011793 0
      vertex 0.0217282 -0.0120693 0
      vertex 0.019581 -0.0115593 0
    endloop
  endfacet
  facet normal 0 0 1
    outer loop
      vertex 0.0217282 -0.0120693 0
      vertex 0.0217501 -0.011927 0
      vertex 0.019581 -0.0115593 0
    endloop
  endfacet
  facet normal 0 0 1
    outer loop
      vertex 0.019581 -0.0115593 0
      vertex 0.0217501 -0.011927 0
      vertex 0.0196265 -0.0113274 0
    endloop
  endfacet
  facet normal 0 0 1
    outer loop
      vertex 0.0217501 -0.011927 0
      vertex 0.0217782 -0.0117857 0
      vertex 0.0196265 -0.0113274 0
    endloop
  endfacet
  facet normal 0 0 1
    outer loop
      vertex 0.0196265 -0.0113274 0
      vertex 0.0217782 -0.0117857 0
      vertex 0.0196818 -0.0110976 0
    endloop
  endfacet
  facet normal 0 0 1
    outer loop
      vertex 0.0217782 -0.0117857 0
      vertex 0.0218124 -0.0116459 0
      vertex 0.0196818 -0.0110976 0
    endloop
  endfacet
  facet normal 0 0 1
    outer loop
      vertex 0.0196818 -0.0110976 0
      vertex 0.0218124 -0.0116459 0
      vertex 0.0197469 -0.0108705 0
    endloop
  endfacet
  facet normal 0 0 1
    outer loop
      vertex 0.0218124 -0.0116459 0
      vertex 0.0218527 -0.0115077 0
      vertex 0.0197469 -0.0108705 0
    endloop
  endfacet
  facet normal 0 0 1
    outer loop
      vertex 0.0197469 -0.0108705 0
      vertex 0.0218527 -0.0115077 0
      vertex 0.0198218 -0.0106463 0
    endloop
  endfacet
  facet normal 0 0 1
    outer loop
      vertex 0.0218527 -0.0115077 0
      vertex 0.021899 -0.0113713 0
      vertex 0.0198218 -0.0106463 0
    endloop
  endfacet
  facet normal 0 0 1
    outer loop
      vertex 0.0198218 -0.0106463 0
      vertex 0.021899 -0.0113713 0
      vertex 0.0199062 -0.0104256 0
    endloop
  endfacet
  facet normal 0 0 1
    outer loop
      vertex 0.021899 -0.0113713 0
      vertex 0.0219512 -0.0112371 0
      vertex 0.0199062 -0.0104256 0
    endloop
  endfacet
  facet normal 0 0 1
    outer loop
      vertex 0.0199062 -0.0104256 0
      vertex 0.0219512 -0.0112371 0
      vertex 0.02 -0.0102087 0
    endloop
  endfacet
  facet normal 0 0 1
    outer loop
      vertex 0.0219512 -0.0112371 0
      vertex 0.0220092 -0.0111054 0
      vertex 0.02 -0.0102087 0
    endloop
  endfacet
  facet normal 0 0 1
    outer loop
      vertex 0.02 -0.0102087 0
      vertex 0.0220092 -0.0111054 0
      vertex 0.0220729 -0.0109762 0
    endloop
  endfacet
  facet normal 0 0 1
    outer loop
      vertex 0.0245693 -0.00922823 0
      vertex 0.0247124 -0.00921256 0
      vertex 0.035 5.20417e-18 0
    endloop
  endfacet
  facet normal 0 0 1
    outer loop
      vertex 0.0247124 -0.00921256 0
      vertex 0.0248561 -0.00920314 0
      vertex 0.035 5.20417e-18 0
    endloop
  endfacet
  facet normal 0 0 1
    outer loop
      vertex 0.035 5.20417e-18 0
      vertex 0.0248561 -0.00920314 0
      vertex 0.025 -0.0092 0
    endloop
  endfacet
  facet normal 0 0 1
    outer loop
      vertex 0.025 -0.0092 0
      vertex 0.0251439 -0.00920314 0
      vertex 0.035 5.20417e-18 0
    endloop
  endfacet
  facet normal 0 0 1
    outer loop
      vertex 0.0251439 -0.00920314 0
      vertex 0.0252876 -0.00921256 0
      vertex 0.035 5.20417e-18 0
    endloop
  endfacet
  facet normal 0 0 1
    outer loop
      vertex 0.035 5.20417e-18 0
      vertex 0.0252876 -0.00921256 0
      vertex 0.0254307 -0.00922823 0
    endloop
  endfacet
  facet normal 0 0 1
    outer loop
      vertex 0.0267731 -0.00971681 0
      vertex 0.0268928 -0.0097968 0
      vertex 0.035 5.20417e-18 0
    endloop
  endfacet
  facet normal 0 0 1
    outer loop
      vertex 0.0268928 -0.0097968 0
      vertex 0.0270089 -0.00988193 0
      vertex 0.035 5.20417e-18 0
    endloop
  endfacet
  facet normal 0 0 1
    outer loop
      vertex 0.035 5.20417e-18 0
      vertex 0.0270089 -0.00988193 0
      vertex 0.0271212 -0.00997205 0
    endloop
  endfacet
  facet normal 0 0 1
    outer loop
      vertex 0.0258541 -0.0156876 0
      vertex 0.0257143 -0.0157218 0
      vertex 0.035 -0.02 0
    endloop
  endfacet
  facet normal 0 0 1
    outer loop
      vertex 0.0257143 -0.0157218 0
      vertex 0.025573 -0.0157499 0
      vertex 0.035 -0.02 0
    endloop
  endfacet
  facet normal 0 0 1
    outer loop
      vertex 0.035 -0.02 0
      vertex 0.025573 -0.0157499 0
      vertex 0.0254307 -0.0157718 0
    endloop
  endfacet
  facet normal 0 0 1
    outer loop
      vertex 0.02 -0.0102087 0
      vertex 0.0234762 -0.00957286 0
      vertex 0.0236054 -0.00950918 0
    endloop
  endfacet
  facet normal 0 0 1
    outer loop
      vertex 0.02 -0.0102087 0
      vertex 0.0236054 -0.00950918 0
      vertex 0.035 5.20417e-18 0
    endloop
  endfacet
  facet normal 0 0 1
    outer loop
      vertex 0.0236054 -0.00950918 0
      vertex 0.0237371 -0.0094512 0
      vertex 0.035 5.20417e-18 0
    endloop
  endfacet
  facet normal 0 0 1
    outer loop
      vertex 0.035 5.20417e-18 0
      vertex 0.0237371 -0.0094512 0
      vertex 0.0238713 -0.00939901 0
    endloop
  endfacet
  facet normal 0 0 1
    outer loop
      vertex 0.0259923 -0.00935273 0
      vertex 0.0261287 -0.00939901 0
      vertex 0.035 5.20417e-18 0
    endloop
  endfacet
  facet normal 0 0 1
    outer loop
      vertex 0.0261287 -0.00939901 0
      vertex 0.0262629 -0.0094512 0
      vertex 0.035 5.20417e-18 0
    endloop
  endfacet
  facet normal 0 0 1
    outer loop
      vertex 0.0227706 -0.010067 0
      vertex 0.0228788 -0.00997205 0
      vertex 0.02 -0.0102087 0
    endloop
  endfacet
  facet normal 0 0 1
    outer loop
      vertex 0.0228788 -0.00997205 0
      vertex 0.0229911 -0.00988193 0
      vertex 0.02 -0.0102087 0
    endloop
  endfacet
  facet normal 0 0 1
    outer loop
      vertex 0.02 -0.0102087 0
      vertex 0.0229911 -0.00988193 0
      vertex 0.0231072 -0.0097968 0
    endloop
  endfacet
  facet normal 0 0 1
    outer loop
      vertex 0.025573 -0.00925013 0
      vertex 0.0257143 -0.00927822 0
      vertex 0.035 5.20417e-18 0
    endloop
  endfacet
  facet normal 0 0 1
    outer loop
      vertex 0.0257143 -0.00927822 0
      vertex 0.0258541 -0.00931244 0
      vertex 0.035 5.20417e-18 0
    endloop
  endfacet
  facet normal 0 0 1
    outer loop
      vertex 0.035 5.20417e-18 0
      vertex 0.0258541 -0.00931244 0
      vertex 0.0259923 -0.00935273 0
    endloop
  endfacet
  facet normal 0 0 1
    outer loop
      vertex 0.0262629 -0.0094512 0
      vertex 0.0263946 -0.00950918 0
      vertex 0.035 5.20417e-18 0
    endloop
  endfacet
  facet normal 0 0 1
    outer loop
      vertex 0.0263946 -0.00950918 0
      vertex 0.0265238 -0.00957286 0
      vertex 0.035 5.20417e-18 0
    endloop
  endfacet
  facet normal 0 0 1
    outer loop
      vertex 0.035 5.20417e-18 0
      vertex 0.0265238 -0.00957286 0
      vertex 0.02665 -0.00964212 0
    endloop
  endfacet
  facet normal 0 0 1
    outer loop
      vertex 0.0231072 -0.0097968 0
      vertex 0.0232269 -0.00971681 0
      vertex 0.02 -0.0102087 0
    endloop
  endfacet
  facet normal 0 0 1
    outer loop
      vertex 0.0232269 -0.00971681 0
      vertex 0.02335 -0.00964212 0
      vertex 0.02 -0.0102087 0
    endloop
  endfacet
  facet normal 0 0 1
    outer loop
      vertex 0.02 -0.0102087 0
      vertex 0.02335 -0.00964212 0
      vertex 0.0234762 -0.00957286 0
    endloop
  endfacet
  facet normal 0 0 1
    outer loop
      vertex -0.02 -0.0147913 0
      vertex -0.02 -0.0102087 0
      vertex -0.02085 5.20417e-18 0
    endloop
  endfacet
  facet normal 0 0 1
    outer loop
      vertex -0.02 -0.0102087 0
      vertex -0.02 5.20417e-18 0
      vertex -0.02085 5.20417e-18 0
    endloop
  endfacet
  facet normal 0 0 1
    outer loop
      vertex -0.02085 5.20417e-18 0
      vertex -0.02 5.20417e-18 0
      vertex -0.02 0.0102087 0
    endloop
  endfacet
  facet normal 0 0 1
    outer loop
      vertex -0.0197469 0.0141295 0
      vertex -0.0198218 0.0143537 0
      vertex -0.02 0.0102087 0
    endloop
  endfacet
  facet normal 0 0 1
    outer loop
      vertex 0.0281473 0.0115077 0
      vertex 0.028101 0.0113713 0
      vertex 0.035 5.20417e-18 0
    endloop
  endfacet
  facet normal 0 0 1
    outer loop
      vertex -0.0197469 0.0141295 0
      vertex -0.02 0.0102087 0
      vertex -0.0196818 0.0139024 0
    endloop
  endfacet
  facet normal 0 0 1
    outer loop
      vertex 0.02 0.015 0
      vertex 0.0220092 0.0111054 0
      vertex 0.0219512 0.0112371 0
    endloop
  endfacet
  facet normal 0 0 1
    outer loop
      vertex 0.0217282 0.0129307 0
      vertex 0.0217501 0.013073 0
      vertex 0.02 0.015 0
    endloop
  endfacet
  facet normal 0 0 1
    outer loop
      vertex 0.0276181 0.0145089 0
      vertex 0.0277032 0.0143928 0
      vertex 0.035 0.02 0
    endloop
  endfacet
  facet normal 0 0 1
    outer loop
      vertex 0.0227706 0.010067 0
      vertex 0.0226665 0.0101665 0
      vertex 0.02 0.0102087 0
    endloop
  endfacet
  facet normal 0 0 1
    outer loop
      vertex 0.0226665 0.0101665 0
      vertex 0.022567 0.0102706 0
      vertex 0.02 0.0102087 0
    endloop
  endfacet
  facet normal 0 0 1
    outer loop
      vertex -0.0195456 0.011793 0
      vertex -0.0196265 0.0136726 0
      vertex -0.019581 0.0115593 0
    endloop
  endfacet
  facet normal 0 0 1
    outer loop
      vertex -0.0196265 0.0136726 0
      vertex -0.0196265 0.0113274 0
      vertex -0.019581 0.0115593 0
    endloop
  endfacet
  facet normal 0 0 1
    outer loop
      vertex -0.0195203 0.0120279 0
      vertex -0.0195051 0.0122637 0
      vertex -0.0195 0.0125 0
    endloop
  endfacet
  facet normal 0 0 1
    outer loop
      vertex 0.0231072 0.0097968 0
      vertex 0.0229911 0.00988193 0
      vertex 0.02 0.0102087 0
    endloop
  endfacet
  facet normal 0 0 1
    outer loop
      vertex 0.0229911 0.00988193 0
      vertex 0.0228788 0.00997205 0
      vertex 0.02 0.0102087 0
    endloop
  endfacet
  facet normal 0 0 1
    outer loop
      vertex 0.02 0.0102087 0
      vertex 0.0228788 0.00997205 0
      vertex 0.0227706 0.010067 0
    endloop
  endfacet
  facet normal 0 0 1
    outer loop
      vertex 0.022567 0.0102706 0
      vertex 0.0224721 0.0103788 0
      vertex 0.02 0.0102087 0
    endloop
  endfacet
  facet normal 0 0 1
    outer loop
      vertex 0.0224721 0.0103788 0
      vertex 0.0223819 0.0104911 0
      vertex 0.02 0.0102087 0
    endloop
  endfacet
  facet normal 0 0 1
    outer loop
      vertex 0.02 0.0102087 0
      vertex 0.0223819 0.0104911 0
      vertex 0.0222968 0.0106072 0
    endloop
  endfacet
  facet normal 0 0 1
    outer loop
      vertex 0.0282969 0.0123561 0
      vertex 0.0282874 0.0122124 0
      vertex 0.035 0.02 0
    endloop
  endfacet
  facet normal 0 0 1
    outer loop
      vertex 0.0282499 0.011927 0
      vertex 0.0282218 0.0117857 0
      vertex 0.035 5.20417e-18 0
    endloop
  endfacet
  facet normal 0 0 1
    outer loop
      vertex 0.0282218 0.0117857 0
      vertex 0.0281876 0.0116459 0
      vertex 0.035 5.20417e-18 0
    endloop
  endfacet
  facet normal 0 0 1
    outer loop
      vertex 0.035 5.20417e-18 0
      vertex 0.0281876 0.0116459 0
      vertex 0.0281473 0.0115077 0
    endloop
  endfacet
  facet normal 0 0 1
    outer loop
      vertex 0.028101 0.0113713 0
      vertex 0.0280488 0.0112371 0
      vertex 0.035 5.20417e-18 0
    endloop
  endfacet
  facet normal 0 0 1
    outer loop
      vertex 0.0280488 0.0112371 0
      vertex 0.0279908 0.0111054 0
      vertex 0.035 5.20417e-18 0
    endloop
  endfacet
  facet normal 0 0 1
    outer loop
      vertex 0.035 5.20417e-18 0
      vertex 0.0279908 0.0111054 0
      vertex 0.0279271 0.0109762 0
    endloop
  endfacet
  facet normal 0 0 1
    outer loop
      vertex -0.0196818 0.0139024 0
      vertex -0.02 0.0102087 0
      vertex -0.0196265 0.0136726 0
    endloop
  endfacet
  facet normal 0 0 1
    outer loop
      vertex -0.02 0.0102087 0
      vertex -0.0199062 0.0104256 0
      vertex -0.0196265 0.0136726 0
    endloop
  endfacet
  facet normal 0 0 1
    outer loop
      vertex -0.0196265 0.0136726 0
      vertex -0.0199062 0.0104256 0
      vertex -0.0198218 0.0106463 0
    endloop
  endfacet
  facet normal 0 0 1
    outer loop
      vertex -0.0195203 0.0120279 0
      vertex -0.0195 0.0125 0
      vertex -0.0195456 0.011793 0
    endloop
  endfacet
  facet normal 0 0 1
    outer loop
      vertex -0.0195 0.0125 0
      vertex -0.0195051 0.0127363 0
      vertex -0.0195456 0.011793 0
    endloop
  endfacet
  facet normal 0 0 1
    outer loop
      vertex -0.0195456 0.011793 0
      vertex -0.0195051 0.0127363 0
      vertex -0.0195203 0.0129721 0
    endloop
  endfacet
  facet normal 0 0 1
    outer loop
      vertex -0.0195203 0.0129721 0
      vertex -0.0195456 0.013207 0
      vertex -0.0195456 0.011793 0
    endloop
  endfacet
  facet normal 0 0 1
    outer loop
      vertex -0.0195456 0.013207 0
      vertex -0.019581 0.0134407 0
      vertex -0.0195456 0.011793 0
    endloop
  endfacet
  facet normal 0 0 1
    outer loop
      vertex -0.0195456 0.011793 0
      vertex -0.019581 0.0134407 0
      vertex -0.0196265 0.0136726 0
    endloop
  endfacet
  facet normal 0 0 1
    outer loop
      vertex 0.0218527 0.0134923 0
      vertex 0.021899 0.0136287 0
      vertex 0.02 0.015 0
    endloop
  endfacet
  facet normal 0 0 1
    outer loop
      vertex 0.021899 0.0136287 0
      vertex 0.0219512 0.0137629 0
      vertex 0.02 0.015 0
    endloop
  endfacet
  facet normal 0 0 1
    outer loop
      vertex 0.02 0.015 0
      vertex 0.0221421 0.01415 0
      vertex 0.0222168 0.0142731 0
    endloop
  endfacet
  facet normal 0 0 1
    outer loop
      vertex 0.0222168 0.0142731 0
      vertex 0.0222968 0.0143928 0
      vertex 0.02 0.015 0
    endloop
  endfacet
  facet normal 0 0 1
    outer loop
      vertex 0.0222968 0.0143928 0
      vertex 0.0223819 0.0145089 0
      vertex 0.02 0.015 0
    endloop
  endfacet
  facet normal 0 0 1
    outer loop
      vertex 0.02 0.015 0
      vertex 0.0223819 0.0145089 0
      vertex 0.0224721 0.0146212 0
    endloop
  endfacet
  facet normal 0 0 1
    outer loop
      vertex 0.0272294 0.014933 0
      vertex 0.0273335 0.0148335 0
      vertex 0.035 0.02 0
    endloop
  endfacet
  facet normal 0 0 1
    outer loop
      vertex 0.0240077 0.00935273 0
      vertex 0.0238713 0.00939901 0
      vertex 0.02 0.0102087 0
    endloop
  endfacet
  facet normal 0 0 1
    outer loop
      vertex -0.0198218 0.0106463 0
      vertex -0.0197469 0.0108705 0
      vertex -0.0196265 0.0136726 0
    endloop
  endfacet
  facet normal 0 0 1
    outer loop
      vertex -0.0197469 0.0108705 0
      vertex -0.0196818 0.0110976 0
      vertex -0.0196265 0.0136726 0
    endloop
  endfacet
  facet normal 0 0 1
    outer loop
      vertex -0.0196265 0.0136726 0
      vertex -0.0196818 0.0110976 0
      vertex -0.0196265 0.0113274 0
    endloop
  endfacet
  facet normal 0 0 1
    outer loop
      vertex 0.0217282 0.0120693 0
      vertex 0.0217126 0.0122124 0
      vertex 0.02 0.015 0
    endloop
  endfacet
  facet normal 0 0 1
    outer loop
      vertex 0.0217126 0.0122124 0
      vertex 0.0217031 0.0123561 0
      vertex 0.02 0.015 0
    endloop
  endfacet
  facet normal 0 0 1
    outer loop
      vertex 0.02 0.015 0
      vertex 0.0217031 0.0123561 0
      vertex 0.0217 0.0125 0
    endloop
  endfacet
  facet normal 0 0 1
    outer loop
      vertex 0.0217 0.0125 0
      vertex 0.0217031 0.0126439 0
      vertex 0.02 0.015 0
    endloop
  endfacet
  facet normal 0 0 1
    outer loop
      vertex 0.0217031 0.0126439 0
      vertex 0.0217126 0.0127876 0
      vertex 0.02 0.015 0
    endloop
  endfacet
  facet normal 0 0 1
    outer loop
      vertex 0.02 0.015 0
      vertex 0.0217126 0.0127876 0
      vertex 0.0217282 0.0129307 0
    endloop
  endfacet
  facet normal 0 0 1
    outer loop
      vertex 0.0219512 0.0137629 0
      vertex 0.0220092 0.0138946 0
      vertex 0.02 0.015 0
    endloop
  endfacet
  facet normal 0 0 1
    outer loop
      vertex 0.0220092 0.0138946 0
      vertex 0.0220729 0.0140238 0
      vertex 0.02 0.015 0
    endloop
  endfacet
  facet normal 0 0 1
    outer loop
      vertex 0.02 0.015 0
      vertex 0.0220729 0.0140238 0
      vertex 0.0221421 0.01415 0
    endloop
  endfacet
  facet normal 0 0 1
    outer loop
      vertex 0.0224721 0.0146212 0
      vertex 0.022567 0.0147294 0
      vertex 0.02 0.015 0
    endloop
  endfacet
  facet normal 0 0 1
    outer loop
      vertex 0.022567 0.0147294 0
      vertex 0.0226665 0.0148335 0
      vertex 0.02 0.015 0
    endloop
  endfacet
  facet normal 0 0 1
    outer loop
      vertex 0.02 0.015 0
      vertex 0.0226665 0.0148335 0
      vertex 0.0227706 0.014933 0
    endloop
  endfacet
  facet normal 0 0 1
    outer loop
      vertex 0.02 0.015 0
      vertex 0.0234762 0.0154271 0
      vertex 0.0236054 0.0154908 0
    endloop
  endfacet
  facet normal 0 0 1
    outer loop
      vertex 0.0238713 0.00939901 0
      vertex 0.0237371 0.0094512 0
      vertex 0.02 0.0102087 0
    endloop
  endfacet
  facet normal 0 0 1
    outer loop
      vertex 0.0237371 0.0094512 0
      vertex 0.0236054 0.00950918 0
      vertex 0.02 0.0102087 0
    endloop
  endfacet
  facet normal 0 0 1
    outer loop
      vertex 0.02 0.0102087 0
      vertex 0.0236054 0.00950918 0
      vertex 0.0234762 0.00957286 0
    endloop
  endfacet
  facet normal 0 0 1
    outer loop
      vertex 0.0222968 0.0106072 0
      vertex 0.0222168 0.0107269 0
      vertex 0.02 0.0102087 0
    endloop
  endfacet
  facet normal 0 0 1
    outer loop
      vertex 0.0222168 0.0107269 0
      vertex 0.0221421 0.01085 0
      vertex 0.02 0.0102087 0
    endloop
  endfacet
  facet normal 0 0 1
    outer loop
      vertex 0.02 0.0102087 0
      vertex 0.0221421 0.01085 0
      vertex 0.0220729 0.0109762 0
    endloop
  endfacet
  facet normal 0 0 1
    outer loop
      vertex 0.035 0.02 0
      vertex 0.0282874 0.0122124 0
      vertex 0.035 5.20417e-18 0
    endloop
  endfacet
  facet normal 0 0 1
    outer loop
      vertex 0.0282874 0.0122124 0
      vertex 0.0282718 0.0120693 0
      vertex 0.035 5.20417e-18 0
    endloop
  endfacet
  facet normal 0 0 1
    outer loop
      vertex 0.035 5.20417e-18 0
      vertex 0.0282718 0.0120693 0
      vertex 0.0282499 0.011927 0
    endloop
  endfacet
  facet normal 0 0 1
    outer loop
      vertex 0.0267731 0.00971681 0
      vertex 0.02665 0.00964212 0
      vertex 0.035 5.20417e-18 0
    endloop
  endfacet
  facet normal 0 0 1
    outer loop
      vertex 0.025 0.0092 0
      vertex 0.02 5.20417e-18 0
      vertex 0.0251439 0.00920314 0
    endloop
  endfacet
  facet normal 0 0 1
    outer loop
      vertex 0.02 5.20417e-18 0
      vertex 0.0252876 0.00921256 0
      vertex 0.0251439 0.00920314 0
    endloop
  endfacet
  facet normal 0 0 1
    outer loop
      vertex 0.025 0.0092 0
      vertex 0.0248561 0.00920314 0
      vertex 0.02 5.20417e-18 0
    endloop
  endfacet
  facet normal 0 0 1
    outer loop
      vertex 0.0248561 0.00920314 0
      vertex 0.0247124 0.00921256 0
      vertex 0.02 5.20417e-18 0
    endloop
  endfacet
  facet normal 0 0 1
    outer loop
      vertex 0.02 5.20417e-18 0
      vertex 0.0247124 0.00921256 0
      vertex 0.0245693 0.00922823 0
    endloop
  endfacet
  facet normal 0 0 1
    outer loop
      vertex 0.0245693 0.00922823 0
      vertex 0.024427 0.00925013 0
      vertex 0.02 5.20417e-18 0
    endloop
  endfacet
  facet normal 0 0 1
    outer loop
      vertex 0.024427 0.00925013 0
      vertex 0.0242857 0.00927822 0
      vertex 0.02 5.20417e-18 0
    endloop
  endfacet
  facet normal 0 0 1
    outer loop
      vertex 0.02 5.20417e-18 0
      vertex 0.0242857 0.00927822 0
      vertex 0.02 0.0102087 0
    endloop
  endfacet
  facet normal 0 0 1
    outer loop
      vertex 0.0242857 0.00927822 0
      vertex 0.0241459 0.00931244 0
      vertex 0.02 0.0102087 0
    endloop
  endfacet
  facet normal 0 0 1
    outer loop
      vertex 0.02 0.0102087 0
      vertex 0.0241459 0.00931244 0
      vertex 0.0240077 0.00935273 0
    endloop
  endfacet
  facet normal 0 0 1
    outer loop
      vertex 0.0219512 0.0112371 0
      vertex 0.021899 0.0113713 0
      vertex 0.02 0.015 0
    endloop
  endfacet
  facet normal 0 0 1
    outer loop
      vertex 0.021899 0.0113713 0
      vertex 0.0218527 0.0115077 0
      vertex 0.02 0.015 0
    endloop
  endfacet
  facet normal 0 0 1
    outer loop
      vertex 0.02 0.015 0
      vertex 0.0218527 0.0115077 0
      vertex 0.0218124 0.0116459 0
    endloop
  endfacet
  facet normal 0 0 1
    outer loop
      vertex 0.0217501 0.013073 0
      vertex 0.0217782 0.0132143 0
      vertex 0.02 0.015 0
    endloop
  endfacet
  facet normal 0 0 1
    outer loop
      vertex 0.0217782 0.0132143 0
      vertex 0.0218124 0.0133541 0
      vertex 0.02 0.015 0
    endloop
  endfacet
  facet normal 0 0 1
    outer loop
      vertex 0.02 0.015 0
      vertex 0.0218124 0.0133541 0
      vertex 0.0218527 0.0134923 0
    endloop
  endfacet
  facet normal 0 0 1
    outer loop
      vertex 0.0272294 0.014933 0
      vertex 0.035 0.02 0
      vertex 0.0271212 0.0150279 0
    endloop
  endfacet
  facet normal 0 0 1
    outer loop
      vertex 0.0234762 0.00957286 0
      vertex 0.02335 0.00964212 0
      vertex 0.02 0.0102087 0
    endloop
  endfacet
  facet normal 0 0 1
    outer loop
      vertex 0.02335 0.00964212 0
      vertex 0.0232269 0.00971681 0
      vertex 0.02 0.0102087 0
    endloop
  endfacet
  facet normal 0 0 1
    outer loop
      vertex 0.02 0.0102087 0
      vertex 0.0232269 0.00971681 0
      vertex 0.0231072 0.0097968 0
    endloop
  endfacet
  facet normal 0 0 1
    outer loop
      vertex 0.0279271 0.0109762 0
      vertex 0.0278579 0.01085 0
      vertex 0.035 5.20417e-18 0
    endloop
  endfacet
  facet normal 0 0 1
    outer loop
      vertex 0.0278579 0.01085 0
      vertex 0.0277832 0.0107269 0
      vertex 0.035 5.20417e-18 0
    endloop
  endfacet
  facet normal 0 0 1
    outer loop
      vertex 0.035 5.20417e-18 0
      vertex 0.0277832 0.0107269 0
      vertex 0.0277032 0.0106072 0
    endloop
  endfacet
  facet normal 0 0 1
    outer loop
      vertex 0.0277032 0.0106072 0
      vertex 0.0276181 0.0104911 0
      vertex 0.035 5.20417e-18 0
    endloop
  endfacet
  facet normal 0 0 1
    outer loop
      vertex 0.0276181 0.0104911 0
      vertex 0.0275279 0.0103788 0
      vertex 0.035 5.20417e-18 0
    endloop
  endfacet
  facet normal 0 0 1
    outer loop
      vertex 0.035 5.20417e-18 0
      vertex 0.0275279 0.0103788 0
      vertex 0.027433 0.0102706 0
    endloop
  endfacet
  facet normal 0 0 1
    outer loop
      vertex 0.0218124 0.0116459 0
      vertex 0.0217782 0.0117857 0
      vertex 0.02 0.015 0
    endloop
  endfacet
  facet normal 0 0 1
    outer loop
      vertex 0.0217782 0.0117857 0
      vertex 0.0217501 0.011927 0
      vertex 0.02 0.015 0
    endloop
  endfacet
  facet normal 0 0 1
    outer loop
      vertex 0.02 0.015 0
      vertex 0.0217501 0.011927 0
      vertex 0.0217282 0.0120693 0
    endloop
  endfacet
  facet normal 0 0 1
    outer loop
      vertex 0.0227706 0.014933 0
      vertex 0.0228788 0.0150279 0
      vertex 0.02 0.015 0
    endloop
  endfacet
  facet normal 0 0 1
    outer loop
      vertex 0.0228788 0.0150279 0
      vertex 0.0229911 0.0151181 0
      vertex 0.02 0.015 0
    endloop
  endfacet
  facet normal 0 0 1
    outer loop
      vertex 0.02 0.015 0
      vertex 0.0229911 0.0151181 0
      vertex 0.0231072 0.0152032 0
    endloop
  endfacet
  facet normal 0 0 1
    outer loop
      vertex 0.0236054 0.0154908 0
      vertex 0.0237371 0.0155488 0
      vertex 0.02 0.015 0
    endloop
  endfacet
  facet normal 0 0 1
    outer loop
      vertex 0.0237371 0.0155488 0
      vertex 0.0238713 0.015601 0
      vertex 0.02 0.015 0
    endloop
  endfacet
  facet normal 0 0 1
    outer loop
      vertex 0.02 0.015 0
      vertex 0.0238713 0.015601 0
      vertex 0.0240077 0.0156473 0
    endloop
  endfacet
  facet normal 0 0 1
    outer loop
      vertex 0.0240077 0.0156473 0
      vertex 0.0241459 0.0156876 0
      vertex 0.02 0.015 0
    endloop
  endfacet
  facet normal 0 0 1
    outer loop
      vertex 0.0241459 0.0156876 0
      vertex 0.035 0.02 0
      vertex 0.02 0.015 0
    endloop
  endfacet
  facet normal 0 0 1
    outer loop
      vertex 0.02 0.015 0
      vertex 0.035 0.02 0
      vertex -0.02 0.015 0
    endloop
  endfacet
  facet normal 0 0 1
    outer loop
      vertex 0.035 0.02 0
      vertex -0.02085 0.02 0
      vertex -0.02 0.015 0
    endloop
  endfacet
  facet normal 0 0 1
    outer loop
      vertex -0.02 0.015 0
      vertex -0.02085 0.02 0
      vertex -0.02 0.0147913 0
    endloop
  endfacet
  facet normal 0 0 1
    outer loop
      vertex 0.0241459 0.0156876 0
      vertex 0.0242857 0.0157218 0
      vertex 0.035 0.02 0
    endloop
  endfacet
  facet normal 0 0 1
    outer loop
      vertex 0.0242857 0.0157218 0
      vertex 0.024427 0.0157499 0
      vertex 0.035 0.02 0
    endloop
  endfacet
  facet normal 0 0 1
    outer loop
      vertex 0.035 0.02 0
      vertex 0.024427 0.0157499 0
      vertex 0.0245693 0.0157718 0
    endloop
  endfacet
  facet normal 0 0 1
    outer loop
      vertex 0.0254307 0.0157718 0
      vertex 0.025573 0.0157499 0
      vertex 0.035 0.02 0
    endloop
  endfacet
  facet normal 0 0 1
    outer loop
      vertex 0.025573 0.0157499 0
      vertex 0.0257143 0.0157218 0
      vertex 0.035 0.02 0
    endloop
  endfacet
  facet normal 0 0 1
    outer loop
      vertex 0.035 0.02 0
      vertex 0.0257143 0.0157218 0
      vertex 0.0258541 0.0156876 0
    endloop
  endfacet
  facet normal 0 0 1
    outer loop
      vertex 0.035 0.02 0
      vertex 0.02665 0.0153579 0
      vertex 0.0267731 0.0152832 0
    endloop
  endfacet
  facet normal 0 0 1
    outer loop
      vertex 0.0273335 0.0148335 0
      vertex 0.027433 0.0147294 0
      vertex 0.035 0.02 0
    endloop
  endfacet
  facet normal 0 0 1
    outer loop
      vertex 0.027433 0.0147294 0
      vertex 0.0275279 0.0146212 0
      vertex 0.035 0.02 0
    endloop
  endfacet
  facet normal 0 0 1
    outer loop
      vertex 0.035 0.02 0
      vertex 0.0275279 0.0146212 0
      vertex 0.0276181 0.0145089 0
    endloop
  endfacet
  facet normal 0 0 1
    outer loop
      vertex 0.0277032 0.0143928 0
      vertex 0.0277832 0.0142731 0
      vertex 0.035 0.02 0
    endloop
  endfacet
  facet normal 0 0 1
    outer loop
      vertex 0.0277832 0.0142731 0
      vertex 0.0278579 0.01415 0
      vertex 0.035 0.02 0
    endloop
  endfacet
  facet normal 0 0 1
    outer loop
      vertex 0.035 0.02 0
      vertex 0.0278579 0.01415 0
      vertex 0.0279271 0.0140238 0
    endloop
  endfacet
  facet normal 0 0 1
    outer loop
      vertex 0.0279271 0.0140238 0
      vertex 0.0279908 0.0138946 0
      vertex 0.035 0.02 0
    endloop
  endfacet
  facet normal 0 0 1
    outer loop
      vertex 0.0279908 0.0138946 0
      vertex 0.0280488 0.0137629 0
      vertex 0.035 0.02 0
    endloop
  endfacet
  facet normal 0 0 1
    outer loop
      vertex 0.035 0.02 0
      vertex 0.0280488 0.0137629 0
      vertex 0.028101 0.0136287 0
    endloop
  endfacet
  facet normal 0 0 1
    outer loop
      vertex 0.028101 0.0136287 0
      vertex 0.0281473 0.0134923 0
      vertex 0.035 0.02 0
    endloop
  endfacet
  facet normal 0 0 1
    outer loop
      vertex 0.0281473 0.0134923 0
      vertex 0.0281876 0.0133541 0
      vertex 0.035 0.02 0
    endloop
  endfacet
  facet normal 0 0 1
    outer loop
      vertex 0.035 0.02 0
      vertex 0.0281876 0.0133541 0
      vertex 0.0282218 0.0132143 0
    endloop
  endfacet
  facet normal 0 0 1
    outer loop
      vertex 0.0282218 0.0132143 0
      vertex 0.0282499 0.013073 0
      vertex 0.035 0.02 0
    endloop
  endfacet
  facet normal 0 0 1
    outer loop
      vertex 0.0282499 0.013073 0
      vertex 0.0282718 0.0129307 0
      vertex 0.035 0.02 0
    endloop
  endfacet
  facet normal 0 0 1
    outer loop
      vertex 0.035 0.02 0
      vertex 0.0282718 0.0129307 0
      vertex 0.0282874 0.0127876 0
    endloop
  endfacet
  facet normal 0 0 1
    outer loop
      vertex 0.0282874 0.0127876 0
      vertex 0.0282969 0.0126439 0
      vertex 0.035 0.02 0
    endloop
  endfacet
  facet normal 0 0 1
    outer loop
      vertex 0.0282969 0.0126439 0
      vertex 0.0283 0.0125 0
      vertex 0.035 0.02 0
    endloop
  endfacet
  facet normal 0 0 1
    outer loop
      vertex 0.035 0.02 0
      vertex 0.0283 0.0125 0
      vertex 0.0282969 0.0123561 0
    endloop
  endfacet
  facet normal 0 0 1
    outer loop
      vertex 0.0196818 0.0139024 0
      vertex 0.0196265 0.0136726 0
      vertex 0.0220729 0.0109762 0
    endloop
  endfacet
  facet normal 0 0 1
    outer loop
      vertex 0.02665 0.00964212 0
      vertex 0.0265238 0.00957286 0
      vertex 0.035 5.20417e-18 0
    endloop
  endfacet
  facet normal 0 0 1
    outer loop
      vertex 0.0265238 0.00957286 0
      vertex 0.0263946 0.00950918 0
      vertex 0.035 5.20417e-18 0
    endloop
  endfacet
  facet normal 0 0 1
    outer loop
      vertex 0.035 5.20417e-18 0
      vertex 0.0263946 0.00950918 0
      vertex 0.0262629 0.0094512 0
    endloop
  endfacet
  facet normal 0 0 1
    outer loop
      vertex 0.0231072 0.0152032 0
      vertex 0.0232269 0.0152832 0
      vertex 0.02 0.015 0
    endloop
  endfacet
  facet normal 0 0 1
    outer loop
      vertex 0.0232269 0.0152832 0
      vertex 0.02335 0.0153579 0
      vertex 0.02 0.015 0
    endloop
  endfacet
  facet normal 0 0 1
    outer loop
      vertex 0.02 0.015 0
      vertex 0.02335 0.0153579 0
      vertex 0.0234762 0.0154271 0
    endloop
  endfacet
  facet normal 0 0 1
    outer loop
      vertex 0.0258541 0.0156876 0
      vertex 0.0259923 0.0156473 0
      vertex 0.035 0.02 0
    endloop
  endfacet
  facet normal 0 0 1
    outer loop
      vertex 0.0259923 0.0156473 0
      vertex 0.0261287 0.015601 0
      vertex 0.035 0.02 0
    endloop
  endfacet
  facet normal 0 0 1
    outer loop
      vertex 0.035 0.02 0
      vertex 0.0261287 0.015601 0
      vertex 0.0262629 0.0155488 0
    endloop
  endfacet
  facet normal 0 0 1
    outer loop
      vertex 0.0267731 0.0152832 0
      vertex 0.0268928 0.0152032 0
      vertex 0.035 0.02 0
    endloop
  endfacet
  facet normal 0 0 1
    outer loop
      vertex 0.0268928 0.0152032 0
      vertex 0.0270089 0.0151181 0
      vertex 0.035 0.02 0
    endloop
  endfacet
  facet normal 0 0 1
    outer loop
      vertex 0.035 0.02 0
      vertex 0.0270089 0.0151181 0
      vertex 0.0271212 0.0150279 0
    endloop
  endfacet
  facet normal 0 0 1
    outer loop
      vertex 0.0245693 0.0157718 0
      vertex 0.0247124 0.0157874 0
      vertex 0.035 0.02 0
    endloop
  endfacet
  facet normal 0 0 1
    outer loop
      vertex 0.0247124 0.0157874 0
      vertex 0.0248561 0.0157969 0
      vertex 0.035 0.02 0
    endloop
  endfacet
  facet normal 0 0 1
    outer loop
      vertex 0.035 0.02 0
      vertex 0.0248561 0.0157969 0
      vertex 0.025 0.0158 0
    endloop
  endfacet
  facet normal 0 0 1
    outer loop
      vertex 0.025 0.0158 0
      vertex 0.0251439 0.0157969 0
      vertex 0.035 0.02 0
    endloop
  endfacet
  facet normal 0 0 1
    outer loop
      vertex 0.0251439 0.0157969 0
      vertex 0.0252876 0.0157874 0
      vertex 0.035 0.02 0
    endloop
  endfacet
  facet normal 0 0 1
    outer loop
      vertex 0.035 0.02 0
      vertex 0.0252876 0.0157874 0
      vertex 0.0254307 0.0157718 0
    endloop
  endfacet
  facet normal 0 0 1
    outer loop
      vertex 0.0262629 0.0155488 0
      vertex 0.0263946 0.0154908 0
      vertex 0.035 0.02 0
    endloop
  endfacet
  facet normal 0 0 1
    outer loop
      vertex 0.0263946 0.0154908 0
      vertex 0.0265238 0.0154271 0
      vertex 0.035 0.02 0
    endloop
  endfacet
  facet normal 0 0 1
    outer loop
      vertex 0.035 0.02 0
      vertex 0.0265238 0.0154271 0
      vertex 0.02665 0.0153579 0
    endloop
  endfacet
  facet normal 0 0 1
    outer loop
      vertex 0.0220092 0.0111054 0
      vertex 0.02 0.015 0
      vertex 0.0220729 0.0109762 0
    endloop
  endfacet
  facet normal 0 0 1
    outer loop
      vertex 0.02 0.015 0
      vertex 0.02 0.0147913 0
      vertex 0.0220729 0.0109762 0
    endloop
  endfacet
  facet normal 0 0 1
    outer loop
      vertex 0.0220729 0.0109762 0
      vertex 0.02 0.0147913 0
      vertex 0.0199062 0.0145744 0
    endloop
  endfacet
  facet normal 0 0 1
    outer loop
      vertex 0.0196265 0.0136726 0
      vertex 0.019581 0.0134407 0
      vertex 0.0220729 0.0109762 0
    endloop
  endfacet
  facet normal 0 0 1
    outer loop
      vertex 0.019581 0.0134407 0
      vertex 0.0195456 0.013207 0
      vertex 0.0220729 0.0109762 0
    endloop
  endfacet
  facet normal 0 0 1
    outer loop
      vertex 0.0220729 0.0109762 0
      vertex 0.0195456 0.013207 0
      vertex 0.0195203 0.0129721 0
    endloop
  endfacet
  facet normal 0 0 1
    outer loop
      vertex 0.0195203 0.0129721 0
      vertex 0.0195051 0.0127363 0
      vertex 0.0220729 0.0109762 0
    endloop
  endfacet
  facet normal 0 0 1
    outer loop
      vertex 0.0195051 0.0127363 0
      vertex 0.0195 0.0125 0
      vertex 0.0220729 0.0109762 0
    endloop
  endfacet
  facet normal 0 0 1
    outer loop
      vertex 0.0220729 0.0109762 0
      vertex 0.0195 0.0125 0
      vertex 0.0195051 0.0122637 0
    endloop
  endfacet
  facet normal 0 0 1
    outer loop
      vertex 0.027433 0.0102706 0
      vertex 0.0273335 0.0101665 0
      vertex 0.035 5.20417e-18 0
    endloop
  endfacet
  facet normal 0 0 1
    outer loop
      vertex 0.0273335 0.0101665 0
      vertex 0.0272294 0.010067 0
      vertex 0.035 5.20417e-18 0
    endloop
  endfacet
  facet normal 0 0 1
    outer loop
      vertex 0.035 5.20417e-18 0
      vertex 0.0272294 0.010067 0
      vertex 0.0271212 0.00997205 0
    endloop
  endfacet
  facet normal 0 0 1
    outer loop
      vertex 0.0271212 0.00997205 0
      vertex 0.0270089 0.00988193 0
      vertex 0.035 5.20417e-18 0
    endloop
  endfacet
  facet normal 0 0 1
    outer loop
      vertex 0.0270089 0.00988193 0
      vertex 0.0268928 0.0097968 0
      vertex 0.035 5.20417e-18 0
    endloop
  endfacet
  facet normal 0 0 1
    outer loop
      vertex 0.035 5.20417e-18 0
      vertex 0.0268928 0.0097968 0
      vertex 0.0267731 0.00971681 0
    endloop
  endfacet
  facet normal 0 0 1
    outer loop
      vertex 0.0262629 0.0094512 0
      vertex 0.0261287 0.00939901 0
      vertex 0.035 5.20417e-18 0
    endloop
  endfacet
  facet normal 0 0 1
    outer loop
      vertex 0.0261287 0.00939901 0
      vertex 0.0259923 0.00935273 0
      vertex 0.035 5.20417e-18 0
    endloop
  endfacet
  facet normal 0 0 1
    outer loop
      vertex 0.035 5.20417e-18 0
      vertex 0.0259923 0.00935273 0
      vertex 0.0258541 0.00931244 0
    endloop
  endfacet
  facet normal 0 0 1
    outer loop
      vertex 0.0258541 0.00931244 0
      vertex 0.0257143 0.00927822 0
      vertex 0.035 5.20417e-18 0
    endloop
  endfacet
  facet normal 0 0 1
    outer loop
      vertex 0.0257143 0.00927822 0
      vertex 0.025573 0.00925013 0
      vertex 0.035 5.20417e-18 0
    endloop
  endfacet
  facet normal 0 0 1
    outer loop
      vertex 0.035 5.20417e-18 0
      vertex 0.025573 0.00925013 0
      vertex 0.02 5.20417e-18 0
    endloop
  endfacet
  facet normal 0 0 1
    outer loop
      vertex 0.025573 0.00925013 0
      vertex 0.0254307 0.00922823 0
      vertex 0.02 5.20417e-18 0
    endloop
  endfacet
  facet normal 0 0 1
    outer loop
      vertex 0.02 5.20417e-18 0
      vertex 0.0254307 0.00922823 0
      vertex 0.0252876 0.00921256 0
    endloop
  endfacet
  facet normal 0 0 1
    outer loop
      vertex 0.0199062 0.0145744 0
      vertex 0.0198218 0.0143537 0
      vertex 0.0220729 0.0109762 0
    endloop
  endfacet
  facet normal 0 0 1
    outer loop
      vertex 0.0198218 0.0143537 0
      vertex 0.0197469 0.0141295 0
      vertex 0.0220729 0.0109762 0
    endloop
  endfacet
  facet normal 0 0 1
    outer loop
      vertex 0.0220729 0.0109762 0
      vertex 0.0197469 0.0141295 0
      vertex 0.0196818 0.0139024 0
    endloop
  endfacet
  facet normal 0 0 1
    outer loop
      vertex 0.0195051 0.0122637 0
      vertex 0.0195203 0.0120279 0
      vertex 0.0220729 0.0109762 0
    endloop
  endfacet
  facet normal 0 0 1
    outer loop
      vertex 0.0195203 0.0120279 0
      vertex 0.0195456 0.011793 0
      vertex 0.0220729 0.0109762 0
    endloop
  endfacet
  facet normal 0 0 1
    outer loop
      vertex 0.0220729 0.0109762 0
      vertex 0.0195456 0.011793 0
      vertex 0.019581 0.0115593 0
    endloop
  endfacet
  facet normal 0 0 1
    outer loop
      vertex 0.019581 0.0115593 0
      vertex 0.0196265 0.0113274 0
      vertex 0.0220729 0.0109762 0
    endloop
  endfacet
  facet normal 0 0 1
    outer loop
      vertex 0.0196265 0.0113274 0
      vertex 0.0196818 0.0110976 0
      vertex 0.0220729 0.0109762 0
    endloop
  endfacet
  facet normal 0 0 1
    outer loop
      vertex 0.0220729 0.0109762 0
      vertex 0.0196818 0.0110976 0
      vertex 0.0197469 0.0108705 0
    endloop
  endfacet
  facet normal 0 0 1
    outer loop
      vertex 0.0197469 0.0108705 0
      vertex 0.0198218 0.0106463 0
      vertex 0.0220729 0.0109762 0
    endloop
  endfacet
  facet normal 0 0 1
    outer loop
      vertex 0.0198218 0.0106463 0
      vertex 0.0199062 0.0104256 0
      vertex 0.0220729 0.0109762 0
    endloop
  endfacet
  facet normal 0 0 1
    outer loop
      vertex 0.0220729 0.0109762 0
      vertex 0.0199062 0.0104256 0
      vertex 0.02 0.0102087 0
    endloop
  endfacet
  facet normal 0 0 1
    outer loop
      vertex -0.0218527 0.0115077 0
      vertex -0.021899 0.0113713 0
      vertex -0.02085 5.20417e-18 0
    endloop
  endfacet
  facet normal 0 0 1
    outer loop
      vertex -0.0270089 0.00988193 0
      vertex -0.0271212 0.00997205 0
      vertex -0.035 5.20417e-18 0
    endloop
  endfacet
  facet normal 0 0 1
    outer loop
      vertex -0.0271212 0.00997205 0
      vertex -0.0272294 0.010067 0
      vertex -0.035 5.20417e-18 0
    endloop
  endfacet
  facet normal 0 0 1
    outer loop
      vertex -0.035 5.20417e-18 0
      vertex -0.0272294 0.010067 0
      vertex -0.0273335 0.0101665 0
    endloop
  endfacet
  facet normal 0 0 1
    outer loop
      vertex -0.0245693 0.0157718 0
      vertex -0.024427 0.0157499 0
      vertex -0.02085 0.02 0
    endloop
  endfacet
  facet normal 0 0 1
    outer loop
      vertex -0.0217031 0.0123561 0
      vertex -0.0217126 0.0122124 0
      vertex -0.02085 5.20417e-18 0
    endloop
  endfacet
  facet normal 0 0 1
    outer loop
      vertex -0.0217126 0.0122124 0
      vertex -0.0217282 0.0120693 0
      vertex -0.02085 5.20417e-18 0
    endloop
  endfacet
  facet normal 0 0 1
    outer loop
      vertex -0.02085 5.20417e-18 0
      vertex -0.0217282 0.0120693 0
      vertex -0.0217501 0.011927 0
    endloop
  endfacet
  facet normal 0 0 1
    outer loop
      vertex -0.0220729 0.0109762 0
      vertex -0.0221421 0.01085 0
      vertex -0.02085 5.20417e-18 0
    endloop
  endfacet
  facet normal 0 0 1
    outer loop
      vertex -0.0221421 0.01085 0
      vertex -0.0222168 0.0107269 0
      vertex -0.02085 5.20417e-18 0
    endloop
  endfacet
  facet normal 0 0 1
    outer loop
      vertex -0.02085 5.20417e-18 0
      vertex -0.0222168 0.0107269 0
      vertex -0.0222968 0.0106072 0
    endloop
  endfacet
  facet normal 0 0 1
    outer loop
      vertex -0.0273335 0.0101665 0
      vertex -0.027433 0.0102706 0
      vertex -0.035 5.20417e-18 0
    endloop
  endfacet
  facet normal 0 0 1
    outer loop
      vertex -0.027433 0.0102706 0
      vertex -0.0275279 0.0103788 0
      vertex -0.035 5.20417e-18 0
    endloop
  endfacet
  facet normal 0 0 1
    outer loop
      vertex -0.035 5.20417e-18 0
      vertex -0.0275279 0.0103788 0
      vertex -0.0276181 0.0104911 0
    endloop
  endfacet
  facet normal 0 0 1
    outer loop
      vertex -0.0276181 0.0104911 0
      vertex -0.0277032 0.0106072 0
      vertex -0.035 5.20417e-18 0
    endloop
  endfacet
  facet normal 0 0 1
    outer loop
      vertex -0.0277032 0.0106072 0
      vertex -0.0277832 0.0107269 0
      vertex -0.035 5.20417e-18 0
    endloop
  endfacet
  facet normal 0 0 1
    outer loop
      vertex -0.035 5.20417e-18 0
      vertex -0.0277832 0.0107269 0
      vertex -0.0278579 0.01085 0
    endloop
  endfacet
  facet normal 0 0 1
    outer loop
      vertex -0.0232269 0.0152832 0
      vertex -0.0231072 0.0152032 0
      vertex -0.02085 0.02 0
    endloop
  endfacet
  facet normal 0 0 1
    outer loop
      vertex -0.0231072 0.0152032 0
      vertex -0.0229911 0.0151181 0
      vertex -0.02085 0.02 0
    endloop
  endfacet
  facet normal 0 0 1
    outer loop
      vertex -0.02085 0.02 0
      vertex -0.0229911 0.0151181 0
      vertex -0.0228788 0.0150279 0
    endloop
  endfacet
  facet normal 0 0 1
    outer loop
      vertex -0.02085 0.02 0
      vertex -0.0222968 0.0143928 0
      vertex -0.0222168 0.0142731 0
    endloop
  endfacet
  facet normal 0 0 1
    outer loop
      vertex -0.0222168 0.0142731 0
      vertex -0.0221421 0.01415 0
      vertex -0.02085 0.02 0
    endloop
  endfacet
  facet normal 0 0 1
    outer loop
      vertex -0.0221421 0.01415 0
      vertex -0.0220729 0.0140238 0
      vertex -0.02085 0.02 0
    endloop
  endfacet
  facet normal 0 0 1
    outer loop
      vertex -0.02085 0.02 0
      vertex -0.0220729 0.0140238 0
      vertex -0.0220092 0.0138946 0
    endloop
  endfacet
  facet normal 0 0 1
    outer loop
      vertex -0.02085 0.02 0
      vertex -0.0218527 0.0134923 0
      vertex -0.0218124 0.0133541 0
    endloop
  endfacet
  facet normal 0 0 1
    outer loop
      vertex -0.0218124 0.0133541 0
      vertex -0.0217782 0.0132143 0
      vertex -0.02085 0.02 0
    endloop
  endfacet
  facet normal 0 0 1
    outer loop
      vertex -0.0217782 0.0132143 0
      vertex -0.0217501 0.013073 0
      vertex -0.02085 0.02 0
    endloop
  endfacet
  facet normal 0 0 1
    outer loop
      vertex -0.02085 0.02 0
      vertex -0.0217501 0.013073 0
      vertex -0.0217282 0.0129307 0
    endloop
  endfacet
  facet normal 0 0 1
    outer loop
      vertex -0.0217282 0.0129307 0
      vertex -0.0217126 0.0127876 0
      vertex -0.02085 0.02 0
    endloop
  endfacet
  facet normal 0 0 1
    outer loop
      vertex -0.0217126 0.0127876 0
      vertex -0.0217031 0.0126439 0
      vertex -0.02085 0.02 0
    endloop
  endfacet
  facet normal 0 0 1
    outer loop
      vertex -0.02085 0.02 0
      vertex -0.0217031 0.0126439 0
      vertex -0.0217 0.0125 0
    endloop
  endfacet
  facet normal 0 0 1
    outer loop
      vertex -0.0198218 0.0143537 0
      vertex -0.0199062 0.0145744 0
      vertex -0.02 0.0102087 0
    endloop
  endfacet
  facet normal 0 0 1
    outer loop
      vertex -0.0199062 0.0145744 0
      vertex -0.02 0.0147913 0
      vertex -0.02 0.0102087 0
    endloop
  endfacet
  facet normal 0 0 1
    outer loop
      vertex -0.02 0.0102087 0
      vertex -0.02 0.0147913 0
      vertex -0.02085 5.20417e-18 0
    endloop
  endfacet
  facet normal 0 0 1
    outer loop
      vertex -0.02 0.0147913 0
      vertex -0.02085 0.02 0
      vertex -0.02085 5.20417e-18 0
    endloop
  endfacet
  facet normal 0 0 1
    outer loop
      vertex -0.02085 5.20417e-18 0
      vertex -0.02085 0.02 0
      vertex -0.0217031 0.0123561 0
    endloop
  endfacet
  facet normal 0 0 1
    outer loop
      vertex -0.02085 0.02 0
      vertex -0.0217 0.0125 0
      vertex -0.0217031 0.0123561 0
    endloop
  endfacet
  facet normal 0 0 1
    outer loop
      vertex -0.021899 0.0113713 0
      vertex -0.0219512 0.0112371 0
      vertex -0.02085 5.20417e-18 0
    endloop
  endfacet
  facet normal 0 0 1
    outer loop
      vertex -0.0219512 0.0112371 0
      vertex -0.0220092 0.0111054 0
      vertex -0.02085 5.20417e-18 0
    endloop
  endfacet
  facet normal 0 0 1
    outer loop
      vertex -0.02085 5.20417e-18 0
      vertex -0.0220092 0.0111054 0
      vertex -0.0220729 0.0109762 0
    endloop
  endfacet
  facet normal 0 0 1
    outer loop
      vertex -0.0222968 0.0106072 0
      vertex -0.0223819 0.0104911 0
      vertex -0.02085 5.20417e-18 0
    endloop
  endfacet
  facet normal 0 0 1
    outer loop
      vertex -0.0223819 0.0104911 0
      vertex -0.0224721 0.0103788 0
      vertex -0.02085 5.20417e-18 0
    endloop
  endfacet
  facet normal 0 0 1
    outer loop
      vertex -0.02085 5.20417e-18 0
      vertex -0.0224721 0.0103788 0
      vertex -0.022567 0.0102706 0
    endloop
  endfacet
  facet normal 0 0 1
    outer loop
      vertex -0.0278579 0.01085 0
      vertex -0.0279271 0.0109762 0
      vertex -0.035 5.20417e-18 0
    endloop
  endfacet
  facet normal 0 0 1
    outer loop
      vertex -0.0279271 0.0109762 0
      vertex -0.0279908 0.0111054 0
      vertex -0.035 5.20417e-18 0
    endloop
  endfacet
  facet normal 0 0 1
    outer loop
      vertex -0.035 5.20417e-18 0
      vertex -0.0279908 0.0111054 0
      vertex -0.0280488 0.0112371 0
    endloop
  endfacet
  facet normal 0 0 1
    outer loop
      vertex -0.0228788 0.0150279 0
      vertex -0.0227706 0.014933 0
      vertex -0.02085 0.02 0
    endloop
  endfacet
  facet normal 0 0 1
    outer loop
      vertex -0.0227706 0.014933 0
      vertex -0.0226665 0.0148335 0
      vertex -0.02085 0.02 0
    endloop
  endfacet
  facet normal 0 0 1
    outer loop
      vertex -0.02085 0.02 0
      vertex -0.0226665 0.0148335 0
      vertex -0.022567 0.0147294 0
    endloop
  endfacet
  facet normal 0 0 1
    outer loop
      vertex -0.0220092 0.0138946 0
      vertex -0.0219512 0.0137629 0
      vertex -0.02085 0.02 0
    endloop
  endfacet
  facet normal 0 0 1
    outer loop
      vertex -0.0219512 0.0137629 0
      vertex -0.021899 0.0136287 0
      vertex -0.02085 0.02 0
    endloop
  endfacet
  facet normal 0 0 1
    outer loop
      vertex -0.02085 0.02 0
      vertex -0.021899 0.0136287 0
      vertex -0.0218527 0.0134923 0
    endloop
  endfacet
  facet normal 0 0 1
    outer loop
      vertex -0.0217501 0.011927 0
      vertex -0.0217782 0.0117857 0
      vertex -0.02085 5.20417e-18 0
    endloop
  endfacet
  facet normal 0 0 1
    outer loop
      vertex -0.0217782 0.0117857 0
      vertex -0.0218124 0.0116459 0
      vertex -0.02085 5.20417e-18 0
    endloop
  endfacet
  facet normal 0 0 1
    outer loop
      vertex -0.02085 5.20417e-18 0
      vertex -0.0218124 0.0116459 0
      vertex -0.0218527 0.0115077 0
    endloop
  endfacet
  facet normal 0 0 1
    outer loop
      vertex -0.022567 0.0102706 0
      vertex -0.0226665 0.0101665 0
      vertex -0.02085 5.20417e-18 0
    endloop
  endfacet
  facet normal 0 0 1
    outer loop
      vertex -0.0226665 0.0101665 0
      vertex -0.0227706 0.010067 0
      vertex -0.02085 5.20417e-18 0
    endloop
  endfacet
  facet normal 0 0 1
    outer loop
      vertex -0.02085 5.20417e-18 0
      vertex -0.0227706 0.010067 0
      vertex -0.0228788 0.00997205 0
    endloop
  endfacet
  facet normal 0 0 1
    outer loop
      vertex -0.0247124 0.00921256 0
      vertex -0.02085 5.20417e-18 0
      vertex -0.0245693 0.00922823 0
    endloop
  endfacet
  facet normal 0 0 1
    outer loop
      vertex -0.02085 5.20417e-18 0
      vertex -0.024427 0.00925013 0
      vertex -0.0245693 0.00922823 0
    endloop
  endfacet
  facet normal 0 0 1
    outer loop
      vertex -0.0282718 0.0129307 0
      vertex -0.0282499 0.013073 0
      vertex -0.035 0.02 0
    endloop
  endfacet
  facet normal 0 0 1
    outer loop
      vertex -0.024427 0.0157499 0
      vertex -0.0242857 0.0157218 0
      vertex -0.02085 0.02 0
    endloop
  endfacet
  facet normal 0 0 1
    outer loop
      vertex -0.0242857 0.0157218 0
      vertex -0.0241459 0.0156876 0
      vertex -0.02085 0.02 0
    endloop
  endfacet
  facet normal 0 0 1
    outer loop
      vertex -0.02085 0.02 0
      vertex -0.0241459 0.0156876 0
      vertex -0.0240077 0.0156473 0
    endloop
  endfacet
  facet normal 0 0 1
    outer loop
      vertex -0.022567 0.0147294 0
      vertex -0.0224721 0.0146212 0
      vertex -0.02085 0.02 0
    endloop
  endfacet
  facet normal 0 0 1
    outer loop
      vertex -0.0224721 0.0146212 0
      vertex -0.0223819 0.0145089 0
      vertex -0.02085 0.02 0
    endloop
  endfacet
  facet normal 0 0 1
    outer loop
      vertex -0.02085 0.02 0
      vertex -0.0223819 0.0145089 0
      vertex -0.0222968 0.0143928 0
    endloop
  endfacet
  facet normal 0 0 1
    outer loop
      vertex -0.0228788 0.00997205 0
      vertex -0.0229911 0.00988193 0
      vertex -0.02085 5.20417e-18 0
    endloop
  endfacet
  facet normal 0 0 1
    outer loop
      vertex -0.0229911 0.00988193 0
      vertex -0.0231072 0.0097968 0
      vertex -0.02085 5.20417e-18 0
    endloop
  endfacet
  facet normal 0 0 1
    outer loop
      vertex -0.02085 5.20417e-18 0
      vertex -0.0231072 0.0097968 0
      vertex -0.0232269 0.00971681 0
    endloop
  endfacet
  facet normal 0 0 1
    outer loop
      vertex -0.0232269 0.00971681 0
      vertex -0.02335 0.00964212 0
      vertex -0.02085 5.20417e-18 0
    endloop
  endfacet
  facet normal 0 0 1
    outer loop
      vertex -0.02335 0.00964212 0
      vertex -0.0234762 0.00957286 0
      vertex -0.02085 5.20417e-18 0
    endloop
  endfacet
  facet normal 0 0 1
    outer loop
      vertex -0.02085 5.20417e-18 0
      vertex -0.0234762 0.00957286 0
      vertex -0.0236054 0.00950918 0
    endloop
  endfacet
  facet normal 0 0 1
    outer loop
      vertex -0.0236054 0.00950918 0
      vertex -0.0237371 0.0094512 0
      vertex -0.02085 5.20417e-18 0
    endloop
  endfacet
  facet normal 0 0 1
    outer loop
      vertex -0.0237371 0.0094512 0
      vertex -0.0238713 0.00939901 0
      vertex -0.02085 5.20417e-18 0
    endloop
  endfacet
  facet normal 0 0 1
    outer loop
      vertex -0.02085 5.20417e-18 0
      vertex -0.0238713 0.00939901 0
      vertex -0.0240077 0.00935273 0
    endloop
  endfacet
  facet normal 0 0 1
    outer loop
      vertex -0.0240077 0.00935273 0
      vertex -0.0241459 0.00931244 0
      vertex -0.02085 5.20417e-18 0
    endloop
  endfacet
  facet normal 0 0 1
    outer loop
      vertex -0.0241459 0.00931244 0
      vertex -0.0242857 0.00927822 0
      vertex -0.02085 5.20417e-18 0
    endloop
  endfacet
  facet normal 0 0 1
    outer loop
      vertex -0.02085 5.20417e-18 0
      vertex -0.0242857 0.00927822 0
      vertex -0.024427 0.00925013 0
    endloop
  endfacet
  facet normal 0 0 1
    outer loop
      vertex -0.035 0.02 0
      vertex -0.0259923 0.0156473 0
      vertex -0.0258541 0.0156876 0
    endloop
  endfacet
  facet normal 0 0 1
    outer loop
      vertex -0.0240077 0.0156473 0
      vertex -0.0238713 0.015601 0
      vertex -0.02085 0.02 0
    endloop
  endfacet
  facet normal 0 0 1
    outer loop
      vertex -0.0238713 0.015601 0
      vertex -0.0237371 0.0155488 0
      vertex -0.02085 0.02 0
    endloop
  endfacet
  facet normal 0 0 1
    outer loop
      vertex -0.02085 0.02 0
      vertex -0.0237371 0.0155488 0
      vertex -0.0236054 0.0154908 0
    endloop
  endfacet
  facet normal 0 0 1
    outer loop
      vertex -0.0236054 0.0154908 0
      vertex -0.0234762 0.0154271 0
      vertex -0.02085 0.02 0
    endloop
  endfacet
  facet normal 0 0 1
    outer loop
      vertex -0.0234762 0.0154271 0
      vertex -0.02335 0.0153579 0
      vertex -0.02085 0.02 0
    endloop
  endfacet
  facet normal 0 0 1
    outer loop
      vertex -0.02085 0.02 0
      vertex -0.02335 0.0153579 0
      vertex -0.0232269 0.0152832 0
    endloop
  endfacet
  facet normal 0 0 1
    outer loop
      vertex -0.0247124 0.00921256 0
      vertex -0.0248561 0.00920314 0
      vertex -0.02085 5.20417e-18 0
    endloop
  endfacet
  facet normal 0 0 1
    outer loop
      vertex -0.0248561 0.00920314 0
      vertex -0.025 0.0092 0
      vertex -0.02085 5.20417e-18 0
    endloop
  endfacet
  facet normal 0 0 1
    outer loop
      vertex -0.02085 5.20417e-18 0
      vertex -0.025 0.0092 0
      vertex -0.0251439 0.00920314 0
    endloop
  endfacet
  facet normal 0 0 1
    outer loop
      vertex -0.035 5.20417e-18 0
      vertex -0.0261287 0.00939901 0
      vertex -0.0262629 0.0094512 0
    endloop
  endfacet
  facet normal 0 0 1
    outer loop
      vertex -0.0262629 0.0094512 0
      vertex -0.0263946 0.00950918 0
      vertex -0.035 5.20417e-18 0
    endloop
  endfacet
  facet normal 0 0 1
    outer loop
      vertex -0.0263946 0.00950918 0
      vertex -0.0265238 0.00957286 0
      vertex -0.035 5.20417e-18 0
    endloop
  endfacet
  facet normal 0 0 1
    outer loop
      vertex -0.035 5.20417e-18 0
      vertex -0.0265238 0.00957286 0
      vertex -0.02665 0.00964212 0
    endloop
  endfacet
  facet normal 0 0 1
    outer loop
      vertex -0.0258541 0.0156876 0
      vertex -0.0257143 0.0157218 0
      vertex -0.035 0.02 0
    endloop
  endfacet
  facet normal 0 0 1
    outer loop
      vertex -0.0257143 0.0157218 0
      vertex -0.025573 0.0157499 0
      vertex -0.035 0.02 0
    endloop
  endfacet
  facet normal 0 0 1
    outer loop
      vertex -0.035 0.02 0
      vertex -0.025573 0.0157499 0
      vertex -0.02085 0.02 0
    endloop
  endfacet
  facet normal 0 0 1
    outer loop
      vertex -0.025573 0.0157499 0
      vertex -0.0254307 0.0157718 0
      vertex -0.02085 0.02 0
    endloop
  endfacet
  facet normal 0 0 1
    outer loop
      vertex -0.0257143 0.00927822 0
      vertex -0.0258541 0.00931244 0
      vertex -0.035 5.20417e-18 0
    endloop
  endfacet
  facet normal 0 0 1
    outer loop
      vertex -0.0258541 0.00931244 0
      vertex -0.0259923 0.00935273 0
      vertex -0.035 5.20417e-18 0
    endloop
  endfacet
  facet normal 0 0 1
    outer loop
      vertex -0.035 5.20417e-18 0
      vertex -0.0259923 0.00935273 0
      vertex -0.0261287 0.00939901 0
    endloop
  endfacet
  facet normal 0 0 1
    outer loop
      vertex -0.02665 0.00964212 0
      vertex -0.0267731 0.00971681 0
      vertex -0.035 5.20417e-18 0
    endloop
  endfacet
  facet normal 0 0 1
    outer loop
      vertex -0.0267731 0.00971681 0
      vertex -0.0268928 0.0097968 0
      vertex -0.035 5.20417e-18 0
    endloop
  endfacet
  facet normal 0 0 1
    outer loop
      vertex -0.035 5.20417e-18 0
      vertex -0.0268928 0.0097968 0
      vertex -0.0270089 0.00988193 0
    endloop
  endfacet
  facet normal 0 0 1
    outer loop
      vertex -0.0282969 0.0123561 0
      vertex -0.0283 0.0125 0
      vertex -0.035 0.02 0
    endloop
  endfacet
  facet normal 0 0 1
    outer loop
      vertex -0.0278579 0.01415 0
      vertex -0.0277832 0.0142731 0
      vertex -0.035 0.02 0
    endloop
  endfacet
  facet normal 0 0 1
    outer loop
      vertex -0.0275279 0.0146212 0
      vertex -0.027433 0.0147294 0
      vertex -0.035 0.02 0
    endloop
  endfacet
  facet normal 0 0 1
    outer loop
      vertex -0.027433 0.0147294 0
      vertex -0.0273335 0.0148335 0
      vertex -0.035 0.02 0
    endloop
  endfacet
  facet normal 0 0 1
    outer loop
      vertex -0.035 0.02 0
      vertex -0.0273335 0.0148335 0
      vertex -0.0272294 0.014933 0
    endloop
  endfacet
  facet normal 0 0 1
    outer loop
      vertex -0.035 0.02 0
      vertex -0.0265238 0.0154271 0
      vertex -0.0263946 0.0154908 0
    endloop
  endfacet
  facet normal 0 0 1
    outer loop
      vertex -0.0254307 0.0157718 0
      vertex -0.0252876 0.0157874 0
      vertex -0.02085 0.02 0
    endloop
  endfacet
  facet normal 0 0 1
    outer loop
      vertex -0.0252876 0.0157874 0
      vertex -0.0251439 0.0157969 0
      vertex -0.02085 0.02 0
    endloop
  endfacet
  facet normal 0 0 1
    outer loop
      vertex -0.02085 0.02 0
      vertex -0.0251439 0.0157969 0
      vertex -0.025 0.0158 0
    endloop
  endfacet
  facet normal 0 0 1
    outer loop
      vertex -0.025 0.0158 0
      vertex -0.0248561 0.0157969 0
      vertex -0.02085 0.02 0
    endloop
  endfacet
  facet normal 0 0 1
    outer loop
      vertex -0.0248561 0.0157969 0
      vertex -0.0247124 0.0157874 0
      vertex -0.02085 0.02 0
    endloop
  endfacet
  facet normal 0 0 1
    outer loop
      vertex -0.02085 0.02 0
      vertex -0.0247124 0.0157874 0
      vertex -0.0245693 0.0157718 0
    endloop
  endfacet
  facet normal 0 0 1
    outer loop
      vertex -0.0251439 0.00920314 0
      vertex -0.0252876 0.00921256 0
      vertex -0.02085 5.20417e-18 0
    endloop
  endfacet
  facet normal 0 0 1
    outer loop
      vertex -0.0252876 0.00921256 0
      vertex -0.0254307 0.00922823 0
      vertex -0.02085 5.20417e-18 0
    endloop
  endfacet
  facet normal 0 0 1
    outer loop
      vertex -0.02085 5.20417e-18 0
      vertex -0.0254307 0.00922823 0
      vertex -0.035 5.20417e-18 0
    endloop
  endfacet
  facet normal 0 0 1
    outer loop
      vertex -0.0254307 0.00922823 0
      vertex -0.025573 0.00925013 0
      vertex -0.035 5.20417e-18 0
    endloop
  endfacet
  facet normal 0 0 1
    outer loop
      vertex -0.035 5.20417e-18 0
      vertex -0.025573 0.00925013 0
      vertex -0.0257143 0.00927822 0
    endloop
  endfacet
  facet normal 0 0 1
    outer loop
      vertex -0.0283 0.0125 0
      vertex -0.0282969 0.0126439 0
      vertex -0.035 0.02 0
    endloop
  endfacet
  facet normal 0 0 1
    outer loop
      vertex -0.0282969 0.0126439 0
      vertex -0.0282874 0.0127876 0
      vertex -0.035 0.02 0
    endloop
  endfacet
  facet normal 0 0 1
    outer loop
      vertex -0.035 0.02 0
      vertex -0.0282874 0.0127876 0
      vertex -0.0282718 0.0129307 0
    endloop
  endfacet
  facet normal 0 0 1
    outer loop
      vertex -0.0281473 0.0134923 0
      vertex -0.028101 0.0136287 0
      vertex -0.035 0.02 0
    endloop
  endfacet
  facet normal 0 0 1
    outer loop
      vertex -0.028101 0.0136287 0
      vertex -0.0280488 0.0137629 0
      vertex -0.035 0.02 0
    endloop
  endfacet
  facet normal 0 0 1
    outer loop
      vertex -0.0277832 0.0142731 0
      vertex -0.0277032 0.0143928 0
      vertex -0.035 0.02 0
    endloop
  endfacet
  facet normal 0 0 1
    outer loop
      vertex -0.0277032 0.0143928 0
      vertex -0.0276181 0.0145089 0
      vertex -0.035 0.02 0
    endloop
  endfacet
  facet normal 0 0 1
    outer loop
      vertex -0.035 0.02 0
      vertex -0.0276181 0.0145089 0
      vertex -0.0275279 0.0146212 0
    endloop
  endfacet
  facet normal 0 0 1
    outer loop
      vertex -0.0272294 0.014933 0
      vertex -0.0271212 0.0150279 0
      vertex -0.035 0.02 0
    endloop
  endfacet
  facet normal 0 0 1
    outer loop
      vertex -0.0271212 0.0150279 0
      vertex -0.0270089 0.0151181 0
      vertex -0.035 0.02 0
    endloop
  endfacet
  facet normal 0 0 1
    outer loop
      vertex -0.035 0.02 0
      vertex -0.0270089 0.0151181 0
      vertex -0.0268928 0.0152032 0
    endloop
  endfacet
  facet normal 0 0 1
    outer loop
      vertex -0.0263946 0.0154908 0
      vertex -0.0262629 0.0155488 0
      vertex -0.035 0.02 0
    endloop
  endfacet
  facet normal 0 0 1
    outer loop
      vertex -0.0262629 0.0155488 0
      vertex -0.0261287 0.015601 0
      vertex -0.035 0.02 0
    endloop
  endfacet
  facet normal 0 0 1
    outer loop
      vertex -0.035 0.02 0
      vertex -0.0261287 0.015601 0
      vertex -0.0259923 0.0156473 0
    endloop
  endfacet
  facet normal 0 0 1
    outer loop
      vertex -0.0280488 0.0112371 0
      vertex -0.028101 0.0113713 0
      vertex -0.035 5.20417e-18 0
    endloop
  endfacet
  facet normal 0 0 1
    outer loop
      vertex -0.028101 0.0113713 0
      vertex -0.0281473 0.0115077 0
      vertex -0.035 5.20417e-18 0
    endloop
  endfacet
  facet normal 0 0 1
    outer loop
      vertex -0.035 5.20417e-18 0
      vertex -0.0281473 0.0115077 0
      vertex -0.0281876 0.0116459 0
    endloop
  endfacet
  facet normal 0 0 1
    outer loop
      vertex -0.035 5.20417e-18 0
      vertex -0.0282718 0.0120693 0
      vertex -0.035 0.02 0
    endloop
  endfacet
  facet normal 0 0 1
    outer loop
      vertex -0.0282718 0.0120693 0
      vertex -0.0282874 0.0122124 0
      vertex -0.035 0.02 0
    endloop
  endfacet
  facet normal 0 0 1
    outer loop
      vertex -0.035 0.02 0
      vertex -0.0282874 0.0122124 0
      vertex -0.0282969 0.0123561 0
    endloop
  endfacet
  facet normal 0 0 1
    outer loop
      vertex -0.0280488 0.0137629 0
      vertex -0.0279908 0.0138946 0
      vertex -0.035 0.02 0
    endloop
  endfacet
  facet normal 0 0 1
    outer loop
      vertex -0.0279908 0.0138946 0
      vertex -0.0279271 0.0140238 0
      vertex -0.035 0.02 0
    endloop
  endfacet
  facet normal 0 0 1
    outer loop
      vertex -0.035 0.02 0
      vertex -0.0279271 0.0140238 0
      vertex -0.0278579 0.01415 0
    endloop
  endfacet
  facet normal 0 0 1
    outer loop
      vertex -0.0268928 0.0152032 0
      vertex -0.0267731 0.0152832 0
      vertex -0.035 0.02 0
    endloop
  endfacet
  facet normal 0 0 1
    outer loop
      vertex -0.0267731 0.0152832 0
      vertex -0.02665 0.0153579 0
      vertex -0.035 0.02 0
    endloop
  endfacet
  facet normal 0 0 1
    outer loop
      vertex -0.035 0.02 0
      vertex -0.02665 0.0153579 0
      vertex -0.0265238 0.0154271 0
    endloop
  endfacet
  facet normal 0 0 1
    outer loop
      vertex -0.0281876 0.0116459 0
      vertex -0.0282218 0.0117857 0
      vertex -0.035 5.20417e-18 0
    endloop
  endfacet
  facet normal 0 0 1
    outer loop
      vertex -0.0282218 0.0117857 0
      vertex -0.0282499 0.011927 0
      vertex -0.035 5.20417e-18 0
    endloop
  endfacet
  facet normal 0 0 1
    outer loop
      vertex -0.035 5.20417e-18 0
      vertex -0.0282499 0.011927 0
      vertex -0.0282718 0.0120693 0
    endloop
  endfacet
  facet normal 0 0 1
    outer loop
      vertex -0.0282499 0.013073 0
      vertex -0.0282218 0.0132143 0
      vertex -0.035 0.02 0
    endloop
  endfacet
  facet normal 0 0 1
    outer loop
      vertex -0.0282218 0.0132143 0
      vertex -0.0281876 0.0133541 0
      vertex -0.035 0.02 0
    endloop
  endfacet
  facet normal 0 0 1
    outer loop
      vertex -0.035 0.02 0
      vertex -0.0281876 0.0133541 0
      vertex -0.0281473 0.0134923 0
    endloop
  endfacet
  facet normal 0 0 1
    outer loop
      vertex -0.0272294 -0.014933 0
      vertex -0.0273335 -0.0148335 0
      vertex -0.035 -0.02 0
    endloop
  endfacet
  facet normal 0 0 1
    outer loop
      vertex -0.0217782 -0.0132143 0
      vertex -0.0218124 -0.0133541 0
      vertex -0.02085 -0.02 0
    endloop
  endfacet
  facet normal 0 0 1
    outer loop
      vertex -0.0218124 -0.0133541 0
      vertex -0.0218527 -0.0134923 0
      vertex -0.02085 -0.02 0
    endloop
  endfacet
  facet normal 0 0 1
    outer loop
      vertex -0.02085 -0.02 0
      vertex -0.0218527 -0.0134923 0
      vertex -0.021899 -0.0136287 0
    endloop
  endfacet
  facet normal 0 0 1
    outer loop
      vertex -0.02085 5.20417e-18 0
      vertex -0.0222968 -0.0106072 0
      vertex -0.0222168 -0.0107269 0
    endloop
  endfacet
  facet normal 0 0 1
    outer loop
      vertex -0.0217126 -0.0127876 0
      vertex -0.02085 -0.02 0
      vertex -0.0217031 -0.0126439 0
    endloop
  endfacet
  facet normal 0 0 1
    outer loop
      vertex -0.02085 -0.02 0
      vertex -0.0217 -0.0125 0
      vertex -0.0217031 -0.0126439 0
    endloop
  endfacet
  facet normal 0 0 1
    outer loop
      vertex -0.0217126 -0.0127876 0
      vertex -0.0217282 -0.0129307 0
      vertex -0.02085 -0.02 0
    endloop
  endfacet
  facet normal 0 0 1
    outer loop
      vertex -0.0217282 -0.0129307 0
      vertex -0.0217501 -0.013073 0
      vertex -0.02085 -0.02 0
    endloop
  endfacet
  facet normal 0 0 1
    outer loop
      vertex -0.02085 -0.02 0
      vertex -0.0217501 -0.013073 0
      vertex -0.0217782 -0.0132143 0
    endloop
  endfacet
  facet normal 0 0 1
    outer loop
      vertex -0.0245693 -0.0157718 0
      vertex -0.0247124 -0.0157874 0
      vertex -0.02085 -0.02 0
    endloop
  endfacet
  facet normal 0 0 1
    outer loop
      vertex -0.0273335 -0.0148335 0
      vertex -0.027433 -0.0147294 0
      vertex -0.035 -0.02 0
    endloop
  endfacet
  facet normal 0 0 1
    outer loop
      vertex -0.027433 -0.0147294 0
      vertex -0.0275279 -0.0146212 0
      vertex -0.035 -0.02 0
    endloop
  endfacet
  facet normal 0 0 1
    outer loop
      vertex -0.035 -0.02 0
      vertex -0.0275279 -0.0146212 0
      vertex -0.0276181 -0.0145089 0
    endloop
  endfacet
  facet normal 0 0 1
    outer loop
      vertex -0.0281473 -0.0115077 0
      vertex -0.028101 -0.0113713 0
      vertex -0.035 5.20417e-18 0
    endloop
  endfacet
  facet normal 0 0 1
    outer loop
      vertex -0.028101 -0.0113713 0
      vertex -0.0280488 -0.0112371 0
      vertex -0.035 5.20417e-18 0
    endloop
  endfacet
  facet normal 0 0 1
    outer loop
      vertex -0.035 5.20417e-18 0
      vertex -0.0278579 -0.01085 0
      vertex -0.0277832 -0.0107269 0
    endloop
  endfacet
  facet normal 0 0 1
    outer loop
      vertex -0.0277832 -0.0107269 0
      vertex -0.0277032 -0.0106072 0
      vertex -0.035 5.20417e-18 0
    endloop
  endfacet
  facet normal 0 0 1
    outer loop
      vertex -0.0277032 -0.0106072 0
      vertex -0.0276181 -0.0104911 0
      vertex -0.035 5.20417e-18 0
    endloop
  endfacet
  facet normal 0 0 1
    outer loop
      vertex -0.035 5.20417e-18 0
      vertex -0.0276181 -0.0104911 0
      vertex -0.0275279 -0.0103788 0
    endloop
  endfacet
  facet normal 0 0 1
    outer loop
      vertex -0.021899 -0.0136287 0
      vertex -0.0219512 -0.0137629 0
      vertex -0.02085 -0.02 0
    endloop
  endfacet
  facet normal 0 0 1
    outer loop
      vertex -0.0219512 -0.0137629 0
      vertex -0.0220092 -0.0138946 0
      vertex -0.02085 -0.02 0
    endloop
  endfacet
  facet normal 0 0 1
    outer loop
      vertex -0.02085 -0.02 0
      vertex -0.0220092 -0.0138946 0
      vertex -0.0220729 -0.0140238 0
    endloop
  endfacet
  facet normal 0 0 1
    outer loop
      vertex -0.0268928 -0.0152032 0
      vertex -0.0270089 -0.0151181 0
      vertex -0.035 -0.02 0
    endloop
  endfacet
  facet normal 0 0 1
    outer loop
      vertex -0.0270089 -0.0151181 0
      vertex -0.0271212 -0.0150279 0
      vertex -0.035 -0.02 0
    endloop
  endfacet
  facet normal 0 0 1
    outer loop
      vertex -0.035 -0.02 0
      vertex -0.0271212 -0.0150279 0
      vertex -0.0272294 -0.014933 0
    endloop
  endfacet
  facet normal 0 0 1
    outer loop
      vertex -0.0276181 -0.0145089 0
      vertex -0.0277032 -0.0143928 0
      vertex -0.035 -0.02 0
    endloop
  endfacet
  facet normal 0 0 1
    outer loop
      vertex -0.0277032 -0.0143928 0
      vertex -0.0277832 -0.0142731 0
      vertex -0.035 -0.02 0
    endloop
  endfacet
  facet normal 0 0 1
    outer loop
      vertex -0.035 -0.02 0
      vertex -0.0277832 -0.0142731 0
      vertex -0.0278579 -0.01415 0
    endloop
  endfacet
  facet normal 0 0 1
    outer loop
      vertex -0.0282718 -0.0129307 0
      vertex -0.0282874 -0.0127876 0
      vertex -0.035 -0.02 0
    endloop
  endfacet
  facet normal 0 0 1
    outer loop
      vertex -0.0282874 -0.0127876 0
      vertex -0.0282969 -0.0126439 0
      vertex -0.035 -0.02 0
    endloop
  endfacet
  facet normal 0 0 1
    outer loop
      vertex -0.035 -0.02 0
      vertex -0.0282969 -0.0126439 0
      vertex -0.0283 -0.0125 0
    endloop
  endfacet
  facet normal 0 0 1
    outer loop
      vertex -0.0283 -0.0125 0
      vertex -0.0282969 -0.0123561 0
      vertex -0.035 -0.02 0
    endloop
  endfacet
  facet normal 0 0 1
    outer loop
      vertex -0.0282969 -0.0123561 0
      vertex -0.0282874 -0.0122124 0
      vertex -0.035 -0.02 0
    endloop
  endfacet
  facet normal 0 0 1
    outer loop
      vertex -0.035 -0.02 0
      vertex -0.0282874 -0.0122124 0
      vertex -0.035 5.20417e-18 0
    endloop
  endfacet
  facet normal 0 0 1
    outer loop
      vertex -0.0282874 -0.0122124 0
      vertex -0.0282718 -0.0120693 0
      vertex -0.035 5.20417e-18 0
    endloop
  endfacet
  facet normal 0 0 1
    outer loop
      vertex -0.035 5.20417e-18 0
      vertex -0.0282718 -0.0120693 0
      vertex -0.0282499 -0.011927 0
    endloop
  endfacet
  facet normal 0 0 1
    outer loop
      vertex -0.0280488 -0.0112371 0
      vertex -0.0279908 -0.0111054 0
      vertex -0.035 5.20417e-18 0
    endloop
  endfacet
  facet normal 0 0 1
    outer loop
      vertex -0.0279908 -0.0111054 0
      vertex -0.0279271 -0.0109762 0
      vertex -0.035 5.20417e-18 0
    endloop
  endfacet
  facet normal 0 0 1
    outer loop
      vertex -0.035 5.20417e-18 0
      vertex -0.0279271 -0.0109762 0
      vertex -0.0278579 -0.01085 0
    endloop
  endfacet
  facet normal 0 0 1
    outer loop
      vertex -0.0259923 -0.00935273 0
      vertex -0.0258541 -0.00931244 0
      vertex -0.035 5.20417e-18 0
    endloop
  endfacet
  facet normal 0 0 1
    outer loop
      vertex -0.0245693 -0.00922823 0
      vertex -0.024427 -0.00925013 0
      vertex -0.02085 5.20417e-18 0
    endloop
  endfacet
  facet normal 0 0 1
    outer loop
      vertex -0.022567 -0.0102706 0
      vertex -0.0224721 -0.0103788 0
      vertex -0.02085 5.20417e-18 0
    endloop
  endfacet
  facet normal 0 0 1
    outer loop
      vertex -0.0224721 -0.0103788 0
      vertex -0.0223819 -0.0104911 0
      vertex -0.02085 5.20417e-18 0
    endloop
  endfacet
  facet normal 0 0 1
    outer loop
      vertex -0.02085 5.20417e-18 0
      vertex -0.0223819 -0.0104911 0
      vertex -0.0222968 -0.0106072 0
    endloop
  endfacet
  facet normal 0 0 1
    outer loop
      vertex -0.035 -0.02 0
      vertex -0.0257143 -0.0157218 0
      vertex -0.0258541 -0.0156876 0
    endloop
  endfacet
  facet normal 0 0 1
    outer loop
      vertex -0.0262629 -0.0155488 0
      vertex -0.0263946 -0.0154908 0
      vertex -0.035 -0.02 0
    endloop
  endfacet
  facet normal 0 0 1
    outer loop
      vertex -0.0263946 -0.0154908 0
      vertex -0.0265238 -0.0154271 0
      vertex -0.035 -0.02 0
    endloop
  endfacet
  facet normal 0 0 1
    outer loop
      vertex -0.0278579 -0.01415 0
      vertex -0.0279271 -0.0140238 0
      vertex -0.035 -0.02 0
    endloop
  endfacet
  facet normal 0 0 1
    outer loop
      vertex -0.0279271 -0.0140238 0
      vertex -0.0279908 -0.0138946 0
      vertex -0.035 -0.02 0
    endloop
  endfacet
  facet normal 0 0 1
    outer loop
      vertex -0.035 -0.02 0
      vertex -0.0279908 -0.0138946 0
      vertex -0.0280488 -0.0137629 0
    endloop
  endfacet
  facet normal 0 0 1
    outer loop
      vertex -0.0282499 -0.011927 0
      vertex -0.0282218 -0.0117857 0
      vertex -0.035 5.20417e-18 0
    endloop
  endfacet
  facet normal 0 0 1
    outer loop
      vertex -0.0282218 -0.0117857 0
      vertex -0.0281876 -0.0116459 0
      vertex -0.035 5.20417e-18 0
    endloop
  endfacet
  facet normal 0 0 1
    outer loop
      vertex -0.035 5.20417e-18 0
      vertex -0.0281876 -0.0116459 0
      vertex -0.0281473 -0.0115077 0
    endloop
  endfacet
  facet normal 0 0 1
    outer loop
      vertex -0.0222168 -0.0107269 0
      vertex -0.0221421 -0.01085 0
      vertex -0.02085 5.20417e-18 0
    endloop
  endfacet
  facet normal 0 0 1
    outer loop
      vertex -0.0221421 -0.01085 0
      vertex -0.0220729 -0.0109762 0
      vertex -0.02085 5.20417e-18 0
    endloop
  endfacet
  facet normal 0 0 1
    outer loop
      vertex -0.02085 5.20417e-18 0
      vertex -0.0220729 -0.0109762 0
      vertex -0.0220092 -0.0111054 0
    endloop
  endfacet
  facet normal 0 0 1
    outer loop
      vertex -0.0220092 -0.0111054 0
      vertex -0.0219512 -0.0112371 0
      vertex -0.02085 5.20417e-18 0
    endloop
  endfacet
  facet normal 0 0 1
    outer loop
      vertex -0.0219512 -0.0112371 0
      vertex -0.021899 -0.0113713 0
      vertex -0.02085 5.20417e-18 0
    endloop
  endfacet
  facet normal 0 0 1
    outer loop
      vertex -0.02085 5.20417e-18 0
      vertex -0.021899 -0.0113713 0
      vertex -0.0218527 -0.0115077 0
    endloop
  endfacet
  facet normal 0 0 1
    outer loop
      vertex -0.0218527 -0.0115077 0
      vertex -0.0218124 -0.0116459 0
      vertex -0.02085 5.20417e-18 0
    endloop
  endfacet
  facet normal 0 0 1
    outer loop
      vertex -0.0218124 -0.0116459 0
      vertex -0.0217782 -0.0117857 0
      vertex -0.02085 5.20417e-18 0
    endloop
  endfacet
  facet normal 0 0 1
    outer loop
      vertex -0.02085 5.20417e-18 0
      vertex -0.0217782 -0.0117857 0
      vertex -0.0217501 -0.011927 0
    endloop
  endfacet
  facet normal 0 0 1
    outer loop
      vertex -0.0232269 -0.0152832 0
      vertex -0.02335 -0.0153579 0
      vertex -0.02085 -0.02 0
    endloop
  endfacet
  facet normal 0 0 1
    outer loop
      vertex -0.0258541 -0.0156876 0
      vertex -0.0259923 -0.0156473 0
      vertex -0.035 -0.02 0
    endloop
  endfacet
  facet normal 0 0 1
    outer loop
      vertex -0.0259923 -0.0156473 0
      vertex -0.0261287 -0.015601 0
      vertex -0.035 -0.02 0
    endloop
  endfacet
  facet normal 0 0 1
    outer loop
      vertex -0.035 -0.02 0
      vertex -0.0261287 -0.015601 0
      vertex -0.0262629 -0.0155488 0
    endloop
  endfacet
  facet normal 0 0 1
    outer loop
      vertex -0.0265238 -0.0154271 0
      vertex -0.02665 -0.0153579 0
      vertex -0.035 -0.02 0
    endloop
  endfacet
  facet normal 0 0 1
    outer loop
      vertex -0.02665 -0.0153579 0
      vertex -0.0267731 -0.0152832 0
      vertex -0.035 -0.02 0
    endloop
  endfacet
  facet normal 0 0 1
    outer loop
      vertex -0.035 -0.02 0
      vertex -0.0267731 -0.0152832 0
      vertex -0.0268928 -0.0152032 0
    endloop
  endfacet
  facet normal 0 0 1
    outer loop
      vertex -0.0280488 -0.0137629 0
      vertex -0.028101 -0.0136287 0
      vertex -0.035 -0.02 0
    endloop
  endfacet
  facet normal 0 0 1
    outer loop
      vertex -0.028101 -0.0136287 0
      vertex -0.0281473 -0.0134923 0
      vertex -0.035 -0.02 0
    endloop
  endfacet
  facet normal 0 0 1
    outer loop
      vertex -0.035 -0.02 0
      vertex -0.0281473 -0.0134923 0
      vertex -0.0281876 -0.0133541 0
    endloop
  endfacet
  facet normal 0 0 1
    outer loop
      vertex -0.0228788 -0.00997205 0
      vertex -0.0227706 -0.010067 0
      vertex -0.02085 5.20417e-18 0
    endloop
  endfacet
  facet normal 0 0 1
    outer loop
      vertex -0.0227706 -0.010067 0
      vertex -0.0226665 -0.0101665 0
      vertex -0.02085 5.20417e-18 0
    endloop
  endfacet
  facet normal 0 0 1
    outer loop
      vertex -0.02085 5.20417e-18 0
      vertex -0.0226665 -0.0101665 0
      vertex -0.022567 -0.0102706 0
    endloop
  endfacet
  facet normal 0 0 1
    outer loop
      vertex -0.0217501 -0.011927 0
      vertex -0.0217282 -0.0120693 0
      vertex -0.02085 5.20417e-18 0
    endloop
  endfacet
  facet normal 0 0 1
    outer loop
      vertex -0.0217282 -0.0120693 0
      vertex -0.0217126 -0.0122124 0
      vertex -0.02085 5.20417e-18 0
    endloop
  endfacet
  facet normal 0 0 1
    outer loop
      vertex -0.02085 5.20417e-18 0
      vertex -0.0217126 -0.0122124 0
      vertex -0.02085 -0.02 0
    endloop
  endfacet
  facet normal 0 0 1
    outer loop
      vertex -0.0217126 -0.0122124 0
      vertex -0.0217031 -0.0123561 0
      vertex -0.02085 -0.02 0
    endloop
  endfacet
  facet normal 0 0 1
    outer loop
      vertex -0.02085 -0.02 0
      vertex -0.0217031 -0.0123561 0
      vertex -0.0217 -0.0125 0
    endloop
  endfacet
  facet normal 0 0 1
    outer loop
      vertex -0.0220729 -0.0140238 0
      vertex -0.0221421 -0.01415 0
      vertex -0.02085 -0.02 0
    endloop
  endfacet
  facet normal 0 0 1
    outer loop
      vertex -0.0221421 -0.01415 0
      vertex -0.0222168 -0.0142731 0
      vertex -0.02085 -0.02 0
    endloop
  endfacet
  facet normal 0 0 1
    outer loop
      vertex -0.02085 -0.02 0
      vertex -0.0222168 -0.0142731 0
      vertex -0.0222968 -0.0143928 0
    endloop
  endfacet
  facet normal 0 0 1
    outer loop
      vertex -0.0222968 -0.0143928 0
      vertex -0.0223819 -0.0145089 0
      vertex -0.02085 -0.02 0
    endloop
  endfacet
  facet normal 0 0 1
    outer loop
      vertex -0.0223819 -0.0145089 0
      vertex -0.0224721 -0.0146212 0
      vertex -0.02085 -0.02 0
    endloop
  endfacet
  facet normal 0 0 1
    outer loop
      vertex -0.02085 -0.02 0
      vertex -0.0224721 -0.0146212 0
      vertex -0.022567 -0.0147294 0
    endloop
  endfacet
  facet normal 0 0 1
    outer loop
      vertex -0.0247124 -0.0157874 0
      vertex -0.0248561 -0.0157969 0
      vertex -0.02085 -0.02 0
    endloop
  endfacet
  facet normal 0 0 1
    outer loop
      vertex -0.0248561 -0.0157969 0
      vertex -0.025 -0.0158 0
      vertex -0.02085 -0.02 0
    endloop
  endfacet
  facet normal 0 0 1
    outer loop
      vertex -0.02085 -0.02 0
      vertex -0.025 -0.0158 0
      vertex -0.0251439 -0.0157969 0
    endloop
  endfacet
  facet normal 0 0 1
    outer loop
      vertex -0.0281876 -0.0133541 0
      vertex -0.0282218 -0.0132143 0
      vertex -0.035 -0.02 0
    endloop
  endfacet
  facet normal 0 0 1
    outer loop
      vertex -0.0282218 -0.0132143 0
      vertex -0.0282499 -0.013073 0
      vertex -0.035 -0.02 0
    endloop
  endfacet
  facet normal 0 0 1
    outer loop
      vertex -0.035 -0.02 0
      vertex -0.0282499 -0.013073 0
      vertex -0.0282718 -0.0129307 0
    endloop
  endfacet
  facet normal 0 0 1
    outer loop
      vertex -0.0275279 -0.0103788 0
      vertex -0.027433 -0.0102706 0
      vertex -0.035 5.20417e-18 0
    endloop
  endfacet
  facet normal 0 0 1
    outer loop
      vertex -0.027433 -0.0102706 0
      vertex -0.0273335 -0.0101665 0
      vertex -0.035 5.20417e-18 0
    endloop
  endfacet
  facet normal 0 0 1
    outer loop
      vertex -0.035 5.20417e-18 0
      vertex -0.0273335 -0.0101665 0
      vertex -0.0272294 -0.010067 0
    endloop
  endfacet
  facet normal 0 0 1
    outer loop
      vertex -0.0258541 -0.00931244 0
      vertex -0.0257143 -0.00927822 0
      vertex -0.035 5.20417e-18 0
    endloop
  endfacet
  facet normal 0 0 1
    outer loop
      vertex -0.0257143 -0.00927822 0
      vertex -0.025573 -0.00925013 0
      vertex -0.035 5.20417e-18 0
    endloop
  endfacet
  facet normal 0 0 1
    outer loop
      vertex -0.035 5.20417e-18 0
      vertex -0.025573 -0.00925013 0
      vertex -0.02085 5.20417e-18 0
    endloop
  endfacet
  facet normal 0 0 1
    outer loop
      vertex -0.025573 -0.00925013 0
      vertex -0.0254307 -0.00922823 0
      vertex -0.02085 5.20417e-18 0
    endloop
  endfacet
  facet normal 0 0 1
    outer loop
      vertex -0.02085 5.20417e-18 0
      vertex -0.02335 -0.00964212 0
      vertex -0.0232269 -0.00971681 0
    endloop
  endfacet
  facet normal 0 0 1
    outer loop
      vertex -0.02335 -0.0153579 0
      vertex -0.0234762 -0.0154271 0
      vertex -0.02085 -0.02 0
    endloop
  endfacet
  facet normal 0 0 1
    outer loop
      vertex -0.0234762 -0.0154271 0
      vertex -0.0236054 -0.0154908 0
      vertex -0.02085 -0.02 0
    endloop
  endfacet
  facet normal 0 0 1
    outer loop
      vertex -0.02085 -0.02 0
      vertex -0.0236054 -0.0154908 0
      vertex -0.0237371 -0.0155488 0
    endloop
  endfacet
  facet normal 0 0 1
    outer loop
      vertex -0.0251439 -0.0157969 0
      vertex -0.0252876 -0.0157874 0
      vertex -0.02085 -0.02 0
    endloop
  endfacet
  facet normal 0 0 1
    outer loop
      vertex -0.0252876 -0.0157874 0
      vertex -0.0254307 -0.0157718 0
      vertex -0.02085 -0.02 0
    endloop
  endfacet
  facet normal 0 0 1
    outer loop
      vertex -0.02085 -0.02 0
      vertex -0.0254307 -0.0157718 0
      vertex -0.035 -0.02 0
    endloop
  endfacet
  facet normal 0 0 1
    outer loop
      vertex -0.0254307 -0.0157718 0
      vertex -0.025573 -0.0157499 0
      vertex -0.035 -0.02 0
    endloop
  endfacet
  facet normal 0 0 1
    outer loop
      vertex -0.035 -0.02 0
      vertex -0.025573 -0.0157499 0
      vertex -0.0257143 -0.0157218 0
    endloop
  endfacet
  facet normal 0 0 1
    outer loop
      vertex -0.035 5.20417e-18 0
      vertex -0.0265238 -0.00957286 0
      vertex -0.0263946 -0.00950918 0
    endloop
  endfacet
  facet normal 0 0 1
    outer loop
      vertex -0.0254307 -0.00922823 0
      vertex -0.0252876 -0.00921256 0
      vertex -0.02085 5.20417e-18 0
    endloop
  endfacet
  facet normal 0 0 1
    outer loop
      vertex -0.0252876 -0.00921256 0
      vertex -0.0251439 -0.00920314 0
      vertex -0.02085 5.20417e-18 0
    endloop
  endfacet
  facet normal 0 0 1
    outer loop
      vertex -0.02085 5.20417e-18 0
      vertex -0.0251439 -0.00920314 0
      vertex -0.025 -0.0092 0
    endloop
  endfacet
  facet normal 0 0 1
    outer loop
      vertex -0.025 -0.0092 0
      vertex -0.0248561 -0.00920314 0
      vertex -0.02085 5.20417e-18 0
    endloop
  endfacet
  facet normal 0 0 1
    outer loop
      vertex -0.0248561 -0.00920314 0
      vertex -0.0247124 -0.00921256 0
      vertex -0.02085 5.20417e-18 0
    endloop
  endfacet
  facet normal 0 0 1
    outer loop
      vertex -0.02085 5.20417e-18 0
      vertex -0.0247124 -0.00921256 0
      vertex -0.0245693 -0.00922823 0
    endloop
  endfacet
  facet normal 0 0 1
    outer loop
      vertex -0.0232269 -0.00971681 0
      vertex -0.0231072 -0.0097968 0
      vertex -0.02085 5.20417e-18 0
    endloop
  endfacet
  facet normal 0 0 1
    outer loop
      vertex -0.0231072 -0.0097968 0
      vertex -0.0229911 -0.00988193 0
      vertex -0.02085 5.20417e-18 0
    endloop
  endfacet
  facet normal 0 0 1
    outer loop
      vertex -0.02085 5.20417e-18 0
      vertex -0.0229911 -0.00988193 0
      vertex -0.0228788 -0.00997205 0
    endloop
  endfacet
  facet normal 0 0 1
    outer loop
      vertex -0.0263946 -0.00950918 0
      vertex -0.0262629 -0.0094512 0
      vertex -0.035 5.20417e-18 0
    endloop
  endfacet
  facet normal 0 0 1
    outer loop
      vertex -0.0262629 -0.0094512 0
      vertex -0.0261287 -0.00939901 0
      vertex -0.035 5.20417e-18 0
    endloop
  endfacet
  facet normal 0 0 1
    outer loop
      vertex -0.035 5.20417e-18 0
      vertex -0.0261287 -0.00939901 0
      vertex -0.0259923 -0.00935273 0
    endloop
  endfacet
  facet normal 0 0 1
    outer loop
      vertex -0.0240077 -0.00935273 0
      vertex -0.0238713 -0.00939901 0
      vertex -0.02085 5.20417e-18 0
    endloop
  endfacet
  facet normal 0 0 1
    outer loop
      vertex -0.0238713 -0.00939901 0
      vertex -0.0237371 -0.0094512 0
      vertex -0.02085 5.20417e-18 0
    endloop
  endfacet
  facet normal 0 0 1
    outer loop
      vertex -0.022567 -0.0147294 0
      vertex -0.0226665 -0.0148335 0
      vertex -0.02085 -0.02 0
    endloop
  endfacet
  facet normal 0 0 1
    outer loop
      vertex -0.0226665 -0.0148335 0
      vertex -0.0227706 -0.014933 0
      vertex -0.02085 -0.02 0
    endloop
  endfacet
  facet normal 0 0 1
    outer loop
      vertex -0.02085 -0.02 0
      vertex -0.0227706 -0.014933 0
      vertex -0.0228788 -0.0150279 0
    endloop
  endfacet
  facet normal 0 0 1
    outer loop
      vertex -0.0228788 -0.0150279 0
      vertex -0.0229911 -0.0151181 0
      vertex -0.02085 -0.02 0
    endloop
  endfacet
  facet normal 0 0 1
    outer loop
      vertex -0.0229911 -0.0151181 0
      vertex -0.0231072 -0.0152032 0
      vertex -0.02085 -0.02 0
    endloop
  endfacet
  facet normal 0 0 1
    outer loop
      vertex -0.02085 -0.02 0
      vertex -0.0231072 -0.0152032 0
      vertex -0.0232269 -0.0152832 0
    endloop
  endfacet
  facet normal 0 0 1
    outer loop
      vertex -0.0237371 -0.0155488 0
      vertex -0.0238713 -0.015601 0
      vertex -0.02085 -0.02 0
    endloop
  endfacet
  facet normal 0 0 1
    outer loop
      vertex -0.0238713 -0.015601 0
      vertex -0.0240077 -0.0156473 0
      vertex -0.02085 -0.02 0
    endloop
  endfacet
  facet normal 0 0 1
    outer loop
      vertex -0.02085 -0.02 0
      vertex -0.0240077 -0.0156473 0
      vertex -0.0241459 -0.0156876 0
    endloop
  endfacet
  facet normal 0 0 1
    outer loop
      vertex -0.0272294 -0.010067 0
      vertex -0.0271212 -0.00997205 0
      vertex -0.035 5.20417e-18 0
    endloop
  endfacet
  facet normal 0 0 1
    outer loop
      vertex -0.0271212 -0.00997205 0
      vertex -0.0270089 -0.00988193 0
      vertex -0.035 5.20417e-18 0
    endloop
  endfacet
  facet normal 0 0 1
    outer loop
      vertex -0.035 5.20417e-18 0
      vertex -0.0270089 -0.00988193 0
      vertex -0.0268928 -0.0097968 0
    endloop
  endfacet
  facet normal 0 0 1
    outer loop
      vertex -0.024427 -0.00925013 0
      vertex -0.0242857 -0.00927822 0
      vertex -0.02085 5.20417e-18 0
    endloop
  endfacet
  facet normal 0 0 1
    outer loop
      vertex -0.0242857 -0.00927822 0
      vertex -0.0241459 -0.00931244 0
      vertex -0.02085 5.20417e-18 0
    endloop
  endfacet
  facet normal 0 0 1
    outer loop
      vertex -0.02085 5.20417e-18 0
      vertex -0.0241459 -0.00931244 0
      vertex -0.0240077 -0.00935273 0
    endloop
  endfacet
  facet normal 0 0 1
    outer loop
      vertex -0.0237371 -0.0094512 0
      vertex -0.0236054 -0.00950918 0
      vertex -0.02085 5.20417e-18 0
    endloop
  endfacet
  facet normal 0 0 1
    outer loop
      vertex -0.0236054 -0.00950918 0
      vertex -0.0234762 -0.00957286 0
      vertex -0.02085 5.20417e-18 0
    endloop
  endfacet
  facet normal 0 0 1
    outer loop
      vertex -0.02085 5.20417e-18 0
      vertex -0.0234762 -0.00957286 0
      vertex -0.02335 -0.00964212 0
    endloop
  endfacet
  facet normal 0 0 1
    outer loop
      vertex -0.0241459 -0.0156876 0
      vertex -0.0242857 -0.0157218 0
      vertex -0.02085 -0.02 0
    endloop
  endfacet
  facet normal 0 0 1
    outer loop
      vertex -0.0242857 -0.0157218 0
      vertex -0.024427 -0.0157499 0
      vertex -0.02085 -0.02 0
    endloop
  endfacet
  facet normal 0 0 1
    outer loop
      vertex -0.02085 -0.02 0
      vertex -0.024427 -0.0157499 0
      vertex -0.0245693 -0.0157718 0
    endloop
  endfacet
  facet normal 0 0 1
    outer loop
      vertex -0.0268928 -0.0097968 0
      vertex -0.0267731 -0.00971681 0
      vertex -0.035 5.20417e-18 0
    endloop
  endfacet
  facet normal 0 0 1
    outer loop
      vertex -0.0267731 -0.00971681 0
      vertex -0.02665 -0.00964212 0
      vertex -0.035 5.20417e-18 0
    endloop
  endfacet
  facet normal 0 0 1
    outer loop
      vertex -0.035 5.20417e-18 0
      vertex -0.02665 -0.00964212 0
      vertex -0.0265238 -0.00957286 0
    endloop
  endfacet
  facet normal 0 -1 0
    outer loop
      vertex 0.02 -0.015 0.0285
      vertex -0.02 -0.015 0.0285
      vertex 0.02 -0.015 0
    endloop
  endfacet
  facet normal 0 -1 0
    outer loop
      vertex -0.02 -0.015 0.0285
      vertex -0.02 -0.015 0
      vertex 0.02 -0.015 0
    endloop
  endfacet
  facet normal 1 0 0
    outer loop
      vertex 0.02 0.0102087 0
      vertex 0.02 0.0102087 0.0285
      vertex 0.02 5.20417e-18 0
    endloop
  endfacet
  facet normal 1 0 0
    outer loop
      vertex 0.02 0.0102087 0.0285
      vertex 0.02 -0.0102087 0.0285
      vertex 0.02 5.20417e-18 0
    endloop
  endfacet
  facet normal 1 0 0
    outer loop
      vertex 0.02 5.20417e-18 0
      vertex 0.02 -0.0102087 0.0285
      vertex 0.02 -0.0102087 0
    endloop
  endfacet
  facet normal 0 1 0
    outer loop
      vertex 0.0135 -0.0085 0.025
      vertex -0.0135 -0.0085 0.025
      vertex 0.0135 -0.0085 0.0285
    endloop
  endfacet
  facet normal 0 1 0
    outer loop
      vertex -0.0135 -0.0085 0.025
      vertex -0.0135 -0.0085 0.0285
      vertex 0.0135 -0.0085 0.0285
    endloop
  endfacet
endsolid Mesh
